Stop,Alpha,Distance,Velocity,deltaT,TripID,StartStopName,EndStopName,Cycle,PointID,Time,Total_Distance,Power,PowerC,BusModelId,BusModelName,SoC,BatteryCapacity_kWh,TimeHour,StartTimeHour,Distance_km,CumulativeDistance_km,Speed_km_h,Power_kW,ChargePower_kW,NetPower_kW,EnergyUsed_kWh,EnergyCharged_kWh,IsDepotSegment,Phase
0.0,0.0,0.0,0.0,0.0,9-N1-2-B-034901,Depot,Depot,0.0,0.0,0.0,0.0,2500.0,0.0,solaris_urbino_12_electric,Solaris Urbino 12 electric,100.0,420.0,2026-04-08 03:43:27.666666667,2026-04-08 03:43:27.666666667,0.0,0.0,0.0,2.5,0.0,2.5,0.0,0.0,False,service
1.0,0.0,4000.0,12.0,333.3333333333333,DEPOT_OUT,Depot,Etouvie Quai A,0.0,1.0,333.3333333333333,4000.0,32151.270399999998,0.0,solaris_urbino_12_electric,Solaris Urbino 12 electric,99.29119774250441,420.0,2026-04-08 03:49:01.000000000,2026-04-08 03:43:27.666666667,4.0,4.0,43.2,32.151270399999994,0.0,32.151270399999994,2.9769694814814813,0.0,True,service
1.0,0.0,241.9015249612658,4.319670088594032,56.0,9-N1-2-B-034901,Etouvie Quai A,Martinique,1.0,2.0,389.3333333333333,4241.901524961266,11260.068245184677,0.0,solaris_urbino_12_electric,Solaris Urbino 12 electric,99.24949378604076,420.0,2026-04-08 03:49:57.000000000,2026-04-08 03:49:01.000000000,0.2419015249612658,4.241901524961266,15.550812318938515,11.260068245184677,0.0,11.260068245184677,0.1751566171473172,0.0,False,service
0.0,0.0,0.0,0.0,30.0,9-N1-2-B-034901,Martinique,Martinique,1.0,3.0,419.3333333333333,4241.901524961266,2500.0,0.0,solaris_urbino_12_electric,Solaris Urbino 12 electric,99.24453346858044,420.0,2026-04-08 03:50:27.000000000,2026-04-08 03:49:57.000000000,0.0,4.241901524961266,0.0,2.5,0.0,2.5,0.020833333333333332,0.0,False,service
1.0,0.0,330.7630000086095,4.9367611941583505,67.0,9-N1-2-B-034901,Martinique,Collège R.Parks,1.0,4.0,486.3333333333333,4572.664524969875,12611.161213503856,0.0,solaris_urbino_12_electric,Solaris Urbino 12 electric,99.18865067748887,420.0,2026-04-08 03:51:34.000000000,2026-04-08 03:50:27.000000000,0.3307630000086095,4.572664524969875,17.77234029897006,12.611161213503856,0.0,12.611161213503856,0.23470772258465508,0.0,False,service
0.0,0.0,0.0,0.0,30.0,9-N1-2-B-034901,Collège R.Parks,Collège R.Parks,1.0,5.0,516.3333333333333,4572.664524969875,2500.0,0.0,solaris_urbino_12_electric,Solaris Urbino 12 electric,99.18369036002855,420.0,2026-04-08 03:52:04.000000000,2026-04-08 03:51:34.000000000,0.0,4.572664524969875,0.0,2.5,0.0,2.5,0.020833333333333332,0.0,False,service
1.0,0.0,296.81987678393193,4.01107941599908,74.0,9-N1-2-B-034901,Collège R.Parks,Languedoc,1.0,6.0,590.3333333333333,4869.484401753807,10597.817808205917,0.0,solaris_urbino_12_electric,Solaris Urbino 12 electric,99.13182273318944,420.0,2026-04-08 03:53:18.000000000,2026-04-08 03:52:04.000000000,0.29681987678393196,4.869484401753807,14.439885897596689,10.597817808205917,0.0,10.597817808205917,0.21784403272423272,0.0,False,service
0.0,0.0,0.0,0.0,30.0,9-N1-2-B-034901,Languedoc,Languedoc,1.0,7.0,620.3333333333333,4869.484401753807,2500.0,0.0,solaris_urbino_12_electric,Solaris Urbino 12 electric,99.12686241572912,420.0,2026-04-08 03:53:48.000000000,2026-04-08 03:53:18.000000000,0.0,4.869484401753807,0.0,2.5,0.0,2.5,0.020833333333333332,0.0,False,service
1.0,0.0,297.726462758007,5.316543977821554,56.0,9-N1-2-B-034901,Languedoc,Les coursives,1.0,8.0,676.3333333333333,5167.210864511814,13462.178045703666,0.0,solaris_urbino_12_electric,Solaris Urbino 12 electric,99.07700249704133,420.0,2026-04-08 03:54:44.000000000,2026-04-08 03:53:48.000000000,0.297726462758007,5.167210864511814,19.139558320157594,13.462178045703666,0.0,13.462178045703666,0.2094116584887237,0.0,False,service
0.0,0.0,0.0,0.0,30.0,9-N1-2-B-034901,Les coursives,Les coursives,1.0,9.0,706.3333333333333,5167.210864511814,2500.0,0.0,solaris_urbino_12_electric,Solaris Urbino 12 electric,99.07204217958102,420.0,2026-04-08 03:55:14.000000000,2026-04-08 03:54:44.000000000,0.0,5.167210864511814,0.0,2.5,0.0,2.5,0.020833333333333332,0.0,False,service
1.0,0.0,227.94980309080773,5.065551179795728,45.0,9-N1-2-B-034901,Les coursives,La Fontaine,1.0,10.0,751.3333333333333,5395.160667602622,12898.003526410092,0.0,solaris_urbino_12_electric,Solaris Urbino 12 electric,99.03365526432384,420.0,2026-04-08 03:55:59.000000000,2026-04-08 03:55:14.000000000,0.22794980309080773,5.395160667602622,18.23598424726462,12.898003526410092,0.0,12.898003526410092,0.16122504408012614,0.0,False,service
0.0,0.0,0.0,0.0,30.0,9-N1-2-B-034901,La Fontaine,La Fontaine,1.0,11.0,781.3333333333333,5395.160667602622,2500.0,0.0,solaris_urbino_12_electric,Solaris Urbino 12 electric,99.02869494686352,420.0,2026-04-08 03:56:29.000000000,2026-04-08 03:55:59.000000000,0.0,5.395160667602622,0.0,2.5,0.0,2.5,0.020833333333333332,0.0,False,service
1.0,0.0,278.8940733458619,4.572033989276425,61.0,9-N1-2-B-034901,La Fontaine,Place la Barre,1.0,12.0,842.3333333333333,5674.054740948484,11808.10899952981,0.0,solaris_urbino_12_electric,Solaris Urbino 12 electric,98.98105641187865,420.0,2026-04-08 03:57:30.000000000,2026-04-08 03:56:29.000000000,0.2788940733458619,5.674054740948485,16.459322361395127,11.808108999529809,0.0,11.808108999529809,0.20008184693647732,0.0,False,service
0.0,0.0,0.0,0.0,30.0,9-N1-2-B-034901,Place la Barre,Place la Barre,1.0,13.0,872.3333333333333,5674.054740948484,2500.0,0.0,solaris_urbino_12_electric,Solaris Urbino 12 electric,98.97609609441832,420.0,2026-04-08 03:58:00.000000000,2026-04-08 03:57:30.000000000,0.0,5.674054740948485,0.0,2.5,0.0,2.5,0.020833333333333332,0.0,False,service
1.0,0.0,552.9827646282706,5.882795368385858,94.0,9-N1-2-B-034901,Place la Barre,Sully,1.0,14.0,966.3333333333333,6227.0375055767545,14761.584006347119,0.0,solaris_urbino_12_electric,Solaris Urbino 12 electric,98.88432434199792,420.0,2026-04-08 03:59:34.000000000,2026-04-08 03:58:00.000000000,0.5529827646282706,6.227037505576755,21.178063326189086,14.76158400634712,0.0,14.76158400634712,0.38544136016573033,0.0,False,service
0.0,0.0,0.0,0.0,30.0,9-N1-2-B-034901,Sully,Sully,1.0,15.0,996.3333333333333,6227.0375055767545,2500.0,0.0,solaris_urbino_12_electric,Solaris Urbino 12 electric,98.8793640245376,420.0,2026-04-08 04:00:04.000000000,2026-04-08 03:59:34.000000000,0.0,6.227037505576755,0.0,2.5,0.0,2.5,0.020833333333333332,0.0,False,service
1.0,0.0,541.2636534432309,5.820039284335816,93.0,9-N1-2-B-034901,Sully,Espace Alliance,1.0,16.0,1089.3333333333333,6768.301159019986,14615.67378448361,0.0,solaris_urbino_12_electric,Solaris Urbino 12 electric,98.78946603102193,420.0,2026-04-08 04:01:37.000000000,2026-04-08 04:00:04.000000000,0.5412636534432308,6.768301159019986,20.952141423608936,14.61567378448361,0.0,14.61567378448361,0.3775715727658266,0.0,False,service
0.0,0.0,0.0,0.0,30.0,9-N1-2-B-034901,Espace Alliance,Espace Alliance,1.0,17.0,1119.3333333333333,6768.301159019986,2500.0,0.0,solaris_urbino_12_electric,Solaris Urbino 12 electric,98.78450571356161,420.0,2026-04-08 04:02:07.000000000,2026-04-08 04:01:37.000000000,0.0,6.768301159019986,0.0,2.5,0.0,2.5,0.020833333333333332,0.0,False,service
1.0,0.0,306.8484114845754,5.789592669520291,53.0,9-N1-2-B-034901,Espace Alliance,Faubourg de Hem,1.0,18.0,1172.3333333333333,7075.149570504561,14545.059713261502,0.0,solaris_urbino_12_electric,Solaris Urbino 12 electric,98.7335210465773,420.0,2026-04-08 04:03:00.000000000,2026-04-08 04:02:07.000000000,0.3068484114845754,7.075149570504561,20.842533610273048,14.545059713261502,0.0,14.545059713261502,0.21413560133412768,0.0,False,service
0.0,0.0,0.0,0.0,30.0,9-N1-2-B-034901,Faubourg de Hem,Faubourg de Hem,1.0,19.0,1202.3333333333333,7075.149570504561,2500.0,0.0,solaris_urbino_12_electric,Solaris Urbino 12 electric,98.72856072911698,420.0,2026-04-08 04:03:30.000000000,2026-04-08 04:03:00.000000000,0.0,7.075149570504561,0.0,2.5,0.0,2.5,0.020833333333333332,0.0,False,service
1.0,0.0,296.4471853943004,7.058266318911914,42.0,9-N1-2-B-034901,Faubourg de Hem,Egl. St-Firmin,1.0,20.0,1244.3333333333333,7371.596755898861,17591.10789775967,0.0,solaris_urbino_12_electric,Solaris Urbino 12 electric,98.67969654051208,420.0,2026-04-08 04:04:12.000000000,2026-04-08 04:03:30.000000000,0.29644718539430037,7.371596755898861,25.409758748082893,17.59110789775967,0.0,17.59110789775967,0.2052295921405295,0.0,False,service
0.0,0.0,0.0,0.0,30.0,9-N1-2-B-034901,Egl. St-Firmin,Egl. St-Firmin,1.0,21.0,1274.3333333333333,7371.596755898861,2500.0,0.0,solaris_urbino_12_electric,Solaris Urbino 12 electric,98.67473622305177,420.0,2026-04-08 04:04:42.000000000,2026-04-08 04:04:12.000000000,0.0,7.371596755898861,0.0,2.5,0.0,2.5,0.020833333333333332,0.0,False,service
1.0,0.0,397.9625757415526,7.106474566813439,56.0,9-N1-2-B-034901,Egl. St-Firmin,Zoo d'Amiens,1.0,22.0,1330.3333333333333,7769.559331640414,17711.33170949966,0.0,solaris_urbino_12_electric,Solaris Urbino 12 electric,98.60913869820178,420.0,2026-04-08 04:05:38.000000000,2026-04-08 04:04:42.000000000,0.3979625757415526,7.769559331640414,25.58330844052838,17.71133170949966,0.0,17.71133170949966,0.2755096043699947,0.0,False,service
0.0,0.0,0.0,0.0,30.0,9-N1-2-B-034901,Zoo d'Amiens,Zoo d'Amiens,1.0,23.0,1360.3333333333333,7769.559331640414,2500.0,0.0,solaris_urbino_12_electric,Solaris Urbino 12 electric,98.60417838074146,420.0,2026-04-08 04:06:08.000000000,2026-04-08 04:05:38.000000000,0.0,7.769559331640414,0.0,2.5,0.0,2.5,0.020833333333333332,0.0,False,service
1.0,0.0,387.76459722543666,6.924367807597084,56.0,9-N1-2-B-034901,Zoo d'Amiens,Jean Jaurès,1.0,24.0,1416.3333333333333,8157.323928865851,17259.00345845794,0.0,solaris_urbino_12_electric,Solaris Urbino 12 electric,98.54025614571013,420.0,2026-04-08 04:07:04.000000000,2026-04-08 04:06:08.000000000,0.38776459722543666,8.15732392886585,24.9277241073495,17.25900345845794,0.0,17.25900345845794,0.268473387131568,0.0,False,service
0.0,0.0,0.0,0.0,30.0,9-N1-2-B-034901,Jean Jaurès,Jean Jaurès,1.0,25.0,1446.3333333333333,8157.323928865851,2500.0,0.0,solaris_urbino_12_electric,Solaris Urbino 12 electric,98.53529582824982,420.0,2026-04-08 04:07:34.000000000,2026-04-08 04:07:04.000000000,0.0,8.15732392886585,0.0,2.5,0.0,2.5,0.020833333333333332,0.0,False,service
1.0,0.0,353.81886733206454,6.675827685510652,53.0,9-N1-2-B-034901,Jean Jaurès,Saint-Jacques,1.0,26.0,1499.3333333333333,8511.142796197915,16649.496892479903,0.0,solaris_urbino_12_electric,Solaris Urbino 12 electric,98.47693449654999,420.0,2026-04-08 04:08:27.000000000,2026-04-08 04:07:34.000000000,0.3538188673320645,8.511142796197916,24.032979667838347,16.649496892479902,0.0,16.649496892479902,0.24511759313928747,0.0,False,service
0.0,0.0,0.0,0.0,30.0,9-N1-2-B-034901,Saint-Jacques,Saint-Jacques,1.0,27.0,1529.3333333333333,8511.142796197915,2500.0,0.0,solaris_urbino_12_electric,Solaris Urbino 12 electric,98.47197417908967,420.0,2026-04-08 04:08:57.000000000,2026-04-08 04:08:27.000000000,0.0,8.511142796197916,0.0,2.5,0.0,2.5,0.020833333333333332,0.0,False,service
1.0,0.0,242.8037375118653,7.35768901551107,33.0,9-N1-2-B-034901,Saint-Jacques,M. Culture A,1.0,28.0,1562.3333333333333,8753.94653370978,18343.542843186246,0.0,solaris_urbino_12_electric,Solaris Urbino 12 electric,98.43193866891605,420.0,2026-04-08 04:09:30.000000000,2026-04-08 04:08:57.000000000,0.24280373751186532,8.753946533709781,26.487680455839854,18.343542843186246,0.0,18.343542843186246,0.16814914272920725,0.0,False,service
0.0,0.0,0.0,0.0,30.0,9-N1-2-B-034901,M. Culture A,M. Culture A,1.0,29.0,1592.3333333333333,8753.94653370978,2500.0,0.0,solaris_urbino_12_electric,Solaris Urbino 12 electric,98.42697835145573,420.0,2026-04-08 04:10:00.000000000,2026-04-08 04:09:30.000000000,0.0,8.753946533709781,0.0,2.5,0.0,2.5,0.020833333333333332,0.0,False,service
1.0,0.0,296.74165114956037,2.472847092913003,120.0,9-N1-2-B-034901,M. Culture A,Hôtel de Ville,1.0,30.0,1712.3333333333333,9050.688184859342,7405.169534075037,0.0,solaris_urbino_12_electric,Solaris Urbino 12 electric,98.36820716467736,420.0,2026-04-08 04:12:00.000000000,2026-04-08 04:10:00.000000000,0.29674165114956036,9.050688184859341,8.90224953448681,7.4051695340750365,0.0,7.4051695340750365,0.2468389844691679,0.0,False,service
0.0,0.0,0.0,0.0,30.0,9-N1-2-B-034901,Hôtel de Ville,Hôtel de Ville,1.0,31.0,1742.3333333333333,9050.688184859342,2500.0,0.0,solaris_urbino_12_electric,Solaris Urbino 12 electric,98.36324684721704,420.0,2026-04-08 04:12:30.000000000,2026-04-08 04:12:00.000000000,0.0,9.050688184859341,0.0,2.5,0.0,2.5,0.020833333333333332,0.0,False,service
1.0,0.0,228.2941059416939,4.005159753363051,57.0,9-N1-2-B-034901,Hôtel de Ville,Jacobins,1.0,32.0,1799.3333333333333,9278.982290801036,10585.195099293087,0.0,solaris_urbino_12_electric,Solaris Urbino 12 electric,98.3233423418824,420.0,2026-04-08 04:13:27.000000000,2026-04-08 04:12:30.000000000,0.22829410594169391,9.278982290801036,14.418575112106984,10.585195099293086,0.0,10.585195099293086,0.1675989224054739,0.0,False,service
0.0,0.0,0.0,0.0,30.0,9-N1-2-B-034901,Jacobins,Jacobins,1.0,33.0,1829.3333333333333,9278.982290801036,2500.0,0.0,solaris_urbino_12_electric,Solaris Urbino 12 electric,98.31838202442208,420.0,2026-04-08 04:13:57.000000000,2026-04-08 04:13:27.000000000,0.0,9.278982290801036,0.0,2.5,0.0,2.5,0.020833333333333332,0.0,False,service
1.0,0.0,326.11241962366006,4.026079254613087,81.0,9-N1-2-B-034901,Jacobins,Emile Zola,1.0,34.0,1910.3333333333333,9605.094710424695,10629.8158571957,0.0,solaris_urbino_12_electric,Solaris Urbino 12 electric,98.26143658232996,420.0,2026-04-08 04:15:18.000000000,2026-04-08 04:13:57.000000000,0.32611241962366005,9.605094710424694,14.493885316607114,10.6298158571957,0.0,10.6298158571957,0.23917085678690322,0.0,False,service
0.0,0.0,0.0,0.0,30.0,9-N1-2-B-034901,Emile Zola,Emile Zola,1.0,35.0,1940.3333333333333,9605.094710424695,2500.0,0.0,solaris_urbino_12_electric,Solaris Urbino 12 electric,98.25647626486965,420.0,2026-04-08 04:15:48.000000000,2026-04-08 04:15:18.000000000,0.0,9.605094710424694,0.0,2.5,0.0,2.5,0.020833333333333332,0.0,False,service
1.0,0.0,355.48637357572056,2.1943603307143245,162.0,9-N1-2-B-034901,Emile Zola,Gare du Nord B,1.0,36.0,2102.333333333333,9960.581084000416,6842.679519791913,0.0,solaris_urbino_12_electric,Solaris Urbino 12 electric,98.18316184144331,420.0,2026-04-08 04:18:30.000000000,2026-04-08 04:15:48.000000000,0.35548637357572055,9.960581084000417,7.899697190571568,6.842679519791913,0.0,6.842679519791913,0.307920578390636,0.0,False,service
0.0,0.0,0.0,0.0,30.0,9-N1-2-B-034901,Gare du Nord B,Gare du Nord B,1.0,37.0,2132.333333333333,9960.581084000416,2500.0,0.0,solaris_urbino_12_electric,Solaris Urbino 12 electric,98.17820152398299,420.0,2026-04-08 04:19:00.000000000,2026-04-08 04:18:30.000000000,0.0,9.960581084000417,0.0,2.5,0.0,2.5,0.020833333333333332,0.0,False,service
1.0,0.0,368.1948881034494,3.95908481831666,93.0,9-N1-2-B-034901,Gare du Nord B,Caserne Dejean,1.0,38.0,2225.333333333333,10328.775972103866,10487.049257408216,0.0,solaris_urbino_12_electric,Solaris Urbino 12 electric,98.11369784799496,420.0,2026-04-08 04:20:33.000000000,2026-04-08 04:19:00.000000000,0.3681948881034494,10.328775972103866,14.252705345939976,10.487049257408216,0.0,10.487049257408216,0.2709154391497123,0.0,False,service
0.0,0.0,0.0,0.0,30.0,9-N1-2-B-034901,Caserne Dejean,Caserne Dejean,1.0,39.0,2255.333333333333,10328.775972103866,2500.0,0.0,solaris_urbino_12_electric,Solaris Urbino 12 electric,98.10873753053464,420.0,2026-04-08 04:21:03.000000000,2026-04-08 04:20:33.000000000,0.0,10.328775972103866,0.0,2.5,0.0,2.5,0.020833333333333332,0.0,False,service
1.0,0.0,355.3755273513469,3.862777471210292,92.0,9-N1-2-B-034901,Caserne Dejean,Pinceau,1.0,40.0,2347.333333333333,10684.151499455213,10282.474769595454,0.0,solaris_urbino_12_electric,Solaris Urbino 12 electric,98.0461722078625,420.0,2026-04-08 04:22:35.000000000,2026-04-08 04:21:03.000000000,0.35537552735134686,10.684151499455213,13.905998896357051,10.282474769595455,0.0,10.282474769595455,0.2627743552229949,0.0,False,service
0.0,0.0,0.0,0.0,30.0,9-N1-2-B-034901,Pinceau,Pinceau,1.0,41.0,2377.333333333333,10684.151499455213,2500.0,0.0,solaris_urbino_12_electric,Solaris Urbino 12 electric,98.04121189040218,420.0,2026-04-08 04:23:05.000000000,2026-04-08 04:22:35.000000000,0.0,10.684151499455213,0.0,2.5,0.0,2.5,0.020833333333333332,0.0,False,service
1.0,0.0,447.05548624280317,3.8874390108069843,115.0,9-N1-2-B-034901,Pinceau,L. de Luzarches,1.0,42.0,2492.333333333333,11131.206985698016,10334.78728614811,0.0,solaris_urbino_12_electric,Solaris Urbino 12 electric,97.96260735747182,420.0,2026-04-08 04:25:00.000000000,2026-04-08 04:23:05.000000000,0.44705548624280317,11.131206985698016,13.994780438905144,10.33478728614811,0.0,10.33478728614811,0.3301390383075091,0.0,False,service
0.0,0.0,0.0,0.0,30.0,9-N1-2-B-034901,L. de Luzarches,L. de Luzarches,1.0,43.0,2522.333333333333,11131.206985698016,2500.0,0.0,solaris_urbino_12_electric,Solaris Urbino 12 electric,97.95764704001151,420.0,2026-04-08 04:25:30.000000000,2026-04-08 04:25:00.000000000,0.0,11.131206985698016,0.0,2.5,0.0,2.5,0.020833333333333332,0.0,False,service
1.0,0.0,324.8685267650074,8.121713169125185,40.0,9-N1-2-B-034901,L. de Luzarches,Egl. St-Acheul,1.0,44.0,2562.333333333333,11456.075512463023,20328.218593303132,0.0,solaris_urbino_12_electric,Solaris Urbino 12 electric,97.90386868394457,420.0,2026-04-08 04:26:10.000000000,2026-04-08 04:25:30.000000000,0.3248685267650074,11.456075512463023,29.238167408850664,20.32821859330313,0.0,20.32821859330313,0.22586909548114592,0.0,False,service
0.0,0.0,0.0,0.0,30.0,9-N1-2-B-034901,Egl. St-Acheul,Egl. St-Acheul,1.0,45.0,2592.333333333333,11456.075512463023,2500.0,0.0,solaris_urbino_12_electric,Solaris Urbino 12 electric,97.89890836648425,420.0,2026-04-08 04:26:40.000000000,2026-04-08 04:26:10.000000000,0.0,11.456075512463023,0.0,2.5,0.0,2.5,0.020833333333333332,0.0,False,service
1.0,0.0,451.79666905185246,8.214484891851862,55.0,9-N1-2-B-034901,Egl. St-Acheul,Mercey,1.0,46.0,2647.333333333333,11907.872181514877,20575.864377064863,0.0,solaris_urbino_12_electric,Solaris Urbino 12 electric,97.82406229897508,420.0,2026-04-08 04:27:35.000000000,2026-04-08 04:26:40.000000000,0.45179666905185245,11.907872181514877,29.572145610666706,20.575864377064864,0.0,20.575864377064864,0.31435348353849096,0.0,False,service
0.0,0.0,0.0,0.0,30.0,9-N1-2-B-034901,Mercey,Mercey,1.0,47.0,2677.333333333333,11907.872181514877,2500.0,0.0,solaris_urbino_12_electric,Solaris Urbino 12 electric,97.81910198151476,420.0,2026-04-08 04:28:05.000000000,2026-04-08 04:27:35.000000000,0.0,11.907872181514877,0.0,2.5,0.0,2.5,0.020833333333333332,0.0,False,service
1.0,0.0,481.8036462949089,8.166163496523879,59.0,9-N1-2-B-034901,Mercey,Sobo,1.0,48.0,2736.333333333333,12389.675827809786,20446.688745559044,0.0,solaris_urbino_12_electric,Solaris Urbino 12 electric,97.73931662199175,420.0,2026-04-08 04:29:04.000000000,2026-04-08 04:28:05.000000000,0.4818036462949089,12.389675827809786,29.398188587485965,20.446688745559044,0.0,20.446688745559044,0.3350985099966621,0.0,False,service
0.0,0.0,0.0,0.0,30.0,9-N1-2-B-034901,Sobo,Sobo,1.0,49.0,2766.333333333333,12389.675827809786,2500.0,0.0,solaris_urbino_12_electric,Solaris Urbino 12 electric,97.73435630453143,420.0,2026-04-08 04:29:34.000000000,2026-04-08 04:29:04.000000000,0.0,12.389675827809786,0.0,2.5,0.0,2.5,0.020833333333333332,0.0,False,service
1.0,0.0,707.5852717526406,8.22773571805396,86.0,9-N1-2-B-034901,Sobo,Pont de l'Avre,1.0,50.0,2852.333333333333,13097.261099562427,20611.358234859843,0.0,solaris_urbino_12_electric,Solaris Urbino 12 electric,97.61712238864533,420.0,2026-04-08 04:31:00.000000000,2026-04-08 04:29:34.000000000,0.7075852717526405,13.097261099562427,29.61984858499426,20.611358234859843,0.0,20.611358234859843,0.4923824467216518,0.0,False,service
0.0,0.0,0.0,0.0,30.0,9-N1-2-B-034901,Pont de l'Avre,Pont de l'Avre,1.0,51.0,2882.333333333333,13097.261099562427,2500.0,0.0,solaris_urbino_12_electric,Solaris Urbino 12 electric,97.61216207118501,420.0,2026-04-08 04:31:30.000000000,2026-04-08 04:31:00.000000000,0.0,13.097261099562427,0.0,2.5,0.0,2.5,0.020833333333333332,0.0,False,service
1.0,0.0,296.6141068969825,7.062240640404345,42.0,9-N1-2-B-034901,Pont de l'Avre,Cité du Château,1.0,52.0,2924.333333333333,13393.87520645941,17601.00604348413,0.0,solaris_urbino_12_electric,Solaris Urbino 12 electric,97.56327038773088,420.0,2026-04-08 04:32:12.000000000,2026-04-08 04:31:30.000000000,0.2966141068969825,13.39387520645941,25.424066305455643,17.60100604348413,0.0,17.60100604348413,0.20534507050731485,0.0,False,service
0.0,0.0,0.0,0.0,30.0,9-N1-2-B-034901,Cité du Château,Cité du Château,1.0,53.0,2954.333333333333,13393.87520645941,2500.0,0.0,solaris_urbino_12_electric,Solaris Urbino 12 electric,97.55831007027057,420.0,2026-04-08 04:32:42.000000000,2026-04-08 04:32:12.000000000,0.0,13.39387520645941,0.0,2.5,0.0,2.5,0.020833333333333332,0.0,False,service
1.0,0.0,332.9543642312839,6.936549254818414,48.0,9-N1-2-B-034901,Cité du Château,La Rose Rouge,1.0,54.0,3002.333333333333,13726.829570690694,17289.107112419595,0.0,solaris_urbino_12_electric,Solaris Urbino 12 electric,97.50342401594543,420.0,2026-04-08 04:33:30.000000000,2026-04-08 04:32:42.000000000,0.3329543642312839,13.726829570690693,24.97157731734629,17.289107112419597,0.0,17.289107112419597,0.2305214281655946,0.0,False,service
0.0,0.0,0.0,0.0,30.0,9-N1-2-B-034901,La Rose Rouge,La Rose Rouge,1.0,55.0,3032.333333333333,13726.829570690694,2500.0,0.0,solaris_urbino_12_electric,Solaris Urbino 12 electric,97.49846369848511,420.0,2026-04-08 04:34:00.000000000,2026-04-08 04:33:30.000000000,0.0,13.726829570690693,0.0,2.5,0.0,2.5,0.020833333333333332,0.0,False,service
1.0,0.0,225.1396338173497,7.262568832817732,31.0,9-N1-2-B-034901,La Rose Rouge,Poidevin,1.0,56.0,3063.333333333333,13951.969204508043,18103.02141613429,0.0,solaris_urbino_12_electric,Solaris Urbino 12 electric,97.46134771542293,420.0,2026-04-08 04:34:31.000000000,2026-04-08 04:34:00.000000000,0.2251396338173497,13.951969204508043,26.145247798143835,18.10302141613429,0.0,18.10302141613429,0.15588712886115635,0.0,False,service
0.0,0.0,0.0,0.0,30.0,9-N1-2-B-034901,Poidevin,Poidevin,1.0,57.0,3093.333333333333,13951.969204508043,2500.0,0.0,solaris_urbino_12_electric,Solaris Urbino 12 electric,97.45638739796262,420.0,2026-04-08 04:35:01.000000000,2026-04-08 04:34:31.000000000,0.0,13.951969204508043,0.0,2.5,0.0,2.5,0.020833333333333332,0.0,False,service
1.0,0.0,314.5014195772681,7.147759535847002,44.0,9-N1-2-B-034901,Poidevin,M. de Longueau,1.0,58.0,3137.333333333333,14266.47062408531,17814.568253525784,0.0,solaris_urbino_12_electric,Solaris Urbino 12 electric,97.40454606177511,420.0,2026-04-08 04:35:45.000000000,2026-04-08 04:35:01.000000000,0.3145014195772681,14.26647062408531,25.731934329049206,17.814568253525785,0.0,17.814568253525785,0.21773361198753735,0.0,False,service
0.0,0.0,0.0,0.0,30.0,9-N1-2-B-034901,M. de Longueau,M. de Longueau,1.0,59.0,3167.333333333333,14266.47062408531,2500.0,0.0,solaris_urbino_12_electric,Solaris Urbino 12 electric,97.39958574431479,420.0,2026-04-08 04:36:15.000000000,2026-04-08 04:35:45.000000000,0.0,14.26647062408531,0.0,2.5,0.0,2.5,0.020833333333333332,0.0,False,service
1.0,0.0,256.63398574137216,6.936053668685734,37.0,9-N1-2-B-034901,M. de Longueau,La Fourche,1.0,60.0,3204.333333333333,14523.104609826682,17287.881959235827,0.0,solaris_urbino_12_electric,Solaris Urbino 12 electric,97.35728074216587,420.0,2026-04-08 04:36:52.000000000,2026-04-08 04:36:15.000000000,0.25663398574137214,14.523104609826682,24.96979320726864,17.287881959235825,0.0,17.287881959235825,0.17768100902547934,0.0,False,service
0.0,0.0,0.0,0.0,30.0,9-N1-2-B-034901,La Fourche,La Fourche,1.0,61.0,3234.333333333333,14523.104609826682,2500.0,0.0,solaris_urbino_12_electric,Solaris Urbino 12 electric,97.35232042470554,420.0,2026-04-08 04:37:22.000000000,2026-04-08 04:36:52.000000000,0.0,14.523104609826682,0.0,2.5,0.0,2.5,0.020833333333333332,0.0,False,service
1.0,0.0,651.0902221706201,6.643777777251225,98.0,9-N1-2-B-034901,La Fourche,Croix de Fer,1.0,62.0,3332.333333333333,15174.194831997302,16571.54282882152,0.0,solaris_urbino_12_electric,Solaris Urbino 12 electric,97.24491227674096,420.0,2026-04-08 04:39:00.000000000,2026-04-08 04:37:22.000000000,0.6510902221706201,15.174194831997301,23.91759999810441,16.571542828821517,0.0,16.571542828821517,0.4511142214512525,0.0,False,service
0.0,0.0,0.0,0.0,30.0,9-N1-2-B-034901,Croix de Fer,Croix de Fer,1.0,63.0,3362.333333333333,15174.194831997302,2500.0,0.0,solaris_urbino_12_electric,Solaris Urbino 12 electric,97.23995195928065,420.0,2026-04-08 04:39:30.000000000,2026-04-08 04:39:00.000000000,0.0,15.174194831997301,0.0,2.5,0.0,2.5,0.020833333333333332,0.0,False,service
1.0,0.0,703.41712703917,4.953641739712465,142.0,9-N1-2-B-034901,Croix de Fer,C. Cial Glisy,1.0,64.0,3504.333333333333,15877.611959036472,12648.657874092083,0.0,solaris_urbino_12_electric,Solaris Urbino 12 electric,97.12116165384936,420.0,2026-04-08 04:41:52.000000000,2026-04-08 04:39:30.000000000,0.70341712703917,15.877611959036473,17.833110262964873,12.648657874092082,0.0,12.648657874092082,0.4989192828114099,0.0,False,service
0.0,0.0,0.0,0.0,30.0,9-N1-2-B-034901,C. Cial Glisy,C. Cial Glisy,1.0,65.0,3534.333333333333,15877.611959036472,2500.0,0.0,solaris_urbino_12_electric,Solaris Urbino 12 electric,97.11620133638904,420.0,2026-04-08 04:42:22.000000000,2026-04-08 04:41:52.000000000,0.0,15.877611959036473,0.0,2.5,0.0,2.5,0.020833333333333332,0.0,False,service
1.0,0.0,136.72688382470434,4.883102993739441,28.0,9-N1-2-B-034901,C. Cial Glisy,Capitaine Nemo,1.0,66.0,3562.333333333333,16014.338842861176,12492.168184754679,0.0,solaris_urbino_12_electric,Solaris Urbino 12 electric,97.09306769160246,420.0,2026-04-08 04:42:50.000000000,2026-04-08 04:42:22.000000000,0.13672688382470435,16.014338842861175,17.57917077746199,12.492168184754679,0.0,12.492168184754679,0.09716130810364751,0.0,False,service
0.0,0.0,0.0,0.0,30.0,9-N1-2-B-034901,Capitaine Nemo,Capitaine Nemo,1.0,67.0,3592.333333333333,16014.338842861176,2500.0,0.0,solaris_urbino_12_electric,Solaris Urbino 12 electric,97.08810737414214,420.0,2026-04-08 04:43:20.000000000,2026-04-08 04:42:50.000000000,0.0,16.014338842861175,0.0,2.5,0.0,2.5,0.020833333333333332,0.0,False,service
1.0,0.0,323.4478124594319,2.488060095841784,130.0,9-N1-2-B-034901,Capitaine Nemo,Pôle J. Verne,1.0,68.0,3722.333333333333,16337.786655320608,7436.009883372681,0.0,solaris_urbino_12_electric,Solaris Urbino 12 electric,97.02417342673219,420.0,2026-04-08 04:45:30.000000000,2026-04-08 04:43:20.000000000,0.3234478124594319,16.337786655320606,8.957016345030421,7.43600988337268,0.0,7.43600988337268,0.2685225791217912,0.0,False,service
0.0,0.0,0.0,0.0,30.0,9-N1-2-B-034901,Pôle J. Verne,Pôle J. Verne,1.0,69.0,3752.333333333333,16337.786655320608,2500.0,0.0,solaris_urbino_12_electric,Solaris Urbino 12 electric,97.01921310927187,420.0,2026-04-08 04:46:00.000000000,2026-04-08 04:45:30.000000000,0.0,16.337786655320606,0.0,2.5,0.0,2.5,0.020833333333333332,0.0,False,service
1.0,0.0,334.0181708930427,4.7044812801837,71.0,9-N1-4-B-035101,Pôle J. Verne,Capitaine Nemo,1.0,70.0,3823.333333333333,16671.80482621365,12098.184498446486,0.0,solaris_urbino_12_electric,Solaris Urbino 12 electric,96.96240285137573,420.0,2026-04-08 04:47:11.000000000,2026-04-08 04:46:00.000000000,0.3340181708930427,16.671804826213652,16.93613260866132,12.098184498446486,0.0,12.098184498446486,0.23860308316380568,0.0,False,service
0.0,0.0,0.0,0.0,30.0,9-N1-4-B-035101,Capitaine Nemo,Capitaine Nemo,1.0,71.0,3853.333333333333,16671.80482621365,2500.0,0.0,solaris_urbino_12_electric,Solaris Urbino 12 electric,96.95744253391541,420.0,2026-04-08 04:47:41.000000000,2026-04-08 04:47:11.000000000,0.0,16.671804826213652,0.0,2.5,0.0,2.5,0.020833333333333332,0.0,False,service
1.0,0.0,122.91799931516653,5.8532380626269775,21.0,9-N1-4-B-035101,Capitaine Nemo,C. Cial Glisy,1.0,72.0,3874.333333333333,16794.722825528817,14692.801288691231,0.0,solaris_urbino_12_electric,Solaris Urbino 12 electric,96.9370358654589,420.0,2026-04-08 04:48:02.000000000,2026-04-08 04:47:41.000000000,0.12291799931516653,16.79472282552882,21.07165702545712,14.69280128869123,0.0,14.69280128869123,0.08570800751736551,0.0,False,service
0.0,0.0,0.0,0.0,30.0,9-N1-4-B-035101,C. Cial Glisy,C. Cial Glisy,1.0,73.0,3904.333333333333,16794.722825528817,2500.0,0.0,solaris_urbino_12_electric,Solaris Urbino 12 electric,96.93207554799858,420.0,2026-04-08 04:48:32.000000000,2026-04-08 04:48:02.000000000,0.0,16.79472282552882,0.0,2.5,0.0,2.5,0.020833333333333332,0.0,False,service
1.0,0.0,685.9620842301216,4.6664087362593305,147.0,9-N1-4-B-035101,C. Cial Glisy,Croix de Fer,1.0,74.0,4051.333333333333,17480.68490975894,12014.623985741244,0.0,solaris_urbino_12_electric,Solaris Urbino 12 electric,96.81526670369276,420.0,2026-04-08 04:50:59.000000000,2026-04-08 04:48:32.000000000,0.6859620842301216,17.48068490975894,16.79907145053359,12.014623985741244,0.0,12.014623985741244,0.4905971460844341,0.0,False,service
0.0,0.0,0.0,0.0,30.0,9-N1-4-B-035101,Croix de Fer,Croix de Fer,1.0,75.0,4081.333333333333,17480.68490975894,2500.0,0.0,solaris_urbino_12_electric,Solaris Urbino 12 electric,96.81030638623244,420.0,2026-04-08 04:51:29.000000000,2026-04-08 04:50:59.000000000,0.0,17.48068490975894,0.0,2.5,0.0,2.5,0.020833333333333332,0.0,False,service
1.0,0.0,746.5227463047001,6.912247650969446,108.0,9-N1-4-B-035101,Croix de Fer,La Fourche,1.0,76.0,4189.333333333333,18227.20765606364,17229.07289480432,0.0,solaris_urbino_12_electric,Solaris Urbino 12 electric,96.68724157984099,420.0,2026-04-08 04:53:17.000000000,2026-04-08 04:51:29.000000000,0.7465227463047002,18.22720765606364,24.88409154349001,17.22907289480432,0.0,17.22907289480432,0.5168721868441296,0.0,False,service
0.0,0.0,0.0,0.0,30.0,9-N1-4-B-035101,La Fourche,La Fourche,1.0,77.0,4219.333333333333,18227.20765606364,2500.0,0.0,solaris_urbino_12_electric,Solaris Urbino 12 electric,96.68228126238067,420.0,2026-04-08 04:53:47.000000000,2026-04-08 04:53:17.000000000,0.0,18.22720765606364,0.0,2.5,0.0,2.5,0.020833333333333332,0.0,False,service
1.0,0.0,236.45430499839583,7.38919703119987,32.0,9-N1-4-B-035101,La Fourche,M. de Longueau,1.0,78.0,4251.333333333333,18463.661961062036,18423.52454712258,0.0,solaris_urbino_12_electric,Solaris Urbino 12 electric,96.64328967603754,420.0,2026-04-08 04:54:19.000000000,2026-04-08 04:53:47.000000000,0.23645430499839581,18.463661961062037,26.60110931231953,18.42352454712258,0.0,18.42352454712258,0.1637646626410896,0.0,False,service
0.0,0.0,0.0,0.0,30.0,9-N1-4-B-035101,M. de Longueau,M. de Longueau,1.0,79.0,4281.333333333333,18463.661961062036,2500.0,0.0,solaris_urbino_12_electric,Solaris Urbino 12 electric,96.63832935857722,420.0,2026-04-08 04:54:49.000000000,2026-04-08 04:54:19.000000000,0.0,18.463661961062037,0.0,2.5,0.0,2.5,0.020833333333333332,0.0,False,service
1.0,0.0,238.2314886825274,7.219136020682649,33.0,9-N1-4-B-035101,M. de Longueau,Poidevin,1.0,80.0,4314.333333333333,18701.893449744563,17993.661455547277,0.0,solaris_urbino_12_electric,Solaris Urbino 12 electric,96.59905747841631,420.0,2026-04-08 04:55:22.000000000,2026-04-08 04:54:49.000000000,0.23823148868252741,18.701893449744563,25.98888967445754,17.993661455547276,0.0,17.993661455547276,0.16494189667585005,0.0,False,service
0.0,0.0,0.0,0.0,30.0,9-N1-4-B-035101,Poidevin,Poidevin,1.0,81.0,4344.333333333333,18701.893449744563,2500.0,0.0,solaris_urbino_12_electric,Solaris Urbino 12 electric,96.594097160956,420.0,2026-04-08 04:55:52.000000000,2026-04-08 04:55:22.000000000,0.0,18.701893449744563,0.0,2.5,0.0,2.5,0.020833333333333332,0.0,False,service
1.0,0.0,283.0530932557657,7.257771621942711,39.0,9-N1-4-B-035101,Poidevin,La Rose Rouge,1.0,82.0,4383.333333333333,18984.94654300033,18090.92822491121,0.0,solaris_urbino_12_electric,Solaris Urbino 12 electric,96.54743405243936,420.0,2026-04-08 04:56:31.000000000,2026-04-08 04:55:52.000000000,0.2830530932557657,18.98494654300033,26.127977838993758,18.09092822491121,0.0,18.09092822491121,0.19598505576987146,0.0,False,service
0.0,0.0,0.0,0.0,30.0,9-N1-4-B-035101,La Rose Rouge,La Rose Rouge,1.0,83.0,4413.333333333333,18984.94654300033,2500.0,0.0,solaris_urbino_12_electric,Solaris Urbino 12 electric,96.54247373497904,420.0,2026-04-08 04:57:01.000000000,2026-04-08 04:56:31.000000000,0.0,18.98494654300033,0.0,2.5,0.0,2.5,0.020833333333333332,0.0,False,service
1.0,0.0,382.52636844861735,7.356276316319565,52.0,9-N1-4-B-035101,La Rose Rouge,Cité du Château,1.0,84.0,4465.333333333333,19367.472911448946,18339.960401880504,0.0,solaris_urbino_12_electric,Solaris Urbino 12 electric,96.47939979708897,420.0,2026-04-08 04:57:53.000000000,2026-04-08 04:57:01.000000000,0.38252636844861737,19.367472911448946,26.482594738750432,18.339960401880504,0.0,18.339960401880504,0.26491053913827395,0.0,False,service
0.0,0.0,0.0,0.0,30.0,9-N1-4-B-035101,Cité du Château,Cité du Château,1.0,85.0,4495.333333333333,19367.472911448946,2500.0,0.0,solaris_urbino_12_electric,Solaris Urbino 12 electric,96.47443947962866,420.0,2026-04-08 04:58:23.000000000,2026-04-08 04:57:53.000000000,0.0,19.367472911448946,0.0,2.5,0.0,2.5,0.020833333333333332,0.0,False,service
1.0,0.0,259.04003764462647,7.195556601239624,36.0,9-N1-4-B-035101,Cité du Château,Pont de l'Avre,1.0,86.0,4531.333333333333,19626.512949093572,17934.41163158536,0.0,solaris_urbino_12_electric,Solaris Urbino 12 electric,96.43173849955346,420.0,2026-04-08 04:58:59.000000000,2026-04-08 04:58:23.000000000,0.25904003764462646,19.626512949093573,25.904003764462647,17.93441163158536,0.0,17.93441163158536,0.17934411631585362,0.0,False,service
0.0,0.0,0.0,0.0,30.0,9-N1-4-B-035101,Pont de l'Avre,Pont de l'Avre,1.0,87.0,4561.333333333333,19626.512949093572,2500.0,0.0,solaris_urbino_12_electric,Solaris Urbino 12 electric,96.42677818209314,420.0,2026-04-08 04:59:29.000000000,2026-04-08 04:58:59.000000000,0.0,19.626512949093573,0.0,2.5,0.0,2.5,0.020833333333333332,0.0,False,service
1.0,0.0,778.6426370279388,6.655065273743067,117.0,9-N1-4-B-035101,Pont de l'Avre,Sobo,1.0,88.0,4678.333333333333,20405.155586121513,16598.980534956492,0.0,solaris_urbino_12_electric,Solaris Urbino 12 electric,96.29833368985835,420.0,2026-04-08 05:01:26.000000000,2026-04-08 04:59:29.000000000,0.7786426370279388,20.405155586121513,23.95823498547504,16.598980534956493,0.0,16.598980534956493,0.539466867386086,0.0,False,service
0.0,0.0,0.0,0.0,30.0,9-N1-4-B-035101,Sobo,Sobo,1.0,89.0,4708.333333333333,20405.155586121513,2500.0,0.0,solaris_urbino_12_electric,Solaris Urbino 12 electric,96.29337337239804,420.0,2026-04-08 05:01:56.000000000,2026-04-08 05:01:26.000000000,0.0,20.405155586121513,0.0,2.5,0.0,2.5,0.020833333333333332,0.0,False,service
1.0,0.0,494.86888000554234,6.598251733407231,75.0,9-N1-4-B-035101,Sobo,Mercey,1.0,90.0,4783.333333333333,20900.024466127055,16461.059769141364,0.0,solaris_urbino_12_electric,Solaris Urbino 12 electric,96.21172129020984,420.0,2026-04-08 05:03:11.000000000,2026-04-08 05:01:56.000000000,0.49486888000554236,20.900024466127057,23.753706240266034,16.461059769141364,0.0,16.461059769141364,0.3429387451904451,0.0,False,service
0.0,0.0,0.0,0.0,30.0,9-N1-4-B-035101,Mercey,Mercey,1.0,91.0,4813.333333333333,20900.024466127055,2500.0,0.0,solaris_urbino_12_electric,Solaris Urbino 12 electric,96.20676097274952,420.0,2026-04-08 05:03:41.000000000,2026-04-08 05:03:11.000000000,0.0,20.900024466127057,0.0,2.5,0.0,2.5,0.020833333333333332,0.0,False,service
1.0,0.0,443.51095510688015,6.71986295616485,66.0,9-N1-4-B-035101,Mercey,Egl. St-Acheul,1.0,92.0,4879.333333333333,21343.535421233937,16756.83990194138,0.0,solaris_urbino_12_electric,Solaris Urbino 12 electric,96.13361603666962,420.0,2026-04-08 05:04:47.000000000,2026-04-08 05:03:41.000000000,0.44351095510688016,21.343535421233938,24.191506642193463,16.75683990194138,0.0,16.75683990194138,0.307208731535592,0.0,False,service
0.0,0.0,0.0,0.0,30.0,9-N1-4-B-035101,Egl. St-Acheul,Egl. St-Acheul,1.0,93.0,4909.333333333333,21343.535421233937,2500.0,0.0,solaris_urbino_12_electric,Solaris Urbino 12 electric,96.12865571920929,420.0,2026-04-08 05:05:17.000000000,2026-04-08 05:04:47.000000000,0.0,21.343535421233938,0.0,2.5,0.0,2.5,0.020833333333333332,0.0,False,service
1.0,0.0,277.40496861036326,6.604880205008649,42.0,9-N1-4-B-035101,Egl. St-Acheul,L. de Luzarches,1.0,94.0,4951.333333333333,21620.9403898443,16477.127724915903,0.0,solaris_urbino_12_electric,Solaris Urbino 12 electric,96.08288591997342,420.0,2026-04-08 05:05:59.000000000,2026-04-08 05:05:17.000000000,0.27740496861036323,21.6209403898443,23.777568738031135,16.477127724915903,0.0,16.477127724915903,0.19223315679068553,0.0,False,service
0.0,0.0,0.0,0.0,30.0,9-N1-4-B-035101,L. de Luzarches,L. de Luzarches,1.0,95.0,4981.333333333333,21620.9403898443,2500.0,0.0,solaris_urbino_12_electric,Solaris Urbino 12 electric,96.0779256025131,420.0,2026-04-08 05:06:29.000000000,2026-04-08 05:05:59.000000000,0.0,21.6209403898443,0.0,2.5,0.0,2.5,0.020833333333333332,0.0,False,service
1.0,0.0,343.1323580300078,3.855419753146155,89.0,9-N1-4-B-035101,L. de Luzarches,Pinceau,1.0,96.0,5070.333333333333,21964.07274787431,10266.87710449669,0.0,solaris_urbino_12_electric,Solaris Urbino 12 electric,96.01749226505939,420.0,2026-04-08 05:07:58.000000000,2026-04-08 05:06:29.000000000,0.3431323580300078,21.96407274787431,13.879511111326158,10.266877104496691,0.0,10.266877104496691,0.25382001730561266,0.0,False,service
0.0,0.0,0.0,0.0,30.0,9-N1-4-B-035101,Pinceau,Pinceau,1.0,97.0,5100.333333333333,21964.07274787431,2500.0,0.0,solaris_urbino_12_electric,Solaris Urbino 12 electric,96.01253194759907,420.0,2026-04-08 05:08:28.000000000,2026-04-08 05:07:58.000000000,0.0,21.96407274787431,0.0,2.5,0.0,2.5,0.020833333333333332,0.0,False,service
1.0,0.0,405.8966158731125,3.793426316571145,107.0,9-N1-4-B-035101,Pinceau,Caserne Dejean,1.0,98.0,5207.333333333333,22369.969363747423,10135.631813257165,0.0,solaris_urbino_12_electric,Solaris Urbino 12 electric,95.94080492352377,420.0,2026-04-08 05:10:15.000000000,2026-04-08 05:08:28.000000000,0.40589661587311254,22.369969363747423,13.656334739656122,10.135631813257165,0.0,10.135631813257165,0.3012535011162546,0.0,False,service
0.0,0.0,0.0,0.0,30.0,9-N1-4-B-035101,Caserne Dejean,Caserne Dejean,1.0,99.0,5237.333333333333,22369.969363747423,2500.0,0.0,solaris_urbino_12_electric,Solaris Urbino 12 electric,95.93584460606345,420.0,2026-04-08 05:10:45.000000000,2026-04-08 05:10:15.000000000,0.0,22.369969363747423,0.0,2.5,0.0,2.5,0.020833333333333332,0.0,False,service
1.0,0.0,391.6364257160486,3.7657348626543135,104.0,9-N1-4-B-035101,Caserne Dejean,Gare du Nord A,1.0,100.0,5341.333333333333,22761.605789463472,10077.106879742849,0.0,solaris_urbino_12_electric,Solaris Urbino 12 electric,95.86653117249908,420.0,2026-04-08 05:12:29.000000000,2026-04-08 05:10:45.000000000,0.3916364257160486,22.761605789463474,13.55664550555553,10.077106879742848,0.0,10.077106879742848,0.29111642097034895,0.0,False,service
0.0,0.0,0.0,0.0,30.0,9-N1-4-B-035101,Gare du Nord A,Gare du Nord A,1.0,101.0,5371.333333333333,22761.605789463472,2500.0,0.0,solaris_urbino_12_electric,Solaris Urbino 12 electric,95.86157085503876,420.0,2026-04-08 05:12:59.000000000,2026-04-08 05:12:29.000000000,0.0,22.761605789463474,0.0,2.5,0.0,2.5,0.020833333333333332,0.0,False,service
1.0,0.0,327.94171057791687,2.2158223687697087,148.0,9-N1-4-B-035101,Gare du Nord A,René Goblet,1.0,102.0,5519.333333333333,23089.54750004139,6885.894540513471,0.0,solaris_urbino_12_electric,Solaris Urbino 12 electric,95.79416924181152,420.0,2026-04-08 05:15:27.000000000,2026-04-08 05:12:59.000000000,0.3279417105779169,23.08954750004139,7.976960527570951,6.885894540513471,0.0,6.885894540513471,0.28308677555444267,0.0,False,service
0.0,0.0,0.0,0.0,30.0,9-N1-4-B-035101,René Goblet,René Goblet,1.0,103.0,5549.333333333333,23089.54750004139,2500.0,0.0,solaris_urbino_12_electric,Solaris Urbino 12 electric,95.7892089243512,420.0,2026-04-08 05:15:57.000000000,2026-04-08 05:15:27.000000000,0.0,23.08954750004139,0.0,2.5,0.0,2.5,0.020833333333333332,0.0,False,service
1.0,0.0,225.21730590675048,4.170690850125009,54.0,9-N1-4-B-035101,René Goblet,P. de Justice,1.0,104.0,5603.333333333333,23314.76480594814,10939.300990254254,0.0,solaris_urbino_12_electric,Solaris Urbino 12 electric,95.75013999224315,420.0,2026-04-08 05:16:51.000000000,2026-04-08 05:15:57.000000000,0.2252173059067505,23.31476480594814,15.014487060450033,10.939300990254255,0.0,10.939300990254255,0.16408951485381382,0.0,False,service
0.0,0.0,0.0,0.0,30.0,9-N1-4-B-035101,P. de Justice,P. de Justice,1.0,105.0,5633.333333333333,23314.76480594814,2500.0,0.0,solaris_urbino_12_electric,Solaris Urbino 12 electric,95.74517967478283,420.0,2026-04-08 05:17:21.000000000,2026-04-08 05:16:51.000000000,0.0,23.31476480594814,0.0,2.5,0.0,2.5,0.020833333333333332,0.0,False,service
1.0,0.0,229.9992746993994,3.965504736196541,58.0,9-N1-4-B-035101,P. de Justice,Dusevel,1.0,106.0,5691.333333333333,23544.76408064754,10500.713816572745,0.0,solaris_urbino_12_electric,Solaris Urbino 12 electric,95.70489915881979,420.0,2026-04-08 05:18:19.000000000,2026-04-08 05:17:21.000000000,0.2299992746993994,23.54476408064754,14.275817050307548,10.500713816572745,0.0,10.500713816572745,0.1691781670447831,0.0,False,service
0.0,0.0,0.0,0.0,30.0,9-N1-4-B-035101,Dusevel,Dusevel,1.0,107.0,5721.333333333333,23544.76408064754,2500.0,0.0,solaris_urbino_12_electric,Solaris Urbino 12 electric,95.69993884135947,420.0,2026-04-08 05:18:49.000000000,2026-04-08 05:18:19.000000000,0.0,23.54476408064754,0.0,2.5,0.0,2.5,0.020833333333333332,0.0,False,service
1.0,0.0,218.8226139254244,3.587255965990564,61.0,9-N1-4-B-035101,Dusevel,Beffroi,1.0,108.0,5782.333333333333,23763.586694572965,9701.347494647001,0.0,solaris_urbino_12_electric,Solaris Urbino 12 electric,95.66079980715487,420.0,2026-04-08 05:19:50.000000000,2026-04-08 05:18:49.000000000,0.2188226139254244,23.763586694572965,12.914121477566031,9.701347494647,0.0,9.701347494647,0.16438394365929643,0.0,False,service
0.0,0.0,0.0,0.0,30.0,9-N1-4-B-035101,Beffroi,Beffroi,1.0,109.0,5812.333333333333,23763.586694572965,2500.0,0.0,solaris_urbino_12_electric,Solaris Urbino 12 electric,95.65583948969456,420.0,2026-04-08 05:20:20.000000000,2026-04-08 05:19:50.000000000,0.0,23.763586694572965,0.0,2.5,0.0,2.5,0.020833333333333332,0.0,False,service
1.0,0.0,189.07722066752729,3.501430012361616,54.0,9-N1-4-B-035101,Beffroi,Place du Marché,1.0,110.0,5866.333333333333,23952.663915240493,9521.52461055803,0.0,solaris_urbino_12_electric,Solaris Urbino 12 electric,95.62183404465685,420.0,2026-04-08 05:21:14.000000000,2026-04-08 05:20:20.000000000,0.18907722066752727,23.952663915240493,12.605148044501819,9.52152461055803,0.0,9.52152461055803,0.14282286915837045,0.0,False,service
0.0,0.0,0.0,0.0,30.0,9-N1-4-B-035101,Place du Marché,Place du Marché,1.0,111.0,5896.333333333333,23952.663915240493,2500.0,0.0,solaris_urbino_12_electric,Solaris Urbino 12 electric,95.61687372719653,420.0,2026-04-08 05:21:44.000000000,2026-04-08 05:21:14.000000000,0.0,23.952663915240493,0.0,2.5,0.0,2.5,0.020833333333333332,0.0,False,service
1.0,0.0,171.78613535708172,3.817469674601816,45.0,9-N1-4-B-035101,Place du Marché,M. Culture B,1.0,112.0,5941.333333333333,24124.450050597574,10186.496636242933,0.0,solaris_urbino_12_electric,Solaris Urbino 12 electric,95.586556772922,420.0,2026-04-08 05:22:29.000000000,2026-04-08 05:21:44.000000000,0.17178613535708173,24.124450050597574,13.742890828566539,10.186496636242934,0.0,10.186496636242934,0.12733120795303665,0.0,False,service
0.0,0.0,0.0,0.0,30.0,9-N1-4-B-035101,M. Culture B,M. Culture B,1.0,113.0,5971.333333333333,24124.450050597574,2500.0,0.0,solaris_urbino_12_electric,Solaris Urbino 12 electric,95.58159645546168,420.0,2026-04-08 05:22:59.000000000,2026-04-08 05:22:29.000000000,0.0,24.124450050597574,0.0,2.5,0.0,2.5,0.020833333333333332,0.0,False,service
1.0,0.0,291.81191051704656,6.07941480243847,48.0,9-N1-4-B-035101,M. Culture B,Saint-Jacques,1.0,114.0,6019.333333333333,24416.261961114622,15221.936608587479,0.0,solaris_urbino_12_electric,Solaris Urbino 12 electric,95.53327284718046,420.0,2026-04-08 05:23:47.000000000,2026-04-08 05:22:59.000000000,0.2918119105170466,24.41626196111462,21.885893288778494,15.221936608587479,0.0,15.221936608587479,0.20295915478116638,0.0,False,service
0.0,0.0,0.0,0.0,30.0,9-N1-4-B-035101,Saint-Jacques,Saint-Jacques,1.0,115.0,6049.333333333333,24416.261961114622,2500.0,0.0,solaris_urbino_12_electric,Solaris Urbino 12 electric,95.52831252972014,420.0,2026-04-08 05:24:17.000000000,2026-04-08 05:23:47.000000000,0.0,24.41626196111462,0.0,2.5,0.0,2.5,0.020833333333333332,0.0,False,service
1.0,0.0,350.7042974526486,5.656520926655622,62.0,9-N1-4-B-035101,Saint-Jacques,Jean Jaurès,1.0,116.0,6111.333333333333,24766.96625856727,14237.75760989092,0.0,solaris_urbino_12_electric,Solaris Urbino 12 electric,95.4699301903145,420.0,2026-04-08 05:25:19.000000000,2026-04-08 05:24:17.000000000,0.3507042974526486,24.76696625856727,20.36347533596024,14.23775760989092,0.0,14.23775760989092,0.24520582550367695,0.0,False,service
0.0,0.0,0.0,0.0,30.0,9-N1-4-B-035101,Jean Jaurès,Jean Jaurès,1.0,117.0,6141.333333333333,24766.96625856727,2500.0,0.0,solaris_urbino_12_electric,Solaris Urbino 12 electric,95.46496987285418,420.0,2026-04-08 05:25:49.000000000,2026-04-08 05:25:19.000000000,0.0,24.76696625856727,0.0,2.5,0.0,2.5,0.020833333333333332,0.0,False,service
1.0,0.0,402.8160957322576,5.5946679962813555,72.0,9-N1-4-B-035101,Jean Jaurès,Zoo d'Amiens,1.0,118.0,6213.333333333333,25169.78235429953,14095.64699678853,0.0,solaris_urbino_12_electric,Solaris Urbino 12 electric,95.39784774429805,420.0,2026-04-08 05:27:01.000000000,2026-04-08 05:25:49.000000000,0.40281609573225763,25.169782354299528,20.14080478661288,14.09564699678853,0.0,14.09564699678853,0.2819129399357706,0.0,False,service
0.0,0.0,0.0,0.0,30.0,9-N1-4-B-035101,Zoo d'Amiens,Zoo d'Amiens,1.0,119.0,6243.333333333333,25169.78235429953,2500.0,0.0,solaris_urbino_12_electric,Solaris Urbino 12 electric,95.39288742683773,420.0,2026-04-08 05:27:31.000000000,2026-04-08 05:27:01.000000000,0.0,25.169782354299528,0.0,2.5,0.0,2.5,0.020833333333333332,0.0,False,service
1.0,0.0,376.38436041502575,5.790528621769627,65.0,9-N1-4-B-035101,Zoo d'Amiens,Egl. St-Firmin,1.0,120.0,6308.333333333333,25546.166714714553,14547.228745279994,0.0,solaris_urbino_12_electric,Solaris Urbino 12 electric,95.33034973712587,420.0,2026-04-08 05:28:36.000000000,2026-04-08 05:27:31.000000000,0.37638436041502576,25.546166714714552,20.845903038370658,14.547228745279993,0.0,14.547228745279993,0.26265829678977765,0.0,False,service
0.0,0.0,0.0,0.0,30.0,9-N1-4-B-035101,Egl. St-Firmin,Egl. St-Firmin,1.0,121.0,6338.333333333333,25546.166714714553,2500.0,0.0,solaris_urbino_12_electric,Solaris Urbino 12 electric,95.32538941966556,420.0,2026-04-08 05:29:06.000000000,2026-04-08 05:28:36.000000000,0.0,25.546166714714552,0.0,2.5,0.0,2.5,0.020833333333333332,0.0,False,service
1.0,0.0,300.7481358168622,5.674493128620042,53.0,9-N1-4-B-035101,Egl. St-Firmin,Faubourg de Hem,1.0,122.0,6391.333333333333,25846.914850531415,14279.135582892508,0.0,solaris_urbino_12_electric,Solaris Urbino 12 electric,95.27533689414352,420.0,2026-04-08 05:29:59.000000000,2026-04-08 05:29:06.000000000,0.3007481358168622,25.846914850531416,20.428175263032152,14.279135582892508,0.0,14.279135582892508,0.21022060719258415,0.0,False,service
0.0,0.0,0.0,0.0,30.0,9-N1-4-B-035101,Faubourg de Hem,Faubourg de Hem,1.0,123.0,6421.333333333333,25846.914850531415,2500.0,0.0,solaris_urbino_12_electric,Solaris Urbino 12 electric,95.27037657668319,420.0,2026-04-08 05:30:29.000000000,2026-04-08 05:29:59.000000000,0.0,25.846914850531416,0.0,2.5,0.0,2.5,0.020833333333333332,0.0,False,service
1.0,0.0,242.018982618479,5.5004314231472495,44.0,9-N1-4-B-035101,Faubourg de Hem,Espace Alliance,1.0,124.0,6465.333333333333,26088.933833149895,13880.003999248058,0.0,solaris_urbino_12_electric,Solaris Urbino 12 electric,95.22998503065364,420.0,2026-04-08 05:31:13.000000000,2026-04-08 05:30:29.000000000,0.24201898261847898,26.088933833149895,19.8015531233301,13.880003999248057,0.0,13.880003999248057,0.16964449332414291,0.0,False,service
0.0,0.0,0.0,0.0,30.0,9-N1-4-B-035101,Espace Alliance,Espace Alliance,1.0,125.0,6495.333333333333,26088.933833149895,2500.0,0.0,solaris_urbino_12_electric,Solaris Urbino 12 electric,95.22502471319332,420.0,2026-04-08 05:31:43.000000000,2026-04-08 05:31:13.000000000,0.0,26.088933833149895,0.0,2.5,0.0,2.5,0.020833333333333332,0.0,False,service
1.0,0.0,512.4653653664171,5.631487531499089,91.0,9-N1-4-B-035101,Espace Alliance,Sully,1.0,126.0,6586.333333333333,26601.399198516312,14180.186968253003,0.0,solaris_urbino_12_electric,Solaris Urbino 12 electric,95.13968099532883,420.0,2026-04-08 05:33:14.000000000,2026-04-08 05:31:43.000000000,0.5124653653664172,26.60139919851631,20.273355113396722,14.180186968253004,0.0,14.180186968253004,0.3584436150308398,0.0,False,service
0.0,0.0,0.0,0.0,30.0,9-N1-4-B-035101,Sully,Sully,1.0,127.0,6616.333333333333,26601.399198516312,2500.0,0.0,solaris_urbino_12_electric,Solaris Urbino 12 electric,95.13472067786851,420.0,2026-04-08 05:33:44.000000000,2026-04-08 05:33:14.000000000,0.0,26.60139919851631,0.0,2.5,0.0,2.5,0.020833333333333332,0.0,False,service
1.0,0.0,581.4235833007191,5.537367460006848,105.0,9-N1-4-B-035101,Sully,Place la Barre,1.0,128.0,6721.333333333333,27182.82278181703,13964.400885694367,0.0,solaris_urbino_12_electric,Solaris Urbino 12 electric,95.03774567171786,420.0,2026-04-08 05:35:29.000000000,2026-04-08 05:33:44.000000000,0.5814235833007191,27.18282278181703,19.934522856024653,13.964400885694367,0.0,13.964400885694367,0.4072950258327524,0.0,False,service
0.0,0.0,0.0,0.0,30.0,9-N1-4-B-035101,Place la Barre,Place la Barre,1.0,129.0,6751.333333333333,27182.82278181703,2500.0,0.0,solaris_urbino_12_electric,Solaris Urbino 12 electric,95.03278535425754,420.0,2026-04-08 05:35:59.000000000,2026-04-08 05:35:29.000000000,0.0,27.18282278181703,0.0,2.5,0.0,2.5,0.020833333333333332,0.0,False,service
1.0,0.0,321.16148117311843,4.654514219900267,69.0,9-N1-4-B-035101,Place la Barre,La Fontaine,1.0,130.0,6820.333333333333,27503.98426299015,11988.547708117405,0.0,solaris_urbino_12_electric,Solaris Urbino 12 electric,94.97807571193876,420.0,2026-04-08 05:37:08.000000000,2026-04-08 05:35:59.000000000,0.32116148117311843,27.50398426299015,16.75625119164096,11.988547708117405,0.0,11.988547708117405,0.22978049773891693,0.0,False,service
0.0,0.0,0.0,0.0,30.0,9-N1-4-B-035101,La Fontaine,La Fontaine,1.0,131.0,6850.333333333333,27503.98426299015,2500.0,0.0,solaris_urbino_12_electric,Solaris Urbino 12 electric,94.97311539447844,420.0,2026-04-08 05:37:38.000000000,2026-04-08 05:37:08.000000000,0.0,27.50398426299015,0.0,2.5,0.0,2.5,0.020833333333333332,0.0,False,service
1.0,0.0,233.68404358993675,5.31100099068038,44.0,9-N1-4-B-035101,La Fontaine,Les Coursives,1.0,132.0,6894.333333333333,27737.668306580086,13449.643215515678,0.0,solaris_urbino_12_electric,Solaris Urbino 12 electric,94.93397622109995,420.0,2026-04-08 05:38:22.000000000,2026-04-08 05:37:38.000000000,0.23368404358993675,27.737668306580087,19.11960356644937,13.449643215515678,0.0,13.449643215515678,0.16438452818963606,0.0,False,service
0.0,0.0,0.0,0.0,30.0,9-N1-4-B-035101,Les Coursives,Les Coursives,1.0,133.0,6924.333333333333,27737.668306580086,2500.0,0.0,solaris_urbino_12_electric,Solaris Urbino 12 electric,94.92901590363964,420.0,2026-04-08 05:38:52.000000000,2026-04-08 05:38:22.000000000,0.0,27.737668306580087,0.0,2.5,0.0,2.5,0.020833333333333332,0.0,False,service
1.0,0.0,293.0331102299119,5.327874731452944,55.0,9-N1-4-B-035101,Les Coursives,Languedoc,1.0,134.0,6979.333333333333,28030.70141681,13487.812028090722,0.0,solaris_urbino_12_electric,Solaris Urbino 12 electric,94.87995309533639,420.0,2026-04-08 05:39:47.000000000,2026-04-08 05:38:52.000000000,0.2930331102299119,28.03070141681,19.1803490332306,13.487812028090723,0.0,13.487812028090723,0.20606379487360824,0.0,False,service
0.0,0.0,0.0,0.0,30.0,9-N1-4-B-035101,Languedoc,Languedoc,1.0,135.0,7009.333333333333,28030.70141681,2500.0,0.0,solaris_urbino_12_electric,Solaris Urbino 12 electric,94.87499277787607,420.0,2026-04-08 05:40:17.000000000,2026-04-08 05:39:47.000000000,0.0,28.03070141681,0.0,2.5,0.0,2.5,0.020833333333333332,0.0,False,service
1.0,0.0,320.6006811443548,4.007508514304435,80.0,9-N1-4-B-035101,Languedoc,Collège R.Parks,1.0,136.0,7089.333333333333,28351.302097954354,10590.203090054667,0.0,solaris_urbino_12_electric,Solaris Urbino 12 electric,94.81895995729379,420.0,2026-04-08 05:41:37.000000000,2026-04-08 05:40:17.000000000,0.3206006811443548,28.351302097954353,14.427030651495967,10.590203090054667,0.0,10.590203090054667,0.23533784644565928,0.0,False,service
0.0,0.0,0.0,0.0,30.0,9-N1-4-B-035101,Collège R.Parks,Collège R.Parks,1.0,137.0,7119.333333333333,28351.302097954354,2500.0,0.0,solaris_urbino_12_electric,Solaris Urbino 12 electric,94.81399963983347,420.0,2026-04-08 05:42:07.000000000,2026-04-08 05:41:37.000000000,0.0,28.351302097954353,0.0,2.5,0.0,2.5,0.020833333333333332,0.0,False,service
1.0,0.0,270.8261413947126,5.0152989147169,54.0,9-N1-4-B-035101,Collège R.Parks,Martinique,1.0,138.0,7173.333333333333,28622.128239349066,12785.8717133053,0.0,solaris_urbino_12_electric,Solaris Urbino 12 electric,94.76833581228594,420.0,2026-04-08 05:43:01.000000000,2026-04-08 05:42:07.000000000,0.27082614139471256,28.622128239349067,18.05507609298084,12.7858717133053,0.0,12.7858717133053,0.1917880756995795,0.0,False,service
0.0,0.0,0.0,0.0,30.0,9-N1-4-B-035101,Martinique,Martinique,1.0,139.0,7203.333333333333,28622.128239349066,2500.0,0.0,solaris_urbino_12_electric,Solaris Urbino 12 electric,94.76337549482562,420.0,2026-04-08 05:43:31.000000000,2026-04-08 05:43:01.000000000,0.0,28.622128239349067,0.0,2.5,0.0,2.5,0.020833333333333332,0.0,False,service
1.0,0.0,274.08690803195344,2.3227704070504527,118.0,9-N1-4-B-035101,Martinique,Etouvie Quai A,1.0,140.0,7321.333333333333,28896.21514738102,7101.567229865196,0.0,solaris_urbino_12_electric,Solaris Urbino 12 electric,94.70795321088885,420.0,2026-04-08 05:45:29.000000000,2026-04-08 05:43:31.000000000,0.27408690803195346,28.896215147381017,8.361973465381629,7.101567229865196,0.0,7.101567229865196,0.2327735925344703,0.0,False,service
1.0,0.0,241.9015249612658,4.319670088594032,56.0,9-N1-2-B-034901,Etouvie Quai A,Martinique,2.0,141.0,7377.333333333333,29138.116672342287,11260.068245184677,0.0,solaris_urbino_12_electric,Solaris Urbino 12 electric,94.6662492544252,420.0,2026-04-08 05:46:25.000000000,2026-04-08 05:45:29.000000000,0.2419015249612658,29.138116672342285,15.550812318938515,11.260068245184677,0.0,11.260068245184677,0.1751566171473172,0.0,False,service
0.0,0.0,0.0,0.0,30.0,9-N1-2-B-034901,Martinique,Martinique,2.0,142.0,7407.333333333333,29138.116672342287,2500.0,0.0,solaris_urbino_12_electric,Solaris Urbino 12 electric,94.66128893696488,420.0,2026-04-08 05:46:55.000000000,2026-04-08 05:46:25.000000000,0.0,29.138116672342285,0.0,2.5,0.0,2.5,0.020833333333333332,0.0,False,service
1.0,0.0,330.7630000086095,4.9367611941583505,67.0,9-N1-2-B-034901,Martinique,Collège R.Parks,2.0,143.0,7474.333333333333,29468.879672350897,12611.161213503856,0.0,solaris_urbino_12_electric,Solaris Urbino 12 electric,94.6054061458733,420.0,2026-04-08 05:48:02.000000000,2026-04-08 05:46:55.000000000,0.3307630000086095,29.468879672350898,17.77234029897006,12.611161213503856,0.0,12.611161213503856,0.23470772258465508,0.0,False,service
0.0,0.0,0.0,0.0,30.0,9-N1-2-B-034901,Collège R.Parks,Collège R.Parks,2.0,144.0,7504.333333333333,29468.879672350897,2500.0,0.0,solaris_urbino_12_electric,Solaris Urbino 12 electric,94.60044582841299,420.0,2026-04-08 05:48:32.000000000,2026-04-08 05:48:02.000000000,0.0,29.468879672350898,0.0,2.5,0.0,2.5,0.020833333333333332,0.0,False,service
1.0,0.0,296.81987678393193,4.01107941599908,74.0,9-N1-2-B-034901,Collège R.Parks,Languedoc,2.0,145.0,7578.333333333333,29765.699549134828,10597.817808205917,0.0,solaris_urbino_12_electric,Solaris Urbino 12 electric,94.54857820157387,420.0,2026-04-08 05:49:46.000000000,2026-04-08 05:48:32.000000000,0.29681987678393196,29.76569954913483,14.439885897596689,10.597817808205917,0.0,10.597817808205917,0.21784403272423272,0.0,False,service
0.0,0.0,0.0,0.0,30.0,9-N1-2-B-034901,Languedoc,Languedoc,2.0,146.0,7608.333333333333,29765.699549134828,2500.0,0.0,solaris_urbino_12_electric,Solaris Urbino 12 electric,94.54361788411356,420.0,2026-04-08 05:50:16.000000000,2026-04-08 05:49:46.000000000,0.0,29.76569954913483,0.0,2.5,0.0,2.5,0.020833333333333332,0.0,False,service
1.0,0.0,297.726462758007,5.316543977821554,56.0,9-N1-2-B-034901,Languedoc,Les coursives,2.0,147.0,7664.333333333333,30063.426011892836,13462.178045703666,0.0,solaris_urbino_12_electric,Solaris Urbino 12 electric,94.49375796542577,420.0,2026-04-08 05:51:12.000000000,2026-04-08 05:50:16.000000000,0.297726462758007,30.063426011892837,19.139558320157594,13.462178045703666,0.0,13.462178045703666,0.2094116584887237,0.0,False,service
0.0,0.0,0.0,0.0,30.0,9-N1-2-B-034901,Les coursives,Les coursives,2.0,148.0,7694.333333333333,30063.426011892836,2500.0,0.0,solaris_urbino_12_electric,Solaris Urbino 12 electric,94.48879764796546,420.0,2026-04-08 05:51:42.000000000,2026-04-08 05:51:12.000000000,0.0,30.063426011892837,0.0,2.5,0.0,2.5,0.020833333333333332,0.0,False,service
1.0,0.0,227.94980309080773,5.065551179795728,45.0,9-N1-2-B-034901,Les coursives,La Fontaine,2.0,149.0,7739.333333333333,30291.375814983643,12898.003526410092,0.0,solaris_urbino_12_electric,Solaris Urbino 12 electric,94.45041073270828,420.0,2026-04-08 05:52:27.000000000,2026-04-08 05:51:42.000000000,0.22794980309080773,30.291375814983642,18.23598424726462,12.898003526410092,0.0,12.898003526410092,0.16122504408012614,0.0,False,service
0.0,0.0,0.0,0.0,30.0,9-N1-2-B-034901,La Fontaine,La Fontaine,2.0,150.0,7769.333333333333,30291.375814983643,2500.0,0.0,solaris_urbino_12_electric,Solaris Urbino 12 electric,94.44545041524796,420.0,2026-04-08 05:52:57.000000000,2026-04-08 05:52:27.000000000,0.0,30.291375814983642,0.0,2.5,0.0,2.5,0.020833333333333332,0.0,False,service
1.0,0.0,278.8940733458619,4.572033989276425,61.0,9-N1-2-B-034901,La Fontaine,Place la Barre,2.0,151.0,7830.333333333333,30570.269888329505,11808.10899952981,0.0,solaris_urbino_12_electric,Solaris Urbino 12 electric,94.39781188026309,420.0,2026-04-08 05:53:58.000000000,2026-04-08 05:52:57.000000000,0.2788940733458619,30.570269888329506,16.459322361395127,11.808108999529809,0.0,11.808108999529809,0.20008184693647732,0.0,False,service
0.0,0.0,0.0,0.0,30.0,9-N1-2-B-034901,Place la Barre,Place la Barre,2.0,152.0,7860.333333333333,30570.269888329505,2500.0,0.0,solaris_urbino_12_electric,Solaris Urbino 12 electric,94.39285156280278,420.0,2026-04-08 05:54:28.000000000,2026-04-08 05:53:58.000000000,0.0,30.570269888329506,0.0,2.5,0.0,2.5,0.020833333333333332,0.0,False,service
1.0,0.0,552.9827646282706,5.882795368385858,94.0,9-N1-2-B-034901,Place la Barre,Sully,2.0,153.0,7954.333333333333,31123.252652957777,14761.584006347119,0.0,solaris_urbino_12_electric,Solaris Urbino 12 electric,94.30107981038236,420.0,2026-04-08 05:56:02.000000000,2026-04-08 05:54:28.000000000,0.5529827646282706,31.123252652957778,21.178063326189086,14.76158400634712,0.0,14.76158400634712,0.38544136016573033,0.0,False,service
0.0,0.0,0.0,0.0,30.0,9-N1-2-B-034901,Sully,Sully,2.0,154.0,7984.333333333333,31123.252652957777,2500.0,0.0,solaris_urbino_12_electric,Solaris Urbino 12 electric,94.29611949292205,420.0,2026-04-08 05:56:32.000000000,2026-04-08 05:56:02.000000000,0.0,31.123252652957778,0.0,2.5,0.0,2.5,0.020833333333333332,0.0,False,service
1.0,0.0,541.2636534432309,5.820039284335816,93.0,9-N1-2-B-034901,Sully,Espace Alliance,2.0,155.0,8077.333333333333,31664.51630640101,14615.67378448361,0.0,solaris_urbino_12_electric,Solaris Urbino 12 electric,94.20622149940637,420.0,2026-04-08 05:58:05.000000000,2026-04-08 05:56:32.000000000,0.5412636534432308,31.66451630640101,20.952141423608936,14.61567378448361,0.0,14.61567378448361,0.3775715727658266,0.0,False,service
0.0,0.0,0.0,0.0,30.0,9-N1-2-B-034901,Espace Alliance,Espace Alliance,2.0,156.0,8107.333333333333,31664.51630640101,2500.0,0.0,solaris_urbino_12_electric,Solaris Urbino 12 electric,94.20126118194605,420.0,2026-04-08 05:58:35.000000000,2026-04-08 05:58:05.000000000,0.0,31.66451630640101,0.0,2.5,0.0,2.5,0.020833333333333332,0.0,False,service
1.0,0.0,306.8484114845754,5.789592669520291,53.0,9-N1-2-B-034901,Espace Alliance,Faubourg de Hem,2.0,157.0,8160.333333333333,31971.364717885583,14545.059713261502,0.0,solaris_urbino_12_electric,Solaris Urbino 12 electric,94.15027651496173,420.0,2026-04-08 05:59:28.000000000,2026-04-08 05:58:35.000000000,0.3068484114845754,31.97136471788558,20.842533610273048,14.545059713261502,0.0,14.545059713261502,0.21413560133412768,0.0,False,service
0.0,0.0,0.0,0.0,30.0,9-N1-2-B-034901,Faubourg de Hem,Faubourg de Hem,2.0,158.0,8190.333333333333,31971.364717885583,2500.0,0.0,solaris_urbino_12_electric,Solaris Urbino 12 electric,94.14531619750142,420.0,2026-04-08 05:59:58.000000000,2026-04-08 05:59:28.000000000,0.0,31.97136471788558,0.0,2.5,0.0,2.5,0.020833333333333332,0.0,False,service
1.0,0.0,296.4471853943004,7.058266318911914,42.0,9-N1-2-B-034901,Faubourg de Hem,Egl. St-Firmin,2.0,159.0,8232.333333333332,32267.811903279882,17591.10789775967,0.0,solaris_urbino_12_electric,Solaris Urbino 12 electric,94.09645200889653,420.0,2026-04-08 06:00:40.000000000,2026-04-08 05:59:58.000000000,0.29644718539430037,32.267811903279885,25.409758748082893,17.59110789775967,0.0,17.59110789775967,0.2052295921405295,0.0,False,service
0.0,0.0,0.0,0.0,30.0,9-N1-2-B-034901,Egl. St-Firmin,Egl. St-Firmin,2.0,160.0,8262.333333333332,32267.811903279882,2500.0,0.0,solaris_urbino_12_electric,Solaris Urbino 12 electric,94.0914916914362,420.0,2026-04-08 06:01:10.000000000,2026-04-08 06:00:40.000000000,0.0,32.267811903279885,0.0,2.5,0.0,2.5,0.020833333333333332,0.0,False,service
1.0,0.0,397.9625757415526,7.106474566813439,56.0,9-N1-2-B-034901,Egl. St-Firmin,Zoo d'Amiens,2.0,161.0,8318.333333333332,32665.774479021435,17711.33170949966,0.0,solaris_urbino_12_electric,Solaris Urbino 12 electric,94.02589416658621,420.0,2026-04-08 06:02:06.000000000,2026-04-08 06:01:10.000000000,0.3979625757415526,32.66577447902144,25.58330844052838,17.71133170949966,0.0,17.71133170949966,0.2755096043699947,0.0,False,service
0.0,0.0,0.0,0.0,30.0,9-N1-2-B-034901,Zoo d'Amiens,Zoo d'Amiens,2.0,162.0,8348.333333333332,32665.774479021435,2500.0,0.0,solaris_urbino_12_electric,Solaris Urbino 12 electric,94.0209338491259,420.0,2026-04-08 06:02:36.000000000,2026-04-08 06:02:06.000000000,0.0,32.66577447902144,0.0,2.5,0.0,2.5,0.020833333333333332,0.0,False,service
1.0,0.0,387.76459722543666,6.924367807597084,56.0,9-N1-2-B-034901,Zoo d'Amiens,Jean Jaurès,2.0,163.0,8404.333333333332,33053.539076246874,17259.00345845794,0.0,solaris_urbino_12_electric,Solaris Urbino 12 electric,93.95701161409457,420.0,2026-04-08 06:03:32.000000000,2026-04-08 06:02:36.000000000,0.38776459722543666,33.05353907624687,24.9277241073495,17.25900345845794,0.0,17.25900345845794,0.268473387131568,0.0,False,service
0.0,0.0,0.0,0.0,30.0,9-N1-2-B-034901,Jean Jaurès,Jean Jaurès,2.0,164.0,8434.333333333332,33053.539076246874,2500.0,0.0,solaris_urbino_12_electric,Solaris Urbino 12 electric,93.95205129663425,420.0,2026-04-08 06:04:02.000000000,2026-04-08 06:03:32.000000000,0.0,33.05353907624687,0.0,2.5,0.0,2.5,0.020833333333333332,0.0,False,service
1.0,0.0,353.81886733206454,6.675827685510652,53.0,9-N1-2-B-034901,Jean Jaurès,Saint-Jacques,2.0,165.0,8487.333333333332,33407.357943578936,16649.496892479903,0.0,solaris_urbino_12_electric,Solaris Urbino 12 electric,93.89368996493442,420.0,2026-04-08 06:04:55.000000000,2026-04-08 06:04:02.000000000,0.3538188673320645,33.40735794357894,24.032979667838347,16.649496892479902,0.0,16.649496892479902,0.24511759313928747,0.0,False,service
0.0,0.0,0.0,0.0,30.0,9-N1-2-B-034901,Saint-Jacques,Saint-Jacques,2.0,166.0,8517.333333333332,33407.357943578936,2500.0,0.0,solaris_urbino_12_electric,Solaris Urbino 12 electric,93.88872964747411,420.0,2026-04-08 06:05:25.000000000,2026-04-08 06:04:55.000000000,0.0,33.40735794357894,0.0,2.5,0.0,2.5,0.020833333333333332,0.0,False,service
1.0,0.0,242.8037375118653,7.35768901551107,33.0,9-N1-2-B-034901,Saint-Jacques,M. Culture A,2.0,167.0,8550.333333333332,33650.1616810908,18343.542843186246,0.0,solaris_urbino_12_electric,Solaris Urbino 12 electric,93.84869413730048,420.0,2026-04-08 06:05:58.000000000,2026-04-08 06:05:25.000000000,0.24280373751186532,33.6501616810908,26.487680455839854,18.343542843186246,0.0,18.343542843186246,0.16814914272920725,0.0,False,service
0.0,0.0,0.0,0.0,30.0,9-N1-2-B-034901,M. Culture A,M. Culture A,2.0,168.0,8580.333333333332,33650.1616810908,2500.0,0.0,solaris_urbino_12_electric,Solaris Urbino 12 electric,93.84373381984017,420.0,2026-04-08 06:06:28.000000000,2026-04-08 06:05:58.000000000,0.0,33.6501616810908,0.0,2.5,0.0,2.5,0.020833333333333332,0.0,False,service
1.0,0.0,296.74165114956037,2.472847092913003,120.0,9-N1-2-B-034901,M. Culture A,Hôtel de Ville,2.0,169.0,8700.333333333332,33946.90333224036,7405.169534075037,0.0,solaris_urbino_12_electric,Solaris Urbino 12 electric,93.7849626330618,420.0,2026-04-08 06:08:28.000000000,2026-04-08 06:06:28.000000000,0.29674165114956036,33.94690333224036,8.90224953448681,7.4051695340750365,0.0,7.4051695340750365,0.2468389844691679,0.0,False,service
0.0,0.0,0.0,0.0,30.0,9-N1-2-B-034901,Hôtel de Ville,Hôtel de Ville,2.0,170.0,8730.333333333332,33946.90333224036,2500.0,0.0,solaris_urbino_12_electric,Solaris Urbino 12 electric,93.78000231560148,420.0,2026-04-08 06:08:58.000000000,2026-04-08 06:08:28.000000000,0.0,33.94690333224036,0.0,2.5,0.0,2.5,0.020833333333333332,0.0,False,service
1.0,0.0,228.2941059416939,4.005159753363051,57.0,9-N1-2-B-034901,Hôtel de Ville,Jacobins,2.0,171.0,8787.333333333332,34175.197438182055,10585.195099293087,0.0,solaris_urbino_12_electric,Solaris Urbino 12 electric,93.74009781026683,420.0,2026-04-08 06:09:55.000000000,2026-04-08 06:08:58.000000000,0.22829410594169391,34.17519743818205,14.418575112106984,10.585195099293086,0.0,10.585195099293086,0.1675989224054739,0.0,False,service
0.0,0.0,0.0,0.0,30.0,9-N1-2-B-034901,Jacobins,Jacobins,2.0,172.0,8817.333333333332,34175.197438182055,2500.0,0.0,solaris_urbino_12_electric,Solaris Urbino 12 electric,93.73513749280652,420.0,2026-04-08 06:10:25.000000000,2026-04-08 06:09:55.000000000,0.0,34.17519743818205,0.0,2.5,0.0,2.5,0.020833333333333332,0.0,False,service
1.0,0.0,326.11241962366006,4.026079254613087,81.0,9-N1-2-B-034901,Jacobins,Emile Zola,2.0,173.0,8898.333333333332,34501.30985780572,10629.8158571957,0.0,solaris_urbino_12_electric,Solaris Urbino 12 electric,93.6781920507144,420.0,2026-04-08 06:11:46.000000000,2026-04-08 06:10:25.000000000,0.32611241962366005,34.501309857805715,14.493885316607114,10.6298158571957,0.0,10.6298158571957,0.23917085678690322,0.0,False,service
0.0,0.0,0.0,0.0,30.0,9-N1-2-B-034901,Emile Zola,Emile Zola,2.0,174.0,8928.333333333332,34501.30985780572,2500.0,0.0,solaris_urbino_12_electric,Solaris Urbino 12 electric,93.67323173325408,420.0,2026-04-08 06:12:16.000000000,2026-04-08 06:11:46.000000000,0.0,34.501309857805715,0.0,2.5,0.0,2.5,0.020833333333333332,0.0,False,service
1.0,0.0,355.48637357572056,2.1943603307143245,162.0,9-N1-2-B-034901,Emile Zola,Gare du Nord B,2.0,175.0,9090.333333333332,34856.796231381435,6842.679519791913,0.0,solaris_urbino_12_electric,Solaris Urbino 12 electric,93.59991730982775,420.0,2026-04-08 06:14:58.000000000,2026-04-08 06:12:16.000000000,0.35548637357572055,34.85679623138144,7.899697190571568,6.842679519791913,0.0,6.842679519791913,0.307920578390636,0.0,False,service
0.0,0.0,0.0,0.0,30.0,9-N1-2-B-034901,Gare du Nord B,Gare du Nord B,2.0,176.0,9120.333333333332,34856.796231381435,2500.0,0.0,solaris_urbino_12_electric,Solaris Urbino 12 electric,93.59495699236743,420.0,2026-04-08 06:15:28.000000000,2026-04-08 06:14:58.000000000,0.0,34.85679623138144,0.0,2.5,0.0,2.5,0.020833333333333332,0.0,False,service
1.0,0.0,368.1948881034494,3.95908481831666,93.0,9-N1-2-B-034901,Gare du Nord B,Caserne Dejean,2.0,177.0,9213.333333333332,35224.99111948488,10487.049257408216,0.0,solaris_urbino_12_electric,Solaris Urbino 12 electric,93.5304533163794,420.0,2026-04-08 06:17:01.000000000,2026-04-08 06:15:28.000000000,0.3681948881034494,35.22499111948488,14.252705345939976,10.487049257408216,0.0,10.487049257408216,0.2709154391497123,0.0,False,service
0.0,0.0,0.0,0.0,30.0,9-N1-2-B-034901,Caserne Dejean,Caserne Dejean,2.0,178.0,9243.333333333332,35224.99111948488,2500.0,0.0,solaris_urbino_12_electric,Solaris Urbino 12 electric,93.52549299891908,420.0,2026-04-08 06:17:31.000000000,2026-04-08 06:17:01.000000000,0.0,35.22499111948488,0.0,2.5,0.0,2.5,0.020833333333333332,0.0,False,service
1.0,0.0,355.3755273513469,3.862777471210292,92.0,9-N1-2-B-034901,Caserne Dejean,Pinceau,2.0,179.0,9335.333333333332,35580.36664683623,10282.474769595454,0.0,solaris_urbino_12_electric,Solaris Urbino 12 electric,93.46292767624693,420.0,2026-04-08 06:19:03.000000000,2026-04-08 06:17:31.000000000,0.35537552735134686,35.580366646836225,13.905998896357051,10.282474769595455,0.0,10.282474769595455,0.2627743552229949,0.0,False,service
0.0,0.0,0.0,0.0,30.0,9-N1-2-B-034901,Pinceau,Pinceau,2.0,180.0,9365.333333333332,35580.36664683623,2500.0,0.0,solaris_urbino_12_electric,Solaris Urbino 12 electric,93.45796735878662,420.0,2026-04-08 06:19:33.000000000,2026-04-08 06:19:03.000000000,0.0,35.580366646836225,0.0,2.5,0.0,2.5,0.020833333333333332,0.0,False,service
1.0,0.0,447.05548624280317,3.8874390108069843,115.0,9-N1-2-B-034901,Pinceau,L. de Luzarches,2.0,181.0,9480.333333333332,36027.42213307903,10334.78728614811,0.0,solaris_urbino_12_electric,Solaris Urbino 12 electric,93.37936282585626,420.0,2026-04-08 06:21:28.000000000,2026-04-08 06:19:33.000000000,0.44705548624280317,36.02742213307903,13.994780438905144,10.33478728614811,0.0,10.33478728614811,0.3301390383075091,0.0,False,service
0.0,0.0,0.0,0.0,30.0,9-N1-2-B-034901,L. de Luzarches,L. de Luzarches,2.0,182.0,9510.333333333332,36027.42213307903,2500.0,0.0,solaris_urbino_12_electric,Solaris Urbino 12 electric,93.37440250839595,420.0,2026-04-08 06:21:58.000000000,2026-04-08 06:21:28.000000000,0.0,36.02742213307903,0.0,2.5,0.0,2.5,0.020833333333333332,0.0,False,service
1.0,0.0,324.8685267650074,8.121713169125185,40.0,9-N1-2-B-034901,L. de Luzarches,Egl. St-Acheul,2.0,183.0,9550.333333333332,36352.29065984404,20328.218593303132,0.0,solaris_urbino_12_electric,Solaris Urbino 12 electric,93.320624152329,420.0,2026-04-08 06:22:38.000000000,2026-04-08 06:21:58.000000000,0.3248685267650074,36.35229065984404,29.238167408850664,20.32821859330313,0.0,20.32821859330313,0.22586909548114592,0.0,False,service
0.0,0.0,0.0,0.0,30.0,9-N1-2-B-034901,Egl. St-Acheul,Egl. St-Acheul,2.0,184.0,9580.333333333332,36352.29065984404,2500.0,0.0,solaris_urbino_12_electric,Solaris Urbino 12 electric,93.31566383486869,420.0,2026-04-08 06:23:08.000000000,2026-04-08 06:22:38.000000000,0.0,36.35229065984404,0.0,2.5,0.0,2.5,0.020833333333333332,0.0,False,service
1.0,0.0,451.79666905185246,8.214484891851862,55.0,9-N1-2-B-034901,Egl. St-Acheul,Mercey,2.0,185.0,9635.333333333332,36804.08732889589,20575.864377064863,0.0,solaris_urbino_12_electric,Solaris Urbino 12 electric,93.24081776735952,420.0,2026-04-08 06:24:03.000000000,2026-04-08 06:23:08.000000000,0.45179666905185245,36.80408732889589,29.572145610666706,20.575864377064864,0.0,20.575864377064864,0.31435348353849096,0.0,False,service
0.0,0.0,0.0,0.0,30.0,9-N1-2-B-034901,Mercey,Mercey,2.0,186.0,9665.333333333332,36804.08732889589,2500.0,0.0,solaris_urbino_12_electric,Solaris Urbino 12 electric,93.2358574498992,420.0,2026-04-08 06:24:33.000000000,2026-04-08 06:24:03.000000000,0.0,36.80408732889589,0.0,2.5,0.0,2.5,0.020833333333333332,0.0,False,service
1.0,0.0,481.8036462949089,8.166163496523879,59.0,9-N1-2-B-034901,Mercey,Sobo,2.0,187.0,9724.333333333332,37285.8909751908,20446.688745559044,0.0,solaris_urbino_12_electric,Solaris Urbino 12 electric,93.15607209037618,420.0,2026-04-08 06:25:32.000000000,2026-04-08 06:24:33.000000000,0.4818036462949089,37.2858909751908,29.398188587485965,20.446688745559044,0.0,20.446688745559044,0.3350985099966621,0.0,False,service
0.0,0.0,0.0,0.0,30.0,9-N1-2-B-034901,Sobo,Sobo,2.0,188.0,9754.333333333332,37285.8909751908,2500.0,0.0,solaris_urbino_12_electric,Solaris Urbino 12 electric,93.15111177291587,420.0,2026-04-08 06:26:02.000000000,2026-04-08 06:25:32.000000000,0.0,37.2858909751908,0.0,2.5,0.0,2.5,0.020833333333333332,0.0,False,service
1.0,0.0,707.5852717526406,8.22773571805396,86.0,9-N1-2-B-034901,Sobo,Pont de l'Avre,2.0,189.0,9840.333333333332,37993.47624694344,20611.358234859843,0.0,solaris_urbino_12_electric,Solaris Urbino 12 electric,93.03387785702976,420.0,2026-04-08 06:27:28.000000000,2026-04-08 06:26:02.000000000,0.7075852717526405,37.993476246943445,29.61984858499426,20.611358234859843,0.0,20.611358234859843,0.4923824467216518,0.0,False,service
0.0,0.0,0.0,0.0,30.0,9-N1-2-B-034901,Pont de l'Avre,Pont de l'Avre,2.0,190.0,9870.333333333332,37993.47624694344,2500.0,0.0,solaris_urbino_12_electric,Solaris Urbino 12 electric,93.02891753956945,420.0,2026-04-08 06:27:58.000000000,2026-04-08 06:27:28.000000000,0.0,37.993476246943445,0.0,2.5,0.0,2.5,0.020833333333333332,0.0,False,service
1.0,0.0,296.6141068969825,7.062240640404345,42.0,9-N1-2-B-034901,Pont de l'Avre,Cité du Château,2.0,191.0,9912.333333333332,38290.09035384042,17601.00604348413,0.0,solaris_urbino_12_electric,Solaris Urbino 12 electric,92.98002585611532,420.0,2026-04-08 06:28:40.000000000,2026-04-08 06:27:58.000000000,0.2966141068969825,38.29009035384043,25.424066305455643,17.60100604348413,0.0,17.60100604348413,0.20534507050731485,0.0,False,service
0.0,0.0,0.0,0.0,30.0,9-N1-2-B-034901,Cité du Château,Cité du Château,2.0,192.0,9942.333333333332,38290.09035384042,2500.0,0.0,solaris_urbino_12_electric,Solaris Urbino 12 electric,92.975065538655,420.0,2026-04-08 06:29:10.000000000,2026-04-08 06:28:40.000000000,0.0,38.29009035384043,0.0,2.5,0.0,2.5,0.020833333333333332,0.0,False,service
1.0,0.0,332.9543642312839,6.936549254818414,48.0,9-N1-2-B-034901,Cité du Château,La Rose Rouge,2.0,193.0,9990.333333333332,38623.04471807171,17289.107112419595,0.0,solaris_urbino_12_electric,Solaris Urbino 12 electric,92.92017948432986,420.0,2026-04-08 06:29:58.000000000,2026-04-08 06:29:10.000000000,0.3329543642312839,38.62304471807171,24.97157731734629,17.289107112419597,0.0,17.289107112419597,0.2305214281655946,0.0,False,service
0.0,0.0,0.0,0.0,30.0,9-N1-2-B-034901,La Rose Rouge,La Rose Rouge,2.0,194.0,10020.333333333332,38623.04471807171,2500.0,0.0,solaris_urbino_12_electric,Solaris Urbino 12 electric,92.91521916686955,420.0,2026-04-08 06:30:28.000000000,2026-04-08 06:29:58.000000000,0.0,38.62304471807171,0.0,2.5,0.0,2.5,0.020833333333333332,0.0,False,service
1.0,0.0,225.1396338173497,7.262568832817732,31.0,9-N1-2-B-034901,La Rose Rouge,Poidevin,2.0,195.0,10051.333333333332,38848.18435188906,18103.02141613429,0.0,solaris_urbino_12_electric,Solaris Urbino 12 electric,92.87810318380737,420.0,2026-04-08 06:30:59.000000000,2026-04-08 06:30:28.000000000,0.2251396338173497,38.84818435188906,26.145247798143835,18.10302141613429,0.0,18.10302141613429,0.15588712886115635,0.0,False,service
0.0,0.0,0.0,0.0,30.0,9-N1-2-B-034901,Poidevin,Poidevin,2.0,196.0,10081.333333333332,38848.18435188906,2500.0,0.0,solaris_urbino_12_electric,Solaris Urbino 12 electric,92.87314286634705,420.0,2026-04-08 06:31:29.000000000,2026-04-08 06:30:59.000000000,0.0,38.84818435188906,0.0,2.5,0.0,2.5,0.020833333333333332,0.0,False,service
1.0,0.0,314.5014195772681,7.147759535847002,44.0,9-N1-2-B-034901,Poidevin,M. de Longueau,2.0,197.0,10125.333333333332,39162.68577146633,17814.568253525784,0.0,solaris_urbino_12_electric,Solaris Urbino 12 electric,92.82130153015954,420.0,2026-04-08 06:32:13.000000000,2026-04-08 06:31:29.000000000,0.3145014195772681,39.16268577146633,25.731934329049206,17.814568253525785,0.0,17.814568253525785,0.21773361198753735,0.0,False,service
0.0,0.0,0.0,0.0,30.0,9-N1-2-B-034901,M. de Longueau,M. de Longueau,2.0,198.0,10155.333333333332,39162.68577146633,2500.0,0.0,solaris_urbino_12_electric,Solaris Urbino 12 electric,92.81634121269923,420.0,2026-04-08 06:32:43.000000000,2026-04-08 06:32:13.000000000,0.0,39.16268577146633,0.0,2.5,0.0,2.5,0.020833333333333332,0.0,False,service
1.0,0.0,256.63398574137216,6.936053668685734,37.0,9-N1-2-B-034901,M. de Longueau,La Fourche,2.0,199.0,10192.333333333332,39419.3197572077,17287.881959235827,0.0,solaris_urbino_12_electric,Solaris Urbino 12 electric,92.77403621055029,420.0,2026-04-08 06:33:20.000000000,2026-04-08 06:32:43.000000000,0.25663398574137214,39.419319757207695,24.96979320726864,17.287881959235825,0.0,17.287881959235825,0.17768100902547934,0.0,False,service
0.0,0.0,0.0,0.0,30.0,9-N1-2-B-034901,La Fourche,La Fourche,2.0,200.0,10222.333333333332,39419.3197572077,2500.0,0.0,solaris_urbino_12_electric,Solaris Urbino 12 electric,92.76907589308998,420.0,2026-04-08 06:33:50.000000000,2026-04-08 06:33:20.000000000,0.0,39.419319757207695,0.0,2.5,0.0,2.5,0.020833333333333332,0.0,False,service
1.0,0.0,651.0902221706201,6.643777777251225,98.0,9-N1-2-B-034901,La Fourche,Croix de Fer,2.0,201.0,10320.333333333332,40070.40997937832,16571.54282882152,0.0,solaris_urbino_12_electric,Solaris Urbino 12 electric,92.6616677451254,420.0,2026-04-08 06:35:28.000000000,2026-04-08 06:33:50.000000000,0.6510902221706201,40.07040997937832,23.91759999810441,16.571542828821517,0.0,16.571542828821517,0.4511142214512525,0.0,False,service
0.0,0.0,0.0,0.0,30.0,9-N1-2-B-034901,Croix de Fer,Croix de Fer,2.0,202.0,10350.333333333332,40070.40997937832,2500.0,0.0,solaris_urbino_12_electric,Solaris Urbino 12 electric,92.65670742766508,420.0,2026-04-08 06:35:58.000000000,2026-04-08 06:35:28.000000000,0.0,40.07040997937832,0.0,2.5,0.0,2.5,0.020833333333333332,0.0,False,service
1.0,0.0,703.41712703917,4.953641739712465,142.0,9-N1-2-B-034901,Croix de Fer,C. Cial Glisy,2.0,203.0,10492.333333333332,40773.827106417484,12648.657874092083,0.0,solaris_urbino_12_electric,Solaris Urbino 12 electric,92.5379171222338,420.0,2026-04-08 06:38:20.000000000,2026-04-08 06:35:58.000000000,0.70341712703917,40.773827106417485,17.833110262964873,12.648657874092082,0.0,12.648657874092082,0.4989192828114099,0.0,False,service
0.0,0.0,0.0,0.0,30.0,9-N1-2-B-034901,C. Cial Glisy,C. Cial Glisy,2.0,204.0,10522.333333333332,40773.827106417484,2500.0,0.0,solaris_urbino_12_electric,Solaris Urbino 12 electric,92.53295680477348,420.0,2026-04-08 06:38:50.000000000,2026-04-08 06:38:20.000000000,0.0,40.773827106417485,0.0,2.5,0.0,2.5,0.020833333333333332,0.0,False,service
1.0,0.0,136.72688382470434,4.883102993739441,28.0,9-N1-2-B-034901,C. Cial Glisy,Capitaine Nemo,2.0,205.0,10550.333333333332,40910.55399024219,12492.168184754679,0.0,solaris_urbino_12_electric,Solaris Urbino 12 electric,92.5098231599869,420.0,2026-04-08 06:39:18.000000000,2026-04-08 06:38:50.000000000,0.13672688382470435,40.910553990242185,17.57917077746199,12.492168184754679,0.0,12.492168184754679,0.09716130810364751,0.0,False,service
0.0,0.0,0.0,0.0,30.0,9-N1-2-B-034901,Capitaine Nemo,Capitaine Nemo,2.0,206.0,10580.333333333332,40910.55399024219,2500.0,0.0,solaris_urbino_12_electric,Solaris Urbino 12 electric,92.50486284252658,420.0,2026-04-08 06:39:48.000000000,2026-04-08 06:39:18.000000000,0.0,40.910553990242185,0.0,2.5,0.0,2.5,0.020833333333333332,0.0,False,service
1.0,0.0,323.4478124594319,2.488060095841784,130.0,9-N1-2-B-034901,Capitaine Nemo,Pôle J. Verne,2.0,207.0,10710.333333333332,41234.00180270162,7436.009883372681,0.0,solaris_urbino_12_electric,Solaris Urbino 12 electric,92.44092889511663,420.0,2026-04-08 06:41:58.000000000,2026-04-08 06:39:48.000000000,0.3234478124594319,41.23400180270162,8.957016345030421,7.43600988337268,0.0,7.43600988337268,0.2685225791217912,0.0,False,service
0.0,0.0,0.0,0.0,30.0,9-N1-2-B-034901,Pôle J. Verne,Pôle J. Verne,2.0,208.0,10740.333333333332,41234.00180270162,2500.0,0.0,solaris_urbino_12_electric,Solaris Urbino 12 electric,92.43596857765631,420.0,2026-04-08 06:42:28.000000000,2026-04-08 06:41:58.000000000,0.0,41.23400180270162,0.0,2.5,0.0,2.5,0.020833333333333332,0.0,False,service
1.0,0.0,334.0181708930427,4.7044812801837,71.0,9-N1-4-B-035101,Pôle J. Verne,Capitaine Nemo,2.0,209.0,10811.333333333332,41568.01997359466,12098.184498446486,0.0,solaris_urbino_12_electric,Solaris Urbino 12 electric,92.37915831976017,420.0,2026-04-08 06:43:39.000000000,2026-04-08 06:42:28.000000000,0.3340181708930427,41.56801997359466,16.93613260866132,12.098184498446486,0.0,12.098184498446486,0.23860308316380568,0.0,False,service
0.0,0.0,0.0,0.0,30.0,9-N1-4-B-035101,Capitaine Nemo,Capitaine Nemo,2.0,210.0,10841.333333333332,41568.01997359466,2500.0,0.0,solaris_urbino_12_electric,Solaris Urbino 12 electric,92.37419800229985,420.0,2026-04-08 06:44:09.000000000,2026-04-08 06:43:39.000000000,0.0,41.56801997359466,0.0,2.5,0.0,2.5,0.020833333333333332,0.0,False,service
1.0,0.0,122.91799931516653,5.8532380626269775,21.0,9-N1-4-B-035101,Capitaine Nemo,C. Cial Glisy,2.0,211.0,10862.333333333332,41690.93797290983,14692.801288691231,0.0,solaris_urbino_12_electric,Solaris Urbino 12 electric,92.35379133384333,420.0,2026-04-08 06:44:30.000000000,2026-04-08 06:44:09.000000000,0.12291799931516653,41.69093797290983,21.07165702545712,14.69280128869123,0.0,14.69280128869123,0.08570800751736551,0.0,False,service
0.0,0.0,0.0,0.0,30.0,9-N1-4-B-035101,C. Cial Glisy,C. Cial Glisy,2.0,212.0,10892.333333333332,41690.93797290983,2500.0,0.0,solaris_urbino_12_electric,Solaris Urbino 12 electric,92.34883101638302,420.0,2026-04-08 06:45:00.000000000,2026-04-08 06:44:30.000000000,0.0,41.69093797290983,0.0,2.5,0.0,2.5,0.020833333333333332,0.0,False,service
1.0,0.0,685.9620842301216,4.6664087362593305,147.0,9-N1-4-B-035101,C. Cial Glisy,Croix de Fer,2.0,213.0,11039.333333333332,42376.90005713995,12014.623985741244,0.0,solaris_urbino_12_electric,Solaris Urbino 12 electric,92.2320221720772,420.0,2026-04-08 06:47:27.000000000,2026-04-08 06:45:00.000000000,0.6859620842301216,42.37690005713995,16.79907145053359,12.014623985741244,0.0,12.014623985741244,0.4905971460844341,0.0,False,service
0.0,0.0,0.0,0.0,30.0,9-N1-4-B-035101,Croix de Fer,Croix de Fer,2.0,214.0,11069.333333333332,42376.90005713995,2500.0,0.0,solaris_urbino_12_electric,Solaris Urbino 12 electric,92.22706185461688,420.0,2026-04-08 06:47:57.000000000,2026-04-08 06:47:27.000000000,0.0,42.37690005713995,0.0,2.5,0.0,2.5,0.020833333333333332,0.0,False,service
1.0,0.0,746.5227463047001,6.912247650969446,108.0,9-N1-4-B-035101,Croix de Fer,La Fourche,2.0,215.0,11177.333333333332,43123.42280344465,17229.07289480432,0.0,solaris_urbino_12_electric,Solaris Urbino 12 electric,92.10399704822542,420.0,2026-04-08 06:49:45.000000000,2026-04-08 06:47:57.000000000,0.7465227463047002,43.12342280344465,24.88409154349001,17.22907289480432,0.0,17.22907289480432,0.5168721868441296,0.0,False,service
0.0,0.0,0.0,0.0,30.0,9-N1-4-B-035101,La Fourche,La Fourche,2.0,216.0,11207.333333333332,43123.42280344465,2500.0,0.0,solaris_urbino_12_electric,Solaris Urbino 12 electric,92.0990367307651,420.0,2026-04-08 06:50:15.000000000,2026-04-08 06:49:45.000000000,0.0,43.12342280344465,0.0,2.5,0.0,2.5,0.020833333333333332,0.0,False,service
1.0,0.0,236.45430499839583,7.38919703119987,32.0,9-N1-4-B-035101,La Fourche,M. de Longueau,2.0,217.0,11239.333333333332,43359.87710844305,18423.52454712258,0.0,solaris_urbino_12_electric,Solaris Urbino 12 electric,92.06004514442199,420.0,2026-04-08 06:50:47.000000000,2026-04-08 06:50:15.000000000,0.23645430499839581,43.35987710844305,26.60110931231953,18.42352454712258,0.0,18.42352454712258,0.1637646626410896,0.0,False,service
0.0,0.0,0.0,0.0,30.0,9-N1-4-B-035101,M. de Longueau,M. de Longueau,2.0,218.0,11269.333333333332,43359.87710844305,2500.0,0.0,solaris_urbino_12_electric,Solaris Urbino 12 electric,92.05508482696166,420.0,2026-04-08 06:51:17.000000000,2026-04-08 06:50:47.000000000,0.0,43.35987710844305,0.0,2.5,0.0,2.5,0.020833333333333332,0.0,False,service
1.0,0.0,238.2314886825274,7.219136020682649,33.0,9-N1-4-B-035101,M. de Longueau,Poidevin,2.0,219.0,11302.333333333332,43598.108597125574,17993.661455547277,0.0,solaris_urbino_12_electric,Solaris Urbino 12 electric,92.01581294680075,420.0,2026-04-08 06:51:50.000000000,2026-04-08 06:51:17.000000000,0.23823148868252741,43.598108597125574,25.98888967445754,17.993661455547276,0.0,17.993661455547276,0.16494189667585005,0.0,False,service
0.0,0.0,0.0,0.0,30.0,9-N1-4-B-035101,Poidevin,Poidevin,2.0,220.0,11332.333333333332,43598.108597125574,2500.0,0.0,solaris_urbino_12_electric,Solaris Urbino 12 electric,92.01085262934043,420.0,2026-04-08 06:52:20.000000000,2026-04-08 06:51:50.000000000,0.0,43.598108597125574,0.0,2.5,0.0,2.5,0.020833333333333332,0.0,False,service
1.0,0.0,283.0530932557657,7.257771621942711,39.0,9-N1-4-B-035101,Poidevin,La Rose Rouge,2.0,221.0,11371.333333333332,43881.16169038134,18090.92822491121,0.0,solaris_urbino_12_electric,Solaris Urbino 12 electric,91.9641895208238,420.0,2026-04-08 06:52:59.000000000,2026-04-08 06:52:20.000000000,0.2830530932557657,43.88116169038134,26.127977838993758,18.09092822491121,0.0,18.09092822491121,0.19598505576987146,0.0,False,service
0.0,0.0,0.0,0.0,30.0,9-N1-4-B-035101,La Rose Rouge,La Rose Rouge,2.0,222.0,11401.333333333332,43881.16169038134,2500.0,0.0,solaris_urbino_12_electric,Solaris Urbino 12 electric,91.95922920336348,420.0,2026-04-08 06:53:29.000000000,2026-04-08 06:52:59.000000000,0.0,43.88116169038134,0.0,2.5,0.0,2.5,0.020833333333333332,0.0,False,service
1.0,0.0,382.52636844861735,7.356276316319565,52.0,9-N1-4-B-035101,La Rose Rouge,Cité du Château,2.0,223.0,11453.333333333332,44263.68805882996,18339.960401880504,0.0,solaris_urbino_12_electric,Solaris Urbino 12 electric,91.89615526547341,420.0,2026-04-08 06:54:21.000000000,2026-04-08 06:53:29.000000000,0.38252636844861737,44.26368805882996,26.482594738750432,18.339960401880504,0.0,18.339960401880504,0.26491053913827395,0.0,False,service
0.0,0.0,0.0,0.0,30.0,9-N1-4-B-035101,Cité du Château,Cité du Château,2.0,224.0,11483.333333333332,44263.68805882996,2500.0,0.0,solaris_urbino_12_electric,Solaris Urbino 12 electric,91.8911949480131,420.0,2026-04-08 06:54:51.000000000,2026-04-08 06:54:21.000000000,0.0,44.26368805882996,0.0,2.5,0.0,2.5,0.020833333333333332,0.0,False,service
1.0,0.0,259.04003764462647,7.195556601239624,36.0,9-N1-4-B-035101,Cité du Château,Pont de l'Avre,2.0,225.0,11519.333333333332,44522.72809647459,17934.41163158536,0.0,solaris_urbino_12_electric,Solaris Urbino 12 electric,91.8484939679379,420.0,2026-04-08 06:55:27.000000000,2026-04-08 06:54:51.000000000,0.25904003764462646,44.52272809647459,25.904003764462647,17.93441163158536,0.0,17.93441163158536,0.17934411631585362,0.0,False,service
0.0,0.0,0.0,0.0,30.0,9-N1-4-B-035101,Pont de l'Avre,Pont de l'Avre,2.0,226.0,11549.333333333332,44522.72809647459,2500.0,0.0,solaris_urbino_12_electric,Solaris Urbino 12 electric,91.84353365047758,420.0,2026-04-08 06:55:57.000000000,2026-04-08 06:55:27.000000000,0.0,44.52272809647459,0.0,2.5,0.0,2.5,0.020833333333333332,0.0,False,service
1.0,0.0,778.6426370279388,6.655065273743067,117.0,9-N1-4-B-035101,Pont de l'Avre,Sobo,2.0,227.0,11666.333333333332,45301.370733502525,16598.980534956492,0.0,solaris_urbino_12_electric,Solaris Urbino 12 electric,91.71508915824279,420.0,2026-04-08 06:57:54.000000000,2026-04-08 06:55:57.000000000,0.7786426370279388,45.30137073350252,23.95823498547504,16.598980534956493,0.0,16.598980534956493,0.539466867386086,0.0,False,service
0.0,0.0,0.0,0.0,30.0,9-N1-4-B-035101,Sobo,Sobo,2.0,228.0,11696.333333333332,45301.370733502525,2500.0,0.0,solaris_urbino_12_electric,Solaris Urbino 12 electric,91.71012884078247,420.0,2026-04-08 06:58:24.000000000,2026-04-08 06:57:54.000000000,0.0,45.30137073350252,0.0,2.5,0.0,2.5,0.020833333333333332,0.0,False,service
1.0,0.0,494.86888000554234,6.598251733407231,75.0,9-N1-4-B-035101,Sobo,Mercey,2.0,229.0,11771.333333333332,45796.23961350806,16461.059769141364,0.0,solaris_urbino_12_electric,Solaris Urbino 12 electric,91.62847675859427,420.0,2026-04-08 06:59:39.000000000,2026-04-08 06:58:24.000000000,0.49486888000554236,45.796239613508064,23.753706240266034,16.461059769141364,0.0,16.461059769141364,0.3429387451904451,0.0,False,service
0.0,0.0,0.0,0.0,30.0,9-N1-4-B-035101,Mercey,Mercey,2.0,230.0,11801.333333333332,45796.23961350806,2500.0,0.0,solaris_urbino_12_electric,Solaris Urbino 12 electric,91.62351644113396,420.0,2026-04-08 07:00:09.000000000,2026-04-08 06:59:39.000000000,0.0,45.796239613508064,0.0,2.5,0.0,2.5,0.020833333333333332,0.0,False,service
1.0,0.0,443.51095510688015,6.71986295616485,66.0,9-N1-4-B-035101,Mercey,Egl. St-Acheul,2.0,231.0,11867.333333333332,46239.750568614945,16756.83990194138,0.0,solaris_urbino_12_electric,Solaris Urbino 12 electric,91.55037150505406,420.0,2026-04-08 07:01:15.000000000,2026-04-08 07:00:09.000000000,0.44351095510688016,46.239750568614944,24.191506642193463,16.75683990194138,0.0,16.75683990194138,0.307208731535592,0.0,False,service
0.0,0.0,0.0,0.0,30.0,9-N1-4-B-035101,Egl. St-Acheul,Egl. St-Acheul,2.0,232.0,11897.333333333332,46239.750568614945,2500.0,0.0,solaris_urbino_12_electric,Solaris Urbino 12 electric,91.54541118759374,420.0,2026-04-08 07:01:45.000000000,2026-04-08 07:01:15.000000000,0.0,46.239750568614944,0.0,2.5,0.0,2.5,0.020833333333333332,0.0,False,service
1.0,0.0,277.40496861036326,6.604880205008649,42.0,9-N1-4-B-035101,Egl. St-Acheul,L. de Luzarches,2.0,233.0,11939.333333333332,46517.155537225306,16477.127724915903,0.0,solaris_urbino_12_electric,Solaris Urbino 12 electric,91.49964138835786,420.0,2026-04-08 07:02:27.000000000,2026-04-08 07:01:45.000000000,0.27740496861036323,46.51715553722531,23.777568738031135,16.477127724915903,0.0,16.477127724915903,0.19223315679068553,0.0,False,service
0.0,0.0,0.0,0.0,30.0,9-N1-4-B-035101,L. de Luzarches,L. de Luzarches,2.0,234.0,11969.333333333332,46517.155537225306,2500.0,0.0,solaris_urbino_12_electric,Solaris Urbino 12 electric,91.49468107089754,420.0,2026-04-08 07:02:57.000000000,2026-04-08 07:02:27.000000000,0.0,46.51715553722531,0.0,2.5,0.0,2.5,0.020833333333333332,0.0,False,service
1.0,0.0,343.1323580300078,3.855419753146155,89.0,9-N1-4-B-035101,L. de Luzarches,Pinceau,2.0,235.0,12058.333333333332,46860.287895255315,10266.87710449669,0.0,solaris_urbino_12_electric,Solaris Urbino 12 electric,91.43424773344383,420.0,2026-04-08 07:04:26.000000000,2026-04-08 07:02:57.000000000,0.3431323580300078,46.86028789525531,13.879511111326158,10.266877104496691,0.0,10.266877104496691,0.25382001730561266,0.0,False,service
0.0,0.0,0.0,0.0,30.0,9-N1-4-B-035101,Pinceau,Pinceau,2.0,236.0,12088.333333333332,46860.287895255315,2500.0,0.0,solaris_urbino_12_electric,Solaris Urbino 12 electric,91.42928741598351,420.0,2026-04-08 07:04:56.000000000,2026-04-08 07:04:26.000000000,0.0,46.86028789525531,0.0,2.5,0.0,2.5,0.020833333333333332,0.0,False,service
1.0,0.0,405.8966158731125,3.793426316571145,107.0,9-N1-4-B-035101,Pinceau,Caserne Dejean,2.0,237.0,12195.333333333332,47266.18451112843,10135.631813257165,0.0,solaris_urbino_12_electric,Solaris Urbino 12 electric,91.35756039190821,420.0,2026-04-08 07:06:43.000000000,2026-04-08 07:04:56.000000000,0.40589661587311254,47.26618451112843,13.656334739656122,10.135631813257165,0.0,10.135631813257165,0.3012535011162546,0.0,False,service
0.0,0.0,0.0,0.0,30.0,9-N1-4-B-035101,Caserne Dejean,Caserne Dejean,2.0,238.0,12225.333333333332,47266.18451112843,2500.0,0.0,solaris_urbino_12_electric,Solaris Urbino 12 electric,91.35260007444789,420.0,2026-04-08 07:07:13.000000000,2026-04-08 07:06:43.000000000,0.0,47.26618451112843,0.0,2.5,0.0,2.5,0.020833333333333332,0.0,False,service
1.0,0.0,391.6364257160486,3.7657348626543135,104.0,9-N1-4-B-035101,Caserne Dejean,Gare du Nord A,2.0,239.0,12329.333333333332,47657.82093684447,10077.106879742849,0.0,solaris_urbino_12_electric,Solaris Urbino 12 electric,91.28328664088352,420.0,2026-04-08 07:08:57.000000000,2026-04-08 07:07:13.000000000,0.3916364257160486,47.65782093684447,13.55664550555553,10.077106879742848,0.0,10.077106879742848,0.29111642097034895,0.0,False,service
0.0,0.0,0.0,0.0,30.0,9-N1-4-B-035101,Gare du Nord A,Gare du Nord A,2.0,240.0,12359.333333333332,47657.82093684447,2500.0,0.0,solaris_urbino_12_electric,Solaris Urbino 12 electric,91.27832632342322,420.0,2026-04-08 07:09:27.000000000,2026-04-08 07:08:57.000000000,0.0,47.65782093684447,0.0,2.5,0.0,2.5,0.020833333333333332,0.0,False,service
1.0,0.0,327.94171057791687,2.2158223687697087,148.0,9-N1-4-B-035101,Gare du Nord A,René Goblet,2.0,241.0,12507.333333333332,47985.76264742239,6885.894540513471,0.0,solaris_urbino_12_electric,Solaris Urbino 12 electric,91.21092471019595,420.0,2026-04-08 07:11:55.000000000,2026-04-08 07:09:27.000000000,0.3279417105779169,47.98576264742239,7.976960527570951,6.885894540513471,0.0,6.885894540513471,0.28308677555444267,0.0,False,service
0.0,0.0,0.0,0.0,30.0,9-N1-4-B-035101,René Goblet,René Goblet,2.0,242.0,12537.333333333332,47985.76264742239,2500.0,0.0,solaris_urbino_12_electric,Solaris Urbino 12 electric,91.20596439273564,420.0,2026-04-08 07:12:25.000000000,2026-04-08 07:11:55.000000000,0.0,47.98576264742239,0.0,2.5,0.0,2.5,0.020833333333333332,0.0,False,service
1.0,0.0,225.21730590675048,4.170690850125009,54.0,9-N1-4-B-035101,René Goblet,P. de Justice,2.0,243.0,12591.333333333332,48210.97995332914,10939.300990254254,0.0,solaris_urbino_12_electric,Solaris Urbino 12 electric,91.16689546062759,420.0,2026-04-08 07:13:19.000000000,2026-04-08 07:12:25.000000000,0.2252173059067505,48.21097995332914,15.014487060450033,10.939300990254255,0.0,10.939300990254255,0.16408951485381382,0.0,False,service
0.0,0.0,0.0,0.0,30.0,9-N1-4-B-035101,P. de Justice,P. de Justice,2.0,244.0,12621.333333333332,48210.97995332914,2500.0,0.0,solaris_urbino_12_electric,Solaris Urbino 12 electric,91.16193514316727,420.0,2026-04-08 07:13:49.000000000,2026-04-08 07:13:19.000000000,0.0,48.21097995332914,0.0,2.5,0.0,2.5,0.020833333333333332,0.0,False,service
1.0,0.0,229.9992746993994,3.965504736196541,58.0,9-N1-4-B-035101,P. de Justice,Dusevel,2.0,245.0,12679.333333333332,48440.97922802853,10500.713816572745,0.0,solaris_urbino_12_electric,Solaris Urbino 12 electric,91.12165462720424,420.0,2026-04-08 07:14:47.000000000,2026-04-08 07:13:49.000000000,0.2299992746993994,48.44097922802853,14.275817050307548,10.500713816572745,0.0,10.500713816572745,0.1691781670447831,0.0,False,service
0.0,0.0,0.0,0.0,30.0,9-N1-4-B-035101,Dusevel,Dusevel,2.0,246.0,12709.333333333332,48440.97922802853,2500.0,0.0,solaris_urbino_12_electric,Solaris Urbino 12 electric,91.1166943097439,420.0,2026-04-08 07:15:17.000000000,2026-04-08 07:14:47.000000000,0.0,48.44097922802853,0.0,2.5,0.0,2.5,0.020833333333333332,0.0,False,service
1.0,0.0,218.8226139254244,3.587255965990564,61.0,9-N1-4-B-035101,Dusevel,Beffroi,2.0,247.0,12770.333333333332,48659.80184195396,9701.347494647001,0.0,solaris_urbino_12_electric,Solaris Urbino 12 electric,91.07755527553931,420.0,2026-04-08 07:16:18.000000000,2026-04-08 07:15:17.000000000,0.2188226139254244,48.65980184195396,12.914121477566031,9.701347494647,0.0,9.701347494647,0.16438394365929643,0.0,False,service
0.0,0.0,0.0,0.0,30.0,9-N1-4-B-035101,Beffroi,Beffroi,2.0,248.0,12800.333333333332,48659.80184195396,2500.0,0.0,solaris_urbino_12_electric,Solaris Urbino 12 electric,91.07259495807901,420.0,2026-04-08 07:16:48.000000000,2026-04-08 07:16:18.000000000,0.0,48.65980184195396,0.0,2.5,0.0,2.5,0.020833333333333332,0.0,False,service
1.0,0.0,189.07722066752729,3.501430012361616,54.0,9-N1-4-B-035101,Beffroi,Place du Marché,2.0,249.0,12854.333333333332,48848.87906262148,9521.52461055803,0.0,solaris_urbino_12_electric,Solaris Urbino 12 electric,91.03858951304129,420.0,2026-04-08 07:17:42.000000000,2026-04-08 07:16:48.000000000,0.18907722066752727,48.848879062621485,12.605148044501819,9.52152461055803,0.0,9.52152461055803,0.14282286915837045,0.0,False,service
0.0,0.0,0.0,0.0,30.0,9-N1-4-B-035101,Place du Marché,Place du Marché,2.0,250.0,12884.333333333332,48848.87906262148,2500.0,0.0,solaris_urbino_12_electric,Solaris Urbino 12 electric,91.03362919558097,420.0,2026-04-08 07:18:12.000000000,2026-04-08 07:17:42.000000000,0.0,48.848879062621485,0.0,2.5,0.0,2.5,0.020833333333333332,0.0,False,service
1.0,0.0,171.78613535708172,3.817469674601816,45.0,9-N1-4-B-035101,Place du Marché,M. Culture B,2.0,251.0,12929.333333333332,49020.66519797857,10186.496636242933,0.0,solaris_urbino_12_electric,Solaris Urbino 12 electric,91.00331224130645,420.0,2026-04-08 07:18:57.000000000,2026-04-08 07:18:12.000000000,0.17178613535708173,49.020665197978566,13.742890828566539,10.186496636242934,0.0,10.186496636242934,0.12733120795303665,0.0,False,service
0.0,0.0,0.0,0.0,30.0,9-N1-4-B-035101,M. Culture B,M. Culture B,2.0,252.0,12959.333333333332,49020.66519797857,2500.0,0.0,solaris_urbino_12_electric,Solaris Urbino 12 electric,90.99835192384613,420.0,2026-04-08 07:19:27.000000000,2026-04-08 07:18:57.000000000,0.0,49.020665197978566,0.0,2.5,0.0,2.5,0.020833333333333332,0.0,False,service
1.0,0.0,291.81191051704656,6.07941480243847,48.0,9-N1-4-B-035101,M. Culture B,Saint-Jacques,2.0,253.0,13007.333333333332,49312.477108495616,15221.936608587479,0.0,solaris_urbino_12_electric,Solaris Urbino 12 electric,90.9500283155649,420.0,2026-04-08 07:20:15.000000000,2026-04-08 07:19:27.000000000,0.2918119105170466,49.312477108495614,21.885893288778494,15.221936608587479,0.0,15.221936608587479,0.20295915478116638,0.0,False,service
0.0,0.0,0.0,0.0,30.0,9-N1-4-B-035101,Saint-Jacques,Saint-Jacques,2.0,254.0,13037.333333333332,49312.477108495616,2500.0,0.0,solaris_urbino_12_electric,Solaris Urbino 12 electric,90.94506799810458,420.0,2026-04-08 07:20:45.000000000,2026-04-08 07:20:15.000000000,0.0,49.312477108495614,0.0,2.5,0.0,2.5,0.020833333333333332,0.0,False,service
1.0,0.0,350.7042974526486,5.656520926655622,62.0,9-N1-4-B-035101,Saint-Jacques,Jean Jaurès,2.0,255.0,13099.333333333332,49663.181405948264,14237.75760989092,0.0,solaris_urbino_12_electric,Solaris Urbino 12 electric,90.88668565869894,420.0,2026-04-08 07:21:47.000000000,2026-04-08 07:20:45.000000000,0.3507042974526486,49.663181405948265,20.36347533596024,14.23775760989092,0.0,14.23775760989092,0.24520582550367695,0.0,False,service
0.0,0.0,0.0,0.0,30.0,9-N1-4-B-035101,Jean Jaurès,Jean Jaurès,2.0,256.0,13129.333333333332,49663.181405948264,2500.0,0.0,solaris_urbino_12_electric,Solaris Urbino 12 electric,90.88172534123862,420.0,2026-04-08 07:22:17.000000000,2026-04-08 07:21:47.000000000,0.0,49.663181405948265,0.0,2.5,0.0,2.5,0.020833333333333332,0.0,False,service
1.0,0.0,402.8160957322576,5.5946679962813555,72.0,9-N1-4-B-035101,Jean Jaurès,Zoo d'Amiens,2.0,257.0,13201.333333333332,50065.99750168052,14095.64699678853,0.0,solaris_urbino_12_electric,Solaris Urbino 12 electric,90.81460321268248,420.0,2026-04-08 07:23:29.000000000,2026-04-08 07:22:17.000000000,0.40281609573225763,50.06599750168052,20.14080478661288,14.09564699678853,0.0,14.09564699678853,0.2819129399357706,0.0,False,service
0.0,0.0,0.0,0.0,30.0,9-N1-4-B-035101,Zoo d'Amiens,Zoo d'Amiens,2.0,258.0,13231.333333333332,50065.99750168052,2500.0,0.0,solaris_urbino_12_electric,Solaris Urbino 12 electric,90.80964289522217,420.0,2026-04-08 07:23:59.000000000,2026-04-08 07:23:29.000000000,0.0,50.06599750168052,0.0,2.5,0.0,2.5,0.020833333333333332,0.0,False,service
1.0,0.0,376.38436041502575,5.790528621769627,65.0,9-N1-4-B-035101,Zoo d'Amiens,Egl. St-Firmin,2.0,259.0,13296.333333333332,50442.38186209554,14547.228745279994,0.0,solaris_urbino_12_electric,Solaris Urbino 12 electric,90.74710520551032,420.0,2026-04-08 07:25:04.000000000,2026-04-08 07:23:59.000000000,0.37638436041502576,50.442381862095544,20.845903038370658,14.547228745279993,0.0,14.547228745279993,0.26265829678977765,0.0,False,service
0.0,0.0,0.0,0.0,30.0,9-N1-4-B-035101,Egl. St-Firmin,Egl. St-Firmin,2.0,260.0,13326.333333333332,50442.38186209554,2500.0,0.0,solaris_urbino_12_electric,Solaris Urbino 12 electric,90.74214488805,420.0,2026-04-08 07:25:34.000000000,2026-04-08 07:25:04.000000000,0.0,50.442381862095544,0.0,2.5,0.0,2.5,0.020833333333333332,0.0,False,service
1.0,0.0,300.7481358168622,5.674493128620042,53.0,9-N1-4-B-035101,Egl. St-Firmin,Faubourg de Hem,2.0,261.0,13379.333333333332,50743.1299979124,14279.135582892508,0.0,solaris_urbino_12_electric,Solaris Urbino 12 electric,90.69209236252796,420.0,2026-04-08 07:26:27.000000000,2026-04-08 07:25:34.000000000,0.3007481358168622,50.743129997912405,20.428175263032152,14.279135582892508,0.0,14.279135582892508,0.21022060719258415,0.0,False,service
0.0,0.0,0.0,0.0,30.0,9-N1-4-B-035101,Faubourg de Hem,Faubourg de Hem,2.0,262.0,13409.333333333332,50743.1299979124,2500.0,0.0,solaris_urbino_12_electric,Solaris Urbino 12 electric,90.68713204506764,420.0,2026-04-08 07:26:57.000000000,2026-04-08 07:26:27.000000000,0.0,50.743129997912405,0.0,2.5,0.0,2.5,0.020833333333333332,0.0,False,service
1.0,0.0,242.018982618479,5.5004314231472495,44.0,9-N1-4-B-035101,Faubourg de Hem,Espace Alliance,2.0,263.0,13453.333333333332,50985.14898053088,13880.003999248058,0.0,solaris_urbino_12_electric,Solaris Urbino 12 electric,90.64674049903809,420.0,2026-04-08 07:27:41.000000000,2026-04-08 07:26:57.000000000,0.24201898261847898,50.98514898053088,19.8015531233301,13.880003999248057,0.0,13.880003999248057,0.16964449332414291,0.0,False,service
0.0,0.0,0.0,0.0,30.0,9-N1-4-B-035101,Espace Alliance,Espace Alliance,2.0,264.0,13483.333333333332,50985.14898053088,2500.0,0.0,solaris_urbino_12_electric,Solaris Urbino 12 electric,90.64178018157776,420.0,2026-04-08 07:28:11.000000000,2026-04-08 07:27:41.000000000,0.0,50.98514898053088,0.0,2.5,0.0,2.5,0.020833333333333332,0.0,False,service
1.0,0.0,512.4653653664171,5.631487531499089,91.0,9-N1-4-B-035101,Espace Alliance,Sully,2.0,265.0,13574.333333333332,51497.614345897295,14180.186968253003,0.0,solaris_urbino_12_electric,Solaris Urbino 12 electric,90.55643646371328,420.0,2026-04-08 07:29:42.000000000,2026-04-08 07:28:11.000000000,0.5124653653664172,51.4976143458973,20.273355113396722,14.180186968253004,0.0,14.180186968253004,0.3584436150308398,0.0,False,service
0.0,0.0,0.0,0.0,30.0,9-N1-4-B-035101,Sully,Sully,2.0,266.0,13604.333333333332,51497.614345897295,2500.0,0.0,solaris_urbino_12_electric,Solaris Urbino 12 electric,90.55147614625297,420.0,2026-04-08 07:30:12.000000000,2026-04-08 07:29:42.000000000,0.0,51.4976143458973,0.0,2.5,0.0,2.5,0.020833333333333332,0.0,False,service
1.0,0.0,581.4235833007191,5.537367460006848,105.0,9-N1-4-B-035101,Sully,Place la Barre,2.0,267.0,13709.333333333332,52079.03792919801,13964.400885694367,0.0,solaris_urbino_12_electric,Solaris Urbino 12 electric,90.45450114010231,420.0,2026-04-08 07:31:57.000000000,2026-04-08 07:30:12.000000000,0.5814235833007191,52.079037929198016,19.934522856024653,13.964400885694367,0.0,13.964400885694367,0.4072950258327524,0.0,False,service
0.0,0.0,0.0,0.0,30.0,9-N1-4-B-035101,Place la Barre,Place la Barre,2.0,268.0,13739.333333333332,52079.03792919801,2500.0,0.0,solaris_urbino_12_electric,Solaris Urbino 12 electric,90.44954082264199,420.0,2026-04-08 07:32:27.000000000,2026-04-08 07:31:57.000000000,0.0,52.079037929198016,0.0,2.5,0.0,2.5,0.020833333333333332,0.0,False,service
1.0,0.0,321.16148117311843,4.654514219900267,69.0,9-N1-4-B-035101,Place la Barre,La Fontaine,2.0,269.0,13808.333333333332,52400.19941037113,11988.547708117405,0.0,solaris_urbino_12_electric,Solaris Urbino 12 electric,90.3948311803232,420.0,2026-04-08 07:33:36.000000000,2026-04-08 07:32:27.000000000,0.32116148117311843,52.40019941037113,16.75625119164096,11.988547708117405,0.0,11.988547708117405,0.22978049773891693,0.0,False,service
0.0,0.0,0.0,0.0,30.0,9-N1-4-B-035101,La Fontaine,La Fontaine,2.0,270.0,13838.333333333332,52400.19941037113,2500.0,0.0,solaris_urbino_12_electric,Solaris Urbino 12 electric,90.38987086286288,420.0,2026-04-08 07:34:06.000000000,2026-04-08 07:33:36.000000000,0.0,52.40019941037113,0.0,2.5,0.0,2.5,0.020833333333333332,0.0,False,service
1.0,0.0,233.68404358993675,5.31100099068038,44.0,9-N1-4-B-035101,La Fontaine,Les Coursives,2.0,271.0,13882.333333333332,52633.88345396107,13449.643215515678,0.0,solaris_urbino_12_electric,Solaris Urbino 12 electric,90.35073168948439,420.0,2026-04-08 07:34:50.000000000,2026-04-08 07:34:06.000000000,0.23368404358993675,52.63388345396107,19.11960356644937,13.449643215515678,0.0,13.449643215515678,0.16438452818963606,0.0,False,service
0.0,0.0,0.0,0.0,30.0,9-N1-4-B-035101,Les Coursives,Les Coursives,2.0,272.0,13912.333333333332,52633.88345396107,2500.0,0.0,solaris_urbino_12_electric,Solaris Urbino 12 electric,90.34577137202407,420.0,2026-04-08 07:35:20.000000000,2026-04-08 07:34:50.000000000,0.0,52.63388345396107,0.0,2.5,0.0,2.5,0.020833333333333332,0.0,False,service
1.0,0.0,293.0331102299119,5.327874731452944,55.0,9-N1-4-B-035101,Les Coursives,Languedoc,2.0,273.0,13967.333333333332,52926.91656419098,13487.812028090722,0.0,solaris_urbino_12_electric,Solaris Urbino 12 electric,90.29670856372084,420.0,2026-04-08 07:36:15.000000000,2026-04-08 07:35:20.000000000,0.2930331102299119,52.926916564190975,19.1803490332306,13.487812028090723,0.0,13.487812028090723,0.20606379487360824,0.0,False,service
0.0,0.0,0.0,0.0,30.0,9-N1-4-B-035101,Languedoc,Languedoc,2.0,274.0,13997.333333333332,52926.91656419098,2500.0,0.0,solaris_urbino_12_electric,Solaris Urbino 12 electric,90.29174824626052,420.0,2026-04-08 07:36:45.000000000,2026-04-08 07:36:15.000000000,0.0,52.926916564190975,0.0,2.5,0.0,2.5,0.020833333333333332,0.0,False,service
1.0,0.0,320.6006811443548,4.007508514304435,80.0,9-N1-4-B-035101,Languedoc,Collège R.Parks,2.0,275.0,14077.333333333332,53247.51724533533,10590.203090054667,0.0,solaris_urbino_12_electric,Solaris Urbino 12 electric,90.23571542567822,420.0,2026-04-08 07:38:05.000000000,2026-04-08 07:36:45.000000000,0.3206006811443548,53.24751724533533,14.427030651495967,10.590203090054667,0.0,10.590203090054667,0.23533784644565928,0.0,False,service
0.0,0.0,0.0,0.0,30.0,9-N1-4-B-035101,Collège R.Parks,Collège R.Parks,2.0,276.0,14107.333333333332,53247.51724533533,2500.0,0.0,solaris_urbino_12_electric,Solaris Urbino 12 electric,90.2307551082179,420.0,2026-04-08 07:38:35.000000000,2026-04-08 07:38:05.000000000,0.0,53.24751724533533,0.0,2.5,0.0,2.5,0.020833333333333332,0.0,False,service
1.0,0.0,270.8261413947126,5.0152989147169,54.0,9-N1-4-B-035101,Collège R.Parks,Martinique,2.0,277.0,14161.333333333332,53518.34338673004,12785.8717133053,0.0,solaris_urbino_12_electric,Solaris Urbino 12 electric,90.18509128067038,420.0,2026-04-08 07:39:29.000000000,2026-04-08 07:38:35.000000000,0.27082614139471256,53.51834338673004,18.05507609298084,12.7858717133053,0.0,12.7858717133053,0.1917880756995795,0.0,False,service
0.0,0.0,0.0,0.0,30.0,9-N1-4-B-035101,Martinique,Martinique,2.0,278.0,14191.333333333332,53518.34338673004,2500.0,0.0,solaris_urbino_12_electric,Solaris Urbino 12 electric,90.18013096321006,420.0,2026-04-08 07:39:59.000000000,2026-04-08 07:39:29.000000000,0.0,53.51834338673004,0.0,2.5,0.0,2.5,0.020833333333333332,0.0,False,service
1.0,0.0,274.08690803195344,2.3227704070504527,118.0,9-N1-4-B-035101,Martinique,Etouvie Quai A,2.0,279.0,14309.333333333332,53792.430294761994,7101.567229865196,0.0,solaris_urbino_12_electric,Solaris Urbino 12 electric,90.12470867927328,420.0,2026-04-08 07:41:57.000000000,2026-04-08 07:39:59.000000000,0.27408690803195346,53.79243029476199,8.361973465381629,7.101567229865196,0.0,7.101567229865196,0.2327735925344703,0.0,False,service
1.0,0.0,241.9015249612658,4.319670088594032,56.0,9-N1-2-B-034901,Etouvie Quai A,Martinique,3.0,280.0,14365.333333333332,54034.33181972326,11260.068245184677,0.0,solaris_urbino_12_electric,Solaris Urbino 12 electric,90.08300472280965,420.0,2026-04-08 07:42:53.000000000,2026-04-08 07:41:57.000000000,0.2419015249612658,54.034331819723256,15.550812318938515,11.260068245184677,0.0,11.260068245184677,0.1751566171473172,0.0,False,service
0.0,0.0,0.0,0.0,30.0,9-N1-2-B-034901,Martinique,Martinique,3.0,281.0,14395.333333333332,54034.33181972326,2500.0,0.0,solaris_urbino_12_electric,Solaris Urbino 12 electric,90.07804440534932,420.0,2026-04-08 07:43:23.000000000,2026-04-08 07:42:53.000000000,0.0,54.034331819723256,0.0,2.5,0.0,2.5,0.020833333333333332,0.0,False,service
1.0,0.0,330.7630000086095,4.9367611941583505,67.0,9-N1-2-B-034901,Martinique,Collège R.Parks,3.0,282.0,14462.333333333332,54365.094819731865,12611.161213503856,0.0,solaris_urbino_12_electric,Solaris Urbino 12 electric,90.02216161425774,420.0,2026-04-08 07:44:30.000000000,2026-04-08 07:43:23.000000000,0.3307630000086095,54.365094819731866,17.77234029897006,12.611161213503856,0.0,12.611161213503856,0.23470772258465508,0.0,False,service
0.0,0.0,0.0,0.0,30.0,9-N1-2-B-034901,Collège R.Parks,Collège R.Parks,3.0,283.0,14492.333333333332,54365.094819731865,2500.0,0.0,solaris_urbino_12_electric,Solaris Urbino 12 electric,90.01720129679742,420.0,2026-04-08 07:45:00.000000000,2026-04-08 07:44:30.000000000,0.0,54.365094819731866,0.0,2.5,0.0,2.5,0.020833333333333332,0.0,False,service
1.0,0.0,296.81987678393193,4.01107941599908,74.0,9-N1-2-B-034901,Collège R.Parks,Languedoc,3.0,284.0,14566.333333333332,54661.9146965158,10597.817808205917,0.0,solaris_urbino_12_electric,Solaris Urbino 12 electric,89.96533366995831,420.0,2026-04-08 07:46:14.000000000,2026-04-08 07:45:00.000000000,0.29681987678393196,54.6619146965158,14.439885897596689,10.597817808205917,0.0,10.597817808205917,0.21784403272423272,0.0,False,service
0.0,0.0,0.0,0.0,30.0,9-N1-2-B-034901,Languedoc,Languedoc,3.0,285.0,14596.333333333332,54661.9146965158,2500.0,0.0,solaris_urbino_12_electric,Solaris Urbino 12 electric,89.96037335249801,420.0,2026-04-08 07:46:44.000000000,2026-04-08 07:46:14.000000000,0.0,54.6619146965158,0.0,2.5,0.0,2.5,0.020833333333333332,0.0,False,service
1.0,0.0,297.726462758007,5.316543977821554,56.0,9-N1-2-B-034901,Languedoc,Les coursives,3.0,286.0,14652.333333333332,54959.64115927381,13462.178045703666,0.0,solaris_urbino_12_electric,Solaris Urbino 12 electric,89.91051343381021,420.0,2026-04-08 07:47:40.000000000,2026-04-08 07:46:44.000000000,0.297726462758007,54.95964115927381,19.139558320157594,13.462178045703666,0.0,13.462178045703666,0.2094116584887237,0.0,False,service
0.0,0.0,0.0,0.0,30.0,9-N1-2-B-034901,Les coursives,Les coursives,3.0,287.0,14682.333333333332,54959.64115927381,2500.0,0.0,solaris_urbino_12_electric,Solaris Urbino 12 electric,89.90555311634989,420.0,2026-04-08 07:48:10.000000000,2026-04-08 07:47:40.000000000,0.0,54.95964115927381,0.0,2.5,0.0,2.5,0.020833333333333332,0.0,False,service
1.0,0.0,227.94980309080773,5.065551179795728,45.0,9-N1-2-B-034901,Les coursives,La Fontaine,3.0,288.0,14727.333333333332,55187.590962364615,12898.003526410092,0.0,solaris_urbino_12_electric,Solaris Urbino 12 electric,89.86716620109272,420.0,2026-04-08 07:48:55.000000000,2026-04-08 07:48:10.000000000,0.22794980309080773,55.18759096236462,18.23598424726462,12.898003526410092,0.0,12.898003526410092,0.16122504408012614,0.0,False,service
0.0,0.0,0.0,0.0,30.0,9-N1-2-B-034901,La Fontaine,La Fontaine,3.0,289.0,14757.333333333332,55187.590962364615,2500.0,0.0,solaris_urbino_12_electric,Solaris Urbino 12 electric,89.8622058836324,420.0,2026-04-08 07:49:25.000000000,2026-04-08 07:48:55.000000000,0.0,55.18759096236462,0.0,2.5,0.0,2.5,0.020833333333333332,0.0,False,service
1.0,0.0,278.8940733458619,4.572033989276425,61.0,9-N1-2-B-034901,La Fontaine,Place la Barre,3.0,290.0,14818.333333333332,55466.48503571047,11808.10899952981,0.0,solaris_urbino_12_electric,Solaris Urbino 12 electric,89.81456734864753,420.0,2026-04-08 07:50:26.000000000,2026-04-08 07:49:25.000000000,0.2788940733458619,55.46648503571048,16.459322361395127,11.808108999529809,0.0,11.808108999529809,0.20008184693647732,0.0,False,service
0.0,0.0,0.0,0.0,30.0,9-N1-2-B-034901,Place la Barre,Place la Barre,3.0,291.0,14848.333333333332,55466.48503571047,2500.0,0.0,solaris_urbino_12_electric,Solaris Urbino 12 electric,89.80960703118721,420.0,2026-04-08 07:50:56.000000000,2026-04-08 07:50:26.000000000,0.0,55.46648503571048,0.0,2.5,0.0,2.5,0.020833333333333332,0.0,False,service
1.0,0.0,552.9827646282706,5.882795368385858,94.0,9-N1-2-B-034901,Place la Barre,Sully,3.0,292.0,14942.333333333332,56019.467800338745,14761.584006347119,0.0,solaris_urbino_12_electric,Solaris Urbino 12 electric,89.7178352787668,420.0,2026-04-08 07:52:30.000000000,2026-04-08 07:50:56.000000000,0.5529827646282706,56.019467800338745,21.178063326189086,14.76158400634712,0.0,14.76158400634712,0.38544136016573033,0.0,False,service
0.0,0.0,0.0,0.0,30.0,9-N1-2-B-034901,Sully,Sully,3.0,293.0,14972.333333333332,56019.467800338745,2500.0,0.0,solaris_urbino_12_electric,Solaris Urbino 12 electric,89.71287496130648,420.0,2026-04-08 07:53:00.000000000,2026-04-08 07:52:30.000000000,0.0,56.019467800338745,0.0,2.5,0.0,2.5,0.020833333333333332,0.0,False,service
1.0,0.0,541.2636534432309,5.820039284335816,93.0,9-N1-2-B-034901,Sully,Espace Alliance,3.0,294.0,15065.333333333332,56560.73145378198,14615.67378448361,0.0,solaris_urbino_12_electric,Solaris Urbino 12 electric,89.6229769677908,420.0,2026-04-08 07:54:33.000000000,2026-04-08 07:53:00.000000000,0.5412636534432308,56.560731453781976,20.952141423608936,14.61567378448361,0.0,14.61567378448361,0.3775715727658266,0.0,False,service
0.0,0.0,0.0,0.0,30.0,9-N1-2-B-034901,Espace Alliance,Espace Alliance,3.0,295.0,15095.333333333332,56560.73145378198,2500.0,0.0,solaris_urbino_12_electric,Solaris Urbino 12 electric,89.61801665033049,420.0,2026-04-08 07:55:03.000000000,2026-04-08 07:54:33.000000000,0.0,56.560731453781976,0.0,2.5,0.0,2.5,0.020833333333333332,0.0,False,service
1.0,0.0,306.8484114845754,5.789592669520291,53.0,9-N1-2-B-034901,Espace Alliance,Faubourg de Hem,3.0,296.0,15148.333333333332,56867.579865266554,14545.059713261502,0.0,solaris_urbino_12_electric,Solaris Urbino 12 electric,89.56703198334617,420.0,2026-04-08 07:55:56.000000000,2026-04-08 07:55:03.000000000,0.3068484114845754,56.867579865266556,20.842533610273048,14.545059713261502,0.0,14.545059713261502,0.21413560133412768,0.0,False,service
0.0,0.0,0.0,0.0,30.0,9-N1-2-B-034901,Faubourg de Hem,Faubourg de Hem,3.0,297.0,15178.333333333332,56867.579865266554,2500.0,0.0,solaris_urbino_12_electric,Solaris Urbino 12 electric,89.56207166588585,420.0,2026-04-08 07:56:26.000000000,2026-04-08 07:55:56.000000000,0.0,56.867579865266556,0.0,2.5,0.0,2.5,0.020833333333333332,0.0,False,service
1.0,0.0,296.4471853943004,7.058266318911914,42.0,9-N1-2-B-034901,Faubourg de Hem,Egl. St-Firmin,3.0,298.0,15220.333333333332,57164.02705066086,17591.10789775967,0.0,solaris_urbino_12_electric,Solaris Urbino 12 electric,89.51320747728097,420.0,2026-04-08 07:57:08.000000000,2026-04-08 07:56:26.000000000,0.29644718539430037,57.164027050660856,25.409758748082893,17.59110789775967,0.0,17.59110789775967,0.2052295921405295,0.0,False,service
0.0,0.0,0.0,0.0,30.0,9-N1-2-B-034901,Egl. St-Firmin,Egl. St-Firmin,3.0,299.0,15250.333333333332,57164.02705066086,2500.0,0.0,solaris_urbino_12_electric,Solaris Urbino 12 electric,89.50824715982066,420.0,2026-04-08 07:57:38.000000000,2026-04-08 07:57:08.000000000,0.0,57.164027050660856,0.0,2.5,0.0,2.5,0.020833333333333332,0.0,False,service
1.0,0.0,397.9625757415526,7.106474566813439,56.0,9-N1-2-B-034901,Egl. St-Firmin,Zoo d'Amiens,3.0,300.0,15306.333333333332,57561.989626402414,17711.33170949966,0.0,solaris_urbino_12_electric,Solaris Urbino 12 electric,89.44264963497065,420.0,2026-04-08 07:58:34.000000000,2026-04-08 07:57:38.000000000,0.3979625757415526,57.561989626402415,25.58330844052838,17.71133170949966,0.0,17.71133170949966,0.2755096043699947,0.0,False,service
0.0,0.0,0.0,0.0,30.0,9-N1-2-B-034901,Zoo d'Amiens,Zoo d'Amiens,3.0,301.0,15336.333333333332,57561.989626402414,2500.0,0.0,solaris_urbino_12_electric,Solaris Urbino 12 electric,89.43768931751033,420.0,2026-04-08 07:59:04.000000000,2026-04-08 07:58:34.000000000,0.0,57.561989626402415,0.0,2.5,0.0,2.5,0.020833333333333332,0.0,False,service
1.0,0.0,387.76459722543666,6.924367807597084,56.0,9-N1-2-B-034901,Zoo d'Amiens,Jean Jaurès,3.0,302.0,15392.333333333332,57949.75422362785,17259.00345845794,0.0,solaris_urbino_12_electric,Solaris Urbino 12 electric,89.373767082479,420.0,2026-04-08 08:00:00.000000000,2026-04-08 07:59:04.000000000,0.38776459722543666,57.949754223627856,24.9277241073495,17.25900345845794,0.0,17.25900345845794,0.268473387131568,0.0,False,service
0.0,0.0,0.0,0.0,30.0,9-N1-2-B-034901,Jean Jaurès,Jean Jaurès,3.0,303.0,15422.333333333332,57949.75422362785,2500.0,0.0,solaris_urbino_12_electric,Solaris Urbino 12 electric,89.36880676501869,420.0,2026-04-08 08:00:30.000000000,2026-04-08 08:00:00.000000000,0.0,57.949754223627856,0.0,2.5,0.0,2.5,0.020833333333333332,0.0,False,service
1.0,0.0,353.81886733206454,6.675827685510652,53.0,9-N1-2-B-034901,Jean Jaurès,Saint-Jacques,3.0,304.0,15475.333333333332,58303.573090959915,16649.496892479903,0.0,solaris_urbino_12_electric,Solaris Urbino 12 electric,89.31044543331886,420.0,2026-04-08 08:01:23.000000000,2026-04-08 08:00:30.000000000,0.3538188673320645,58.303573090959915,24.032979667838347,16.649496892479902,0.0,16.649496892479902,0.24511759313928747,0.0,False,service
0.0,0.0,0.0,0.0,30.0,9-N1-2-B-034901,Saint-Jacques,Saint-Jacques,3.0,305.0,15505.333333333332,58303.573090959915,2500.0,0.0,solaris_urbino_12_electric,Solaris Urbino 12 electric,89.30548511585854,420.0,2026-04-08 08:01:53.000000000,2026-04-08 08:01:23.000000000,0.0,58.303573090959915,0.0,2.5,0.0,2.5,0.020833333333333332,0.0,False,service
1.0,0.0,242.8037375118653,7.35768901551107,33.0,9-N1-2-B-034901,Saint-Jacques,M. Culture A,3.0,306.0,15538.333333333332,58546.37682847178,18343.542843186246,0.0,solaris_urbino_12_electric,Solaris Urbino 12 electric,89.26544960568492,420.0,2026-04-08 08:02:26.000000000,2026-04-08 08:01:53.000000000,0.24280373751186532,58.54637682847178,26.487680455839854,18.343542843186246,0.0,18.343542843186246,0.16814914272920725,0.0,False,service
0.0,0.0,0.0,0.0,30.0,9-N1-2-B-034901,M. Culture A,M. Culture A,3.0,307.0,15568.333333333332,58546.37682847178,2500.0,0.0,solaris_urbino_12_electric,Solaris Urbino 12 electric,89.2604892882246,420.0,2026-04-08 08:02:56.000000000,2026-04-08 08:02:26.000000000,0.0,58.54637682847178,0.0,2.5,0.0,2.5,0.020833333333333332,0.0,False,service
1.0,0.0,296.74165114956037,2.472847092913003,120.0,9-N1-2-B-034901,M. Culture A,Hôtel de Ville,3.0,308.0,15688.333333333332,58843.11847962134,7405.169534075037,0.0,solaris_urbino_12_electric,Solaris Urbino 12 electric,89.20171810144623,420.0,2026-04-08 08:04:56.000000000,2026-04-08 08:02:56.000000000,0.29674165114956036,58.84311847962134,8.90224953448681,7.4051695340750365,0.0,7.4051695340750365,0.2468389844691679,0.0,False,service
0.0,0.0,0.0,0.0,30.0,9-N1-2-B-034901,Hôtel de Ville,Hôtel de Ville,3.0,309.0,15718.333333333332,58843.11847962134,2500.0,0.0,solaris_urbino_12_electric,Solaris Urbino 12 electric,89.19675778398592,420.0,2026-04-08 08:05:26.000000000,2026-04-08 08:04:56.000000000,0.0,58.84311847962134,0.0,2.5,0.0,2.5,0.020833333333333332,0.0,False,service
1.0,0.0,228.2941059416939,4.005159753363051,57.0,9-N1-2-B-034901,Hôtel de Ville,Jacobins,3.0,310.0,15775.333333333332,59071.412585563034,10585.195099293087,0.0,solaris_urbino_12_electric,Solaris Urbino 12 electric,89.15685327865128,420.0,2026-04-08 08:06:23.000000000,2026-04-08 08:05:26.000000000,0.22829410594169391,59.07141258556303,14.418575112106984,10.585195099293086,0.0,10.585195099293086,0.1675989224054739,0.0,False,service
0.0,0.0,0.0,0.0,30.0,9-N1-2-B-034901,Jacobins,Jacobins,3.0,311.0,15805.333333333332,59071.412585563034,2500.0,0.0,solaris_urbino_12_electric,Solaris Urbino 12 electric,89.15189296119095,420.0,2026-04-08 08:06:53.000000000,2026-04-08 08:06:23.000000000,0.0,59.07141258556303,0.0,2.5,0.0,2.5,0.020833333333333332,0.0,False,service
1.0,0.0,326.11241962366006,4.026079254613087,81.0,9-N1-2-B-034901,Jacobins,Emile Zola,3.0,312.0,15886.333333333332,59397.5250051867,10629.8158571957,0.0,solaris_urbino_12_electric,Solaris Urbino 12 electric,89.09494751909884,420.0,2026-04-08 08:08:14.000000000,2026-04-08 08:06:53.000000000,0.32611241962366005,59.397525005186694,14.493885316607114,10.6298158571957,0.0,10.6298158571957,0.23917085678690322,0.0,False,service
0.0,0.0,0.0,0.0,30.0,9-N1-2-B-034901,Emile Zola,Emile Zola,3.0,313.0,15916.333333333332,59397.5250051867,2500.0,0.0,solaris_urbino_12_electric,Solaris Urbino 12 electric,89.08998720163852,420.0,2026-04-08 08:08:44.000000000,2026-04-08 08:08:14.000000000,0.0,59.397525005186694,0.0,2.5,0.0,2.5,0.020833333333333332,0.0,False,service
1.0,0.0,355.48637357572056,2.1943603307143245,162.0,9-N1-2-B-034901,Emile Zola,Gare du Nord B,3.0,314.0,16078.333333333332,59753.011378762414,6842.679519791913,0.0,solaris_urbino_12_electric,Solaris Urbino 12 electric,89.01667277821218,420.0,2026-04-08 08:11:26.000000000,2026-04-08 08:08:44.000000000,0.35548637357572055,59.753011378762416,7.899697190571568,6.842679519791913,0.0,6.842679519791913,0.307920578390636,0.0,False,service
0.0,0.0,0.0,0.0,30.0,9-N1-2-B-034901,Gare du Nord B,Gare du Nord B,3.0,315.0,16108.333333333332,59753.011378762414,2500.0,0.0,solaris_urbino_12_electric,Solaris Urbino 12 electric,89.01171246075187,420.0,2026-04-08 08:11:56.000000000,2026-04-08 08:11:26.000000000,0.0,59.753011378762416,0.0,2.5,0.0,2.5,0.020833333333333332,0.0,False,service
1.0,0.0,368.1948881034494,3.95908481831666,93.0,9-N1-2-B-034901,Gare du Nord B,Caserne Dejean,3.0,316.0,16201.333333333332,60121.20626686586,10487.049257408216,0.0,solaris_urbino_12_electric,Solaris Urbino 12 electric,88.94720878476383,420.0,2026-04-08 08:13:29.000000000,2026-04-08 08:11:56.000000000,0.3681948881034494,60.12120626686586,14.252705345939976,10.487049257408216,0.0,10.487049257408216,0.2709154391497123,0.0,False,service
0.0,0.0,0.0,0.0,30.0,9-N1-2-B-034901,Caserne Dejean,Caserne Dejean,3.0,317.0,16231.333333333332,60121.20626686586,2500.0,0.0,solaris_urbino_12_electric,Solaris Urbino 12 electric,88.94224846730351,420.0,2026-04-08 08:13:59.000000000,2026-04-08 08:13:29.000000000,0.0,60.12120626686586,0.0,2.5,0.0,2.5,0.020833333333333332,0.0,False,service
1.0,0.0,355.3755273513469,3.862777471210292,92.0,9-N1-2-B-034901,Caserne Dejean,Pinceau,3.0,318.0,16323.333333333332,60476.58179421721,10282.474769595454,0.0,solaris_urbino_12_electric,Solaris Urbino 12 electric,88.87968314463137,420.0,2026-04-08 08:15:31.000000000,2026-04-08 08:13:59.000000000,0.35537552735134686,60.47658179421721,13.905998896357051,10.282474769595455,0.0,10.282474769595455,0.2627743552229949,0.0,False,service
0.0,0.0,0.0,0.0,30.0,9-N1-2-B-034901,Pinceau,Pinceau,3.0,319.0,16353.333333333332,60476.58179421721,2500.0,0.0,solaris_urbino_12_electric,Solaris Urbino 12 electric,88.87472282717106,420.0,2026-04-08 08:16:01.000000000,2026-04-08 08:15:31.000000000,0.0,60.47658179421721,0.0,2.5,0.0,2.5,0.020833333333333332,0.0,False,service
1.0,0.0,447.05548624280317,3.8874390108069843,115.0,9-N1-2-B-034901,Pinceau,L. de Luzarches,3.0,320.0,16468.333333333332,60923.63728046001,10334.78728614811,0.0,solaris_urbino_12_electric,Solaris Urbino 12 electric,88.7961182942407,420.0,2026-04-08 08:17:56.000000000,2026-04-08 08:16:01.000000000,0.44705548624280317,60.923637280460014,13.994780438905144,10.33478728614811,0.0,10.33478728614811,0.3301390383075091,0.0,False,service
0.0,0.0,0.0,0.0,30.0,9-N1-2-B-034901,L. de Luzarches,L. de Luzarches,3.0,321.0,16498.333333333332,60923.63728046001,2500.0,0.0,solaris_urbino_12_electric,Solaris Urbino 12 electric,88.79115797678038,420.0,2026-04-08 08:18:26.000000000,2026-04-08 08:17:56.000000000,0.0,60.923637280460014,0.0,2.5,0.0,2.5,0.020833333333333332,0.0,False,service
1.0,0.0,324.8685267650074,8.121713169125185,40.0,9-N1-2-B-034901,L. de Luzarches,Egl. St-Acheul,3.0,322.0,16538.333333333332,61248.50580722502,20328.218593303132,0.0,solaris_urbino_12_electric,Solaris Urbino 12 electric,88.73737962071344,420.0,2026-04-08 08:19:06.000000000,2026-04-08 08:18:26.000000000,0.3248685267650074,61.248505807225015,29.238167408850664,20.32821859330313,0.0,20.32821859330313,0.22586909548114592,0.0,False,service
0.0,0.0,0.0,0.0,30.0,9-N1-2-B-034901,Egl. St-Acheul,Egl. St-Acheul,3.0,323.0,16568.333333333332,61248.50580722502,2500.0,0.0,solaris_urbino_12_electric,Solaris Urbino 12 electric,88.73241930325312,420.0,2026-04-08 08:19:36.000000000,2026-04-08 08:19:06.000000000,0.0,61.248505807225015,0.0,2.5,0.0,2.5,0.020833333333333332,0.0,False,service
1.0,0.0,451.79666905185246,8.214484891851862,55.0,9-N1-2-B-034901,Egl. St-Acheul,Mercey,3.0,324.0,16623.333333333332,61700.30247627687,20575.864377064863,0.0,solaris_urbino_12_electric,Solaris Urbino 12 electric,88.65757323574397,420.0,2026-04-08 08:20:31.000000000,2026-04-08 08:19:36.000000000,0.45179666905185245,61.70030247627687,29.572145610666706,20.575864377064864,0.0,20.575864377064864,0.31435348353849096,0.0,False,service
0.0,0.0,0.0,0.0,30.0,9-N1-2-B-034901,Mercey,Mercey,3.0,325.0,16653.333333333332,61700.30247627687,2500.0,0.0,solaris_urbino_12_electric,Solaris Urbino 12 electric,88.65261291828364,420.0,2026-04-08 08:21:01.000000000,2026-04-08 08:20:31.000000000,0.0,61.70030247627687,0.0,2.5,0.0,2.5,0.020833333333333332,0.0,False,service
1.0,0.0,481.8036462949089,8.166163496523879,59.0,9-N1-2-B-034901,Mercey,Sobo,3.0,326.0,16712.333333333332,62182.10612257178,20446.688745559044,0.0,solaris_urbino_12_electric,Solaris Urbino 12 electric,88.57282755876062,420.0,2026-04-08 08:22:00.000000000,2026-04-08 08:21:01.000000000,0.4818036462949089,62.18210612257178,29.398188587485965,20.446688745559044,0.0,20.446688745559044,0.3350985099966621,0.0,False,service
0.0,0.0,0.0,0.0,30.0,9-N1-2-B-034901,Sobo,Sobo,3.0,327.0,16742.333333333332,62182.10612257178,2500.0,0.0,solaris_urbino_12_electric,Solaris Urbino 12 electric,88.5678672413003,420.0,2026-04-08 08:22:30.000000000,2026-04-08 08:22:00.000000000,0.0,62.18210612257178,0.0,2.5,0.0,2.5,0.020833333333333332,0.0,False,service
1.0,0.0,707.5852717526406,8.22773571805396,86.0,9-N1-2-B-034901,Sobo,Pont de l'Avre,3.0,328.0,16828.333333333332,62889.69139432442,20611.358234859843,0.0,solaris_urbino_12_electric,Solaris Urbino 12 electric,88.4506333254142,420.0,2026-04-08 08:23:56.000000000,2026-04-08 08:22:30.000000000,0.7075852717526405,62.88969139432442,29.61984858499426,20.611358234859843,0.0,20.611358234859843,0.4923824467216518,0.0,False,service
0.0,0.0,0.0,0.0,30.0,9-N1-2-B-034901,Pont de l'Avre,Pont de l'Avre,3.0,329.0,16858.333333333332,62889.69139432442,2500.0,0.0,solaris_urbino_12_electric,Solaris Urbino 12 electric,88.44567300795389,420.0,2026-04-08 08:24:26.000000000,2026-04-08 08:23:56.000000000,0.0,62.88969139432442,0.0,2.5,0.0,2.5,0.020833333333333332,0.0,False,service
1.0,0.0,296.6141068969825,7.062240640404345,42.0,9-N1-2-B-034901,Pont de l'Avre,Cité du Château,3.0,330.0,16900.333333333332,63186.3055012214,17601.00604348413,0.0,solaris_urbino_12_electric,Solaris Urbino 12 electric,88.39678132449977,420.0,2026-04-08 08:25:08.000000000,2026-04-08 08:24:26.000000000,0.2966141068969825,63.186305501221405,25.424066305455643,17.60100604348413,0.0,17.60100604348413,0.20534507050731485,0.0,False,service
0.0,0.0,0.0,0.0,30.0,9-N1-2-B-034901,Cité du Château,Cité du Château,3.0,331.0,16930.333333333332,63186.3055012214,2500.0,0.0,solaris_urbino_12_electric,Solaris Urbino 12 electric,88.39182100703945,420.0,2026-04-08 08:25:38.000000000,2026-04-08 08:25:08.000000000,0.0,63.186305501221405,0.0,2.5,0.0,2.5,0.020833333333333332,0.0,False,service
1.0,0.0,332.9543642312839,6.936549254818414,48.0,9-N1-2-B-034901,Cité du Château,La Rose Rouge,3.0,332.0,16978.333333333332,63519.25986545269,17289.107112419595,0.0,solaris_urbino_12_electric,Solaris Urbino 12 electric,88.3369349527143,420.0,2026-04-08 08:26:26.000000000,2026-04-08 08:25:38.000000000,0.3329543642312839,63.51925986545269,24.97157731734629,17.289107112419597,0.0,17.289107112419597,0.2305214281655946,0.0,False,service
0.0,0.0,0.0,0.0,30.0,9-N1-2-B-034901,La Rose Rouge,La Rose Rouge,3.0,333.0,17008.333333333332,63519.25986545269,2500.0,0.0,solaris_urbino_12_electric,Solaris Urbino 12 electric,88.33197463525399,420.0,2026-04-08 08:26:56.000000000,2026-04-08 08:26:26.000000000,0.0,63.51925986545269,0.0,2.5,0.0,2.5,0.020833333333333332,0.0,False,service
1.0,0.0,225.1396338173497,7.262568832817732,31.0,9-N1-2-B-034901,La Rose Rouge,Poidevin,3.0,334.0,17039.333333333332,63744.39949927004,18103.02141613429,0.0,solaris_urbino_12_electric,Solaris Urbino 12 electric,88.2948586521918,420.0,2026-04-08 08:27:27.000000000,2026-04-08 08:26:56.000000000,0.2251396338173497,63.74439949927004,26.145247798143835,18.10302141613429,0.0,18.10302141613429,0.15588712886115635,0.0,False,service
0.0,0.0,0.0,0.0,30.0,9-N1-2-B-034901,Poidevin,Poidevin,3.0,335.0,17069.333333333332,63744.39949927004,2500.0,0.0,solaris_urbino_12_electric,Solaris Urbino 12 electric,88.28989833473149,420.0,2026-04-08 08:27:57.000000000,2026-04-08 08:27:27.000000000,0.0,63.74439949927004,0.0,2.5,0.0,2.5,0.020833333333333332,0.0,False,service
1.0,0.0,314.5014195772681,7.147759535847002,44.0,9-N1-2-B-034901,Poidevin,M. de Longueau,3.0,336.0,17113.333333333332,64058.90091884731,17814.568253525784,0.0,solaris_urbino_12_electric,Solaris Urbino 12 electric,88.23805699854398,420.0,2026-04-08 08:28:41.000000000,2026-04-08 08:27:57.000000000,0.3145014195772681,64.0589009188473,25.731934329049206,17.814568253525785,0.0,17.814568253525785,0.21773361198753735,0.0,False,service
0.0,0.0,0.0,0.0,30.0,9-N1-2-B-034901,M. de Longueau,M. de Longueau,3.0,337.0,17143.333333333332,64058.90091884731,2500.0,0.0,solaris_urbino_12_electric,Solaris Urbino 12 electric,88.23309668108367,420.0,2026-04-08 08:29:11.000000000,2026-04-08 08:28:41.000000000,0.0,64.0589009188473,0.0,2.5,0.0,2.5,0.020833333333333332,0.0,False,service
1.0,0.0,256.63398574137216,6.936053668685734,37.0,9-N1-2-B-034901,M. de Longueau,La Fourche,3.0,338.0,17180.333333333332,64315.534904588676,17287.881959235827,0.0,solaris_urbino_12_electric,Solaris Urbino 12 electric,88.19079167893474,420.0,2026-04-08 08:29:48.000000000,2026-04-08 08:29:11.000000000,0.25663398574137214,64.31553490458867,24.96979320726864,17.287881959235825,0.0,17.287881959235825,0.17768100902547934,0.0,False,service
0.0,0.0,0.0,0.0,30.0,9-N1-2-B-034901,La Fourche,La Fourche,3.0,339.0,17210.333333333332,64315.534904588676,2500.0,0.0,solaris_urbino_12_electric,Solaris Urbino 12 electric,88.18583136147443,420.0,2026-04-08 08:30:18.000000000,2026-04-08 08:29:48.000000000,0.0,64.31553490458867,0.0,2.5,0.0,2.5,0.020833333333333332,0.0,False,service
1.0,0.0,651.0902221706201,6.643777777251225,98.0,9-N1-2-B-034901,La Fourche,Croix de Fer,3.0,340.0,17308.333333333332,64966.625126759296,16571.54282882152,0.0,solaris_urbino_12_electric,Solaris Urbino 12 electric,88.07842321350984,420.0,2026-04-08 08:31:56.000000000,2026-04-08 08:30:18.000000000,0.6510902221706201,64.9666251267593,23.91759999810441,16.571542828821517,0.0,16.571542828821517,0.4511142214512525,0.0,False,service
0.0,0.0,0.0,0.0,30.0,9-N1-2-B-034901,Croix de Fer,Croix de Fer,3.0,341.0,17338.333333333332,64966.625126759296,2500.0,0.0,solaris_urbino_12_electric,Solaris Urbino 12 electric,88.07346289604952,420.0,2026-04-08 08:32:26.000000000,2026-04-08 08:31:56.000000000,0.0,64.9666251267593,0.0,2.5,0.0,2.5,0.020833333333333332,0.0,False,service
1.0,0.0,703.41712703917,4.953641739712465,142.0,9-N1-2-B-034901,Croix de Fer,C. Cial Glisy,3.0,342.0,17480.333333333332,65670.04225379847,12648.657874092083,0.0,solaris_urbino_12_electric,Solaris Urbino 12 electric,87.95467259061823,420.0,2026-04-08 08:34:48.000000000,2026-04-08 08:32:26.000000000,0.70341712703917,65.67004225379847,17.833110262964873,12.648657874092082,0.0,12.648657874092082,0.4989192828114099,0.0,False,service
0.0,0.0,0.0,0.0,30.0,9-N1-2-B-034901,C. Cial Glisy,C. Cial Glisy,3.0,343.0,17510.333333333332,65670.04225379847,2500.0,0.0,solaris_urbino_12_electric,Solaris Urbino 12 electric,87.94971227315791,420.0,2026-04-08 08:35:18.000000000,2026-04-08 08:34:48.000000000,0.0,65.67004225379847,0.0,2.5,0.0,2.5,0.020833333333333332,0.0,False,service
1.0,0.0,136.72688382470434,4.883102993739441,28.0,9-N1-2-B-034901,C. Cial Glisy,Capitaine Nemo,3.0,344.0,17538.333333333332,65806.76913762318,12492.168184754679,0.0,solaris_urbino_12_electric,Solaris Urbino 12 electric,87.92657862837133,420.0,2026-04-08 08:35:46.000000000,2026-04-08 08:35:18.000000000,0.13672688382470435,65.80676913762318,17.57917077746199,12.492168184754679,0.0,12.492168184754679,0.09716130810364751,0.0,False,service
0.0,0.0,0.0,0.0,30.0,9-N1-2-B-034901,Capitaine Nemo,Capitaine Nemo,3.0,345.0,17568.333333333332,65806.76913762318,2500.0,0.0,solaris_urbino_12_electric,Solaris Urbino 12 electric,87.92161831091101,420.0,2026-04-08 08:36:16.000000000,2026-04-08 08:35:46.000000000,0.0,65.80676913762318,0.0,2.5,0.0,2.5,0.020833333333333332,0.0,False,service
1.0,0.0,323.4478124594319,2.488060095841784,130.0,9-N1-2-B-034901,Capitaine Nemo,Pôle J. Verne,3.0,346.0,17698.333333333332,66130.21695008261,7436.009883372681,0.0,solaris_urbino_12_electric,Solaris Urbino 12 electric,87.85768436350106,420.0,2026-04-08 08:38:26.000000000,2026-04-08 08:36:16.000000000,0.3234478124594319,66.13021695008261,8.957016345030421,7.43600988337268,0.0,7.43600988337268,0.2685225791217912,0.0,False,service
0.0,0.0,0.0,0.0,30.0,9-N1-2-B-034901,Pôle J. Verne,Pôle J. Verne,3.0,347.0,17728.333333333332,66130.21695008261,2500.0,0.0,solaris_urbino_12_electric,Solaris Urbino 12 electric,87.85272404604075,420.0,2026-04-08 08:38:56.000000000,2026-04-08 08:38:26.000000000,0.0,66.13021695008261,0.0,2.5,0.0,2.5,0.020833333333333332,0.0,False,service
1.0,0.0,334.0181708930427,4.7044812801837,71.0,9-N1-4-B-035101,Pôle J. Verne,Capitaine Nemo,3.0,348.0,17799.333333333332,66464.23512097566,12098.184498446486,0.0,solaris_urbino_12_electric,Solaris Urbino 12 electric,87.7959137881446,420.0,2026-04-08 08:40:07.000000000,2026-04-08 08:38:56.000000000,0.3340181708930427,66.46423512097566,16.93613260866132,12.098184498446486,0.0,12.098184498446486,0.23860308316380568,0.0,False,service
0.0,0.0,0.0,0.0,30.0,9-N1-4-B-035101,Capitaine Nemo,Capitaine Nemo,3.0,349.0,17829.333333333332,66464.23512097566,2500.0,0.0,solaris_urbino_12_electric,Solaris Urbino 12 electric,87.79095347068429,420.0,2026-04-08 08:40:37.000000000,2026-04-08 08:40:07.000000000,0.0,66.46423512097566,0.0,2.5,0.0,2.5,0.020833333333333332,0.0,False,service
1.0,0.0,122.91799931516653,5.8532380626269775,21.0,9-N1-4-B-035101,Capitaine Nemo,C. Cial Glisy,3.0,350.0,17850.333333333332,66587.15312029082,14692.801288691231,0.0,solaris_urbino_12_electric,Solaris Urbino 12 electric,87.77054680222777,420.0,2026-04-08 08:40:58.000000000,2026-04-08 08:40:37.000000000,0.12291799931516653,66.58715312029082,21.07165702545712,14.69280128869123,0.0,14.69280128869123,0.08570800751736551,0.0,False,service
0.0,0.0,0.0,0.0,30.0,9-N1-4-B-035101,C. Cial Glisy,C. Cial Glisy,3.0,351.0,17880.333333333332,66587.15312029082,2500.0,0.0,solaris_urbino_12_electric,Solaris Urbino 12 electric,87.76558648476745,420.0,2026-04-08 08:41:28.000000000,2026-04-08 08:40:58.000000000,0.0,66.58715312029082,0.0,2.5,0.0,2.5,0.020833333333333332,0.0,False,service
1.0,0.0,685.9620842301216,4.6664087362593305,147.0,9-N1-4-B-035101,C. Cial Glisy,Croix de Fer,3.0,352.0,18027.333333333332,67273.11520452095,12014.623985741244,0.0,solaris_urbino_12_electric,Solaris Urbino 12 electric,87.64877764046163,420.0,2026-04-08 08:43:55.000000000,2026-04-08 08:41:28.000000000,0.6859620842301216,67.27311520452095,16.79907145053359,12.014623985741244,0.0,12.014623985741244,0.4905971460844341,0.0,False,service
0.0,0.0,0.0,0.0,30.0,9-N1-4-B-035101,Croix de Fer,Croix de Fer,3.0,353.0,18057.333333333332,67273.11520452095,2500.0,0.0,solaris_urbino_12_electric,Solaris Urbino 12 electric,87.64381732300131,420.0,2026-04-08 08:44:25.000000000,2026-04-08 08:43:55.000000000,0.0,67.27311520452095,0.0,2.5,0.0,2.5,0.020833333333333332,0.0,False,service
1.0,0.0,746.5227463047001,6.912247650969446,108.0,9-N1-4-B-035101,Croix de Fer,La Fourche,3.0,354.0,18165.333333333332,68019.63795082565,17229.07289480432,0.0,solaris_urbino_12_electric,Solaris Urbino 12 electric,87.52075251660986,420.0,2026-04-08 08:46:13.000000000,2026-04-08 08:44:25.000000000,0.7465227463047002,68.01963795082565,24.88409154349001,17.22907289480432,0.0,17.22907289480432,0.5168721868441296,0.0,False,service
0.0,0.0,0.0,0.0,30.0,9-N1-4-B-035101,La Fourche,La Fourche,3.0,355.0,18195.333333333332,68019.63795082565,2500.0,0.0,solaris_urbino_12_electric,Solaris Urbino 12 electric,87.51579219914954,420.0,2026-04-08 08:46:43.000000000,2026-04-08 08:46:13.000000000,0.0,68.01963795082565,0.0,2.5,0.0,2.5,0.020833333333333332,0.0,False,service
1.0,0.0,236.45430499839583,7.38919703119987,32.0,9-N1-4-B-035101,La Fourche,M. de Longueau,3.0,356.0,18227.333333333332,68256.09225582404,18423.52454712258,0.0,solaris_urbino_12_electric,Solaris Urbino 12 electric,87.47680061280643,420.0,2026-04-08 08:47:15.000000000,2026-04-08 08:46:43.000000000,0.23645430499839581,68.25609225582404,26.60110931231953,18.42352454712258,0.0,18.42352454712258,0.1637646626410896,0.0,False,service
0.0,0.0,0.0,0.0,30.0,9-N1-4-B-035101,M. de Longueau,M. de Longueau,3.0,357.0,18257.333333333332,68256.09225582404,2500.0,0.0,solaris_urbino_12_electric,Solaris Urbino 12 electric,87.47184029534611,420.0,2026-04-08 08:47:45.000000000,2026-04-08 08:47:15.000000000,0.0,68.25609225582404,0.0,2.5,0.0,2.5,0.020833333333333332,0.0,False,service
1.0,0.0,238.2314886825274,7.219136020682649,33.0,9-N1-4-B-035101,M. de Longueau,Poidevin,3.0,358.0,18290.333333333332,68494.32374450658,17993.661455547277,0.0,solaris_urbino_12_electric,Solaris Urbino 12 electric,87.43256841518519,420.0,2026-04-08 08:48:18.000000000,2026-04-08 08:47:45.000000000,0.23823148868252741,68.49432374450657,25.98888967445754,17.993661455547276,0.0,17.993661455547276,0.16494189667585005,0.0,False,service
0.0,0.0,0.0,0.0,30.0,9-N1-4-B-035101,Poidevin,Poidevin,3.0,359.0,18320.333333333332,68494.32374450658,2500.0,0.0,solaris_urbino_12_electric,Solaris Urbino 12 electric,87.42760809772487,420.0,2026-04-08 08:48:48.000000000,2026-04-08 08:48:18.000000000,0.0,68.49432374450657,0.0,2.5,0.0,2.5,0.020833333333333332,0.0,False,service
1.0,0.0,283.0530932557657,7.257771621942711,39.0,9-N1-4-B-035101,Poidevin,La Rose Rouge,3.0,360.0,18359.333333333332,68777.37683776233,18090.92822491121,0.0,solaris_urbino_12_electric,Solaris Urbino 12 electric,87.38094498920823,420.0,2026-04-08 08:49:27.000000000,2026-04-08 08:48:48.000000000,0.2830530932557657,68.77737683776233,26.127977838993758,18.09092822491121,0.0,18.09092822491121,0.19598505576987146,0.0,False,service
0.0,0.0,0.0,0.0,30.0,9-N1-4-B-035101,La Rose Rouge,La Rose Rouge,3.0,361.0,18389.333333333332,68777.37683776233,2500.0,0.0,solaris_urbino_12_electric,Solaris Urbino 12 electric,87.37598467174791,420.0,2026-04-08 08:49:57.000000000,2026-04-08 08:49:27.000000000,0.0,68.77737683776233,0.0,2.5,0.0,2.5,0.020833333333333332,0.0,False,service
1.0,0.0,382.52636844861735,7.356276316319565,52.0,9-N1-4-B-035101,La Rose Rouge,Cité du Château,3.0,362.0,18441.333333333332,69159.90320621095,18339.960401880504,0.0,solaris_urbino_12_electric,Solaris Urbino 12 electric,87.31291073385785,420.0,2026-04-08 08:50:49.000000000,2026-04-08 08:49:57.000000000,0.38252636844861737,69.15990320621094,26.482594738750432,18.339960401880504,0.0,18.339960401880504,0.26491053913827395,0.0,False,service
0.0,0.0,0.0,0.0,30.0,9-N1-4-B-035101,Cité du Château,Cité du Château,3.0,363.0,18471.333333333332,69159.90320621095,2500.0,0.0,solaris_urbino_12_electric,Solaris Urbino 12 electric,87.30795041639753,420.0,2026-04-08 08:51:19.000000000,2026-04-08 08:50:49.000000000,0.0,69.15990320621094,0.0,2.5,0.0,2.5,0.020833333333333332,0.0,False,service
1.0,0.0,259.04003764462647,7.195556601239624,36.0,9-N1-4-B-035101,Cité du Château,Pont de l'Avre,3.0,364.0,18507.333333333332,69418.94324385557,17934.41163158536,0.0,solaris_urbino_12_electric,Solaris Urbino 12 electric,87.26524943632234,420.0,2026-04-08 08:51:55.000000000,2026-04-08 08:51:19.000000000,0.25904003764462646,69.41894324385557,25.904003764462647,17.93441163158536,0.0,17.93441163158536,0.17934411631585362,0.0,False,service
0.0,0.0,0.0,0.0,30.0,9-N1-4-B-035101,Pont de l'Avre,Pont de l'Avre,3.0,365.0,18537.333333333332,69418.94324385557,2500.0,0.0,solaris_urbino_12_electric,Solaris Urbino 12 electric,87.26028911886202,420.0,2026-04-08 08:52:25.000000000,2026-04-08 08:51:55.000000000,0.0,69.41894324385557,0.0,2.5,0.0,2.5,0.020833333333333332,0.0,False,service
1.0,0.0,778.6426370279388,6.655065273743067,117.0,9-N1-4-B-035101,Pont de l'Avre,Sobo,3.0,366.0,18654.333333333332,70197.5858808835,16598.980534956492,0.0,solaris_urbino_12_electric,Solaris Urbino 12 electric,87.13184462662723,420.0,2026-04-08 08:54:22.000000000,2026-04-08 08:52:25.000000000,0.7786426370279388,70.19758588088351,23.95823498547504,16.598980534956493,0.0,16.598980534956493,0.539466867386086,0.0,False,service
0.0,0.0,0.0,0.0,30.0,9-N1-4-B-035101,Sobo,Sobo,3.0,367.0,18684.333333333332,70197.5858808835,2500.0,0.0,solaris_urbino_12_electric,Solaris Urbino 12 electric,87.12688430916691,420.0,2026-04-08 08:54:52.000000000,2026-04-08 08:54:22.000000000,0.0,70.19758588088351,0.0,2.5,0.0,2.5,0.020833333333333332,0.0,False,service
1.0,0.0,494.86888000554234,6.598251733407231,75.0,9-N1-4-B-035101,Sobo,Mercey,3.0,368.0,18759.333333333332,70692.45476088904,16461.059769141364,0.0,solaris_urbino_12_electric,Solaris Urbino 12 electric,87.04523222697871,420.0,2026-04-08 08:56:07.000000000,2026-04-08 08:54:52.000000000,0.49486888000554236,70.69245476088905,23.753706240266034,16.461059769141364,0.0,16.461059769141364,0.3429387451904451,0.0,False,service
0.0,0.0,0.0,0.0,30.0,9-N1-4-B-035101,Mercey,Mercey,3.0,369.0,18789.333333333332,70692.45476088904,2500.0,0.0,solaris_urbino_12_electric,Solaris Urbino 12 electric,87.0402719095184,420.0,2026-04-08 08:56:37.000000000,2026-04-08 08:56:07.000000000,0.0,70.69245476088905,0.0,2.5,0.0,2.5,0.020833333333333332,0.0,False,service
1.0,0.0,443.51095510688015,6.71986295616485,66.0,9-N1-4-B-035101,Mercey,Egl. St-Acheul,3.0,370.0,18855.333333333332,71135.96571599592,16756.83990194138,0.0,solaris_urbino_12_electric,Solaris Urbino 12 electric,86.9671269734385,420.0,2026-04-08 08:57:43.000000000,2026-04-08 08:56:37.000000000,0.44351095510688016,71.13596571599592,24.191506642193463,16.75683990194138,0.0,16.75683990194138,0.307208731535592,0.0,False,service
0.0,0.0,0.0,0.0,30.0,9-N1-4-B-035101,Egl. St-Acheul,Egl. St-Acheul,3.0,371.0,18885.333333333332,71135.96571599592,2500.0,0.0,solaris_urbino_12_electric,Solaris Urbino 12 electric,86.96216665597818,420.0,2026-04-08 08:58:13.000000000,2026-04-08 08:57:43.000000000,0.0,71.13596571599592,0.0,2.5,0.0,2.5,0.020833333333333332,0.0,False,service
1.0,0.0,277.40496861036326,6.604880205008649,42.0,9-N1-4-B-035101,Egl. St-Acheul,L. de Luzarches,3.0,372.0,18927.333333333332,71413.37068460629,16477.127724915903,0.0,solaris_urbino_12_electric,Solaris Urbino 12 electric,86.9163968567423,420.0,2026-04-08 08:58:55.000000000,2026-04-08 08:58:13.000000000,0.27740496861036323,71.41337068460629,23.777568738031135,16.477127724915903,0.0,16.477127724915903,0.19223315679068553,0.0,False,service
0.0,0.0,0.0,0.0,30.0,9-N1-4-B-035101,L. de Luzarches,L. de Luzarches,3.0,373.0,18957.333333333332,71413.37068460629,2500.0,0.0,solaris_urbino_12_electric,Solaris Urbino 12 electric,86.91143653928198,420.0,2026-04-08 08:59:25.000000000,2026-04-08 08:58:55.000000000,0.0,71.41337068460629,0.0,2.5,0.0,2.5,0.020833333333333332,0.0,False,service
1.0,0.0,343.1323580300078,3.855419753146155,89.0,9-N1-4-B-035101,L. de Luzarches,Pinceau,3.0,374.0,19046.333333333332,71756.5030426363,10266.87710449669,0.0,solaris_urbino_12_electric,Solaris Urbino 12 electric,86.85100320182826,420.0,2026-04-08 09:00:54.000000000,2026-04-08 08:59:25.000000000,0.3431323580300078,71.7565030426363,13.879511111326158,10.266877104496691,0.0,10.266877104496691,0.25382001730561266,0.0,False,service
0.0,0.0,0.0,0.0,30.0,9-N1-4-B-035101,Pinceau,Pinceau,3.0,375.0,19076.333333333332,71756.5030426363,2500.0,0.0,solaris_urbino_12_electric,Solaris Urbino 12 electric,86.84604288436795,420.0,2026-04-08 09:01:24.000000000,2026-04-08 09:00:54.000000000,0.0,71.7565030426363,0.0,2.5,0.0,2.5,0.020833333333333332,0.0,False,service
1.0,0.0,405.8966158731125,3.793426316571145,107.0,9-N1-4-B-035101,Pinceau,Caserne Dejean,3.0,376.0,19183.333333333332,72162.3996585094,10135.631813257165,0.0,solaris_urbino_12_electric,Solaris Urbino 12 electric,86.77431586029265,420.0,2026-04-08 09:03:11.000000000,2026-04-08 09:01:24.000000000,0.40589661587311254,72.1623996585094,13.656334739656122,10.135631813257165,0.0,10.135631813257165,0.3012535011162546,0.0,False,service
0.0,0.0,0.0,0.0,30.0,9-N1-4-B-035101,Caserne Dejean,Caserne Dejean,3.0,377.0,19213.333333333332,72162.3996585094,2500.0,0.0,solaris_urbino_12_electric,Solaris Urbino 12 electric,86.76935554283233,420.0,2026-04-08 09:03:41.000000000,2026-04-08 09:03:11.000000000,0.0,72.1623996585094,0.0,2.5,0.0,2.5,0.020833333333333332,0.0,False,service
1.0,0.0,391.6364257160486,3.7657348626543135,104.0,9-N1-4-B-035101,Caserne Dejean,Gare du Nord A,3.0,378.0,19317.333333333332,72554.03608422544,10077.106879742849,0.0,solaris_urbino_12_electric,Solaris Urbino 12 electric,86.70004210926797,420.0,2026-04-08 09:05:25.000000000,2026-04-08 09:03:41.000000000,0.3916364257160486,72.55403608422544,13.55664550555553,10.077106879742848,0.0,10.077106879742848,0.29111642097034895,0.0,False,service
0.0,0.0,0.0,0.0,30.0,9-N1-4-B-035101,Gare du Nord A,Gare du Nord A,3.0,379.0,19347.333333333332,72554.03608422544,2500.0,0.0,solaris_urbino_12_electric,Solaris Urbino 12 electric,86.69508179180764,420.0,2026-04-08 09:05:55.000000000,2026-04-08 09:05:25.000000000,0.0,72.55403608422544,0.0,2.5,0.0,2.5,0.020833333333333332,0.0,False,service
1.0,0.0,327.94171057791687,2.2158223687697087,148.0,9-N1-4-B-035101,Gare du Nord A,René Goblet,3.0,380.0,19495.333333333332,72881.97779480336,6885.894540513471,0.0,solaris_urbino_12_electric,Solaris Urbino 12 electric,86.62768017858039,420.0,2026-04-08 09:08:23.000000000,2026-04-08 09:05:55.000000000,0.3279417105779169,72.88197779480336,7.976960527570951,6.885894540513471,0.0,6.885894540513471,0.28308677555444267,0.0,False,service
0.0,0.0,0.0,0.0,30.0,9-N1-4-B-035101,René Goblet,René Goblet,3.0,381.0,19525.333333333332,72881.97779480336,2500.0,0.0,solaris_urbino_12_electric,Solaris Urbino 12 electric,86.62271986112007,420.0,2026-04-08 09:08:53.000000000,2026-04-08 09:08:23.000000000,0.0,72.88197779480336,0.0,2.5,0.0,2.5,0.020833333333333332,0.0,False,service
1.0,0.0,225.21730590675048,4.170690850125009,54.0,9-N1-4-B-035101,René Goblet,P. de Justice,3.0,382.0,19579.333333333332,73107.19510071012,10939.300990254254,0.0,solaris_urbino_12_electric,Solaris Urbino 12 electric,86.58365092901202,420.0,2026-04-08 09:09:47.000000000,2026-04-08 09:08:53.000000000,0.2252173059067505,73.10719510071011,15.014487060450033,10.939300990254255,0.0,10.939300990254255,0.16408951485381382,0.0,False,service
0.0,0.0,0.0,0.0,30.0,9-N1-4-B-035101,P. de Justice,P. de Justice,3.0,383.0,19609.333333333332,73107.19510071012,2500.0,0.0,solaris_urbino_12_electric,Solaris Urbino 12 electric,86.5786906115517,420.0,2026-04-08 09:10:17.000000000,2026-04-08 09:09:47.000000000,0.0,73.10719510071011,0.0,2.5,0.0,2.5,0.020833333333333332,0.0,False,service
1.0,0.0,229.9992746993994,3.965504736196541,58.0,9-N1-4-B-035101,P. de Justice,Dusevel,3.0,384.0,19667.333333333332,73337.19437540951,10500.713816572745,0.0,solaris_urbino_12_electric,Solaris Urbino 12 electric,86.53841009558866,420.0,2026-04-08 09:11:15.000000000,2026-04-08 09:10:17.000000000,0.2299992746993994,73.33719437540951,14.275817050307548,10.500713816572745,0.0,10.500713816572745,0.1691781670447831,0.0,False,service
0.0,0.0,0.0,0.0,30.0,9-N1-4-B-035101,Dusevel,Dusevel,3.0,385.0,19697.333333333332,73337.19437540951,2500.0,0.0,solaris_urbino_12_electric,Solaris Urbino 12 electric,86.53344977812834,420.0,2026-04-08 09:11:45.000000000,2026-04-08 09:11:15.000000000,0.0,73.33719437540951,0.0,2.5,0.0,2.5,0.020833333333333332,0.0,False,service
1.0,0.0,218.8226139254244,3.587255965990564,61.0,9-N1-4-B-035101,Dusevel,Beffroi,3.0,386.0,19758.333333333332,73556.01698933494,9701.347494647001,0.0,solaris_urbino_12_electric,Solaris Urbino 12 electric,86.49431074392376,420.0,2026-04-08 09:12:46.000000000,2026-04-08 09:11:45.000000000,0.2188226139254244,73.55601698933494,12.914121477566031,9.701347494647,0.0,9.701347494647,0.16438394365929643,0.0,False,service
0.0,0.0,0.0,0.0,30.0,9-N1-4-B-035101,Beffroi,Beffroi,3.0,387.0,19788.333333333332,73556.01698933494,2500.0,0.0,solaris_urbino_12_electric,Solaris Urbino 12 electric,86.48935042646343,420.0,2026-04-08 09:13:16.000000000,2026-04-08 09:12:46.000000000,0.0,73.55601698933494,0.0,2.5,0.0,2.5,0.020833333333333332,0.0,False,service
1.0,0.0,189.07722066752729,3.501430012361616,54.0,9-N1-4-B-035101,Beffroi,Place du Marché,3.0,388.0,19842.333333333332,73745.09421000247,9521.52461055803,0.0,solaris_urbino_12_electric,Solaris Urbino 12 electric,86.45534498142572,420.0,2026-04-08 09:14:10.000000000,2026-04-08 09:13:16.000000000,0.18907722066752727,73.74509421000246,12.605148044501819,9.52152461055803,0.0,9.52152461055803,0.14282286915837045,0.0,False,service
0.0,0.0,0.0,0.0,30.0,9-N1-4-B-035101,Place du Marché,Place du Marché,3.0,389.0,19872.333333333332,73745.09421000247,2500.0,0.0,solaris_urbino_12_electric,Solaris Urbino 12 electric,86.45038466396541,420.0,2026-04-08 09:14:40.000000000,2026-04-08 09:14:10.000000000,0.0,73.74509421000246,0.0,2.5,0.0,2.5,0.020833333333333332,0.0,False,service
1.0,0.0,171.78613535708172,3.817469674601816,45.0,9-N1-4-B-035101,Place du Marché,M. Culture B,3.0,390.0,19917.333333333332,73916.88034535955,10186.496636242933,0.0,solaris_urbino_12_electric,Solaris Urbino 12 electric,86.42006770969088,420.0,2026-04-08 09:15:25.000000000,2026-04-08 09:14:40.000000000,0.17178613535708173,73.91688034535954,13.742890828566539,10.186496636242934,0.0,10.186496636242934,0.12733120795303665,0.0,False,service
0.0,0.0,0.0,0.0,30.0,9-N1-4-B-035101,M. Culture B,M. Culture B,3.0,391.0,19947.333333333332,73916.88034535955,2500.0,0.0,solaris_urbino_12_electric,Solaris Urbino 12 electric,86.41510739223057,420.0,2026-04-08 09:15:55.000000000,2026-04-08 09:15:25.000000000,0.0,73.91688034535954,0.0,2.5,0.0,2.5,0.020833333333333332,0.0,False,service
1.0,0.0,291.81191051704656,6.07941480243847,48.0,9-N1-4-B-035101,M. Culture B,Saint-Jacques,3.0,392.0,19995.333333333332,74208.6922558766,15221.936608587479,0.0,solaris_urbino_12_electric,Solaris Urbino 12 electric,86.36678378394933,420.0,2026-04-08 09:16:43.000000000,2026-04-08 09:15:55.000000000,0.2918119105170466,74.2086922558766,21.885893288778494,15.221936608587479,0.0,15.221936608587479,0.20295915478116638,0.0,False,service
0.0,0.0,0.0,0.0,30.0,9-N1-4-B-035101,Saint-Jacques,Saint-Jacques,3.0,393.0,20025.333333333332,74208.6922558766,2500.0,0.0,solaris_urbino_12_electric,Solaris Urbino 12 electric,86.36182346648901,420.0,2026-04-08 09:17:13.000000000,2026-04-08 09:16:43.000000000,0.0,74.2086922558766,0.0,2.5,0.0,2.5,0.020833333333333332,0.0,False,service
1.0,0.0,350.7042974526486,5.656520926655622,62.0,9-N1-4-B-035101,Saint-Jacques,Jean Jaurès,3.0,394.0,20087.333333333332,74559.39655332925,14237.75760989092,0.0,solaris_urbino_12_electric,Solaris Urbino 12 electric,86.30344112708337,420.0,2026-04-08 09:18:15.000000000,2026-04-08 09:17:13.000000000,0.3507042974526486,74.55939655332925,20.36347533596024,14.23775760989092,0.0,14.23775760989092,0.24520582550367695,0.0,False,service
0.0,0.0,0.0,0.0,30.0,9-N1-4-B-035101,Jean Jaurès,Jean Jaurès,3.0,395.0,20117.333333333332,74559.39655332925,2500.0,0.0,solaris_urbino_12_electric,Solaris Urbino 12 electric,86.29848080962306,420.0,2026-04-08 09:18:45.000000000,2026-04-08 09:18:15.000000000,0.0,74.55939655332925,0.0,2.5,0.0,2.5,0.020833333333333332,0.0,False,service
1.0,0.0,402.8160957322576,5.5946679962813555,72.0,9-N1-4-B-035101,Jean Jaurès,Zoo d'Amiens,3.0,396.0,20189.333333333332,74962.2126490615,14095.64699678853,0.0,solaris_urbino_12_electric,Solaris Urbino 12 electric,86.23135868106692,420.0,2026-04-08 09:19:57.000000000,2026-04-08 09:18:45.000000000,0.40281609573225763,74.9622126490615,20.14080478661288,14.09564699678853,0.0,14.09564699678853,0.2819129399357706,0.0,False,service
0.0,0.0,0.0,0.0,30.0,9-N1-4-B-035101,Zoo d'Amiens,Zoo d'Amiens,3.0,397.0,20219.333333333332,74962.2126490615,2500.0,0.0,solaris_urbino_12_electric,Solaris Urbino 12 electric,86.2263983636066,420.0,2026-04-08 09:20:27.000000000,2026-04-08 09:19:57.000000000,0.0,74.9622126490615,0.0,2.5,0.0,2.5,0.020833333333333332,0.0,False,service
1.0,0.0,376.38436041502575,5.790528621769627,65.0,9-N1-4-B-035101,Zoo d'Amiens,Egl. St-Firmin,3.0,398.0,20284.333333333332,75338.59700947654,14547.228745279994,0.0,solaris_urbino_12_electric,Solaris Urbino 12 electric,86.16386067389476,420.0,2026-04-08 09:21:32.000000000,2026-04-08 09:20:27.000000000,0.37638436041502576,75.33859700947653,20.845903038370658,14.547228745279993,0.0,14.547228745279993,0.26265829678977765,0.0,False,service
0.0,0.0,0.0,0.0,30.0,9-N1-4-B-035101,Egl. St-Firmin,Egl. St-Firmin,3.0,399.0,20314.333333333332,75338.59700947654,2500.0,0.0,solaris_urbino_12_electric,Solaris Urbino 12 electric,86.15890035643443,420.0,2026-04-08 09:22:02.000000000,2026-04-08 09:21:32.000000000,0.0,75.33859700947653,0.0,2.5,0.0,2.5,0.020833333333333332,0.0,False,service
1.0,0.0,300.7481358168622,5.674493128620042,53.0,9-N1-4-B-035101,Egl. St-Firmin,Faubourg de Hem,3.0,400.0,20367.333333333332,75639.3451452934,14279.135582892508,0.0,solaris_urbino_12_electric,Solaris Urbino 12 electric,86.1088478309124,420.0,2026-04-08 09:22:55.000000000,2026-04-08 09:22:02.000000000,0.3007481358168622,75.63934514529339,20.428175263032152,14.279135582892508,0.0,14.279135582892508,0.21022060719258415,0.0,False,service
0.0,0.0,0.0,0.0,30.0,9-N1-4-B-035101,Faubourg de Hem,Faubourg de Hem,3.0,401.0,20397.333333333332,75639.3451452934,2500.0,0.0,solaris_urbino_12_electric,Solaris Urbino 12 electric,86.10388751345208,420.0,2026-04-08 09:23:25.000000000,2026-04-08 09:22:55.000000000,0.0,75.63934514529339,0.0,2.5,0.0,2.5,0.020833333333333332,0.0,False,service
1.0,0.0,242.018982618479,5.5004314231472495,44.0,9-N1-4-B-035101,Faubourg de Hem,Espace Alliance,3.0,402.0,20441.333333333332,75881.36412791187,13880.003999248058,0.0,solaris_urbino_12_electric,Solaris Urbino 12 electric,86.06349596742251,420.0,2026-04-08 09:24:09.000000000,2026-04-08 09:23:25.000000000,0.24201898261847898,75.88136412791188,19.8015531233301,13.880003999248057,0.0,13.880003999248057,0.16964449332414291,0.0,False,service
0.0,0.0,0.0,0.0,30.0,9-N1-4-B-035101,Espace Alliance,Espace Alliance,3.0,403.0,20471.333333333332,75881.36412791187,2500.0,0.0,solaris_urbino_12_electric,Solaris Urbino 12 electric,86.0585356499622,420.0,2026-04-08 09:24:39.000000000,2026-04-08 09:24:09.000000000,0.0,75.88136412791188,0.0,2.5,0.0,2.5,0.020833333333333332,0.0,False,service
1.0,0.0,512.4653653664171,5.631487531499089,91.0,9-N1-4-B-035101,Espace Alliance,Sully,3.0,404.0,20562.333333333332,76393.82949327829,14180.186968253003,0.0,solaris_urbino_12_electric,Solaris Urbino 12 electric,85.97319193209772,420.0,2026-04-08 09:26:10.000000000,2026-04-08 09:24:39.000000000,0.5124653653664172,76.39382949327829,20.273355113396722,14.180186968253004,0.0,14.180186968253004,0.3584436150308398,0.0,False,service
0.0,0.0,0.0,0.0,30.0,9-N1-4-B-035101,Sully,Sully,3.0,405.0,20592.333333333332,76393.82949327829,2500.0,0.0,solaris_urbino_12_electric,Solaris Urbino 12 electric,85.9682316146374,420.0,2026-04-08 09:26:40.000000000,2026-04-08 09:26:10.000000000,0.0,76.39382949327829,0.0,2.5,0.0,2.5,0.020833333333333332,0.0,False,service
1.0,0.0,581.4235833007191,5.537367460006848,105.0,9-N1-4-B-035101,Sully,Place la Barre,3.0,406.0,20697.333333333332,76975.25307657901,13964.400885694367,0.0,solaris_urbino_12_electric,Solaris Urbino 12 electric,85.87125660848675,420.0,2026-04-08 09:28:25.000000000,2026-04-08 09:26:40.000000000,0.5814235833007191,76.97525307657901,19.934522856024653,13.964400885694367,0.0,13.964400885694367,0.4072950258327524,0.0,False,service
0.0,0.0,0.0,0.0,30.0,9-N1-4-B-035101,Place la Barre,Place la Barre,3.0,407.0,20727.333333333332,76975.25307657901,2500.0,0.0,solaris_urbino_12_electric,Solaris Urbino 12 electric,85.86629629102643,420.0,2026-04-08 09:28:55.000000000,2026-04-08 09:28:25.000000000,0.0,76.97525307657901,0.0,2.5,0.0,2.5,0.020833333333333332,0.0,False,service
1.0,0.0,321.16148117311843,4.654514219900267,69.0,9-N1-4-B-035101,Place la Barre,La Fontaine,3.0,408.0,20796.333333333332,77296.41455775213,11988.547708117405,0.0,solaris_urbino_12_electric,Solaris Urbino 12 electric,85.81158664870763,420.0,2026-04-08 09:30:04.000000000,2026-04-08 09:28:55.000000000,0.32116148117311843,77.29641455775213,16.75625119164096,11.988547708117405,0.0,11.988547708117405,0.22978049773891693,0.0,False,service
0.0,0.0,0.0,0.0,30.0,9-N1-4-B-035101,La Fontaine,La Fontaine,3.0,409.0,20826.333333333332,77296.41455775213,2500.0,0.0,solaris_urbino_12_electric,Solaris Urbino 12 electric,85.80662633124732,420.0,2026-04-08 09:30:34.000000000,2026-04-08 09:30:04.000000000,0.0,77.29641455775213,0.0,2.5,0.0,2.5,0.020833333333333332,0.0,False,service
1.0,0.0,233.68404358993675,5.31100099068038,44.0,9-N1-4-B-035101,La Fontaine,Les Coursives,3.0,410.0,20870.333333333332,77530.09860134206,13449.643215515678,0.0,solaris_urbino_12_electric,Solaris Urbino 12 electric,85.76748715786883,420.0,2026-04-08 09:31:18.000000000,2026-04-08 09:30:34.000000000,0.23368404358993675,77.53009860134206,19.11960356644937,13.449643215515678,0.0,13.449643215515678,0.16438452818963606,0.0,False,service
0.0,0.0,0.0,0.0,30.0,9-N1-4-B-035101,Les Coursives,Les Coursives,3.0,411.0,20900.333333333332,77530.09860134206,2500.0,0.0,solaris_urbino_12_electric,Solaris Urbino 12 electric,85.76252684040851,420.0,2026-04-08 09:31:48.000000000,2026-04-08 09:31:18.000000000,0.0,77.53009860134206,0.0,2.5,0.0,2.5,0.020833333333333332,0.0,False,service
1.0,0.0,293.0331102299119,5.327874731452944,55.0,9-N1-4-B-035101,Les Coursives,Languedoc,3.0,412.0,20955.333333333332,77823.13171157197,13487.812028090722,0.0,solaris_urbino_12_electric,Solaris Urbino 12 electric,85.71346403210528,420.0,2026-04-08 09:32:43.000000000,2026-04-08 09:31:48.000000000,0.2930331102299119,77.82313171157197,19.1803490332306,13.487812028090723,0.0,13.487812028090723,0.20606379487360824,0.0,False,service
0.0,0.0,0.0,0.0,30.0,9-N1-4-B-035101,Languedoc,Languedoc,3.0,413.0,20985.333333333332,77823.13171157197,2500.0,0.0,solaris_urbino_12_electric,Solaris Urbino 12 electric,85.70850371464496,420.0,2026-04-08 09:33:13.000000000,2026-04-08 09:32:43.000000000,0.0,77.82313171157197,0.0,2.5,0.0,2.5,0.020833333333333332,0.0,False,service
1.0,0.0,320.6006811443548,4.007508514304435,80.0,9-N1-4-B-035101,Languedoc,Collège R.Parks,3.0,414.0,21065.333333333332,78143.73239271632,10590.203090054667,0.0,solaris_urbino_12_electric,Solaris Urbino 12 electric,85.65247089406266,420.0,2026-04-08 09:34:33.000000000,2026-04-08 09:33:13.000000000,0.3206006811443548,78.14373239271632,14.427030651495967,10.590203090054667,0.0,10.590203090054667,0.23533784644565928,0.0,False,service
0.0,0.0,0.0,0.0,30.0,9-N1-4-B-035101,Collège R.Parks,Collège R.Parks,3.0,415.0,21095.333333333332,78143.73239271632,2500.0,0.0,solaris_urbino_12_electric,Solaris Urbino 12 electric,85.64751057660234,420.0,2026-04-08 09:35:03.000000000,2026-04-08 09:34:33.000000000,0.0,78.14373239271632,0.0,2.5,0.0,2.5,0.020833333333333332,0.0,False,service
1.0,0.0,270.8261413947126,5.0152989147169,54.0,9-N1-4-B-035101,Collège R.Parks,Martinique,3.0,416.0,21149.333333333332,78414.55853411104,12785.8717133053,0.0,solaris_urbino_12_electric,Solaris Urbino 12 electric,85.60184674905483,420.0,2026-04-08 09:35:57.000000000,2026-04-08 09:35:03.000000000,0.27082614139471256,78.41455853411104,18.05507609298084,12.7858717133053,0.0,12.7858717133053,0.1917880756995795,0.0,False,service
0.0,0.0,0.0,0.0,30.0,9-N1-4-B-035101,Martinique,Martinique,3.0,417.0,21179.333333333332,78414.55853411104,2500.0,0.0,solaris_urbino_12_electric,Solaris Urbino 12 electric,85.5968864315945,420.0,2026-04-08 09:36:27.000000000,2026-04-08 09:35:57.000000000,0.0,78.41455853411104,0.0,2.5,0.0,2.5,0.020833333333333332,0.0,False,service
1.0,0.0,274.08690803195344,2.3227704070504527,118.0,9-N1-4-B-035101,Martinique,Etouvie Quai A,3.0,418.0,21297.333333333332,78688.645442143,7101.567229865196,0.0,solaris_urbino_12_electric,Solaris Urbino 12 electric,85.54146414765772,420.0,2026-04-08 09:38:25.000000000,2026-04-08 09:36:27.000000000,0.27408690803195346,78.688645442143,8.361973465381629,7.101567229865196,0.0,7.101567229865196,0.2327735925344703,0.0,False,service
1.0,0.0,241.9015249612658,4.319670088594032,56.0,9-N1-2-B-034901,Etouvie Quai A,Martinique,4.0,419.0,21353.333333333332,78930.54696710427,11260.068245184677,0.0,solaris_urbino_12_electric,Solaris Urbino 12 electric,85.49976019119408,420.0,2026-04-08 09:39:21.000000000,2026-04-08 09:38:25.000000000,0.2419015249612658,78.93054696710426,15.550812318938515,11.260068245184677,0.0,11.260068245184677,0.1751566171473172,0.0,False,service
0.0,0.0,0.0,0.0,30.0,9-N1-2-B-034901,Martinique,Martinique,4.0,420.0,21383.333333333332,78930.54696710427,2500.0,0.0,solaris_urbino_12_electric,Solaris Urbino 12 electric,85.49479987373377,420.0,2026-04-08 09:39:51.000000000,2026-04-08 09:39:21.000000000,0.0,78.93054696710426,0.0,2.5,0.0,2.5,0.020833333333333332,0.0,False,service
1.0,0.0,330.7630000086095,4.9367611941583505,67.0,9-N1-2-B-034901,Martinique,Collège R.Parks,4.0,421.0,21450.333333333332,79261.30996711287,12611.161213503856,0.0,solaris_urbino_12_electric,Solaris Urbino 12 electric,85.43891708264218,420.0,2026-04-08 09:40:58.000000000,2026-04-08 09:39:51.000000000,0.3307630000086095,79.26130996711288,17.77234029897006,12.611161213503856,0.0,12.611161213503856,0.23470772258465508,0.0,False,service
0.0,0.0,0.0,0.0,30.0,9-N1-2-B-034901,Collège R.Parks,Collège R.Parks,4.0,422.0,21480.333333333332,79261.30996711287,2500.0,0.0,solaris_urbino_12_electric,Solaris Urbino 12 electric,85.43395676518186,420.0,2026-04-08 09:41:28.000000000,2026-04-08 09:40:58.000000000,0.0,79.26130996711288,0.0,2.5,0.0,2.5,0.020833333333333332,0.0,False,service
1.0,0.0,296.81987678393193,4.01107941599908,74.0,9-N1-2-B-034901,Collège R.Parks,Languedoc,4.0,423.0,21554.333333333332,79558.12984389681,10597.817808205917,0.0,solaris_urbino_12_electric,Solaris Urbino 12 electric,85.38208913834276,420.0,2026-04-08 09:42:42.000000000,2026-04-08 09:41:28.000000000,0.29681987678393196,79.55812984389681,14.439885897596689,10.597817808205917,0.0,10.597817808205917,0.21784403272423272,0.0,False,service
0.0,0.0,0.0,0.0,30.0,9-N1-2-B-034901,Languedoc,Languedoc,4.0,424.0,21584.333333333332,79558.12984389681,2500.0,0.0,solaris_urbino_12_electric,Solaris Urbino 12 electric,85.37712882088243,420.0,2026-04-08 09:43:12.000000000,2026-04-08 09:42:42.000000000,0.0,79.55812984389681,0.0,2.5,0.0,2.5,0.020833333333333332,0.0,False,service
1.0,0.0,297.726462758007,5.316543977821554,56.0,9-N1-2-B-034901,Languedoc,Les coursives,4.0,425.0,21640.333333333332,79855.85630665481,13462.178045703666,0.0,solaris_urbino_12_electric,Solaris Urbino 12 electric,85.32726890219465,420.0,2026-04-08 09:44:08.000000000,2026-04-08 09:43:12.000000000,0.297726462758007,79.85585630665481,19.139558320157594,13.462178045703666,0.0,13.462178045703666,0.2094116584887237,0.0,False,service
0.0,0.0,0.0,0.0,30.0,9-N1-2-B-034901,Les coursives,Les coursives,4.0,426.0,21670.333333333332,79855.85630665481,2500.0,0.0,solaris_urbino_12_electric,Solaris Urbino 12 electric,85.32230858473433,420.0,2026-04-08 09:44:38.000000000,2026-04-08 09:44:08.000000000,0.0,79.85585630665481,0.0,2.5,0.0,2.5,0.020833333333333332,0.0,False,service
1.0,0.0,227.94980309080773,5.065551179795728,45.0,9-N1-2-B-034901,Les coursives,La Fontaine,4.0,427.0,21715.333333333332,80083.80610974562,12898.003526410092,0.0,solaris_urbino_12_electric,Solaris Urbino 12 electric,85.28392166947715,420.0,2026-04-08 09:45:23.000000000,2026-04-08 09:44:38.000000000,0.22794980309080773,80.08380610974562,18.23598424726462,12.898003526410092,0.0,12.898003526410092,0.16122504408012614,0.0,False,service
0.0,0.0,0.0,0.0,30.0,9-N1-2-B-034901,La Fontaine,La Fontaine,4.0,428.0,21745.333333333332,80083.80610974562,2500.0,0.0,solaris_urbino_12_electric,Solaris Urbino 12 electric,85.27896135201684,420.0,2026-04-08 09:45:53.000000000,2026-04-08 09:45:23.000000000,0.0,80.08380610974562,0.0,2.5,0.0,2.5,0.020833333333333332,0.0,False,service
1.0,0.0,278.8940733458619,4.572033989276425,61.0,9-N1-2-B-034901,La Fontaine,Place la Barre,4.0,429.0,21806.333333333332,80362.70018309148,11808.10899952981,0.0,solaris_urbino_12_electric,Solaris Urbino 12 electric,85.23132281703197,420.0,2026-04-08 09:46:54.000000000,2026-04-08 09:45:53.000000000,0.2788940733458619,80.36270018309148,16.459322361395127,11.808108999529809,0.0,11.808108999529809,0.20008184693647732,0.0,False,service
0.0,0.0,0.0,0.0,30.0,9-N1-2-B-034901,Place la Barre,Place la Barre,4.0,430.0,21836.333333333332,80362.70018309148,2500.0,0.0,solaris_urbino_12_electric,Solaris Urbino 12 electric,85.22636249957165,420.0,2026-04-08 09:47:24.000000000,2026-04-08 09:46:54.000000000,0.0,80.36270018309148,0.0,2.5,0.0,2.5,0.020833333333333332,0.0,False,service
1.0,0.0,552.9827646282706,5.882795368385858,94.0,9-N1-2-B-034901,Place la Barre,Sully,4.0,431.0,21930.333333333332,80915.68294771975,14761.584006347119,0.0,solaris_urbino_12_electric,Solaris Urbino 12 electric,85.13459074715124,420.0,2026-04-08 09:48:58.000000000,2026-04-08 09:47:24.000000000,0.5529827646282706,80.91568294771974,21.178063326189086,14.76158400634712,0.0,14.76158400634712,0.38544136016573033,0.0,False,service
0.0,0.0,0.0,0.0,30.0,9-N1-2-B-034901,Sully,Sully,4.0,432.0,21960.333333333332,80915.68294771975,2500.0,0.0,solaris_urbino_12_electric,Solaris Urbino 12 electric,85.12963042969092,420.0,2026-04-08 09:49:28.000000000,2026-04-08 09:48:58.000000000,0.0,80.91568294771974,0.0,2.5,0.0,2.5,0.020833333333333332,0.0,False,service
1.0,0.0,541.2636534432309,5.820039284335816,93.0,9-N1-2-B-034901,Sully,Espace Alliance,4.0,433.0,22053.333333333332,81456.94660116297,14615.67378448361,0.0,solaris_urbino_12_electric,Solaris Urbino 12 electric,85.03973243617524,420.0,2026-04-08 09:51:01.000000000,2026-04-08 09:49:28.000000000,0.5412636534432308,81.45694660116297,20.952141423608936,14.61567378448361,0.0,14.61567378448361,0.3775715727658266,0.0,False,service
0.0,0.0,0.0,0.0,30.0,9-N1-2-B-034901,Espace Alliance,Espace Alliance,4.0,434.0,22083.333333333332,81456.94660116297,2500.0,0.0,solaris_urbino_12_electric,Solaris Urbino 12 electric,85.03477211871493,420.0,2026-04-08 09:51:31.000000000,2026-04-08 09:51:01.000000000,0.0,81.45694660116297,0.0,2.5,0.0,2.5,0.020833333333333332,0.0,False,service
1.0,0.0,306.8484114845754,5.789592669520291,53.0,9-N1-2-B-034901,Espace Alliance,Faubourg de Hem,4.0,435.0,22136.333333333332,81763.79501264755,14545.059713261502,0.0,solaris_urbino_12_electric,Solaris Urbino 12 electric,84.9837874517306,420.0,2026-04-08 09:52:24.000000000,2026-04-08 09:51:31.000000000,0.3068484114845754,81.76379501264755,20.842533610273048,14.545059713261502,0.0,14.545059713261502,0.21413560133412768,0.0,False,service
0.0,0.0,0.0,0.0,30.0,9-N1-2-B-034901,Faubourg de Hem,Faubourg de Hem,4.0,436.0,22166.333333333332,81763.79501264755,2500.0,0.0,solaris_urbino_12_electric,Solaris Urbino 12 electric,84.97882713427029,420.0,2026-04-08 09:52:54.000000000,2026-04-08 09:52:24.000000000,0.0,81.76379501264755,0.0,2.5,0.0,2.5,0.020833333333333332,0.0,False,service
1.0,0.0,296.4471853943004,7.058266318911914,42.0,9-N1-2-B-034901,Faubourg de Hem,Egl. St-Firmin,4.0,437.0,22208.333333333332,82060.24219804184,17591.10789775967,0.0,solaris_urbino_12_electric,Solaris Urbino 12 electric,84.92996294566541,420.0,2026-04-08 09:53:36.000000000,2026-04-08 09:52:54.000000000,0.29644718539430037,82.06024219804185,25.409758748082893,17.59110789775967,0.0,17.59110789775967,0.2052295921405295,0.0,False,service
0.0,0.0,0.0,0.0,30.0,9-N1-2-B-034901,Egl. St-Firmin,Egl. St-Firmin,4.0,438.0,22238.333333333332,82060.24219804184,2500.0,0.0,solaris_urbino_12_electric,Solaris Urbino 12 electric,84.92500262820509,420.0,2026-04-08 09:54:06.000000000,2026-04-08 09:53:36.000000000,0.0,82.06024219804185,0.0,2.5,0.0,2.5,0.020833333333333332,0.0,False,service
1.0,0.0,397.9625757415526,7.106474566813439,56.0,9-N1-2-B-034901,Egl. St-Firmin,Zoo d'Amiens,4.0,439.0,22294.333333333332,82458.2047737834,17711.33170949966,0.0,solaris_urbino_12_electric,Solaris Urbino 12 electric,84.85940510335509,420.0,2026-04-08 09:55:02.000000000,2026-04-08 09:54:06.000000000,0.3979625757415526,82.4582047737834,25.58330844052838,17.71133170949966,0.0,17.71133170949966,0.2755096043699947,0.0,False,service
0.0,0.0,0.0,0.0,30.0,9-N1-2-B-034901,Zoo d'Amiens,Zoo d'Amiens,4.0,440.0,22324.333333333332,82458.2047737834,2500.0,0.0,solaris_urbino_12_electric,Solaris Urbino 12 electric,84.85444478589477,420.0,2026-04-08 09:55:32.000000000,2026-04-08 09:55:02.000000000,0.0,82.4582047737834,0.0,2.5,0.0,2.5,0.020833333333333332,0.0,False,service
1.0,0.0,387.76459722543666,6.924367807597084,56.0,9-N1-2-B-034901,Zoo d'Amiens,Jean Jaurès,4.0,441.0,22380.333333333332,82845.96937100883,17259.00345845794,0.0,solaris_urbino_12_electric,Solaris Urbino 12 electric,84.79052255086344,420.0,2026-04-08 09:56:28.000000000,2026-04-08 09:55:32.000000000,0.38776459722543666,82.84596937100883,24.9277241073495,17.25900345845794,0.0,17.25900345845794,0.268473387131568,0.0,False,service
0.0,0.0,0.0,0.0,30.0,9-N1-2-B-034901,Jean Jaurès,Jean Jaurès,4.0,442.0,22410.333333333332,82845.96937100883,2500.0,0.0,solaris_urbino_12_electric,Solaris Urbino 12 electric,84.78556223340313,420.0,2026-04-08 09:56:58.000000000,2026-04-08 09:56:28.000000000,0.0,82.84596937100883,0.0,2.5,0.0,2.5,0.020833333333333332,0.0,False,service
1.0,0.0,353.81886733206454,6.675827685510652,53.0,9-N1-2-B-034901,Jean Jaurès,Saint-Jacques,4.0,443.0,22463.333333333332,83199.7882383409,16649.496892479903,0.0,solaris_urbino_12_electric,Solaris Urbino 12 electric,84.7272009017033,420.0,2026-04-08 09:57:51.000000000,2026-04-08 09:56:58.000000000,0.3538188673320645,83.1997882383409,24.032979667838347,16.649496892479902,0.0,16.649496892479902,0.24511759313928747,0.0,False,service
0.0,0.0,0.0,0.0,30.0,9-N1-2-B-034901,Saint-Jacques,Saint-Jacques,4.0,444.0,22493.333333333332,83199.7882383409,2500.0,0.0,solaris_urbino_12_electric,Solaris Urbino 12 electric,84.72224058424298,420.0,2026-04-08 09:58:21.000000000,2026-04-08 09:57:51.000000000,0.0,83.1997882383409,0.0,2.5,0.0,2.5,0.020833333333333332,0.0,False,service
1.0,0.0,242.8037375118653,7.35768901551107,33.0,9-N1-2-B-034901,Saint-Jacques,M. Culture A,4.0,445.0,22526.333333333332,83442.59197585276,18343.542843186246,0.0,solaris_urbino_12_electric,Solaris Urbino 12 electric,84.68220507406936,420.0,2026-04-08 09:58:54.000000000,2026-04-08 09:58:21.000000000,0.24280373751186532,83.44259197585276,26.487680455839854,18.343542843186246,0.0,18.343542843186246,0.16814914272920725,0.0,False,service
0.0,0.0,0.0,0.0,30.0,9-N1-2-B-034901,M. Culture A,M. Culture A,4.0,446.0,22556.333333333332,83442.59197585276,2500.0,0.0,solaris_urbino_12_electric,Solaris Urbino 12 electric,84.67724475660904,420.0,2026-04-08 09:59:24.000000000,2026-04-08 09:58:54.000000000,0.0,83.44259197585276,0.0,2.5,0.0,2.5,0.020833333333333332,0.0,False,service
1.0,0.0,296.74165114956037,2.472847092913003,120.0,9-N1-2-B-034901,M. Culture A,Hôtel de Ville,4.0,447.0,22676.333333333332,83739.33362700231,7405.169534075037,0.0,solaris_urbino_12_electric,Solaris Urbino 12 electric,84.61847356983067,420.0,2026-04-08 10:01:24.000000000,2026-04-08 09:59:24.000000000,0.29674165114956036,83.73933362700231,8.90224953448681,7.4051695340750365,0.0,7.4051695340750365,0.2468389844691679,0.0,False,service
0.0,0.0,0.0,0.0,30.0,9-N1-2-B-034901,Hôtel de Ville,Hôtel de Ville,4.0,448.0,22706.333333333332,83739.33362700231,2500.0,0.0,solaris_urbino_12_electric,Solaris Urbino 12 electric,84.61351325237035,420.0,2026-04-08 10:01:54.000000000,2026-04-08 10:01:24.000000000,0.0,83.73933362700231,0.0,2.5,0.0,2.5,0.020833333333333332,0.0,False,service
1.0,0.0,228.2941059416939,4.005159753363051,57.0,9-N1-2-B-034901,Hôtel de Ville,Jacobins,4.0,449.0,22763.333333333332,83967.627732944,10585.195099293087,0.0,solaris_urbino_12_electric,Solaris Urbino 12 electric,84.57360874703572,420.0,2026-04-08 10:02:51.000000000,2026-04-08 10:01:54.000000000,0.22829410594169391,83.96762773294401,14.418575112106984,10.585195099293086,0.0,10.585195099293086,0.1675989224054739,0.0,False,service
0.0,0.0,0.0,0.0,30.0,9-N1-2-B-034901,Jacobins,Jacobins,4.0,450.0,22793.333333333332,83967.627732944,2500.0,0.0,solaris_urbino_12_electric,Solaris Urbino 12 electric,84.5686484295754,420.0,2026-04-08 10:03:21.000000000,2026-04-08 10:02:51.000000000,0.0,83.96762773294401,0.0,2.5,0.0,2.5,0.020833333333333332,0.0,False,service
1.0,0.0,326.11241962366006,4.026079254613087,81.0,9-N1-2-B-034901,Jacobins,Emile Zola,4.0,451.0,22874.333333333332,84293.74015256767,10629.8158571957,0.0,solaris_urbino_12_electric,Solaris Urbino 12 electric,84.51170298748328,420.0,2026-04-08 10:04:42.000000000,2026-04-08 10:03:21.000000000,0.32611241962366005,84.29374015256766,14.493885316607114,10.6298158571957,0.0,10.6298158571957,0.23917085678690322,0.0,False,service
0.0,0.0,0.0,0.0,30.0,9-N1-2-B-034901,Emile Zola,Emile Zola,4.0,452.0,22904.333333333332,84293.74015256767,2500.0,0.0,solaris_urbino_12_electric,Solaris Urbino 12 electric,84.50674267002296,420.0,2026-04-08 10:05:12.000000000,2026-04-08 10:04:42.000000000,0.0,84.29374015256766,0.0,2.5,0.0,2.5,0.020833333333333332,0.0,False,service
1.0,0.0,355.48637357572056,2.1943603307143245,162.0,9-N1-2-B-034901,Emile Zola,Gare du Nord B,4.0,453.0,23066.333333333332,84649.2265261434,6842.679519791913,0.0,solaris_urbino_12_electric,Solaris Urbino 12 electric,84.43342824659662,420.0,2026-04-08 10:07:54.000000000,2026-04-08 10:05:12.000000000,0.35548637357572055,84.6492265261434,7.899697190571568,6.842679519791913,0.0,6.842679519791913,0.307920578390636,0.0,False,service
0.0,0.0,0.0,0.0,30.0,9-N1-2-B-034901,Gare du Nord B,Gare du Nord B,4.0,454.0,23096.333333333332,84649.2265261434,2500.0,0.0,solaris_urbino_12_electric,Solaris Urbino 12 electric,84.4284679291363,420.0,2026-04-08 10:08:24.000000000,2026-04-08 10:07:54.000000000,0.0,84.6492265261434,0.0,2.5,0.0,2.5,0.020833333333333332,0.0,False,service
1.0,0.0,368.1948881034494,3.95908481831666,93.0,9-N1-2-B-034901,Gare du Nord B,Caserne Dejean,4.0,455.0,23189.333333333332,85017.42141424684,10487.049257408216,0.0,solaris_urbino_12_electric,Solaris Urbino 12 electric,84.36396425314828,420.0,2026-04-08 10:09:57.000000000,2026-04-08 10:08:24.000000000,0.3681948881034494,85.01742141424684,14.252705345939976,10.487049257408216,0.0,10.487049257408216,0.2709154391497123,0.0,False,service
0.0,0.0,0.0,0.0,30.0,9-N1-2-B-034901,Caserne Dejean,Caserne Dejean,4.0,456.0,23219.333333333332,85017.42141424684,2500.0,0.0,solaris_urbino_12_electric,Solaris Urbino 12 electric,84.35900393568797,420.0,2026-04-08 10:10:27.000000000,2026-04-08 10:09:57.000000000,0.0,85.01742141424684,0.0,2.5,0.0,2.5,0.020833333333333332,0.0,False,service
1.0,0.0,355.3755273513469,3.862777471210292,92.0,9-N1-2-B-034901,Caserne Dejean,Pinceau,4.0,457.0,23311.333333333332,85372.7969415982,10282.474769595454,0.0,solaris_urbino_12_electric,Solaris Urbino 12 electric,84.29643861301582,420.0,2026-04-08 10:11:59.000000000,2026-04-08 10:10:27.000000000,0.35537552735134686,85.3727969415982,13.905998896357051,10.282474769595455,0.0,10.282474769595455,0.2627743552229949,0.0,False,service
0.0,0.0,0.0,0.0,30.0,9-N1-2-B-034901,Pinceau,Pinceau,4.0,458.0,23341.333333333332,85372.7969415982,2500.0,0.0,solaris_urbino_12_electric,Solaris Urbino 12 electric,84.2914782955555,420.0,2026-04-08 10:12:29.000000000,2026-04-08 10:11:59.000000000,0.0,85.3727969415982,0.0,2.5,0.0,2.5,0.020833333333333332,0.0,False,service
1.0,0.0,447.05548624280317,3.8874390108069843,115.0,9-N1-2-B-034901,Pinceau,L. de Luzarches,4.0,459.0,23456.333333333332,85819.85242784099,10334.78728614811,0.0,solaris_urbino_12_electric,Solaris Urbino 12 electric,84.21287376262515,420.0,2026-04-08 10:14:24.000000000,2026-04-08 10:12:29.000000000,0.44705548624280317,85.81985242784098,13.994780438905144,10.33478728614811,0.0,10.33478728614811,0.3301390383075091,0.0,False,service
0.0,0.0,0.0,0.0,30.0,9-N1-2-B-034901,L. de Luzarches,L. de Luzarches,4.0,460.0,23486.333333333332,85819.85242784099,2500.0,0.0,solaris_urbino_12_electric,Solaris Urbino 12 electric,84.20791344516482,420.0,2026-04-08 10:14:54.000000000,2026-04-08 10:14:24.000000000,0.0,85.81985242784098,0.0,2.5,0.0,2.5,0.020833333333333332,0.0,False,service
1.0,0.0,324.8685267650074,8.121713169125185,40.0,9-N1-2-B-034901,L. de Luzarches,Egl. St-Acheul,4.0,461.0,23526.333333333332,86144.720954606,20328.218593303132,0.0,solaris_urbino_12_electric,Solaris Urbino 12 electric,84.15413508909789,420.0,2026-04-08 10:15:34.000000000,2026-04-08 10:14:54.000000000,0.3248685267650074,86.144720954606,29.238167408850664,20.32821859330313,0.0,20.32821859330313,0.22586909548114592,0.0,False,service
0.0,0.0,0.0,0.0,30.0,9-N1-2-B-034901,Egl. St-Acheul,Egl. St-Acheul,4.0,462.0,23556.333333333332,86144.720954606,2500.0,0.0,solaris_urbino_12_electric,Solaris Urbino 12 electric,84.14917477163758,420.0,2026-04-08 10:16:04.000000000,2026-04-08 10:15:34.000000000,0.0,86.144720954606,0.0,2.5,0.0,2.5,0.020833333333333332,0.0,False,service
1.0,0.0,451.79666905185246,8.214484891851862,55.0,9-N1-2-B-034901,Egl. St-Acheul,Mercey,4.0,463.0,23611.333333333332,86596.51762365786,20575.864377064863,0.0,solaris_urbino_12_electric,Solaris Urbino 12 electric,84.0743287041284,420.0,2026-04-08 10:16:59.000000000,2026-04-08 10:16:04.000000000,0.45179666905185245,86.59651762365786,29.572145610666706,20.575864377064864,0.0,20.575864377064864,0.31435348353849096,0.0,False,service
0.0,0.0,0.0,0.0,30.0,9-N1-2-B-034901,Mercey,Mercey,4.0,464.0,23641.333333333332,86596.51762365786,2500.0,0.0,solaris_urbino_12_electric,Solaris Urbino 12 electric,84.06936838666809,420.0,2026-04-08 10:17:29.000000000,2026-04-08 10:16:59.000000000,0.0,86.59651762365786,0.0,2.5,0.0,2.5,0.020833333333333332,0.0,False,service
1.0,0.0,481.8036462949089,8.166163496523879,59.0,9-N1-2-B-034901,Mercey,Sobo,4.0,465.0,23700.333333333332,87078.32126995276,20446.688745559044,0.0,solaris_urbino_12_electric,Solaris Urbino 12 electric,83.98958302714507,420.0,2026-04-08 10:18:28.000000000,2026-04-08 10:17:29.000000000,0.4818036462949089,87.07832126995277,29.398188587485965,20.446688745559044,0.0,20.446688745559044,0.3350985099966621,0.0,False,service
0.0,0.0,0.0,0.0,30.0,9-N1-2-B-034901,Sobo,Sobo,4.0,466.0,23730.333333333332,87078.32126995276,2500.0,0.0,solaris_urbino_12_electric,Solaris Urbino 12 electric,83.98462270968476,420.0,2026-04-08 10:18:58.000000000,2026-04-08 10:18:28.000000000,0.0,87.07832126995277,0.0,2.5,0.0,2.5,0.020833333333333332,0.0,False,service
1.0,0.0,707.5852717526406,8.22773571805396,86.0,9-N1-2-B-034901,Sobo,Pont de l'Avre,4.0,467.0,23816.333333333332,87785.90654170541,20611.358234859843,0.0,solaris_urbino_12_electric,Solaris Urbino 12 electric,83.86738879379864,420.0,2026-04-08 10:20:24.000000000,2026-04-08 10:18:58.000000000,0.7075852717526405,87.7859065417054,29.61984858499426,20.611358234859843,0.0,20.611358234859843,0.4923824467216518,0.0,False,service
0.0,0.0,0.0,0.0,30.0,9-N1-2-B-034901,Pont de l'Avre,Pont de l'Avre,4.0,468.0,23846.333333333332,87785.90654170541,2500.0,0.0,solaris_urbino_12_electric,Solaris Urbino 12 electric,83.86242847633832,420.0,2026-04-08 10:20:54.000000000,2026-04-08 10:20:24.000000000,0.0,87.7859065417054,0.0,2.5,0.0,2.5,0.020833333333333332,0.0,False,service
1.0,0.0,296.6141068969825,7.062240640404345,42.0,9-N1-2-B-034901,Pont de l'Avre,Cité du Château,4.0,469.0,23888.333333333332,88082.5206486024,17601.00604348413,0.0,solaris_urbino_12_electric,Solaris Urbino 12 electric,83.81353679288421,420.0,2026-04-08 10:21:36.000000000,2026-04-08 10:20:54.000000000,0.2966141068969825,88.0825206486024,25.424066305455643,17.60100604348413,0.0,17.60100604348413,0.20534507050731485,0.0,False,service
0.0,0.0,0.0,0.0,30.0,9-N1-2-B-034901,Cité du Château,Cité du Château,4.0,470.0,23918.333333333332,88082.5206486024,2500.0,0.0,solaris_urbino_12_electric,Solaris Urbino 12 electric,83.80857647542389,420.0,2026-04-08 10:22:06.000000000,2026-04-08 10:21:36.000000000,0.0,88.0825206486024,0.0,2.5,0.0,2.5,0.020833333333333332,0.0,False,service
1.0,0.0,332.9543642312839,6.936549254818414,48.0,9-N1-2-B-034901,Cité du Château,La Rose Rouge,4.0,471.0,23966.333333333332,88415.47501283367,17289.107112419595,0.0,solaris_urbino_12_electric,Solaris Urbino 12 electric,83.75369042109875,420.0,2026-04-08 10:22:54.000000000,2026-04-08 10:22:06.000000000,0.3329543642312839,88.41547501283368,24.97157731734629,17.289107112419597,0.0,17.289107112419597,0.2305214281655946,0.0,False,service
0.0,0.0,0.0,0.0,30.0,9-N1-2-B-034901,La Rose Rouge,La Rose Rouge,4.0,472.0,23996.333333333332,88415.47501283367,2500.0,0.0,solaris_urbino_12_electric,Solaris Urbino 12 electric,83.74873010363842,420.0,2026-04-08 10:23:24.000000000,2026-04-08 10:22:54.000000000,0.0,88.41547501283368,0.0,2.5,0.0,2.5,0.020833333333333332,0.0,False,service
1.0,0.0,225.1396338173497,7.262568832817732,31.0,9-N1-2-B-034901,La Rose Rouge,Poidevin,4.0,473.0,24027.333333333332,88640.61464665103,18103.02141613429,0.0,solaris_urbino_12_electric,Solaris Urbino 12 electric,83.71161412057624,420.0,2026-04-08 10:23:55.000000000,2026-04-08 10:23:24.000000000,0.2251396338173497,88.64061464665103,26.145247798143835,18.10302141613429,0.0,18.10302141613429,0.15588712886115635,0.0,False,service
0.0,0.0,0.0,0.0,30.0,9-N1-2-B-034901,Poidevin,Poidevin,4.0,474.0,24057.333333333332,88640.61464665103,2500.0,0.0,solaris_urbino_12_electric,Solaris Urbino 12 electric,83.70665380311593,420.0,2026-04-08 10:24:25.000000000,2026-04-08 10:23:55.000000000,0.0,88.64061464665103,0.0,2.5,0.0,2.5,0.020833333333333332,0.0,False,service
1.0,0.0,314.5014195772681,7.147759535847002,44.0,9-N1-2-B-034901,Poidevin,M. de Longueau,4.0,475.0,24101.333333333332,88955.1160662283,17814.568253525784,0.0,solaris_urbino_12_electric,Solaris Urbino 12 electric,83.65481246692842,420.0,2026-04-08 10:25:09.000000000,2026-04-08 10:24:25.000000000,0.3145014195772681,88.9551160662283,25.731934329049206,17.814568253525785,0.0,17.814568253525785,0.21773361198753735,0.0,False,service
0.0,0.0,0.0,0.0,30.0,9-N1-2-B-034901,M. de Longueau,M. de Longueau,4.0,476.0,24131.333333333332,88955.1160662283,2500.0,0.0,solaris_urbino_12_electric,Solaris Urbino 12 electric,83.6498521494681,420.0,2026-04-08 10:25:39.000000000,2026-04-08 10:25:09.000000000,0.0,88.9551160662283,0.0,2.5,0.0,2.5,0.020833333333333332,0.0,False,service
1.0,0.0,256.63398574137216,6.936053668685734,37.0,9-N1-2-B-034901,M. de Longueau,La Fourche,4.0,477.0,24168.333333333332,89211.75005196966,17287.881959235827,0.0,solaris_urbino_12_electric,Solaris Urbino 12 electric,83.60754714731918,420.0,2026-04-08 10:26:16.000000000,2026-04-08 10:25:39.000000000,0.25663398574137214,89.21175005196966,24.96979320726864,17.287881959235825,0.0,17.287881959235825,0.17768100902547934,0.0,False,service
0.0,0.0,0.0,0.0,30.0,9-N1-2-B-034901,La Fourche,La Fourche,4.0,478.0,24198.333333333332,89211.75005196966,2500.0,0.0,solaris_urbino_12_electric,Solaris Urbino 12 electric,83.60258682985886,420.0,2026-04-08 10:26:46.000000000,2026-04-08 10:26:16.000000000,0.0,89.21175005196966,0.0,2.5,0.0,2.5,0.020833333333333332,0.0,False,service
1.0,0.0,651.0902221706201,6.643777777251225,98.0,9-N1-2-B-034901,La Fourche,Croix de Fer,4.0,479.0,24296.333333333332,89862.84027414028,16571.54282882152,0.0,solaris_urbino_12_electric,Solaris Urbino 12 electric,83.49517868189429,420.0,2026-04-08 10:28:24.000000000,2026-04-08 10:26:46.000000000,0.6510902221706201,89.86284027414028,23.91759999810441,16.571542828821517,0.0,16.571542828821517,0.4511142214512525,0.0,False,service
0.0,0.0,0.0,0.0,30.0,9-N1-2-B-034901,Croix de Fer,Croix de Fer,4.0,480.0,24326.333333333332,89862.84027414028,2500.0,0.0,solaris_urbino_12_electric,Solaris Urbino 12 electric,83.49021836443396,420.0,2026-04-08 10:28:54.000000000,2026-04-08 10:28:24.000000000,0.0,89.86284027414028,0.0,2.5,0.0,2.5,0.020833333333333332,0.0,False,service
1.0,0.0,703.41712703917,4.953641739712465,142.0,9-N1-2-B-034901,Croix de Fer,C. Cial Glisy,4.0,481.0,24468.333333333332,90566.25740117945,12648.657874092083,0.0,solaris_urbino_12_electric,Solaris Urbino 12 electric,83.37142805900268,420.0,2026-04-08 10:31:16.000000000,2026-04-08 10:28:54.000000000,0.70341712703917,90.56625740117946,17.833110262964873,12.648657874092082,0.0,12.648657874092082,0.4989192828114099,0.0,False,service
0.0,0.0,0.0,0.0,30.0,9-N1-2-B-034901,C. Cial Glisy,C. Cial Glisy,4.0,482.0,24498.333333333332,90566.25740117945,2500.0,0.0,solaris_urbino_12_electric,Solaris Urbino 12 electric,83.36646774154235,420.0,2026-04-08 10:31:46.000000000,2026-04-08 10:31:16.000000000,0.0,90.56625740117946,0.0,2.5,0.0,2.5,0.020833333333333332,0.0,False,service
1.0,0.0,136.72688382470434,4.883102993739441,28.0,9-N1-2-B-034901,C. Cial Glisy,Capitaine Nemo,4.0,483.0,24526.333333333332,90702.98428500416,12492.168184754679,0.0,solaris_urbino_12_electric,Solaris Urbino 12 electric,83.34333409675577,420.0,2026-04-08 10:32:14.000000000,2026-04-08 10:31:46.000000000,0.13672688382470435,90.70298428500416,17.57917077746199,12.492168184754679,0.0,12.492168184754679,0.09716130810364751,0.0,False,service
0.0,0.0,0.0,0.0,30.0,9-N1-2-B-034901,Capitaine Nemo,Capitaine Nemo,4.0,484.0,24556.333333333332,90702.98428500416,2500.0,0.0,solaris_urbino_12_electric,Solaris Urbino 12 electric,83.33837377929547,420.0,2026-04-08 10:32:44.000000000,2026-04-08 10:32:14.000000000,0.0,90.70298428500416,0.0,2.5,0.0,2.5,0.020833333333333332,0.0,False,service
1.0,0.0,323.4478124594319,2.488060095841784,130.0,9-N1-2-B-034901,Capitaine Nemo,Pôle J. Verne,4.0,485.0,24686.333333333332,91026.43209746359,7436.009883372681,0.0,solaris_urbino_12_electric,Solaris Urbino 12 electric,83.2744398318855,420.0,2026-04-08 10:34:54.000000000,2026-04-08 10:32:44.000000000,0.3234478124594319,91.0264320974636,8.957016345030421,7.43600988337268,0.0,7.43600988337268,0.2685225791217912,0.0,False,service
0.0,0.0,0.0,0.0,30.0,9-N1-2-B-034901,Pôle J. Verne,Pôle J. Verne,4.0,486.0,24716.333333333332,91026.43209746359,2500.0,0.0,solaris_urbino_12_electric,Solaris Urbino 12 electric,83.26947951442519,420.0,2026-04-08 10:35:24.000000000,2026-04-08 10:34:54.000000000,0.0,91.0264320974636,0.0,2.5,0.0,2.5,0.020833333333333332,0.0,False,service
1.0,0.0,334.0181708930427,4.7044812801837,71.0,9-N1-4-B-035101,Pôle J. Verne,Capitaine Nemo,4.0,487.0,24787.333333333332,91360.45026835664,12098.184498446486,0.0,solaris_urbino_12_electric,Solaris Urbino 12 electric,83.21266925652904,420.0,2026-04-08 10:36:35.000000000,2026-04-08 10:35:24.000000000,0.3340181708930427,91.36045026835664,16.93613260866132,12.098184498446486,0.0,12.098184498446486,0.23860308316380568,0.0,False,service
0.0,0.0,0.0,0.0,30.0,9-N1-4-B-035101,Capitaine Nemo,Capitaine Nemo,4.0,488.0,24817.333333333332,91360.45026835664,2500.0,0.0,solaris_urbino_12_electric,Solaris Urbino 12 electric,83.20770893906872,420.0,2026-04-08 10:37:05.000000000,2026-04-08 10:36:35.000000000,0.0,91.36045026835664,0.0,2.5,0.0,2.5,0.020833333333333332,0.0,False,service
1.0,0.0,122.91799931516653,5.8532380626269775,21.0,9-N1-4-B-035101,Capitaine Nemo,C. Cial Glisy,4.0,489.0,24838.333333333332,91483.3682676718,14692.801288691231,0.0,solaris_urbino_12_electric,Solaris Urbino 12 electric,83.18730227061221,420.0,2026-04-08 10:37:26.000000000,2026-04-08 10:37:05.000000000,0.12291799931516653,91.4833682676718,21.07165702545712,14.69280128869123,0.0,14.69280128869123,0.08570800751736551,0.0,False,service
0.0,0.0,0.0,0.0,30.0,9-N1-4-B-035101,C. Cial Glisy,C. Cial Glisy,4.0,490.0,24868.333333333332,91483.3682676718,2500.0,0.0,solaris_urbino_12_electric,Solaris Urbino 12 electric,83.18234195315189,420.0,2026-04-08 10:37:56.000000000,2026-04-08 10:37:26.000000000,0.0,91.4833682676718,0.0,2.5,0.0,2.5,0.020833333333333332,0.0,False,service
1.0,0.0,685.9620842301216,4.6664087362593305,147.0,9-N1-4-B-035101,C. Cial Glisy,Croix de Fer,4.0,491.0,25015.333333333332,92169.33035190192,12014.623985741244,0.0,solaris_urbino_12_electric,Solaris Urbino 12 electric,83.06553310884607,420.0,2026-04-08 10:40:23.000000000,2026-04-08 10:37:56.000000000,0.6859620842301216,92.16933035190192,16.79907145053359,12.014623985741244,0.0,12.014623985741244,0.4905971460844341,0.0,False,service
0.0,0.0,0.0,0.0,30.0,9-N1-4-B-035101,Croix de Fer,Croix de Fer,4.0,492.0,25045.333333333332,92169.33035190192,2500.0,0.0,solaris_urbino_12_electric,Solaris Urbino 12 electric,83.06057279138577,420.0,2026-04-08 10:40:53.000000000,2026-04-08 10:40:23.000000000,0.0,92.16933035190192,0.0,2.5,0.0,2.5,0.020833333333333332,0.0,False,service
1.0,0.0,746.5227463047001,6.912247650969446,108.0,9-N1-4-B-035101,Croix de Fer,La Fourche,4.0,493.0,25153.333333333332,92915.85309820663,17229.07289480432,0.0,solaris_urbino_12_electric,Solaris Urbino 12 electric,82.9375079849943,420.0,2026-04-08 10:42:41.000000000,2026-04-08 10:40:53.000000000,0.7465227463047002,92.91585309820663,24.88409154349001,17.22907289480432,0.0,17.22907289480432,0.5168721868441296,0.0,False,service
0.0,0.0,0.0,0.0,30.0,9-N1-4-B-035101,La Fourche,La Fourche,4.0,494.0,25183.333333333332,92915.85309820663,2500.0,0.0,solaris_urbino_12_electric,Solaris Urbino 12 electric,82.93254766753398,420.0,2026-04-08 10:43:11.000000000,2026-04-08 10:42:41.000000000,0.0,92.91585309820663,0.0,2.5,0.0,2.5,0.020833333333333332,0.0,False,service
1.0,0.0,236.45430499839583,7.38919703119987,32.0,9-N1-4-B-035101,La Fourche,M. de Longueau,4.0,495.0,25215.333333333332,93152.30740320502,18423.52454712258,0.0,solaris_urbino_12_electric,Solaris Urbino 12 electric,82.89355608119087,420.0,2026-04-08 10:43:43.000000000,2026-04-08 10:43:11.000000000,0.23645430499839581,93.15230740320501,26.60110931231953,18.42352454712258,0.0,18.42352454712258,0.1637646626410896,0.0,False,service
0.0,0.0,0.0,0.0,30.0,9-N1-4-B-035101,M. de Longueau,M. de Longueau,4.0,496.0,25245.333333333332,93152.30740320502,2500.0,0.0,solaris_urbino_12_electric,Solaris Urbino 12 electric,82.88859576373055,420.0,2026-04-08 10:44:13.000000000,2026-04-08 10:43:43.000000000,0.0,93.15230740320501,0.0,2.5,0.0,2.5,0.020833333333333332,0.0,False,service
1.0,0.0,238.2314886825274,7.219136020682649,33.0,9-N1-4-B-035101,M. de Longueau,Poidevin,4.0,497.0,25278.333333333332,93390.53889188755,17993.661455547277,0.0,solaris_urbino_12_electric,Solaris Urbino 12 electric,82.84932388356964,420.0,2026-04-08 10:44:46.000000000,2026-04-08 10:44:13.000000000,0.23823148868252741,93.39053889188756,25.98888967445754,17.993661455547276,0.0,17.993661455547276,0.16494189667585005,0.0,False,service
0.0,0.0,0.0,0.0,30.0,9-N1-4-B-035101,Poidevin,Poidevin,4.0,498.0,25308.333333333332,93390.53889188755,2500.0,0.0,solaris_urbino_12_electric,Solaris Urbino 12 electric,82.84436356610931,420.0,2026-04-08 10:45:16.000000000,2026-04-08 10:44:46.000000000,0.0,93.39053889188756,0.0,2.5,0.0,2.5,0.020833333333333332,0.0,False,service
1.0,0.0,283.0530932557657,7.257771621942711,39.0,9-N1-4-B-035101,Poidevin,La Rose Rouge,4.0,499.0,25347.333333333332,93673.59198514331,18090.92822491121,0.0,solaris_urbino_12_electric,Solaris Urbino 12 electric,82.79770045759267,420.0,2026-04-08 10:45:55.000000000,2026-04-08 10:45:16.000000000,0.2830530932557657,93.67359198514332,26.127977838993758,18.09092822491121,0.0,18.09092822491121,0.19598505576987146,0.0,False,service
0.0,0.0,0.0,0.0,30.0,9-N1-4-B-035101,La Rose Rouge,La Rose Rouge,4.0,500.0,25377.333333333332,93673.59198514331,2500.0,0.0,solaris_urbino_12_electric,Solaris Urbino 12 electric,82.79274014013237,420.0,2026-04-08 10:46:25.000000000,2026-04-08 10:45:55.000000000,0.0,93.67359198514332,0.0,2.5,0.0,2.5,0.020833333333333332,0.0,False,service
1.0,0.0,382.52636844861735,7.356276316319565,52.0,9-N1-4-B-035101,La Rose Rouge,Cité du Château,4.0,501.0,25429.333333333332,94056.11835359193,18339.960401880504,0.0,solaris_urbino_12_electric,Solaris Urbino 12 electric,82.7296662022423,420.0,2026-04-08 10:47:17.000000000,2026-04-08 10:46:25.000000000,0.38252636844861737,94.05611835359193,26.482594738750432,18.339960401880504,0.0,18.339960401880504,0.26491053913827395,0.0,False,service
0.0,0.0,0.0,0.0,30.0,9-N1-4-B-035101,Cité du Château,Cité du Château,4.0,502.0,25459.333333333332,94056.11835359193,2500.0,0.0,solaris_urbino_12_electric,Solaris Urbino 12 electric,82.72470588478197,420.0,2026-04-08 10:47:47.000000000,2026-04-08 10:47:17.000000000,0.0,94.05611835359193,0.0,2.5,0.0,2.5,0.020833333333333332,0.0,False,service
1.0,0.0,259.04003764462647,7.195556601239624,36.0,9-N1-4-B-035101,Cité du Château,Pont de l'Avre,4.0,503.0,25495.333333333332,94315.15839123655,17934.41163158536,0.0,solaris_urbino_12_electric,Solaris Urbino 12 electric,82.68200490470677,420.0,2026-04-08 10:48:23.000000000,2026-04-08 10:47:47.000000000,0.25904003764462646,94.31515839123655,25.904003764462647,17.93441163158536,0.0,17.93441163158536,0.17934411631585362,0.0,False,service
0.0,0.0,0.0,0.0,30.0,9-N1-4-B-035101,Pont de l'Avre,Pont de l'Avre,4.0,504.0,25525.333333333332,94315.15839123655,2500.0,0.0,solaris_urbino_12_electric,Solaris Urbino 12 electric,82.67704458724646,420.0,2026-04-08 10:48:53.000000000,2026-04-08 10:48:23.000000000,0.0,94.31515839123655,0.0,2.5,0.0,2.5,0.020833333333333332,0.0,False,service
1.0,0.0,778.6426370279388,6.655065273743067,117.0,9-N1-4-B-035101,Pont de l'Avre,Sobo,4.0,505.0,25642.333333333332,95093.80102826448,16598.980534956492,0.0,solaris_urbino_12_electric,Solaris Urbino 12 electric,82.54860009501166,420.0,2026-04-08 10:50:50.000000000,2026-04-08 10:48:53.000000000,0.7786426370279388,95.09380102826448,23.95823498547504,16.598980534956493,0.0,16.598980534956493,0.539466867386086,0.0,False,service
0.0,0.0,0.0,0.0,30.0,9-N1-4-B-035101,Sobo,Sobo,4.0,506.0,25672.333333333332,95093.80102826448,2500.0,0.0,solaris_urbino_12_electric,Solaris Urbino 12 electric,82.54363977755136,420.0,2026-04-08 10:51:20.000000000,2026-04-08 10:50:50.000000000,0.0,95.09380102826448,0.0,2.5,0.0,2.5,0.020833333333333332,0.0,False,service
1.0,0.0,494.86888000554234,6.598251733407231,75.0,9-N1-4-B-035101,Sobo,Mercey,4.0,507.0,25747.333333333332,95588.66990827002,16461.059769141364,0.0,solaris_urbino_12_electric,Solaris Urbino 12 electric,82.46198769536315,420.0,2026-04-08 10:52:35.000000000,2026-04-08 10:51:20.000000000,0.49486888000554236,95.58866990827002,23.753706240266034,16.461059769141364,0.0,16.461059769141364,0.3429387451904451,0.0,False,service
0.0,0.0,0.0,0.0,30.0,9-N1-4-B-035101,Mercey,Mercey,4.0,508.0,25777.333333333332,95588.66990827002,2500.0,0.0,solaris_urbino_12_electric,Solaris Urbino 12 electric,82.45702737790283,420.0,2026-04-08 10:53:05.000000000,2026-04-08 10:52:35.000000000,0.0,95.58866990827002,0.0,2.5,0.0,2.5,0.020833333333333332,0.0,False,service
1.0,0.0,443.51095510688015,6.71986295616485,66.0,9-N1-4-B-035101,Mercey,Egl. St-Acheul,4.0,509.0,25843.333333333332,96032.1808633769,16756.83990194138,0.0,solaris_urbino_12_electric,Solaris Urbino 12 electric,82.38388244182293,420.0,2026-04-08 10:54:11.000000000,2026-04-08 10:53:05.000000000,0.44351095510688016,96.0321808633769,24.191506642193463,16.75683990194138,0.0,16.75683990194138,0.307208731535592,0.0,False,service
0.0,0.0,0.0,0.0,30.0,9-N1-4-B-035101,Egl. St-Acheul,Egl. St-Acheul,4.0,510.0,25873.333333333332,96032.1808633769,2500.0,0.0,solaris_urbino_12_electric,Solaris Urbino 12 electric,82.37892212436262,420.0,2026-04-08 10:54:41.000000000,2026-04-08 10:54:11.000000000,0.0,96.0321808633769,0.0,2.5,0.0,2.5,0.020833333333333332,0.0,False,service
1.0,0.0,277.40496861036326,6.604880205008649,42.0,9-N1-4-B-035101,Egl. St-Acheul,L. de Luzarches,4.0,511.0,25915.333333333332,96309.58583198726,16477.127724915903,0.0,solaris_urbino_12_electric,Solaris Urbino 12 electric,82.33315232512673,420.0,2026-04-08 10:55:23.000000000,2026-04-08 10:54:41.000000000,0.27740496861036323,96.30958583198726,23.777568738031135,16.477127724915903,0.0,16.477127724915903,0.19223315679068553,0.0,False,service
0.0,0.0,0.0,0.0,30.0,9-N1-4-B-035101,L. de Luzarches,L. de Luzarches,4.0,512.0,25945.333333333332,96309.58583198726,2500.0,0.0,solaris_urbino_12_electric,Solaris Urbino 12 electric,82.32819200766642,420.0,2026-04-08 10:55:53.000000000,2026-04-08 10:55:23.000000000,0.0,96.30958583198726,0.0,2.5,0.0,2.5,0.020833333333333332,0.0,False,service
1.0,0.0,343.1323580300078,3.855419753146155,89.0,9-N1-4-B-035101,L. de Luzarches,Pinceau,4.0,513.0,26034.333333333332,96652.71819001727,10266.87710449669,0.0,solaris_urbino_12_electric,Solaris Urbino 12 electric,82.2677586702127,420.0,2026-04-08 10:57:22.000000000,2026-04-08 10:55:53.000000000,0.3431323580300078,96.65271819001727,13.879511111326158,10.266877104496691,0.0,10.266877104496691,0.25382001730561266,0.0,False,service
0.0,0.0,0.0,0.0,30.0,9-N1-4-B-035101,Pinceau,Pinceau,4.0,514.0,26064.333333333332,96652.71819001727,2500.0,0.0,solaris_urbino_12_electric,Solaris Urbino 12 electric,82.26279835275238,420.0,2026-04-08 10:57:52.000000000,2026-04-08 10:57:22.000000000,0.0,96.65271819001727,0.0,2.5,0.0,2.5,0.020833333333333332,0.0,False,service
1.0,0.0,405.8966158731125,3.793426316571145,107.0,9-N1-4-B-035101,Pinceau,Caserne Dejean,4.0,515.0,26171.333333333332,97058.61480589038,10135.631813257165,0.0,solaris_urbino_12_electric,Solaris Urbino 12 electric,82.19107132867708,420.0,2026-04-08 10:59:39.000000000,2026-04-08 10:57:52.000000000,0.40589661587311254,97.05861480589037,13.656334739656122,10.135631813257165,0.0,10.135631813257165,0.3012535011162546,0.0,False,service
0.0,0.0,0.0,0.0,30.0,9-N1-4-B-035101,Caserne Dejean,Caserne Dejean,4.0,516.0,26201.333333333332,97058.61480589038,2500.0,0.0,solaris_urbino_12_electric,Solaris Urbino 12 electric,82.18611101121677,420.0,2026-04-08 11:00:09.000000000,2026-04-08 10:59:39.000000000,0.0,97.05861480589037,0.0,2.5,0.0,2.5,0.020833333333333332,0.0,False,service
1.0,0.0,391.6364257160486,3.7657348626543135,104.0,9-N1-4-B-035101,Caserne Dejean,Gare du Nord A,4.0,517.0,26305.333333333332,97450.25123160642,10077.106879742849,0.0,solaris_urbino_12_electric,Solaris Urbino 12 electric,82.11679757765239,420.0,2026-04-08 11:01:53.000000000,2026-04-08 11:00:09.000000000,0.3916364257160486,97.45025123160643,13.55664550555553,10.077106879742848,0.0,10.077106879742848,0.29111642097034895,0.0,False,service
0.0,0.0,0.0,0.0,30.0,9-N1-4-B-035101,Gare du Nord A,Gare du Nord A,4.0,518.0,26335.333333333332,97450.25123160642,2500.0,0.0,solaris_urbino_12_electric,Solaris Urbino 12 electric,82.11183726019209,420.0,2026-04-08 11:02:23.000000000,2026-04-08 11:01:53.000000000,0.0,97.45025123160643,0.0,2.5,0.0,2.5,0.020833333333333332,0.0,False,service
1.0,0.0,327.94171057791687,2.2158223687697087,148.0,9-N1-4-B-035101,Gare du Nord A,René Goblet,4.0,519.0,26483.333333333332,97778.19294218434,6885.894540513471,0.0,solaris_urbino_12_electric,Solaris Urbino 12 electric,82.04443564696484,420.0,2026-04-08 11:04:51.000000000,2026-04-08 11:02:23.000000000,0.3279417105779169,97.77819294218433,7.976960527570951,6.885894540513471,0.0,6.885894540513471,0.28308677555444267,0.0,False,service
0.0,0.0,0.0,0.0,30.0,9-N1-4-B-035101,René Goblet,René Goblet,4.0,520.0,26513.333333333332,97778.19294218434,2500.0,0.0,solaris_urbino_12_electric,Solaris Urbino 12 electric,82.03947532950451,420.0,2026-04-08 11:05:21.000000000,2026-04-08 11:04:51.000000000,0.0,97.77819294218433,0.0,2.5,0.0,2.5,0.020833333333333332,0.0,False,service
1.0,0.0,225.21730590675048,4.170690850125009,54.0,9-N1-4-B-035101,René Goblet,P. de Justice,4.0,521.0,26567.333333333332,98003.4102480911,10939.300990254254,0.0,solaris_urbino_12_electric,Solaris Urbino 12 electric,82.00040639739646,420.0,2026-04-08 11:06:15.000000000,2026-04-08 11:05:21.000000000,0.2252173059067505,98.0034102480911,15.014487060450033,10.939300990254255,0.0,10.939300990254255,0.16408951485381382,0.0,False,service
0.0,0.0,0.0,0.0,30.0,9-N1-4-B-035101,P. de Justice,P. de Justice,4.0,522.0,26597.333333333332,98003.4102480911,2500.0,0.0,solaris_urbino_12_electric,Solaris Urbino 12 electric,81.99544607993614,420.0,2026-04-08 11:06:45.000000000,2026-04-08 11:06:15.000000000,0.0,98.0034102480911,0.0,2.5,0.0,2.5,0.020833333333333332,0.0,False,service
1.0,0.0,229.9992746993994,3.965504736196541,58.0,9-N1-4-B-035101,P. de Justice,Dusevel,4.0,523.0,26655.333333333332,98233.40952279049,10500.713816572745,0.0,solaris_urbino_12_electric,Solaris Urbino 12 electric,81.95516556397311,420.0,2026-04-08 11:07:43.000000000,2026-04-08 11:06:45.000000000,0.2299992746993994,98.2334095227905,14.275817050307548,10.500713816572745,0.0,10.500713816572745,0.1691781670447831,0.0,False,service
0.0,0.0,0.0,0.0,30.0,9-N1-4-B-035101,Dusevel,Dusevel,4.0,524.0,26685.333333333332,98233.40952279049,2500.0,0.0,solaris_urbino_12_electric,Solaris Urbino 12 electric,81.95020524651278,420.0,2026-04-08 11:08:13.000000000,2026-04-08 11:07:43.000000000,0.0,98.2334095227905,0.0,2.5,0.0,2.5,0.020833333333333332,0.0,False,service
1.0,0.0,218.8226139254244,3.587255965990564,61.0,9-N1-4-B-035101,Dusevel,Beffroi,4.0,525.0,26746.333333333332,98452.23213671592,9701.347494647001,0.0,solaris_urbino_12_electric,Solaris Urbino 12 electric,81.9110662123082,420.0,2026-04-08 11:09:14.000000000,2026-04-08 11:08:13.000000000,0.2188226139254244,98.45223213671592,12.914121477566031,9.701347494647,0.0,9.701347494647,0.16438394365929643,0.0,False,service
0.0,0.0,0.0,0.0,30.0,9-N1-4-B-035101,Beffroi,Beffroi,4.0,526.0,26776.333333333332,98452.23213671592,2500.0,0.0,solaris_urbino_12_electric,Solaris Urbino 12 electric,81.90610589484788,420.0,2026-04-08 11:09:44.000000000,2026-04-08 11:09:14.000000000,0.0,98.45223213671592,0.0,2.5,0.0,2.5,0.020833333333333332,0.0,False,service
1.0,0.0,189.07722066752729,3.501430012361616,54.0,9-N1-4-B-035101,Beffroi,Place du Marché,4.0,527.0,26830.333333333332,98641.30935738345,9521.52461055803,0.0,solaris_urbino_12_electric,Solaris Urbino 12 electric,81.87210044981018,420.0,2026-04-08 11:10:38.000000000,2026-04-08 11:09:44.000000000,0.18907722066752727,98.64130935738345,12.605148044501819,9.52152461055803,0.0,9.52152461055803,0.14282286915837045,0.0,False,service
0.0,0.0,0.0,0.0,30.0,9-N1-4-B-035101,Place du Marché,Place du Marché,4.0,528.0,26860.333333333332,98641.30935738345,2500.0,0.0,solaris_urbino_12_electric,Solaris Urbino 12 electric,81.86714013234985,420.0,2026-04-08 11:11:08.000000000,2026-04-08 11:10:38.000000000,0.0,98.64130935738345,0.0,2.5,0.0,2.5,0.020833333333333332,0.0,False,service
1.0,0.0,171.78613535708172,3.817469674601816,45.0,9-N1-4-B-035101,Place du Marché,M. Culture B,4.0,529.0,26905.333333333332,98813.09549274053,10186.496636242933,0.0,solaris_urbino_12_electric,Solaris Urbino 12 electric,81.83682317807532,420.0,2026-04-08 11:11:53.000000000,2026-04-08 11:11:08.000000000,0.17178613535708173,98.81309549274053,13.742890828566539,10.186496636242934,0.0,10.186496636242934,0.12733120795303665,0.0,False,service
0.0,0.0,0.0,0.0,30.0,9-N1-4-B-035101,M. Culture B,M. Culture B,4.0,530.0,26935.333333333332,98813.09549274053,2500.0,0.0,solaris_urbino_12_electric,Solaris Urbino 12 electric,81.831862860615,420.0,2026-04-08 11:12:23.000000000,2026-04-08 11:11:53.000000000,0.0,98.81309549274053,0.0,2.5,0.0,2.5,0.020833333333333332,0.0,False,service
1.0,0.0,291.81191051704656,6.07941480243847,48.0,9-N1-4-B-035101,M. Culture B,Saint-Jacques,4.0,531.0,26983.333333333332,99104.90740325757,15221.936608587479,0.0,solaris_urbino_12_electric,Solaris Urbino 12 electric,81.78353925233378,420.0,2026-04-08 11:13:11.000000000,2026-04-08 11:12:23.000000000,0.2918119105170466,99.10490740325757,21.885893288778494,15.221936608587479,0.0,15.221936608587479,0.20295915478116638,0.0,False,service
0.0,0.0,0.0,0.0,30.0,9-N1-4-B-035101,Saint-Jacques,Saint-Jacques,4.0,532.0,27013.333333333332,99104.90740325757,2500.0,0.0,solaris_urbino_12_electric,Solaris Urbino 12 electric,81.77857893487345,420.0,2026-04-08 11:13:41.000000000,2026-04-08 11:13:11.000000000,0.0,99.10490740325757,0.0,2.5,0.0,2.5,0.020833333333333332,0.0,False,service
1.0,0.0,350.7042974526486,5.656520926655622,62.0,9-N1-4-B-035101,Saint-Jacques,Jean Jaurès,4.0,533.0,27075.333333333332,99455.61170071023,14237.75760989092,0.0,solaris_urbino_12_electric,Solaris Urbino 12 electric,81.72019659546783,420.0,2026-04-08 11:14:43.000000000,2026-04-08 11:13:41.000000000,0.3507042974526486,99.45561170071024,20.36347533596024,14.23775760989092,0.0,14.23775760989092,0.24520582550367695,0.0,False,service
0.0,0.0,0.0,0.0,30.0,9-N1-4-B-035101,Jean Jaurès,Jean Jaurès,4.0,534.0,27105.333333333332,99455.61170071023,2500.0,0.0,solaris_urbino_12_electric,Solaris Urbino 12 electric,81.7152362780075,420.0,2026-04-08 11:15:13.000000000,2026-04-08 11:14:43.000000000,0.0,99.45561170071024,0.0,2.5,0.0,2.5,0.020833333333333332,0.0,False,service
1.0,0.0,402.8160957322576,5.5946679962813555,72.0,9-N1-4-B-035101,Jean Jaurès,Zoo d'Amiens,4.0,535.0,27177.333333333332,99858.42779644248,14095.64699678853,0.0,solaris_urbino_12_electric,Solaris Urbino 12 electric,81.64811414945136,420.0,2026-04-08 11:16:25.000000000,2026-04-08 11:15:13.000000000,0.40281609573225763,99.85842779644248,20.14080478661288,14.09564699678853,0.0,14.09564699678853,0.2819129399357706,0.0,False,service
0.0,0.0,0.0,0.0,30.0,9-N1-4-B-035101,Zoo d'Amiens,Zoo d'Amiens,4.0,536.0,27207.333333333332,99858.42779644248,2500.0,0.0,solaris_urbino_12_electric,Solaris Urbino 12 electric,81.64315383199104,420.0,2026-04-08 11:16:55.000000000,2026-04-08 11:16:25.000000000,0.0,99.85842779644248,0.0,2.5,0.0,2.5,0.020833333333333332,0.0,False,service
1.0,0.0,376.38436041502575,5.790528621769627,65.0,9-N1-4-B-035101,Zoo d'Amiens,Egl. St-Firmin,4.0,537.0,27272.333333333332,100234.81215685752,14547.228745279994,0.0,solaris_urbino_12_electric,Solaris Urbino 12 electric,81.5806161422792,420.0,2026-04-08 11:18:00.000000000,2026-04-08 11:16:55.000000000,0.37638436041502576,100.23481215685752,20.845903038370658,14.547228745279993,0.0,14.547228745279993,0.26265829678977765,0.0,False,service
0.0,0.0,0.0,0.0,30.0,9-N1-4-B-035101,Egl. St-Firmin,Egl. St-Firmin,4.0,538.0,27302.333333333332,100234.81215685752,2500.0,0.0,solaris_urbino_12_electric,Solaris Urbino 12 electric,81.57565582481888,420.0,2026-04-08 11:18:30.000000000,2026-04-08 11:18:00.000000000,0.0,100.23481215685752,0.0,2.5,0.0,2.5,0.020833333333333332,0.0,False,service
1.0,0.0,300.7481358168622,5.674493128620042,53.0,9-N1-4-B-035101,Egl. St-Firmin,Faubourg de Hem,4.0,539.0,27355.333333333332,100535.56029267437,14279.135582892508,0.0,solaris_urbino_12_electric,Solaris Urbino 12 electric,81.52560329929683,420.0,2026-04-08 11:19:23.000000000,2026-04-08 11:18:30.000000000,0.3007481358168622,100.53556029267438,20.428175263032152,14.279135582892508,0.0,14.279135582892508,0.21022060719258415,0.0,False,service
0.0,0.0,0.0,0.0,30.0,9-N1-4-B-035101,Faubourg de Hem,Faubourg de Hem,4.0,540.0,27385.333333333332,100535.56029267437,2500.0,0.0,solaris_urbino_12_electric,Solaris Urbino 12 electric,81.52064298183652,420.0,2026-04-08 11:19:53.000000000,2026-04-08 11:19:23.000000000,0.0,100.53556029267438,0.0,2.5,0.0,2.5,0.020833333333333332,0.0,False,service
1.0,0.0,242.018982618479,5.5004314231472495,44.0,9-N1-4-B-035101,Faubourg de Hem,Espace Alliance,4.0,541.0,27429.333333333332,100777.57927529285,13880.003999248058,0.0,solaris_urbino_12_electric,Solaris Urbino 12 electric,81.48025143580696,420.0,2026-04-08 11:20:37.000000000,2026-04-08 11:19:53.000000000,0.24201898261847898,100.77757927529285,19.8015531233301,13.880003999248057,0.0,13.880003999248057,0.16964449332414291,0.0,False,service
0.0,0.0,0.0,0.0,30.0,9-N1-4-B-035101,Espace Alliance,Espace Alliance,4.0,542.0,27459.333333333332,100777.57927529285,2500.0,0.0,solaris_urbino_12_electric,Solaris Urbino 12 electric,81.47529111834663,420.0,2026-04-08 11:21:07.000000000,2026-04-08 11:20:37.000000000,0.0,100.77757927529285,0.0,2.5,0.0,2.5,0.020833333333333332,0.0,False,service
1.0,0.0,512.4653653664171,5.631487531499089,91.0,9-N1-4-B-035101,Espace Alliance,Sully,4.0,543.0,27550.333333333332,101290.04464065927,14180.186968253003,0.0,solaris_urbino_12_electric,Solaris Urbino 12 electric,81.38994740048216,420.0,2026-04-08 11:22:38.000000000,2026-04-08 11:21:07.000000000,0.5124653653664172,101.29004464065926,20.273355113396722,14.180186968253004,0.0,14.180186968253004,0.3584436150308398,0.0,False,service
0.0,0.0,0.0,0.0,30.0,9-N1-4-B-035101,Sully,Sully,4.0,544.0,27580.333333333332,101290.04464065927,2500.0,0.0,solaris_urbino_12_electric,Solaris Urbino 12 electric,81.38498708302184,420.0,2026-04-08 11:23:08.000000000,2026-04-08 11:22:38.000000000,0.0,101.29004464065926,0.0,2.5,0.0,2.5,0.020833333333333332,0.0,False,service
1.0,0.0,581.4235833007191,5.537367460006848,105.0,9-N1-4-B-035101,Sully,Place la Barre,4.0,545.0,27685.333333333332,101871.46822396,13964.400885694367,0.0,solaris_urbino_12_electric,Solaris Urbino 12 electric,81.28801207687118,420.0,2026-04-08 11:24:53.000000000,2026-04-08 11:23:08.000000000,0.5814235833007191,101.87146822396,19.934522856024653,13.964400885694367,0.0,13.964400885694367,0.4072950258327524,0.0,False,service
0.0,0.0,0.0,0.0,30.0,9-N1-4-B-035101,Place la Barre,Place la Barre,4.0,546.0,27715.333333333332,101871.46822396,2500.0,0.0,solaris_urbino_12_electric,Solaris Urbino 12 electric,81.28305175941087,420.0,2026-04-08 11:25:23.000000000,2026-04-08 11:24:53.000000000,0.0,101.87146822396,0.0,2.5,0.0,2.5,0.020833333333333332,0.0,False,service
1.0,0.0,321.16148117311843,4.654514219900267,69.0,9-N1-4-B-035101,Place la Barre,La Fontaine,4.0,547.0,27784.333333333332,102192.6297051331,11988.547708117405,0.0,solaris_urbino_12_electric,Solaris Urbino 12 electric,81.22834211709207,420.0,2026-04-08 11:26:32.000000000,2026-04-08 11:25:23.000000000,0.32116148117311843,102.1926297051331,16.75625119164096,11.988547708117405,0.0,11.988547708117405,0.22978049773891693,0.0,False,service
0.0,0.0,0.0,0.0,30.0,9-N1-4-B-035101,La Fontaine,La Fontaine,4.0,548.0,27814.333333333332,102192.6297051331,2500.0,0.0,solaris_urbino_12_electric,Solaris Urbino 12 electric,81.22338179963177,420.0,2026-04-08 11:27:02.000000000,2026-04-08 11:26:32.000000000,0.0,102.1926297051331,0.0,2.5,0.0,2.5,0.020833333333333332,0.0,False,service
1.0,0.0,233.68404358993675,5.31100099068038,44.0,9-N1-4-B-035101,La Fontaine,Les Coursives,4.0,549.0,27858.333333333332,102426.31374872304,13449.643215515678,0.0,solaris_urbino_12_electric,Solaris Urbino 12 electric,81.18424262625328,420.0,2026-04-08 11:27:46.000000000,2026-04-08 11:27:02.000000000,0.23368404358993675,102.42631374872305,19.11960356644937,13.449643215515678,0.0,13.449643215515678,0.16438452818963606,0.0,False,service
0.0,0.0,0.0,0.0,30.0,9-N1-4-B-035101,Les Coursives,Les Coursives,4.0,550.0,27888.333333333332,102426.31374872304,2500.0,0.0,solaris_urbino_12_electric,Solaris Urbino 12 electric,81.17928230879295,420.0,2026-04-08 11:28:16.000000000,2026-04-08 11:27:46.000000000,0.0,102.42631374872305,0.0,2.5,0.0,2.5,0.020833333333333332,0.0,False,service
1.0,0.0,293.0331102299119,5.327874731452944,55.0,9-N1-4-B-035101,Les Coursives,Languedoc,4.0,551.0,27943.333333333332,102719.34685895295,13487.812028090722,0.0,solaris_urbino_12_electric,Solaris Urbino 12 electric,81.13021950048972,420.0,2026-04-08 11:29:11.000000000,2026-04-08 11:28:16.000000000,0.2930331102299119,102.71934685895295,19.1803490332306,13.487812028090723,0.0,13.487812028090723,0.20606379487360824,0.0,False,service
0.0,0.0,0.0,0.0,30.0,9-N1-4-B-035101,Languedoc,Languedoc,4.0,552.0,27973.333333333332,102719.34685895295,2500.0,0.0,solaris_urbino_12_electric,Solaris Urbino 12 electric,81.1252591830294,420.0,2026-04-08 11:29:41.000000000,2026-04-08 11:29:11.000000000,0.0,102.71934685895295,0.0,2.5,0.0,2.5,0.020833333333333332,0.0,False,service
1.0,0.0,320.6006811443548,4.007508514304435,80.0,9-N1-4-B-035101,Languedoc,Collège R.Parks,4.0,553.0,28053.333333333332,103039.9475400973,10590.203090054667,0.0,solaris_urbino_12_electric,Solaris Urbino 12 electric,81.0692263624471,420.0,2026-04-08 11:31:01.000000000,2026-04-08 11:29:41.000000000,0.3206006811443548,103.0399475400973,14.427030651495967,10.590203090054667,0.0,10.590203090054667,0.23533784644565928,0.0,False,service
0.0,0.0,0.0,0.0,30.0,9-N1-4-B-035101,Collège R.Parks,Collège R.Parks,4.0,554.0,28083.333333333332,103039.9475400973,2500.0,0.0,solaris_urbino_12_electric,Solaris Urbino 12 electric,81.06426604498678,420.0,2026-04-08 11:31:31.000000000,2026-04-08 11:31:01.000000000,0.0,103.0399475400973,0.0,2.5,0.0,2.5,0.020833333333333332,0.0,False,service
1.0,0.0,270.8261413947126,5.0152989147169,54.0,9-N1-4-B-035101,Collège R.Parks,Martinique,4.0,555.0,28137.333333333332,103310.77368149202,12785.8717133053,0.0,solaris_urbino_12_electric,Solaris Urbino 12 electric,81.01860221743927,420.0,2026-04-08 11:32:25.000000000,2026-04-08 11:31:31.000000000,0.27082614139471256,103.31077368149202,18.05507609298084,12.7858717133053,0.0,12.7858717133053,0.1917880756995795,0.0,False,service
0.0,0.0,0.0,0.0,30.0,9-N1-4-B-035101,Martinique,Martinique,4.0,556.0,28167.333333333332,103310.77368149202,2500.0,0.0,solaris_urbino_12_electric,Solaris Urbino 12 electric,81.01364189997895,420.0,2026-04-08 11:32:55.000000000,2026-04-08 11:32:25.000000000,0.0,103.31077368149202,0.0,2.5,0.0,2.5,0.020833333333333332,0.0,False,service
1.0,0.0,274.08690803195344,2.3227704070504527,118.0,9-N1-4-B-035101,Martinique,Etouvie Quai A,4.0,557.0,28285.333333333332,103584.86058952397,7101.567229865196,0.0,solaris_urbino_12_electric,Solaris Urbino 12 electric,80.95821961604216,420.0,2026-04-08 11:34:53.000000000,2026-04-08 11:32:55.000000000,0.27408690803195346,103.58486058952397,8.361973465381629,7.101567229865196,0.0,7.101567229865196,0.2327735925344703,0.0,False,service
1.0,0.0,241.9015249612658,4.319670088594032,56.0,9-N1-2-B-034901,Etouvie Quai A,Martinique,5.0,558.0,28341.333333333332,103826.76211448525,11260.068245184677,0.0,solaris_urbino_12_electric,Solaris Urbino 12 electric,80.91651565957852,420.0,2026-04-08 11:35:49.000000000,2026-04-08 11:34:53.000000000,0.2419015249612658,103.82676211448525,15.550812318938515,11.260068245184677,0.0,11.260068245184677,0.1751566171473172,0.0,False,service
0.0,0.0,0.0,0.0,30.0,9-N1-2-B-034901,Martinique,Martinique,5.0,559.0,28371.333333333332,103826.76211448525,2500.0,0.0,solaris_urbino_12_electric,Solaris Urbino 12 electric,80.9115553421182,420.0,2026-04-08 11:36:19.000000000,2026-04-08 11:35:49.000000000,0.0,103.82676211448525,0.0,2.5,0.0,2.5,0.020833333333333332,0.0,False,service
1.0,0.0,330.7630000086095,4.9367611941583505,67.0,9-N1-2-B-034901,Martinique,Collège R.Parks,5.0,560.0,28438.333333333332,104157.52511449385,12611.161213503856,0.0,solaris_urbino_12_electric,Solaris Urbino 12 electric,80.85567255102661,420.0,2026-04-08 11:37:26.000000000,2026-04-08 11:36:19.000000000,0.3307630000086095,104.15752511449385,17.77234029897006,12.611161213503856,0.0,12.611161213503856,0.23470772258465508,0.0,False,service
0.0,0.0,0.0,0.0,30.0,9-N1-2-B-034901,Collège R.Parks,Collège R.Parks,5.0,561.0,28468.333333333332,104157.52511449385,2500.0,0.0,solaris_urbino_12_electric,Solaris Urbino 12 electric,80.8507122335663,420.0,2026-04-08 11:37:56.000000000,2026-04-08 11:37:26.000000000,0.0,104.15752511449385,0.0,2.5,0.0,2.5,0.020833333333333332,0.0,False,service
1.0,0.0,296.81987678393193,4.01107941599908,74.0,9-N1-2-B-034901,Collège R.Parks,Languedoc,5.0,562.0,28542.333333333332,104454.34499127779,10597.817808205917,0.0,solaris_urbino_12_electric,Solaris Urbino 12 electric,80.7988446067272,420.0,2026-04-08 11:39:10.000000000,2026-04-08 11:37:56.000000000,0.29681987678393196,104.4543449912778,14.439885897596689,10.597817808205917,0.0,10.597817808205917,0.21784403272423272,0.0,False,service
0.0,0.0,0.0,0.0,30.0,9-N1-2-B-034901,Languedoc,Languedoc,5.0,563.0,28572.333333333332,104454.34499127779,2500.0,0.0,solaris_urbino_12_electric,Solaris Urbino 12 electric,80.79388428926688,420.0,2026-04-08 11:39:40.000000000,2026-04-08 11:39:10.000000000,0.0,104.4543449912778,0.0,2.5,0.0,2.5,0.020833333333333332,0.0,False,service
1.0,0.0,297.726462758007,5.316543977821554,56.0,9-N1-2-B-034901,Languedoc,Les coursives,5.0,564.0,28628.333333333332,104752.07145403579,13462.178045703666,0.0,solaris_urbino_12_electric,Solaris Urbino 12 electric,80.74402437057908,420.0,2026-04-08 11:40:36.000000000,2026-04-08 11:39:40.000000000,0.297726462758007,104.75207145403579,19.139558320157594,13.462178045703666,0.0,13.462178045703666,0.2094116584887237,0.0,False,service
0.0,0.0,0.0,0.0,30.0,9-N1-2-B-034901,Les coursives,Les coursives,5.0,565.0,28658.333333333332,104752.07145403579,2500.0,0.0,solaris_urbino_12_electric,Solaris Urbino 12 electric,80.73906405311877,420.0,2026-04-08 11:41:06.000000000,2026-04-08 11:40:36.000000000,0.0,104.75207145403579,0.0,2.5,0.0,2.5,0.020833333333333332,0.0,False,service
1.0,0.0,227.94980309080773,5.065551179795728,45.0,9-N1-2-B-034901,Les coursives,La Fontaine,5.0,566.0,28703.333333333332,104980.0212571266,12898.003526410092,0.0,solaris_urbino_12_electric,Solaris Urbino 12 electric,80.70067713786159,420.0,2026-04-08 11:41:51.000000000,2026-04-08 11:41:06.000000000,0.22794980309080773,104.98002125712661,18.23598424726462,12.898003526410092,0.0,12.898003526410092,0.16122504408012614,0.0,False,service
0.0,0.0,0.0,0.0,30.0,9-N1-2-B-034901,La Fontaine,La Fontaine,5.0,567.0,28733.333333333332,104980.0212571266,2500.0,0.0,solaris_urbino_12_electric,Solaris Urbino 12 electric,80.69571682040127,420.0,2026-04-08 11:42:21.000000000,2026-04-08 11:41:51.000000000,0.0,104.98002125712661,0.0,2.5,0.0,2.5,0.020833333333333332,0.0,False,service
1.0,0.0,278.8940733458619,4.572033989276425,61.0,9-N1-2-B-034901,La Fontaine,Place la Barre,5.0,568.0,28794.333333333332,105258.91533047246,11808.10899952981,0.0,solaris_urbino_12_electric,Solaris Urbino 12 electric,80.6480782854164,420.0,2026-04-08 11:43:22.000000000,2026-04-08 11:42:21.000000000,0.2788940733458619,105.25891533047246,16.459322361395127,11.808108999529809,0.0,11.808108999529809,0.20008184693647732,0.0,False,service
0.0,0.0,0.0,0.0,30.0,9-N1-2-B-034901,Place la Barre,Place la Barre,5.0,569.0,28824.333333333332,105258.91533047246,2500.0,0.0,solaris_urbino_12_electric,Solaris Urbino 12 electric,80.64311796795609,420.0,2026-04-08 11:43:52.000000000,2026-04-08 11:43:22.000000000,0.0,105.25891533047246,0.0,2.5,0.0,2.5,0.020833333333333332,0.0,False,service
1.0,0.0,552.9827646282706,5.882795368385858,94.0,9-N1-2-B-034901,Place la Barre,Sully,5.0,570.0,28918.333333333332,105811.89809510073,14761.584006347119,0.0,solaris_urbino_12_electric,Solaris Urbino 12 electric,80.55134621553567,420.0,2026-04-08 11:45:26.000000000,2026-04-08 11:43:52.000000000,0.5529827646282706,105.81189809510073,21.178063326189086,14.76158400634712,0.0,14.76158400634712,0.38544136016573033,0.0,False,service
0.0,0.0,0.0,0.0,30.0,9-N1-2-B-034901,Sully,Sully,5.0,571.0,28948.333333333332,105811.89809510073,2500.0,0.0,solaris_urbino_12_electric,Solaris Urbino 12 electric,80.54638589807536,420.0,2026-04-08 11:45:56.000000000,2026-04-08 11:45:26.000000000,0.0,105.81189809510073,0.0,2.5,0.0,2.5,0.020833333333333332,0.0,False,service
1.0,0.0,541.2636534432309,5.820039284335816,93.0,9-N1-2-B-034901,Sully,Espace Alliance,5.0,572.0,29041.333333333332,106353.16174854395,14615.67378448361,0.0,solaris_urbino_12_electric,Solaris Urbino 12 electric,80.45648790455968,420.0,2026-04-08 11:47:29.000000000,2026-04-08 11:45:56.000000000,0.5412636534432308,106.35316174854395,20.952141423608936,14.61567378448361,0.0,14.61567378448361,0.3775715727658266,0.0,False,service
0.0,0.0,0.0,0.0,30.0,9-N1-2-B-034901,Espace Alliance,Espace Alliance,5.0,573.0,29071.333333333332,106353.16174854395,2500.0,0.0,solaris_urbino_12_electric,Solaris Urbino 12 electric,80.45152758709936,420.0,2026-04-08 11:47:59.000000000,2026-04-08 11:47:29.000000000,0.0,106.35316174854395,0.0,2.5,0.0,2.5,0.020833333333333332,0.0,False,service
1.0,0.0,306.8484114845754,5.789592669520291,53.0,9-N1-2-B-034901,Espace Alliance,Faubourg de Hem,5.0,574.0,29124.333333333332,106660.01016002853,14545.059713261502,0.0,solaris_urbino_12_electric,Solaris Urbino 12 electric,80.40054292011504,420.0,2026-04-08 11:48:52.000000000,2026-04-08 11:47:59.000000000,0.3068484114845754,106.66001016002852,20.842533610273048,14.545059713261502,0.0,14.545059713261502,0.21413560133412768,0.0,False,service
0.0,0.0,0.0,0.0,30.0,9-N1-2-B-034901,Faubourg de Hem,Faubourg de Hem,5.0,575.0,29154.333333333332,106660.01016002853,2500.0,0.0,solaris_urbino_12_electric,Solaris Urbino 12 electric,80.39558260265474,420.0,2026-04-08 11:49:22.000000000,2026-04-08 11:48:52.000000000,0.0,106.66001016002852,0.0,2.5,0.0,2.5,0.020833333333333332,0.0,False,service
1.0,0.0,296.4471853943004,7.058266318911914,42.0,9-N1-2-B-034901,Faubourg de Hem,Egl. St-Firmin,5.0,576.0,29196.333333333332,106956.45734542282,17591.10789775967,0.0,solaris_urbino_12_electric,Solaris Urbino 12 electric,80.34671841404985,420.0,2026-04-08 11:50:04.000000000,2026-04-08 11:49:22.000000000,0.29644718539430037,106.95645734542282,25.409758748082893,17.59110789775967,0.0,17.59110789775967,0.2052295921405295,0.0,False,service
0.0,0.0,0.0,0.0,30.0,9-N1-2-B-034901,Egl. St-Firmin,Egl. St-Firmin,5.0,577.0,29226.333333333332,106956.45734542282,2500.0,0.0,solaris_urbino_12_electric,Solaris Urbino 12 electric,80.34175809658953,420.0,2026-04-08 11:50:34.000000000,2026-04-08 11:50:04.000000000,0.0,106.95645734542282,0.0,2.5,0.0,2.5,0.020833333333333332,0.0,False,service
1.0,0.0,397.9625757415526,7.106474566813439,56.0,9-N1-2-B-034901,Egl. St-Firmin,Zoo d'Amiens,5.0,578.0,29282.333333333332,107354.41992116437,17711.33170949966,0.0,solaris_urbino_12_electric,Solaris Urbino 12 electric,80.27616057173952,420.0,2026-04-08 11:51:30.000000000,2026-04-08 11:50:34.000000000,0.3979625757415526,107.35441992116438,25.58330844052838,17.71133170949966,0.0,17.71133170949966,0.2755096043699947,0.0,False,service
0.0,0.0,0.0,0.0,30.0,9-N1-2-B-034901,Zoo d'Amiens,Zoo d'Amiens,5.0,579.0,29312.333333333332,107354.41992116437,2500.0,0.0,solaris_urbino_12_electric,Solaris Urbino 12 electric,80.27120025427921,420.0,2026-04-08 11:52:00.000000000,2026-04-08 11:51:30.000000000,0.0,107.35441992116438,0.0,2.5,0.0,2.5,0.020833333333333332,0.0,False,service
1.0,0.0,387.76459722543666,6.924367807597084,56.0,9-N1-2-B-034901,Zoo d'Amiens,Jean Jaurès,5.0,580.0,29368.333333333332,107742.18451838981,17259.00345845794,0.0,solaris_urbino_12_electric,Solaris Urbino 12 electric,80.2072780192479,420.0,2026-04-08 11:52:56.000000000,2026-04-08 11:52:00.000000000,0.38776459722543666,107.7421845183898,24.9277241073495,17.25900345845794,0.0,17.25900345845794,0.268473387131568,0.0,False,service
0.0,0.0,0.0,0.0,30.0,9-N1-2-B-034901,Jean Jaurès,Jean Jaurès,5.0,581.0,29398.333333333332,107742.18451838981,2500.0,0.0,solaris_urbino_12_electric,Solaris Urbino 12 electric,80.20231770178756,420.0,2026-04-08 11:53:26.000000000,2026-04-08 11:52:56.000000000,0.0,107.7421845183898,0.0,2.5,0.0,2.5,0.020833333333333332,0.0,False,service
1.0,0.0,353.81886733206454,6.675827685510652,53.0,9-N1-2-B-034901,Jean Jaurès,Saint-Jacques,5.0,582.0,29451.333333333332,108096.00338572188,16649.496892479903,0.0,solaris_urbino_12_electric,Solaris Urbino 12 electric,80.14395637008774,420.0,2026-04-08 11:54:19.000000000,2026-04-08 11:53:26.000000000,0.3538188673320645,108.09600338572189,24.032979667838347,16.649496892479902,0.0,16.649496892479902,0.24511759313928747,0.0,False,service
0.0,0.0,0.0,0.0,30.0,9-N1-2-B-034901,Saint-Jacques,Saint-Jacques,5.0,583.0,29481.333333333332,108096.00338572188,2500.0,0.0,solaris_urbino_12_electric,Solaris Urbino 12 electric,80.13899605262742,420.0,2026-04-08 11:54:49.000000000,2026-04-08 11:54:19.000000000,0.0,108.09600338572189,0.0,2.5,0.0,2.5,0.020833333333333332,0.0,False,service
1.0,0.0,242.8037375118653,7.35768901551107,33.0,9-N1-2-B-034901,Saint-Jacques,M. Culture A,5.0,584.0,29514.333333333332,108338.80712323374,18343.542843186246,0.0,solaris_urbino_12_electric,Solaris Urbino 12 electric,80.0989605424538,420.0,2026-04-08 11:55:22.000000000,2026-04-08 11:54:49.000000000,0.24280373751186532,108.33880712323374,26.487680455839854,18.343542843186246,0.0,18.343542843186246,0.16814914272920725,0.0,False,service
0.0,0.0,0.0,0.0,30.0,9-N1-2-B-034901,M. Culture A,M. Culture A,5.0,585.0,29544.333333333332,108338.80712323374,2500.0,0.0,solaris_urbino_12_electric,Solaris Urbino 12 electric,80.0940002249935,420.0,2026-04-08 11:55:52.000000000,2026-04-08 11:55:22.000000000,0.0,108.33880712323374,0.0,2.5,0.0,2.5,0.020833333333333332,0.0,False,service
1.0,0.0,296.74165114956037,2.472847092913003,120.0,9-N1-2-B-034901,M. Culture A,Hôtel de Ville,5.0,586.0,29664.333333333332,108635.5487743833,7405.169534075037,0.0,solaris_urbino_12_electric,Solaris Urbino 12 electric,80.0352290382151,420.0,2026-04-08 11:57:52.000000000,2026-04-08 11:55:52.000000000,0.29674165114956036,108.6355487743833,8.90224953448681,7.4051695340750365,0.0,7.4051695340750365,0.2468389844691679,0.0,False,service
0.0,0.0,0.0,0.0,30.0,9-N1-2-B-034901,Hôtel de Ville,Hôtel de Ville,5.0,587.0,29694.333333333332,108635.5487743833,2500.0,0.0,solaris_urbino_12_electric,Solaris Urbino 12 electric,80.0302687207548,420.0,2026-04-08 11:58:22.000000000,2026-04-08 11:57:52.000000000,0.0,108.6355487743833,0.0,2.5,0.0,2.5,0.020833333333333332,0.0,False,service
1.0,0.0,228.2941059416939,4.005159753363051,57.0,9-N1-2-B-034901,Hôtel de Ville,Jacobins,5.0,588.0,29751.333333333332,108863.84288032498,10585.195099293087,0.0,solaris_urbino_12_electric,Solaris Urbino 12 electric,79.99036421542016,420.0,2026-04-08 11:59:19.000000000,2026-04-08 11:58:22.000000000,0.22829410594169391,108.86384288032498,14.418575112106984,10.585195099293086,0.0,10.585195099293086,0.1675989224054739,0.0,False,service
0.0,0.0,0.0,0.0,30.0,9-N1-2-B-034901,Jacobins,Jacobins,5.0,589.0,29781.333333333332,108863.84288032498,2500.0,0.0,solaris_urbino_12_electric,Solaris Urbino 12 electric,79.98540389795984,420.0,2026-04-08 11:59:49.000000000,2026-04-08 11:59:19.000000000,0.0,108.86384288032498,0.0,2.5,0.0,2.5,0.020833333333333332,0.0,False,service
1.0,0.0,326.11241962366006,4.026079254613087,81.0,9-N1-2-B-034901,Jacobins,Emile Zola,5.0,590.0,29862.333333333332,109189.95529994865,10629.8158571957,0.0,solaris_urbino_12_electric,Solaris Urbino 12 electric,79.92845845586771,420.0,2026-04-08 12:01:10.000000000,2026-04-08 11:59:49.000000000,0.32611241962366005,109.18995529994865,14.493885316607114,10.6298158571957,0.0,10.6298158571957,0.23917085678690322,0.0,False,service
0.0,0.0,0.0,0.0,30.0,9-N1-2-B-034901,Emile Zola,Emile Zola,5.0,591.0,29892.333333333332,109189.95529994865,2500.0,0.0,solaris_urbino_12_electric,Solaris Urbino 12 electric,79.92349813840741,420.0,2026-04-08 12:01:40.000000000,2026-04-08 12:01:10.000000000,0.0,109.18995529994865,0.0,2.5,0.0,2.5,0.020833333333333332,0.0,False,service
1.0,0.0,355.48637357572056,2.1943603307143245,162.0,9-N1-2-B-034901,Emile Zola,Gare du Nord B,5.0,592.0,30054.333333333332,109545.44167352437,6842.679519791913,0.0,solaris_urbino_12_electric,Solaris Urbino 12 electric,79.85018371498106,420.0,2026-04-08 12:04:22.000000000,2026-04-08 12:01:40.000000000,0.35548637357572055,109.54544167352437,7.899697190571568,6.842679519791913,0.0,6.842679519791913,0.307920578390636,0.0,False,service
0.0,0.0,0.0,0.0,30.0,9-N1-2-B-034901,Gare du Nord B,Gare du Nord B,5.0,593.0,30084.333333333332,109545.44167352437,2500.0,0.0,solaris_urbino_12_electric,Solaris Urbino 12 electric,79.84522339752074,420.0,2026-04-08 12:04:52.000000000,2026-04-08 12:04:22.000000000,0.0,109.54544167352437,0.0,2.5,0.0,2.5,0.020833333333333332,0.0,False,service
1.0,0.0,368.1948881034494,3.95908481831666,93.0,9-N1-2-B-034901,Gare du Nord B,Caserne Dejean,5.0,594.0,30177.333333333332,109913.63656162782,10487.049257408216,0.0,solaris_urbino_12_electric,Solaris Urbino 12 electric,79.78071972153272,420.0,2026-04-08 12:06:25.000000000,2026-04-08 12:04:52.000000000,0.3681948881034494,109.91363656162783,14.252705345939976,10.487049257408216,0.0,10.487049257408216,0.2709154391497123,0.0,False,service
0.0,0.0,0.0,0.0,30.0,9-N1-2-B-034901,Caserne Dejean,Caserne Dejean,5.0,595.0,30207.333333333332,109913.63656162782,2500.0,0.0,solaris_urbino_12_electric,Solaris Urbino 12 electric,79.7757594040724,420.0,2026-04-08 12:06:55.000000000,2026-04-08 12:06:25.000000000,0.0,109.91363656162783,0.0,2.5,0.0,2.5,0.020833333333333332,0.0,False,service
1.0,0.0,355.3755273513469,3.862777471210292,92.0,9-N1-2-B-034901,Caserne Dejean,Pinceau,5.0,596.0,30299.333333333332,110269.01208897917,10282.474769595454,0.0,solaris_urbino_12_electric,Solaris Urbino 12 electric,79.71319408140026,420.0,2026-04-08 12:08:27.000000000,2026-04-08 12:06:55.000000000,0.35537552735134686,110.26901208897917,13.905998896357051,10.282474769595455,0.0,10.282474769595455,0.2627743552229949,0.0,False,service
0.0,0.0,0.0,0.0,30.0,9-N1-2-B-034901,Pinceau,Pinceau,5.0,597.0,30329.333333333332,110269.01208897917,2500.0,0.0,solaris_urbino_12_electric,Solaris Urbino 12 electric,79.70823376393994,420.0,2026-04-08 12:08:57.000000000,2026-04-08 12:08:27.000000000,0.0,110.26901208897917,0.0,2.5,0.0,2.5,0.020833333333333332,0.0,False,service
1.0,0.0,447.05548624280317,3.8874390108069843,115.0,9-N1-2-B-034901,Pinceau,L. de Luzarches,5.0,598.0,30444.333333333332,110716.06757522197,10334.78728614811,0.0,solaris_urbino_12_electric,Solaris Urbino 12 electric,79.62962923100959,420.0,2026-04-08 12:10:52.000000000,2026-04-08 12:08:57.000000000,0.44705548624280317,110.71606757522197,13.994780438905144,10.33478728614811,0.0,10.33478728614811,0.3301390383075091,0.0,False,service
0.0,0.0,0.0,0.0,30.0,9-N1-2-B-034901,L. de Luzarches,L. de Luzarches,5.0,599.0,30474.333333333332,110716.06757522197,2500.0,0.0,solaris_urbino_12_electric,Solaris Urbino 12 electric,79.62466891354927,420.0,2026-04-08 12:11:22.000000000,2026-04-08 12:10:52.000000000,0.0,110.71606757522197,0.0,2.5,0.0,2.5,0.020833333333333332,0.0,False,service
1.0,0.0,324.8685267650074,8.121713169125185,40.0,9-N1-2-B-034901,L. de Luzarches,Egl. St-Acheul,5.0,600.0,30514.333333333332,111040.93610198698,20328.218593303132,0.0,solaris_urbino_12_electric,Solaris Urbino 12 electric,79.57089055748233,420.0,2026-04-08 12:12:02.000000000,2026-04-08 12:11:22.000000000,0.3248685267650074,111.04093610198699,29.238167408850664,20.32821859330313,0.0,20.32821859330313,0.22586909548114592,0.0,False,service
0.0,0.0,0.0,0.0,30.0,9-N1-2-B-034901,Egl. St-Acheul,Egl. St-Acheul,5.0,601.0,30544.333333333332,111040.93610198698,2500.0,0.0,solaris_urbino_12_electric,Solaris Urbino 12 electric,79.56593024002201,420.0,2026-04-08 12:12:32.000000000,2026-04-08 12:12:02.000000000,0.0,111.04093610198699,0.0,2.5,0.0,2.5,0.020833333333333332,0.0,False,service
1.0,0.0,451.79666905185246,8.214484891851862,55.0,9-N1-2-B-034901,Egl. St-Acheul,Mercey,5.0,602.0,30599.333333333332,111492.73277103883,20575.864377064863,0.0,solaris_urbino_12_electric,Solaris Urbino 12 electric,79.49108417251284,420.0,2026-04-08 12:13:27.000000000,2026-04-08 12:12:32.000000000,0.45179666905185245,111.49273277103883,29.572145610666706,20.575864377064864,0.0,20.575864377064864,0.31435348353849096,0.0,False,service
0.0,0.0,0.0,0.0,30.0,9-N1-2-B-034901,Mercey,Mercey,5.0,603.0,30629.333333333332,111492.73277103883,2500.0,0.0,solaris_urbino_12_electric,Solaris Urbino 12 electric,79.48612385505253,420.0,2026-04-08 12:13:57.000000000,2026-04-08 12:13:27.000000000,0.0,111.49273277103883,0.0,2.5,0.0,2.5,0.020833333333333332,0.0,False,service
1.0,0.0,481.8036462949089,8.166163496523879,59.0,9-N1-2-B-034901,Mercey,Sobo,5.0,604.0,30688.333333333332,111974.53641733374,20446.688745559044,0.0,solaris_urbino_12_electric,Solaris Urbino 12 electric,79.40633849552951,420.0,2026-04-08 12:14:56.000000000,2026-04-08 12:13:57.000000000,0.4818036462949089,111.97453641733374,29.398188587485965,20.446688745559044,0.0,20.446688745559044,0.3350985099966621,0.0,False,service
0.0,0.0,0.0,0.0,30.0,9-N1-2-B-034901,Sobo,Sobo,5.0,605.0,30718.333333333332,111974.53641733374,2500.0,0.0,solaris_urbino_12_electric,Solaris Urbino 12 electric,79.4013781780692,420.0,2026-04-08 12:15:26.000000000,2026-04-08 12:14:56.000000000,0.0,111.97453641733374,0.0,2.5,0.0,2.5,0.020833333333333332,0.0,False,service
1.0,0.0,707.5852717526406,8.22773571805396,86.0,9-N1-2-B-034901,Sobo,Pont de l'Avre,5.0,606.0,30804.333333333332,112682.12168908639,20611.358234859843,0.0,solaris_urbino_12_electric,Solaris Urbino 12 electric,79.28414426218308,420.0,2026-04-08 12:16:52.000000000,2026-04-08 12:15:26.000000000,0.7075852717526405,112.68212168908639,29.61984858499426,20.611358234859843,0.0,20.611358234859843,0.4923824467216518,0.0,False,service
0.0,0.0,0.0,0.0,30.0,9-N1-2-B-034901,Pont de l'Avre,Pont de l'Avre,5.0,607.0,30834.333333333332,112682.12168908639,2500.0,0.0,solaris_urbino_12_electric,Solaris Urbino 12 electric,79.27918394472277,420.0,2026-04-08 12:17:22.000000000,2026-04-08 12:16:52.000000000,0.0,112.68212168908639,0.0,2.5,0.0,2.5,0.020833333333333332,0.0,False,service
1.0,0.0,296.6141068969825,7.062240640404345,42.0,9-N1-2-B-034901,Pont de l'Avre,Cité du Château,5.0,608.0,30876.333333333332,112978.73579598338,17601.00604348413,0.0,solaris_urbino_12_electric,Solaris Urbino 12 electric,79.23029226126864,420.0,2026-04-08 12:18:04.000000000,2026-04-08 12:17:22.000000000,0.2966141068969825,112.97873579598337,25.424066305455643,17.60100604348413,0.0,17.60100604348413,0.20534507050731485,0.0,False,service
0.0,0.0,0.0,0.0,30.0,9-N1-2-B-034901,Cité du Château,Cité du Château,5.0,609.0,30906.333333333332,112978.73579598338,2500.0,0.0,solaris_urbino_12_electric,Solaris Urbino 12 electric,79.22533194380833,420.0,2026-04-08 12:18:34.000000000,2026-04-08 12:18:04.000000000,0.0,112.97873579598337,0.0,2.5,0.0,2.5,0.020833333333333332,0.0,False,service
1.0,0.0,332.9543642312839,6.936549254818414,48.0,9-N1-2-B-034901,Cité du Château,La Rose Rouge,5.0,610.0,30954.333333333332,113311.69016021465,17289.107112419595,0.0,solaris_urbino_12_electric,Solaris Urbino 12 electric,79.17044588948318,420.0,2026-04-08 12:19:22.000000000,2026-04-08 12:18:34.000000000,0.3329543642312839,113.31169016021465,24.97157731734629,17.289107112419597,0.0,17.289107112419597,0.2305214281655946,0.0,False,service
0.0,0.0,0.0,0.0,30.0,9-N1-2-B-034901,La Rose Rouge,La Rose Rouge,5.0,611.0,30984.333333333332,113311.69016021465,2500.0,0.0,solaris_urbino_12_electric,Solaris Urbino 12 electric,79.16548557202287,420.0,2026-04-08 12:19:52.000000000,2026-04-08 12:19:22.000000000,0.0,113.31169016021465,0.0,2.5,0.0,2.5,0.020833333333333332,0.0,False,service
1.0,0.0,225.1396338173497,7.262568832817732,31.0,9-N1-2-B-034901,La Rose Rouge,Poidevin,5.0,612.0,31015.333333333332,113536.829794032,18103.02141613429,0.0,solaris_urbino_12_electric,Solaris Urbino 12 electric,79.12836958896068,420.0,2026-04-08 12:20:23.000000000,2026-04-08 12:19:52.000000000,0.2251396338173497,113.536829794032,26.145247798143835,18.10302141613429,0.0,18.10302141613429,0.15588712886115635,0.0,False,service
0.0,0.0,0.0,0.0,30.0,9-N1-2-B-034901,Poidevin,Poidevin,5.0,613.0,31045.333333333332,113536.829794032,2500.0,0.0,solaris_urbino_12_electric,Solaris Urbino 12 electric,79.12340927150038,420.0,2026-04-08 12:20:53.000000000,2026-04-08 12:20:23.000000000,0.0,113.536829794032,0.0,2.5,0.0,2.5,0.020833333333333332,0.0,False,service
1.0,0.0,314.5014195772681,7.147759535847002,44.0,9-N1-2-B-034901,Poidevin,M. de Longueau,5.0,614.0,31089.333333333332,113851.33121360927,17814.568253525784,0.0,solaris_urbino_12_electric,Solaris Urbino 12 electric,79.07156793531286,420.0,2026-04-08 12:21:37.000000000,2026-04-08 12:20:53.000000000,0.3145014195772681,113.85133121360927,25.731934329049206,17.814568253525785,0.0,17.814568253525785,0.21773361198753735,0.0,False,service
0.0,0.0,0.0,0.0,30.0,9-N1-2-B-034901,M. de Longueau,M. de Longueau,5.0,615.0,31119.333333333332,113851.33121360927,2500.0,0.0,solaris_urbino_12_electric,Solaris Urbino 12 electric,79.06660761785254,420.0,2026-04-08 12:22:07.000000000,2026-04-08 12:21:37.000000000,0.0,113.85133121360927,0.0,2.5,0.0,2.5,0.020833333333333332,0.0,False,service
1.0,0.0,256.63398574137216,6.936053668685734,37.0,9-N1-2-B-034901,M. de Longueau,La Fourche,5.0,616.0,31156.333333333332,114107.96519935064,17287.881959235827,0.0,solaris_urbino_12_electric,Solaris Urbino 12 electric,79.02430261570362,420.0,2026-04-08 12:22:44.000000000,2026-04-08 12:22:07.000000000,0.25663398574137214,114.10796519935064,24.96979320726864,17.287881959235825,0.0,17.287881959235825,0.17768100902547934,0.0,False,service
0.0,0.0,0.0,0.0,30.0,9-N1-2-B-034901,La Fourche,La Fourche,5.0,617.0,31186.333333333332,114107.96519935064,2500.0,0.0,solaris_urbino_12_electric,Solaris Urbino 12 electric,79.0193422982433,420.0,2026-04-08 12:23:14.000000000,2026-04-08 12:22:44.000000000,0.0,114.10796519935064,0.0,2.5,0.0,2.5,0.020833333333333332,0.0,False,service
1.0,0.0,651.0902221706201,6.643777777251225,98.0,9-N1-2-B-034901,La Fourche,Croix de Fer,5.0,618.0,31284.333333333332,114759.05542152126,16571.54282882152,0.0,solaris_urbino_12_electric,Solaris Urbino 12 electric,78.91193415027873,420.0,2026-04-08 12:24:52.000000000,2026-04-08 12:23:14.000000000,0.6510902221706201,114.75905542152127,23.91759999810441,16.571542828821517,0.0,16.571542828821517,0.4511142214512525,0.0,False,service
0.0,0.0,0.0,0.0,30.0,9-N1-2-B-034901,Croix de Fer,Croix de Fer,5.0,619.0,31314.333333333332,114759.05542152126,2500.0,0.0,solaris_urbino_12_electric,Solaris Urbino 12 electric,78.90697383281841,420.0,2026-04-08 12:25:22.000000000,2026-04-08 12:24:52.000000000,0.0,114.75905542152127,0.0,2.5,0.0,2.5,0.020833333333333332,0.0,False,service
1.0,0.0,703.41712703917,4.953641739712465,142.0,9-N1-2-B-034901,Croix de Fer,C. Cial Glisy,5.0,620.0,31456.333333333332,115462.47254856043,12648.657874092083,0.0,solaris_urbino_12_electric,Solaris Urbino 12 electric,78.78818352738712,420.0,2026-04-08 12:27:44.000000000,2026-04-08 12:25:22.000000000,0.70341712703917,115.46247254856043,17.833110262964873,12.648657874092082,0.0,12.648657874092082,0.4989192828114099,0.0,False,service
0.0,0.0,0.0,0.0,30.0,9-N1-2-B-034901,C. Cial Glisy,C. Cial Glisy,5.0,621.0,31486.333333333332,115462.47254856043,2500.0,0.0,solaris_urbino_12_electric,Solaris Urbino 12 electric,78.7832232099268,420.0,2026-04-08 12:28:14.000000000,2026-04-08 12:27:44.000000000,0.0,115.46247254856043,0.0,2.5,0.0,2.5,0.020833333333333332,0.0,False,service
1.0,0.0,136.72688382470434,4.883102993739441,28.0,9-N1-2-B-034901,C. Cial Glisy,Capitaine Nemo,5.0,622.0,31514.333333333332,115599.19943238514,12492.168184754679,0.0,solaris_urbino_12_electric,Solaris Urbino 12 electric,78.76008956514022,420.0,2026-04-08 12:28:42.000000000,2026-04-08 12:28:14.000000000,0.13672688382470435,115.59919943238513,17.57917077746199,12.492168184754679,0.0,12.492168184754679,0.09716130810364751,0.0,False,service
0.0,0.0,0.0,0.0,30.0,9-N1-2-B-034901,Capitaine Nemo,Capitaine Nemo,5.0,623.0,31544.333333333332,115599.19943238514,2500.0,0.0,solaris_urbino_12_electric,Solaris Urbino 12 electric,78.75512924767989,420.0,2026-04-08 12:29:12.000000000,2026-04-08 12:28:42.000000000,0.0,115.59919943238513,0.0,2.5,0.0,2.5,0.020833333333333332,0.0,False,service
1.0,0.0,323.4478124594319,2.488060095841784,130.0,9-N1-2-B-034901,Capitaine Nemo,Pôle J. Verne,5.0,624.0,31674.333333333332,115922.64724484457,7436.009883372681,0.0,solaris_urbino_12_electric,Solaris Urbino 12 electric,78.69119530026995,420.0,2026-04-08 12:31:22.000000000,2026-04-08 12:29:12.000000000,0.3234478124594319,115.92264724484457,8.957016345030421,7.43600988337268,0.0,7.43600988337268,0.2685225791217912,0.0,False,service
0.0,0.0,0.0,0.0,30.0,9-N1-2-B-034901,Pôle J. Verne,Pôle J. Verne,5.0,625.0,31704.333333333332,115922.64724484457,2500.0,0.0,solaris_urbino_12_electric,Solaris Urbino 12 electric,78.68623498280962,420.0,2026-04-08 12:31:52.000000000,2026-04-08 12:31:22.000000000,0.0,115.92264724484457,0.0,2.5,0.0,2.5,0.020833333333333332,0.0,False,service
1.0,0.0,334.0181708930427,4.7044812801837,71.0,9-N1-4-B-035101,Pôle J. Verne,Capitaine Nemo,5.0,626.0,31775.333333333332,116256.66541573762,12098.184498446486,0.0,solaris_urbino_12_electric,Solaris Urbino 12 electric,78.62942472491349,420.0,2026-04-08 12:33:03.000000000,2026-04-08 12:31:52.000000000,0.3340181708930427,116.25666541573761,16.93613260866132,12.098184498446486,0.0,12.098184498446486,0.23860308316380568,0.0,False,service
0.0,0.0,0.0,0.0,30.0,9-N1-4-B-035101,Capitaine Nemo,Capitaine Nemo,5.0,627.0,31805.333333333332,116256.66541573762,2500.0,0.0,solaris_urbino_12_electric,Solaris Urbino 12 electric,78.62446440745316,420.0,2026-04-08 12:33:33.000000000,2026-04-08 12:33:03.000000000,0.0,116.25666541573761,0.0,2.5,0.0,2.5,0.020833333333333332,0.0,False,service
1.0,0.0,122.91799931516653,5.8532380626269775,21.0,9-N1-4-B-035101,Capitaine Nemo,C. Cial Glisy,5.0,628.0,31826.333333333332,116379.58341505278,14692.801288691231,0.0,solaris_urbino_12_electric,Solaris Urbino 12 electric,78.60405773899666,420.0,2026-04-08 12:33:54.000000000,2026-04-08 12:33:33.000000000,0.12291799931516653,116.37958341505278,21.07165702545712,14.69280128869123,0.0,14.69280128869123,0.08570800751736551,0.0,False,service
0.0,0.0,0.0,0.0,30.0,9-N1-4-B-035101,C. Cial Glisy,C. Cial Glisy,5.0,629.0,31856.333333333332,116379.58341505278,2500.0,0.0,solaris_urbino_12_electric,Solaris Urbino 12 electric,78.59909742153633,420.0,2026-04-08 12:34:24.000000000,2026-04-08 12:33:54.000000000,0.0,116.37958341505278,0.0,2.5,0.0,2.5,0.020833333333333332,0.0,False,service
1.0,0.0,685.9620842301216,4.6664087362593305,147.0,9-N1-4-B-035101,C. Cial Glisy,Croix de Fer,5.0,630.0,32003.333333333332,117065.5454992829,12014.623985741244,0.0,solaris_urbino_12_electric,Solaris Urbino 12 electric,78.48228857723052,420.0,2026-04-08 12:36:51.000000000,2026-04-08 12:34:24.000000000,0.6859620842301216,117.0655454992829,16.79907145053359,12.014623985741244,0.0,12.014623985741244,0.4905971460844341,0.0,False,service
0.0,0.0,0.0,0.0,30.0,9-N1-4-B-035101,Croix de Fer,Croix de Fer,5.0,631.0,32033.333333333332,117065.5454992829,2500.0,0.0,solaris_urbino_12_electric,Solaris Urbino 12 electric,78.4773282597702,420.0,2026-04-08 12:37:21.000000000,2026-04-08 12:36:51.000000000,0.0,117.0655454992829,0.0,2.5,0.0,2.5,0.020833333333333332,0.0,False,service
1.0,0.0,746.5227463047001,6.912247650969446,108.0,9-N1-4-B-035101,Croix de Fer,La Fourche,5.0,632.0,32141.333333333332,117812.06824558761,17229.07289480432,0.0,solaris_urbino_12_electric,Solaris Urbino 12 electric,78.35426345337873,420.0,2026-04-08 12:39:09.000000000,2026-04-08 12:37:21.000000000,0.7465227463047002,117.81206824558761,24.88409154349001,17.22907289480432,0.0,17.22907289480432,0.5168721868441296,0.0,False,service
0.0,0.0,0.0,0.0,30.0,9-N1-4-B-035101,La Fourche,La Fourche,5.0,633.0,32171.333333333332,117812.06824558761,2500.0,0.0,solaris_urbino_12_electric,Solaris Urbino 12 electric,78.34930313591842,420.0,2026-04-08 12:39:39.000000000,2026-04-08 12:39:09.000000000,0.0,117.81206824558761,0.0,2.5,0.0,2.5,0.020833333333333332,0.0,False,service
1.0,0.0,236.45430499839583,7.38919703119987,32.0,9-N1-4-B-035101,La Fourche,M. de Longueau,5.0,634.0,32203.333333333332,118048.522550586,18423.52454712258,0.0,solaris_urbino_12_electric,Solaris Urbino 12 electric,78.3103115495753,420.0,2026-04-08 12:40:11.000000000,2026-04-08 12:39:39.000000000,0.23645430499839581,118.048522550586,26.60110931231953,18.42352454712258,0.0,18.42352454712258,0.1637646626410896,0.0,False,service
0.0,0.0,0.0,0.0,30.0,9-N1-4-B-035101,M. de Longueau,M. de Longueau,5.0,635.0,32233.333333333332,118048.522550586,2500.0,0.0,solaris_urbino_12_electric,Solaris Urbino 12 electric,78.30535123211499,420.0,2026-04-08 12:40:41.000000000,2026-04-08 12:40:11.000000000,0.0,118.048522550586,0.0,2.5,0.0,2.5,0.020833333333333332,0.0,False,service
1.0,0.0,238.2314886825274,7.219136020682649,33.0,9-N1-4-B-035101,M. de Longueau,Poidevin,5.0,636.0,32266.333333333332,118286.75403926853,17993.661455547277,0.0,solaris_urbino_12_electric,Solaris Urbino 12 electric,78.26607935195408,420.0,2026-04-08 12:41:14.000000000,2026-04-08 12:40:41.000000000,0.23823148868252741,118.28675403926853,25.98888967445754,17.993661455547276,0.0,17.993661455547276,0.16494189667585005,0.0,False,service
0.0,0.0,0.0,0.0,30.0,9-N1-4-B-035101,Poidevin,Poidevin,5.0,637.0,32296.333333333332,118286.75403926853,2500.0,0.0,solaris_urbino_12_electric,Solaris Urbino 12 electric,78.26111903449376,420.0,2026-04-08 12:41:44.000000000,2026-04-08 12:41:14.000000000,0.0,118.28675403926853,0.0,2.5,0.0,2.5,0.020833333333333332,0.0,False,service
1.0,0.0,283.0530932557657,7.257771621942711,39.0,9-N1-4-B-035101,Poidevin,La Rose Rouge,5.0,638.0,32335.333333333332,118569.80713252429,18090.92822491121,0.0,solaris_urbino_12_electric,Solaris Urbino 12 electric,78.21445592597712,420.0,2026-04-08 12:42:23.000000000,2026-04-08 12:41:44.000000000,0.2830530932557657,118.56980713252429,26.127977838993758,18.09092822491121,0.0,18.09092822491121,0.19598505576987146,0.0,False,service
0.0,0.0,0.0,0.0,30.0,9-N1-4-B-035101,La Rose Rouge,La Rose Rouge,5.0,639.0,32365.333333333332,118569.80713252429,2500.0,0.0,solaris_urbino_12_electric,Solaris Urbino 12 electric,78.2094956085168,420.0,2026-04-08 12:42:53.000000000,2026-04-08 12:42:23.000000000,0.0,118.56980713252429,0.0,2.5,0.0,2.5,0.020833333333333332,0.0,False,service
1.0,0.0,382.52636844861735,7.356276316319565,52.0,9-N1-4-B-035101,La Rose Rouge,Cité du Château,5.0,640.0,32417.333333333332,118952.3335009729,18339.960401880504,0.0,solaris_urbino_12_electric,Solaris Urbino 12 electric,78.14642167062674,420.0,2026-04-08 12:43:45.000000000,2026-04-08 12:42:53.000000000,0.38252636844861737,118.95233350097291,26.482594738750432,18.339960401880504,0.0,18.339960401880504,0.26491053913827395,0.0,False,service
0.0,0.0,0.0,0.0,30.0,9-N1-4-B-035101,Cité du Château,Cité du Château,5.0,641.0,32447.333333333332,118952.3335009729,2500.0,0.0,solaris_urbino_12_electric,Solaris Urbino 12 electric,78.14146135316642,420.0,2026-04-08 12:44:15.000000000,2026-04-08 12:43:45.000000000,0.0,118.95233350097291,0.0,2.5,0.0,2.5,0.020833333333333332,0.0,False,service
1.0,0.0,259.04003764462647,7.195556601239624,36.0,9-N1-4-B-035101,Cité du Château,Pont de l'Avre,5.0,642.0,32483.333333333332,119211.37353861752,17934.41163158536,0.0,solaris_urbino_12_electric,Solaris Urbino 12 electric,78.09876037309121,420.0,2026-04-08 12:44:51.000000000,2026-04-08 12:44:15.000000000,0.25904003764462646,119.21137353861752,25.904003764462647,17.93441163158536,0.0,17.93441163158536,0.17934411631585362,0.0,False,service
0.0,0.0,0.0,0.0,30.0,9-N1-4-B-035101,Pont de l'Avre,Pont de l'Avre,5.0,643.0,32513.333333333332,119211.37353861752,2500.0,0.0,solaris_urbino_12_electric,Solaris Urbino 12 electric,78.0938000556309,420.0,2026-04-08 12:45:21.000000000,2026-04-08 12:44:51.000000000,0.0,119.21137353861752,0.0,2.5,0.0,2.5,0.020833333333333332,0.0,False,service
1.0,0.0,778.6426370279388,6.655065273743067,117.0,9-N1-4-B-035101,Pont de l'Avre,Sobo,5.0,644.0,32630.333333333332,119990.01617564546,16598.980534956492,0.0,solaris_urbino_12_electric,Solaris Urbino 12 electric,77.96535556339612,420.0,2026-04-08 12:47:18.000000000,2026-04-08 12:45:21.000000000,0.7786426370279388,119.99001617564547,23.95823498547504,16.598980534956493,0.0,16.598980534956493,0.539466867386086,0.0,False,service
0.0,0.0,0.0,0.0,30.0,9-N1-4-B-035101,Sobo,Sobo,5.0,645.0,32660.333333333332,119990.01617564546,2500.0,0.0,solaris_urbino_12_electric,Solaris Urbino 12 electric,77.9603952459358,420.0,2026-04-08 12:47:48.000000000,2026-04-08 12:47:18.000000000,0.0,119.99001617564547,0.0,2.5,0.0,2.5,0.020833333333333332,0.0,False,service
1.0,0.0,494.86888000554234,6.598251733407231,75.0,9-N1-4-B-035101,Sobo,Mercey,5.0,646.0,32735.333333333332,120484.885055651,16461.059769141364,0.0,solaris_urbino_12_electric,Solaris Urbino 12 electric,77.8787431637476,420.0,2026-04-08 12:49:03.000000000,2026-04-08 12:47:48.000000000,0.49486888000554236,120.484885055651,23.753706240266034,16.461059769141364,0.0,16.461059769141364,0.3429387451904451,0.0,False,service
0.0,0.0,0.0,0.0,30.0,9-N1-4-B-035101,Mercey,Mercey,5.0,647.0,32765.333333333332,120484.885055651,2500.0,0.0,solaris_urbino_12_electric,Solaris Urbino 12 electric,77.87378284628727,420.0,2026-04-08 12:49:33.000000000,2026-04-08 12:49:03.000000000,0.0,120.484885055651,0.0,2.5,0.0,2.5,0.020833333333333332,0.0,False,service
1.0,0.0,443.51095510688015,6.71986295616485,66.0,9-N1-4-B-035101,Mercey,Egl. St-Acheul,5.0,648.0,32831.33333333333,120928.39601075788,16756.83990194138,0.0,solaris_urbino_12_electric,Solaris Urbino 12 electric,77.80063791020737,420.0,2026-04-08 12:50:39.000000000,2026-04-08 12:49:33.000000000,0.44351095510688016,120.92839601075788,24.191506642193463,16.75683990194138,0.0,16.75683990194138,0.307208731535592,0.0,False,service
0.0,0.0,0.0,0.0,30.0,9-N1-4-B-035101,Egl. St-Acheul,Egl. St-Acheul,5.0,649.0,32861.33333333333,120928.39601075788,2500.0,0.0,solaris_urbino_12_electric,Solaris Urbino 12 electric,77.79567759274705,420.0,2026-04-08 12:51:09.000000000,2026-04-08 12:50:39.000000000,0.0,120.92839601075788,0.0,2.5,0.0,2.5,0.020833333333333332,0.0,False,service
1.0,0.0,277.40496861036326,6.604880205008649,42.0,9-N1-4-B-035101,Egl. St-Acheul,L. de Luzarches,5.0,650.0,32903.33333333333,121205.80097936824,16477.127724915903,0.0,solaris_urbino_12_electric,Solaris Urbino 12 electric,77.74990779351117,420.0,2026-04-08 12:51:51.000000000,2026-04-08 12:51:09.000000000,0.27740496861036323,121.20580097936825,23.777568738031135,16.477127724915903,0.0,16.477127724915903,0.19223315679068553,0.0,False,service
0.0,0.0,0.0,0.0,30.0,9-N1-4-B-035101,L. de Luzarches,L. de Luzarches,5.0,651.0,32933.33333333333,121205.80097936824,2500.0,0.0,solaris_urbino_12_electric,Solaris Urbino 12 electric,77.74494747605087,420.0,2026-04-08 12:52:21.000000000,2026-04-08 12:51:51.000000000,0.0,121.20580097936825,0.0,2.5,0.0,2.5,0.020833333333333332,0.0,False,service
1.0,0.0,343.1323580300078,3.855419753146155,89.0,9-N1-4-B-035101,L. de Luzarches,Pinceau,5.0,652.0,33022.33333333333,121548.93333739825,10266.87710449669,0.0,solaris_urbino_12_electric,Solaris Urbino 12 electric,77.68451413859714,420.0,2026-04-08 12:53:50.000000000,2026-04-08 12:52:21.000000000,0.3431323580300078,121.54893333739825,13.879511111326158,10.266877104496691,0.0,10.266877104496691,0.25382001730561266,0.0,False,service
0.0,0.0,0.0,0.0,30.0,9-N1-4-B-035101,Pinceau,Pinceau,5.0,653.0,33052.33333333333,121548.93333739825,2500.0,0.0,solaris_urbino_12_electric,Solaris Urbino 12 electric,77.67955382113684,420.0,2026-04-08 12:54:20.000000000,2026-04-08 12:53:50.000000000,0.0,121.54893333739825,0.0,2.5,0.0,2.5,0.020833333333333332,0.0,False,service
1.0,0.0,405.8966158731125,3.793426316571145,107.0,9-N1-4-B-035101,Pinceau,Caserne Dejean,5.0,654.0,33159.33333333333,121954.82995327136,10135.631813257165,0.0,solaris_urbino_12_electric,Solaris Urbino 12 electric,77.60782679706153,420.0,2026-04-08 12:56:07.000000000,2026-04-08 12:54:20.000000000,0.40589661587311254,121.95482995327136,13.656334739656122,10.135631813257165,0.0,10.135631813257165,0.3012535011162546,0.0,False,service
0.0,0.0,0.0,0.0,30.0,9-N1-4-B-035101,Caserne Dejean,Caserne Dejean,5.0,655.0,33189.33333333333,121954.82995327136,2500.0,0.0,solaris_urbino_12_electric,Solaris Urbino 12 electric,77.6028664796012,420.0,2026-04-08 12:56:37.000000000,2026-04-08 12:56:07.000000000,0.0,121.95482995327136,0.0,2.5,0.0,2.5,0.020833333333333332,0.0,False,service
1.0,0.0,391.6364257160486,3.7657348626543135,104.0,9-N1-4-B-035101,Caserne Dejean,Gare du Nord A,5.0,656.0,33293.33333333333,122346.4663789874,10077.106879742849,0.0,solaris_urbino_12_electric,Solaris Urbino 12 electric,77.53355304603684,420.0,2026-04-08 12:58:21.000000000,2026-04-08 12:56:37.000000000,0.3916364257160486,122.3464663789874,13.55664550555553,10.077106879742848,0.0,10.077106879742848,0.29111642097034895,0.0,False,service
0.0,0.0,0.0,0.0,30.0,9-N1-4-B-035101,Gare du Nord A,Gare du Nord A,5.0,657.0,33323.33333333333,122346.4663789874,2500.0,0.0,solaris_urbino_12_electric,Solaris Urbino 12 electric,77.52859272857653,420.0,2026-04-08 12:58:51.000000000,2026-04-08 12:58:21.000000000,0.0,122.3464663789874,0.0,2.5,0.0,2.5,0.020833333333333332,0.0,False,service
1.0,0.0,327.94171057791687,2.2158223687697087,148.0,9-N1-4-B-035101,Gare du Nord A,René Goblet,5.0,658.0,33471.33333333333,122674.40808956532,6885.894540513471,0.0,solaris_urbino_12_electric,Solaris Urbino 12 electric,77.46119111534928,420.0,2026-04-08 13:01:19.000000000,2026-04-08 12:58:51.000000000,0.3279417105779169,122.67440808956532,7.976960527570951,6.885894540513471,0.0,6.885894540513471,0.28308677555444267,0.0,False,service
0.0,0.0,0.0,0.0,30.0,9-N1-4-B-035101,René Goblet,René Goblet,5.0,659.0,33501.33333333333,122674.40808956532,2500.0,0.0,solaris_urbino_12_electric,Solaris Urbino 12 electric,77.45623079788896,420.0,2026-04-08 13:01:49.000000000,2026-04-08 13:01:19.000000000,0.0,122.67440808956532,0.0,2.5,0.0,2.5,0.020833333333333332,0.0,False,service
1.0,0.0,225.21730590675048,4.170690850125009,54.0,9-N1-4-B-035101,René Goblet,P. de Justice,5.0,660.0,33555.33333333333,122899.62539547207,10939.300990254254,0.0,solaris_urbino_12_electric,Solaris Urbino 12 electric,77.41716186578091,420.0,2026-04-08 13:02:43.000000000,2026-04-08 13:01:49.000000000,0.2252173059067505,122.89962539547207,15.014487060450033,10.939300990254255,0.0,10.939300990254255,0.16408951485381382,0.0,False,service
0.0,0.0,0.0,0.0,30.0,9-N1-4-B-035101,P. de Justice,P. de Justice,5.0,661.0,33585.33333333333,122899.62539547207,2500.0,0.0,solaris_urbino_12_electric,Solaris Urbino 12 electric,77.41220154832058,420.0,2026-04-08 13:03:13.000000000,2026-04-08 13:02:43.000000000,0.0,122.89962539547207,0.0,2.5,0.0,2.5,0.020833333333333332,0.0,False,service
1.0,0.0,229.9992746993994,3.965504736196541,58.0,9-N1-4-B-035101,P. de Justice,Dusevel,5.0,662.0,33643.33333333333,123129.62467017147,10500.713816572745,0.0,solaris_urbino_12_electric,Solaris Urbino 12 electric,77.37192103235755,420.0,2026-04-08 13:04:11.000000000,2026-04-08 13:03:13.000000000,0.2299992746993994,123.12962467017147,14.275817050307548,10.500713816572745,0.0,10.500713816572745,0.1691781670447831,0.0,False,service
0.0,0.0,0.0,0.0,30.0,9-N1-4-B-035101,Dusevel,Dusevel,5.0,663.0,33673.33333333333,123129.62467017147,2500.0,0.0,solaris_urbino_12_electric,Solaris Urbino 12 electric,77.36696071489723,420.0,2026-04-08 13:04:41.000000000,2026-04-08 13:04:11.000000000,0.0,123.12962467017147,0.0,2.5,0.0,2.5,0.020833333333333332,0.0,False,service
1.0,0.0,218.8226139254244,3.587255965990564,61.0,9-N1-4-B-035101,Dusevel,Beffroi,5.0,664.0,33734.33333333333,123348.4472840969,9701.347494647001,0.0,solaris_urbino_12_electric,Solaris Urbino 12 electric,77.32782168069264,420.0,2026-04-08 13:05:42.000000000,2026-04-08 13:04:41.000000000,0.2188226139254244,123.34844728409689,12.914121477566031,9.701347494647,0.0,9.701347494647,0.16438394365929643,0.0,False,service
0.0,0.0,0.0,0.0,30.0,9-N1-4-B-035101,Beffroi,Beffroi,5.0,665.0,33764.33333333333,123348.4472840969,2500.0,0.0,solaris_urbino_12_electric,Solaris Urbino 12 electric,77.32286136323232,420.0,2026-04-08 13:06:12.000000000,2026-04-08 13:05:42.000000000,0.0,123.34844728409689,0.0,2.5,0.0,2.5,0.020833333333333332,0.0,False,service
1.0,0.0,189.07722066752729,3.501430012361616,54.0,9-N1-4-B-035101,Beffroi,Place du Marché,5.0,666.0,33818.33333333333,123537.52450476443,9521.52461055803,0.0,solaris_urbino_12_electric,Solaris Urbino 12 electric,77.28885591819461,420.0,2026-04-08 13:07:06.000000000,2026-04-08 13:06:12.000000000,0.18907722066752727,123.53752450476443,12.605148044501819,9.52152461055803,0.0,9.52152461055803,0.14282286915837045,0.0,False,service
0.0,0.0,0.0,0.0,30.0,9-N1-4-B-035101,Place du Marché,Place du Marché,5.0,667.0,33848.33333333333,123537.52450476443,2500.0,0.0,solaris_urbino_12_electric,Solaris Urbino 12 electric,77.2838956007343,420.0,2026-04-08 13:07:36.000000000,2026-04-08 13:07:06.000000000,0.0,123.53752450476443,0.0,2.5,0.0,2.5,0.020833333333333332,0.0,False,service
1.0,0.0,171.78613535708172,3.817469674601816,45.0,9-N1-4-B-035101,Place du Marché,M. Culture B,5.0,668.0,33893.33333333333,123709.3106401215,10186.496636242933,0.0,solaris_urbino_12_electric,Solaris Urbino 12 electric,77.25357864645976,420.0,2026-04-08 13:08:21.000000000,2026-04-08 13:07:36.000000000,0.17178613535708173,123.7093106401215,13.742890828566539,10.186496636242934,0.0,10.186496636242934,0.12733120795303665,0.0,False,service
0.0,0.0,0.0,0.0,30.0,9-N1-4-B-035101,M. Culture B,M. Culture B,5.0,669.0,33923.33333333333,123709.3106401215,2500.0,0.0,solaris_urbino_12_electric,Solaris Urbino 12 electric,77.24861832899944,420.0,2026-04-08 13:08:51.000000000,2026-04-08 13:08:21.000000000,0.0,123.7093106401215,0.0,2.5,0.0,2.5,0.020833333333333332,0.0,False,service
1.0,0.0,291.81191051704656,6.07941480243847,48.0,9-N1-4-B-035101,M. Culture B,Saint-Jacques,5.0,670.0,33971.33333333333,124001.12255063855,15221.936608587479,0.0,solaris_urbino_12_electric,Solaris Urbino 12 electric,77.2002947207182,420.0,2026-04-08 13:09:39.000000000,2026-04-08 13:08:51.000000000,0.2918119105170466,124.00112255063856,21.885893288778494,15.221936608587479,0.0,15.221936608587479,0.20295915478116638,0.0,False,service
0.0,0.0,0.0,0.0,30.0,9-N1-4-B-035101,Saint-Jacques,Saint-Jacques,5.0,671.0,34001.33333333333,124001.12255063855,2500.0,0.0,solaris_urbino_12_electric,Solaris Urbino 12 electric,77.1953344032579,420.0,2026-04-08 13:10:09.000000000,2026-04-08 13:09:39.000000000,0.0,124.00112255063856,0.0,2.5,0.0,2.5,0.020833333333333332,0.0,False,service
1.0,0.0,350.7042974526486,5.656520926655622,62.0,9-N1-4-B-035101,Saint-Jacques,Jean Jaurès,5.0,672.0,34063.33333333333,124351.82684809121,14237.75760989092,0.0,solaris_urbino_12_electric,Solaris Urbino 12 electric,77.13695206385225,420.0,2026-04-08 13:11:11.000000000,2026-04-08 13:10:09.000000000,0.3507042974526486,124.3518268480912,20.36347533596024,14.23775760989092,0.0,14.23775760989092,0.24520582550367695,0.0,False,service
0.0,0.0,0.0,0.0,30.0,9-N1-4-B-035101,Jean Jaurès,Jean Jaurès,5.0,673.0,34093.33333333333,124351.82684809121,2500.0,0.0,solaris_urbino_12_electric,Solaris Urbino 12 electric,77.13199174639195,420.0,2026-04-08 13:11:41.000000000,2026-04-08 13:11:11.000000000,0.0,124.3518268480912,0.0,2.5,0.0,2.5,0.020833333333333332,0.0,False,service
1.0,0.0,402.8160957322576,5.5946679962813555,72.0,9-N1-4-B-035101,Jean Jaurès,Zoo d'Amiens,5.0,674.0,34165.33333333333,124754.64294382346,14095.64699678853,0.0,solaris_urbino_12_electric,Solaris Urbino 12 electric,77.0648696178358,420.0,2026-04-08 13:12:53.000000000,2026-04-08 13:11:41.000000000,0.40281609573225763,124.75464294382347,20.14080478661288,14.09564699678853,0.0,14.09564699678853,0.2819129399357706,0.0,False,service
0.0,0.0,0.0,0.0,30.0,9-N1-4-B-035101,Zoo d'Amiens,Zoo d'Amiens,5.0,675.0,34195.33333333333,124754.64294382346,2500.0,0.0,solaris_urbino_12_electric,Solaris Urbino 12 electric,77.0599093003755,420.0,2026-04-08 13:13:23.000000000,2026-04-08 13:12:53.000000000,0.0,124.75464294382347,0.0,2.5,0.0,2.5,0.020833333333333332,0.0,False,service
1.0,0.0,376.38436041502575,5.790528621769627,65.0,9-N1-4-B-035101,Zoo d'Amiens,Egl. St-Firmin,5.0,676.0,34260.33333333333,125131.0273042385,14547.228745279994,0.0,solaris_urbino_12_electric,Solaris Urbino 12 electric,76.99737161066363,420.0,2026-04-08 13:14:28.000000000,2026-04-08 13:13:23.000000000,0.37638436041502576,125.1310273042385,20.845903038370658,14.547228745279993,0.0,14.547228745279993,0.26265829678977765,0.0,False,service
0.0,0.0,0.0,0.0,30.0,9-N1-4-B-035101,Egl. St-Firmin,Egl. St-Firmin,5.0,677.0,34290.33333333333,125131.0273042385,2500.0,0.0,solaris_urbino_12_electric,Solaris Urbino 12 electric,76.99241129320332,420.0,2026-04-08 13:14:58.000000000,2026-04-08 13:14:28.000000000,0.0,125.1310273042385,0.0,2.5,0.0,2.5,0.020833333333333332,0.0,False,service
1.0,0.0,300.7481358168622,5.674493128620042,53.0,9-N1-4-B-035101,Egl. St-Firmin,Faubourg de Hem,5.0,678.0,34343.33333333333,125431.77544005535,14279.135582892508,0.0,solaris_urbino_12_electric,Solaris Urbino 12 electric,76.94235876768127,420.0,2026-04-08 13:15:51.000000000,2026-04-08 13:14:58.000000000,0.3007481358168622,125.43177544005535,20.428175263032152,14.279135582892508,0.0,14.279135582892508,0.21022060719258415,0.0,False,service
0.0,0.0,0.0,0.0,30.0,9-N1-4-B-035101,Faubourg de Hem,Faubourg de Hem,5.0,679.0,34373.33333333333,125431.77544005535,2500.0,0.0,solaris_urbino_12_electric,Solaris Urbino 12 electric,76.93739845022095,420.0,2026-04-08 13:16:21.000000000,2026-04-08 13:15:51.000000000,0.0,125.43177544005535,0.0,2.5,0.0,2.5,0.020833333333333332,0.0,False,service
1.0,0.0,242.018982618479,5.5004314231472495,44.0,9-N1-4-B-035101,Faubourg de Hem,Espace Alliance,5.0,680.0,34417.33333333333,125673.79442267383,13880.003999248058,0.0,solaris_urbino_12_electric,Solaris Urbino 12 electric,76.8970069041914,420.0,2026-04-08 13:17:05.000000000,2026-04-08 13:16:21.000000000,0.24201898261847898,125.67379442267384,19.8015531233301,13.880003999248057,0.0,13.880003999248057,0.16964449332414291,0.0,False,service
0.0,0.0,0.0,0.0,30.0,9-N1-4-B-035101,Espace Alliance,Espace Alliance,5.0,681.0,34447.33333333333,125673.79442267383,2500.0,0.0,solaris_urbino_12_electric,Solaris Urbino 12 electric,76.89204658673108,420.0,2026-04-08 13:17:35.000000000,2026-04-08 13:17:05.000000000,0.0,125.67379442267384,0.0,2.5,0.0,2.5,0.020833333333333332,0.0,False,service
1.0,0.0,512.4653653664171,5.631487531499089,91.0,9-N1-4-B-035101,Espace Alliance,Sully,5.0,682.0,34538.33333333333,126186.25978804025,14180.186968253003,0.0,solaris_urbino_12_electric,Solaris Urbino 12 electric,76.8067028688666,420.0,2026-04-08 13:19:06.000000000,2026-04-08 13:17:35.000000000,0.5124653653664172,126.18625978804025,20.273355113396722,14.180186968253004,0.0,14.180186968253004,0.3584436150308398,0.0,False,service
0.0,0.0,0.0,0.0,30.0,9-N1-4-B-035101,Sully,Sully,5.0,683.0,34568.33333333333,126186.25978804025,2500.0,0.0,solaris_urbino_12_electric,Solaris Urbino 12 electric,76.80174255140628,420.0,2026-04-08 13:19:36.000000000,2026-04-08 13:19:06.000000000,0.0,126.18625978804025,0.0,2.5,0.0,2.5,0.020833333333333332,0.0,False,service
1.0,0.0,581.4235833007191,5.537367460006848,105.0,9-N1-4-B-035101,Sully,Place la Barre,5.0,684.0,34673.33333333333,126767.68337134097,13964.400885694367,0.0,solaris_urbino_12_electric,Solaris Urbino 12 electric,76.70476754525562,420.0,2026-04-08 13:21:21.000000000,2026-04-08 13:19:36.000000000,0.5814235833007191,126.76768337134098,19.934522856024653,13.964400885694367,0.0,13.964400885694367,0.4072950258327524,0.0,False,service
0.0,0.0,0.0,0.0,30.0,9-N1-4-B-035101,Place la Barre,Place la Barre,5.0,685.0,34703.33333333333,126767.68337134097,2500.0,0.0,solaris_urbino_12_electric,Solaris Urbino 12 electric,76.6998072277953,420.0,2026-04-08 13:21:51.000000000,2026-04-08 13:21:21.000000000,0.0,126.76768337134098,0.0,2.5,0.0,2.5,0.020833333333333332,0.0,False,service
1.0,0.0,321.16148117311843,4.654514219900267,69.0,9-N1-4-B-035101,Place la Barre,La Fontaine,5.0,686.0,34772.33333333333,127088.84485251408,11988.547708117405,0.0,solaris_urbino_12_electric,Solaris Urbino 12 electric,76.64509758547652,420.0,2026-04-08 13:23:00.000000000,2026-04-08 13:21:51.000000000,0.32116148117311843,127.08884485251409,16.75625119164096,11.988547708117405,0.0,11.988547708117405,0.22978049773891693,0.0,False,service
0.0,0.0,0.0,0.0,30.0,9-N1-4-B-035101,La Fontaine,La Fontaine,5.0,687.0,34802.33333333333,127088.84485251408,2500.0,0.0,solaris_urbino_12_electric,Solaris Urbino 12 electric,76.64013726801619,420.0,2026-04-08 13:23:30.000000000,2026-04-08 13:23:00.000000000,0.0,127.08884485251409,0.0,2.5,0.0,2.5,0.020833333333333332,0.0,False,service
1.0,0.0,233.68404358993675,5.31100099068038,44.0,9-N1-4-B-035101,La Fontaine,Les Coursives,5.0,688.0,34846.33333333333,127322.52889610402,13449.643215515678,0.0,solaris_urbino_12_electric,Solaris Urbino 12 electric,76.60099809463772,420.0,2026-04-08 13:24:14.000000000,2026-04-08 13:23:30.000000000,0.23368404358993675,127.32252889610402,19.11960356644937,13.449643215515678,0.0,13.449643215515678,0.16438452818963606,0.0,False,service
0.0,0.0,0.0,0.0,30.0,9-N1-4-B-035101,Les Coursives,Les Coursives,5.0,689.0,34876.33333333333,127322.52889610402,2500.0,0.0,solaris_urbino_12_electric,Solaris Urbino 12 electric,76.5960377771774,420.0,2026-04-08 13:24:44.000000000,2026-04-08 13:24:14.000000000,0.0,127.32252889610402,0.0,2.5,0.0,2.5,0.020833333333333332,0.0,False,service
1.0,0.0,293.0331102299119,5.327874731452944,55.0,9-N1-4-B-035101,Les Coursives,Languedoc,5.0,690.0,34931.33333333333,127615.56200633393,13487.812028090722,0.0,solaris_urbino_12_electric,Solaris Urbino 12 electric,76.54697496887415,420.0,2026-04-08 13:25:39.000000000,2026-04-08 13:24:44.000000000,0.2930331102299119,127.61556200633393,19.1803490332306,13.487812028090723,0.0,13.487812028090723,0.20606379487360824,0.0,False,service
0.0,0.0,0.0,0.0,30.0,9-N1-4-B-035101,Languedoc,Languedoc,5.0,691.0,34961.33333333333,127615.56200633393,2500.0,0.0,solaris_urbino_12_electric,Solaris Urbino 12 electric,76.54201465141384,420.0,2026-04-08 13:26:09.000000000,2026-04-08 13:25:39.000000000,0.0,127.61556200633393,0.0,2.5,0.0,2.5,0.020833333333333332,0.0,False,service
1.0,0.0,320.6006811443548,4.007508514304435,80.0,9-N1-4-B-035101,Languedoc,Collège R.Parks,5.0,692.0,35041.33333333333,127936.16268747828,10590.203090054667,0.0,solaris_urbino_12_electric,Solaris Urbino 12 electric,76.48598183083153,420.0,2026-04-08 13:27:29.000000000,2026-04-08 13:26:09.000000000,0.3206006811443548,127.93616268747829,14.427030651495967,10.590203090054667,0.0,10.590203090054667,0.23533784644565928,0.0,False,service
0.0,0.0,0.0,0.0,30.0,9-N1-4-B-035101,Collège R.Parks,Collège R.Parks,5.0,693.0,35071.33333333333,127936.16268747828,2500.0,0.0,solaris_urbino_12_electric,Solaris Urbino 12 electric,76.48102151337122,420.0,2026-04-08 13:27:59.000000000,2026-04-08 13:27:29.000000000,0.0,127.93616268747829,0.0,2.5,0.0,2.5,0.020833333333333332,0.0,False,service
1.0,0.0,270.8261413947126,5.0152989147169,54.0,9-N1-4-B-035101,Collège R.Parks,Martinique,5.0,694.0,35125.33333333333,128206.988828873,12785.8717133053,0.0,solaris_urbino_12_electric,Solaris Urbino 12 electric,76.4353576858237,420.0,2026-04-08 13:28:53.000000000,2026-04-08 13:27:59.000000000,0.27082614139471256,128.206988828873,18.05507609298084,12.7858717133053,0.0,12.7858717133053,0.1917880756995795,0.0,False,service
0.0,0.0,0.0,0.0,30.0,9-N1-4-B-035101,Martinique,Martinique,5.0,695.0,35155.33333333333,128206.988828873,2500.0,0.0,solaris_urbino_12_electric,Solaris Urbino 12 electric,76.43039736836339,420.0,2026-04-08 13:29:23.000000000,2026-04-08 13:28:53.000000000,0.0,128.206988828873,0.0,2.5,0.0,2.5,0.020833333333333332,0.0,False,service
1.0,0.0,274.08690803195344,2.3227704070504527,118.0,9-N1-4-B-035101,Martinique,Etouvie Quai A,5.0,696.0,35273.33333333333,128481.07573690495,7101.567229865196,0.0,solaris_urbino_12_electric,Solaris Urbino 12 electric,76.37497508442661,420.0,2026-04-08 13:31:21.000000000,2026-04-08 13:29:23.000000000,0.27408690803195346,128.48107573690496,8.361973465381629,7.101567229865196,0.0,7.101567229865196,0.2327735925344703,0.0,False,service
1.0,0.0,241.9015249612658,4.319670088594032,56.0,9-N1-2-B-034901,Etouvie Quai A,Martinique,6.0,697.0,35329.33333333333,128722.97726186622,11260.068245184677,0.0,solaris_urbino_12_electric,Solaris Urbino 12 electric,76.33327112796296,420.0,2026-04-08 13:32:17.000000000,2026-04-08 13:31:21.000000000,0.2419015249612658,128.72297726186622,15.550812318938515,11.260068245184677,0.0,11.260068245184677,0.1751566171473172,0.0,False,service
0.0,0.0,0.0,0.0,30.0,9-N1-2-B-034901,Martinique,Martinique,6.0,698.0,35359.33333333333,128722.97726186622,2500.0,0.0,solaris_urbino_12_electric,Solaris Urbino 12 electric,76.32831081050264,420.0,2026-04-08 13:32:47.000000000,2026-04-08 13:32:17.000000000,0.0,128.72297726186622,0.0,2.5,0.0,2.5,0.020833333333333332,0.0,False,service
1.0,0.0,330.7630000086095,4.9367611941583505,67.0,9-N1-2-B-034901,Martinique,Collège R.Parks,6.0,699.0,35426.33333333333,129053.74026187483,12611.161213503856,0.0,solaris_urbino_12_electric,Solaris Urbino 12 electric,76.27242801941105,420.0,2026-04-08 13:33:54.000000000,2026-04-08 13:32:47.000000000,0.3307630000086095,129.05374026187482,17.77234029897006,12.611161213503856,0.0,12.611161213503856,0.23470772258465508,0.0,False,service
0.0,0.0,0.0,0.0,30.0,9-N1-2-B-034901,Collège R.Parks,Collège R.Parks,6.0,700.0,35456.33333333333,129053.74026187483,2500.0,0.0,solaris_urbino_12_electric,Solaris Urbino 12 electric,76.26746770195074,420.0,2026-04-08 13:34:24.000000000,2026-04-08 13:33:54.000000000,0.0,129.05374026187482,0.0,2.5,0.0,2.5,0.020833333333333332,0.0,False,service
1.0,0.0,296.81987678393193,4.01107941599908,74.0,9-N1-2-B-034901,Collège R.Parks,Languedoc,6.0,701.0,35530.33333333333,129350.56013865877,10597.817808205917,0.0,solaris_urbino_12_electric,Solaris Urbino 12 electric,76.21560007511164,420.0,2026-04-08 13:35:38.000000000,2026-04-08 13:34:24.000000000,0.29681987678393196,129.35056013865878,14.439885897596689,10.597817808205917,0.0,10.597817808205917,0.21784403272423272,0.0,False,service
0.0,0.0,0.0,0.0,30.0,9-N1-2-B-034901,Languedoc,Languedoc,6.0,702.0,35560.33333333333,129350.56013865877,2500.0,0.0,solaris_urbino_12_electric,Solaris Urbino 12 electric,76.21063975765132,420.0,2026-04-08 13:36:08.000000000,2026-04-08 13:35:38.000000000,0.0,129.35056013865878,0.0,2.5,0.0,2.5,0.020833333333333332,0.0,False,service
1.0,0.0,297.726462758007,5.316543977821554,56.0,9-N1-2-B-034901,Languedoc,Les coursives,6.0,703.0,35616.33333333333,129648.28660141677,13462.178045703666,0.0,solaris_urbino_12_electric,Solaris Urbino 12 electric,76.16077983896352,420.0,2026-04-08 13:37:04.000000000,2026-04-08 13:36:08.000000000,0.297726462758007,129.64828660141677,19.139558320157594,13.462178045703666,0.0,13.462178045703666,0.2094116584887237,0.0,False,service
0.0,0.0,0.0,0.0,30.0,9-N1-2-B-034901,Les coursives,Les coursives,6.0,704.0,35646.33333333333,129648.28660141677,2500.0,0.0,solaris_urbino_12_electric,Solaris Urbino 12 electric,76.15581952150322,420.0,2026-04-08 13:37:34.000000000,2026-04-08 13:37:04.000000000,0.0,129.64828660141677,0.0,2.5,0.0,2.5,0.020833333333333332,0.0,False,service
1.0,0.0,227.94980309080773,5.065551179795728,45.0,9-N1-2-B-034901,Les coursives,La Fontaine,6.0,705.0,35691.33333333333,129876.23640450758,12898.003526410092,0.0,solaris_urbino_12_electric,Solaris Urbino 12 electric,76.11743260624604,420.0,2026-04-08 13:38:19.000000000,2026-04-08 13:37:34.000000000,0.22794980309080773,129.87623640450758,18.23598424726462,12.898003526410092,0.0,12.898003526410092,0.16122504408012614,0.0,False,service
0.0,0.0,0.0,0.0,30.0,9-N1-2-B-034901,La Fontaine,La Fontaine,6.0,706.0,35721.33333333333,129876.23640450758,2500.0,0.0,solaris_urbino_12_electric,Solaris Urbino 12 electric,76.11247228878571,420.0,2026-04-08 13:38:49.000000000,2026-04-08 13:38:19.000000000,0.0,129.87623640450758,0.0,2.5,0.0,2.5,0.020833333333333332,0.0,False,service
1.0,0.0,278.8940733458619,4.572033989276425,61.0,9-N1-2-B-034901,La Fontaine,Place la Barre,6.0,707.0,35782.33333333333,130155.13047785344,11808.10899952981,0.0,solaris_urbino_12_electric,Solaris Urbino 12 electric,76.06483375380084,420.0,2026-04-08 13:39:50.000000000,2026-04-08 13:38:49.000000000,0.2788940733458619,130.15513047785345,16.459322361395127,11.808108999529809,0.0,11.808108999529809,0.20008184693647732,0.0,False,service
0.0,0.0,0.0,0.0,30.0,9-N1-2-B-034901,Place la Barre,Place la Barre,6.0,708.0,35812.33333333333,130155.13047785344,2500.0,0.0,solaris_urbino_12_electric,Solaris Urbino 12 electric,76.05987343634052,420.0,2026-04-08 13:40:20.000000000,2026-04-08 13:39:50.000000000,0.0,130.15513047785345,0.0,2.5,0.0,2.5,0.020833333333333332,0.0,False,service
1.0,0.0,552.9827646282706,5.882795368385858,94.0,9-N1-2-B-034901,Place la Barre,Sully,6.0,709.0,35906.33333333333,130708.1132424817,14761.584006347119,0.0,solaris_urbino_12_electric,Solaris Urbino 12 electric,75.96810168392011,420.0,2026-04-08 13:41:54.000000000,2026-04-08 13:40:20.000000000,0.5529827646282706,130.70811324248172,21.178063326189086,14.76158400634712,0.0,14.76158400634712,0.38544136016573033,0.0,False,service
0.0,0.0,0.0,0.0,30.0,9-N1-2-B-034901,Sully,Sully,6.0,710.0,35936.33333333333,130708.1132424817,2500.0,0.0,solaris_urbino_12_electric,Solaris Urbino 12 electric,75.9631413664598,420.0,2026-04-08 13:42:24.000000000,2026-04-08 13:41:54.000000000,0.0,130.70811324248172,0.0,2.5,0.0,2.5,0.020833333333333332,0.0,False,service
1.0,0.0,541.2636534432309,5.820039284335816,93.0,9-N1-2-B-034901,Sully,Espace Alliance,6.0,711.0,36029.33333333333,131249.37689592494,14615.67378448361,0.0,solaris_urbino_12_electric,Solaris Urbino 12 electric,75.87324337294413,420.0,2026-04-08 13:43:57.000000000,2026-04-08 13:42:24.000000000,0.5412636534432308,131.24937689592494,20.952141423608936,14.61567378448361,0.0,14.61567378448361,0.3775715727658266,0.0,False,service
0.0,0.0,0.0,0.0,30.0,9-N1-2-B-034901,Espace Alliance,Espace Alliance,6.0,712.0,36059.33333333333,131249.37689592494,2500.0,0.0,solaris_urbino_12_electric,Solaris Urbino 12 electric,75.8682830554838,420.0,2026-04-08 13:44:27.000000000,2026-04-08 13:43:57.000000000,0.0,131.24937689592494,0.0,2.5,0.0,2.5,0.020833333333333332,0.0,False,service
1.0,0.0,306.8484114845754,5.789592669520291,53.0,9-N1-2-B-034901,Espace Alliance,Faubourg de Hem,6.0,713.0,36112.33333333333,131556.2253074095,14545.059713261502,0.0,solaris_urbino_12_electric,Solaris Urbino 12 electric,75.8172983884995,420.0,2026-04-08 13:45:20.000000000,2026-04-08 13:44:27.000000000,0.3068484114845754,131.5562253074095,20.842533610273048,14.545059713261502,0.0,14.545059713261502,0.21413560133412768,0.0,False,service
0.0,0.0,0.0,0.0,30.0,9-N1-2-B-034901,Faubourg de Hem,Faubourg de Hem,6.0,714.0,36142.33333333333,131556.2253074095,2500.0,0.0,solaris_urbino_12_electric,Solaris Urbino 12 electric,75.81233807103916,420.0,2026-04-08 13:45:50.000000000,2026-04-08 13:45:20.000000000,0.0,131.5562253074095,0.0,2.5,0.0,2.5,0.020833333333333332,0.0,False,service
1.0,0.0,296.4471853943004,7.058266318911914,42.0,9-N1-2-B-034901,Faubourg de Hem,Egl. St-Firmin,6.0,715.0,36184.33333333333,131852.6724928038,17591.10789775967,0.0,solaris_urbino_12_electric,Solaris Urbino 12 electric,75.76347388243428,420.0,2026-04-08 13:46:32.000000000,2026-04-08 13:45:50.000000000,0.29644718539430037,131.8526724928038,25.409758748082893,17.59110789775967,0.0,17.59110789775967,0.2052295921405295,0.0,False,service
0.0,0.0,0.0,0.0,30.0,9-N1-2-B-034901,Egl. St-Firmin,Egl. St-Firmin,6.0,716.0,36214.33333333333,131852.6724928038,2500.0,0.0,solaris_urbino_12_electric,Solaris Urbino 12 electric,75.75851356497397,420.0,2026-04-08 13:47:02.000000000,2026-04-08 13:46:32.000000000,0.0,131.8526724928038,0.0,2.5,0.0,2.5,0.020833333333333332,0.0,False,service
1.0,0.0,397.9625757415526,7.106474566813439,56.0,9-N1-2-B-034901,Egl. St-Firmin,Zoo d'Amiens,6.0,717.0,36270.33333333333,132250.63506854535,17711.33170949966,0.0,solaris_urbino_12_electric,Solaris Urbino 12 electric,75.69291604012398,420.0,2026-04-08 13:47:58.000000000,2026-04-08 13:47:02.000000000,0.3979625757415526,132.25063506854536,25.58330844052838,17.71133170949966,0.0,17.71133170949966,0.2755096043699947,0.0,False,service
0.0,0.0,0.0,0.0,30.0,9-N1-2-B-034901,Zoo d'Amiens,Zoo d'Amiens,6.0,718.0,36300.33333333333,132250.63506854535,2500.0,0.0,solaris_urbino_12_electric,Solaris Urbino 12 electric,75.68795572266365,420.0,2026-04-08 13:48:28.000000000,2026-04-08 13:47:58.000000000,0.0,132.25063506854536,0.0,2.5,0.0,2.5,0.020833333333333332,0.0,False,service
1.0,0.0,387.76459722543666,6.924367807597084,56.0,9-N1-2-B-034901,Zoo d'Amiens,Jean Jaurès,6.0,719.0,36356.33333333333,132638.3996657708,17259.00345845794,0.0,solaris_urbino_12_electric,Solaris Urbino 12 electric,75.62403348763233,420.0,2026-04-08 13:49:24.000000000,2026-04-08 13:48:28.000000000,0.38776459722543666,132.63839966577078,24.9277241073495,17.25900345845794,0.0,17.25900345845794,0.268473387131568,0.0,False,service
0.0,0.0,0.0,0.0,30.0,9-N1-2-B-034901,Jean Jaurès,Jean Jaurès,6.0,720.0,36386.33333333333,132638.3996657708,2500.0,0.0,solaris_urbino_12_electric,Solaris Urbino 12 electric,75.61907317017202,420.0,2026-04-08 13:49:54.000000000,2026-04-08 13:49:24.000000000,0.0,132.63839966577078,0.0,2.5,0.0,2.5,0.020833333333333332,0.0,False,service
1.0,0.0,353.81886733206454,6.675827685510652,53.0,9-N1-2-B-034901,Jean Jaurès,Saint-Jacques,6.0,721.0,36439.33333333333,132992.21853310286,16649.496892479903,0.0,solaris_urbino_12_electric,Solaris Urbino 12 electric,75.56071183847217,420.0,2026-04-08 13:50:47.000000000,2026-04-08 13:49:54.000000000,0.3538188673320645,132.99221853310286,24.032979667838347,16.649496892479902,0.0,16.649496892479902,0.24511759313928747,0.0,False,service
0.0,0.0,0.0,0.0,30.0,9-N1-2-B-034901,Saint-Jacques,Saint-Jacques,6.0,722.0,36469.33333333333,132992.21853310286,2500.0,0.0,solaris_urbino_12_electric,Solaris Urbino 12 electric,75.55575152101187,420.0,2026-04-08 13:51:17.000000000,2026-04-08 13:50:47.000000000,0.0,132.99221853310286,0.0,2.5,0.0,2.5,0.020833333333333332,0.0,False,service
1.0,0.0,242.8037375118653,7.35768901551107,33.0,9-N1-2-B-034901,Saint-Jacques,M. Culture A,6.0,723.0,36502.33333333333,133235.02227061472,18343.542843186246,0.0,solaris_urbino_12_electric,Solaris Urbino 12 electric,75.51571601083825,420.0,2026-04-08 13:51:50.000000000,2026-04-08 13:51:17.000000000,0.24280373751186532,133.2350222706147,26.487680455839854,18.343542843186246,0.0,18.343542843186246,0.16814914272920725,0.0,False,service
0.0,0.0,0.0,0.0,30.0,9-N1-2-B-034901,M. Culture A,M. Culture A,6.0,724.0,36532.33333333333,133235.02227061472,2500.0,0.0,solaris_urbino_12_electric,Solaris Urbino 12 electric,75.51075569337793,420.0,2026-04-08 13:52:20.000000000,2026-04-08 13:51:50.000000000,0.0,133.2350222706147,0.0,2.5,0.0,2.5,0.020833333333333332,0.0,False,service
1.0,0.0,296.74165114956037,2.472847092913003,120.0,9-N1-2-B-034901,M. Culture A,Hôtel de Ville,6.0,725.0,36652.33333333333,133531.76392176427,7405.169534075037,0.0,solaris_urbino_12_electric,Solaris Urbino 12 electric,75.45198450659956,420.0,2026-04-08 13:54:20.000000000,2026-04-08 13:52:20.000000000,0.29674165114956036,133.53176392176428,8.90224953448681,7.4051695340750365,0.0,7.4051695340750365,0.2468389844691679,0.0,False,service
0.0,0.0,0.0,0.0,30.0,9-N1-2-B-034901,Hôtel de Ville,Hôtel de Ville,6.0,726.0,36682.33333333333,133531.76392176427,2500.0,0.0,solaris_urbino_12_electric,Solaris Urbino 12 electric,75.44702418913923,420.0,2026-04-08 13:54:50.000000000,2026-04-08 13:54:20.000000000,0.0,133.53176392176428,0.0,2.5,0.0,2.5,0.020833333333333332,0.0,False,service
1.0,0.0,228.2941059416939,4.005159753363051,57.0,9-N1-2-B-034901,Hôtel de Ville,Jacobins,6.0,727.0,36739.33333333333,133760.05802770596,10585.195099293087,0.0,solaris_urbino_12_electric,Solaris Urbino 12 electric,75.4071196838046,420.0,2026-04-08 13:55:47.000000000,2026-04-08 13:54:50.000000000,0.22829410594169391,133.76005802770595,14.418575112106984,10.585195099293086,0.0,10.585195099293086,0.1675989224054739,0.0,False,service
0.0,0.0,0.0,0.0,30.0,9-N1-2-B-034901,Jacobins,Jacobins,6.0,728.0,36769.33333333333,133760.05802770596,2500.0,0.0,solaris_urbino_12_electric,Solaris Urbino 12 electric,75.40215936634428,420.0,2026-04-08 13:56:17.000000000,2026-04-08 13:55:47.000000000,0.0,133.76005802770595,0.0,2.5,0.0,2.5,0.020833333333333332,0.0,False,service
1.0,0.0,326.11241962366006,4.026079254613087,81.0,9-N1-2-B-034901,Jacobins,Emile Zola,6.0,729.0,36850.33333333333,134086.1704473296,10629.8158571957,0.0,solaris_urbino_12_electric,Solaris Urbino 12 electric,75.34521392425216,420.0,2026-04-08 13:57:38.000000000,2026-04-08 13:56:17.000000000,0.32611241962366005,134.0861704473296,14.493885316607114,10.6298158571957,0.0,10.6298158571957,0.23917085678690322,0.0,False,service
0.0,0.0,0.0,0.0,30.0,9-N1-2-B-034901,Emile Zola,Emile Zola,6.0,730.0,36880.33333333333,134086.1704473296,2500.0,0.0,solaris_urbino_12_electric,Solaris Urbino 12 electric,75.34025360679185,420.0,2026-04-08 13:58:08.000000000,2026-04-08 13:57:38.000000000,0.0,134.0861704473296,0.0,2.5,0.0,2.5,0.020833333333333332,0.0,False,service
1.0,0.0,355.48637357572056,2.1943603307143245,162.0,9-N1-2-B-034901,Emile Zola,Gare du Nord B,6.0,731.0,37042.33333333333,134441.65682090534,6842.679519791913,0.0,solaris_urbino_12_electric,Solaris Urbino 12 electric,75.26693918336551,420.0,2026-04-08 14:00:50.000000000,2026-04-08 13:58:08.000000000,0.35548637357572055,134.44165682090534,7.899697190571568,6.842679519791913,0.0,6.842679519791913,0.307920578390636,0.0,False,service
0.0,0.0,0.0,0.0,30.0,9-N1-2-B-034901,Gare du Nord B,Gare du Nord B,6.0,732.0,37072.33333333333,134441.65682090534,2500.0,0.0,solaris_urbino_12_electric,Solaris Urbino 12 electric,75.26197886590518,420.0,2026-04-08 14:01:20.000000000,2026-04-08 14:00:50.000000000,0.0,134.44165682090534,0.0,2.5,0.0,2.5,0.020833333333333332,0.0,False,service
1.0,0.0,368.1948881034494,3.95908481831666,93.0,9-N1-2-B-034901,Gare du Nord B,Caserne Dejean,6.0,733.0,37165.33333333333,134809.8517090088,10487.049257408216,0.0,solaris_urbino_12_electric,Solaris Urbino 12 electric,75.19747518991716,420.0,2026-04-08 14:02:53.000000000,2026-04-08 14:01:20.000000000,0.3681948881034494,134.8098517090088,14.252705345939976,10.487049257408216,0.0,10.487049257408216,0.2709154391497123,0.0,False,service
0.0,0.0,0.0,0.0,30.0,9-N1-2-B-034901,Caserne Dejean,Caserne Dejean,6.0,734.0,37195.33333333333,134809.8517090088,2500.0,0.0,solaris_urbino_12_electric,Solaris Urbino 12 electric,75.19251487245684,420.0,2026-04-08 14:03:23.000000000,2026-04-08 14:02:53.000000000,0.0,134.8098517090088,0.0,2.5,0.0,2.5,0.020833333333333332,0.0,False,service
1.0,0.0,355.3755273513469,3.862777471210292,92.0,9-N1-2-B-034901,Caserne Dejean,Pinceau,6.0,735.0,37287.33333333333,135165.22723636014,10282.474769595454,0.0,solaris_urbino_12_electric,Solaris Urbino 12 electric,75.1299495497847,420.0,2026-04-08 14:04:55.000000000,2026-04-08 14:03:23.000000000,0.35537552735134686,135.16522723636012,13.905998896357051,10.282474769595455,0.0,10.282474769595455,0.2627743552229949,0.0,False,service
0.0,0.0,0.0,0.0,30.0,9-N1-2-B-034901,Pinceau,Pinceau,6.0,736.0,37317.33333333333,135165.22723636014,2500.0,0.0,solaris_urbino_12_electric,Solaris Urbino 12 electric,75.12498923232438,420.0,2026-04-08 14:05:25.000000000,2026-04-08 14:04:55.000000000,0.0,135.16522723636012,0.0,2.5,0.0,2.5,0.020833333333333332,0.0,False,service
1.0,0.0,447.05548624280317,3.8874390108069843,115.0,9-N1-2-B-034901,Pinceau,L. de Luzarches,6.0,737.0,37432.33333333333,135612.28272260295,10334.78728614811,0.0,solaris_urbino_12_electric,Solaris Urbino 12 electric,75.04638469939403,420.0,2026-04-08 14:07:20.000000000,2026-04-08 14:05:25.000000000,0.44705548624280317,135.61228272260294,13.994780438905144,10.33478728614811,0.0,10.33478728614811,0.3301390383075091,0.0,False,service
0.0,0.0,0.0,0.0,30.0,9-N1-2-B-034901,L. de Luzarches,L. de Luzarches,6.0,738.0,37462.33333333333,135612.28272260295,2500.0,0.0,solaris_urbino_12_electric,Solaris Urbino 12 electric,75.04142438193371,420.0,2026-04-08 14:07:50.000000000,2026-04-08 14:07:20.000000000,0.0,135.61228272260294,0.0,2.5,0.0,2.5,0.020833333333333332,0.0,False,service
1.0,0.0,324.8685267650074,8.121713169125185,40.0,9-N1-2-B-034901,L. de Luzarches,Egl. St-Acheul,6.0,739.0,37502.33333333333,135937.15124936795,20328.218593303132,0.0,solaris_urbino_12_electric,Solaris Urbino 12 electric,74.98764602586677,420.0,2026-04-08 14:08:30.000000000,2026-04-08 14:07:50.000000000,0.3248685267650074,135.93715124936796,29.238167408850664,20.32821859330313,0.0,20.32821859330313,0.22586909548114592,0.0,False,service
0.0,0.0,0.0,0.0,30.0,9-N1-2-B-034901,Egl. St-Acheul,Egl. St-Acheul,6.0,740.0,37532.33333333333,135937.15124936795,2500.0,0.0,solaris_urbino_12_electric,Solaris Urbino 12 electric,74.98268570840645,420.0,2026-04-08 14:09:00.000000000,2026-04-08 14:08:30.000000000,0.0,135.93715124936796,0.0,2.5,0.0,2.5,0.020833333333333332,0.0,False,service
1.0,0.0,451.79666905185246,8.214484891851862,55.0,9-N1-2-B-034901,Egl. St-Acheul,Mercey,6.0,741.0,37587.33333333333,136388.9479184198,20575.864377064863,0.0,solaris_urbino_12_electric,Solaris Urbino 12 electric,74.90783964089728,420.0,2026-04-08 14:09:55.000000000,2026-04-08 14:09:00.000000000,0.45179666905185245,136.3889479184198,29.572145610666706,20.575864377064864,0.0,20.575864377064864,0.31435348353849096,0.0,False,service
0.0,0.0,0.0,0.0,30.0,9-N1-2-B-034901,Mercey,Mercey,6.0,742.0,37617.33333333333,136388.9479184198,2500.0,0.0,solaris_urbino_12_electric,Solaris Urbino 12 electric,74.90287932343696,420.0,2026-04-08 14:10:25.000000000,2026-04-08 14:09:55.000000000,0.0,136.3889479184198,0.0,2.5,0.0,2.5,0.020833333333333332,0.0,False,service
1.0,0.0,481.8036462949089,8.166163496523879,59.0,9-N1-2-B-034901,Mercey,Sobo,6.0,743.0,37676.33333333333,136870.7515647147,20446.688745559044,0.0,solaris_urbino_12_electric,Solaris Urbino 12 electric,74.82309396391395,420.0,2026-04-08 14:11:24.000000000,2026-04-08 14:10:25.000000000,0.4818036462949089,136.8707515647147,29.398188587485965,20.446688745559044,0.0,20.446688745559044,0.3350985099966621,0.0,False,service
0.0,0.0,0.0,0.0,30.0,9-N1-2-B-034901,Sobo,Sobo,6.0,744.0,37706.33333333333,136870.7515647147,2500.0,0.0,solaris_urbino_12_electric,Solaris Urbino 12 electric,74.81813364645363,420.0,2026-04-08 14:11:54.000000000,2026-04-08 14:11:24.000000000,0.0,136.8707515647147,0.0,2.5,0.0,2.5,0.020833333333333332,0.0,False,service
1.0,0.0,707.5852717526406,8.22773571805396,86.0,9-N1-2-B-034901,Sobo,Pont de l'Avre,6.0,745.0,37792.33333333333,137578.33683646735,20611.358234859843,0.0,solaris_urbino_12_electric,Solaris Urbino 12 electric,74.70089973056753,420.0,2026-04-08 14:13:20.000000000,2026-04-08 14:11:54.000000000,0.7075852717526405,137.57833683646734,29.61984858499426,20.611358234859843,0.0,20.611358234859843,0.4923824467216518,0.0,False,service
0.0,0.0,0.0,0.0,30.0,9-N1-2-B-034901,Pont de l'Avre,Pont de l'Avre,6.0,746.0,37822.33333333333,137578.33683646735,2500.0,0.0,solaris_urbino_12_electric,Solaris Urbino 12 electric,74.69593941310721,420.0,2026-04-08 14:13:50.000000000,2026-04-08 14:13:20.000000000,0.0,137.57833683646734,0.0,2.5,0.0,2.5,0.020833333333333332,0.0,False,service
1.0,0.0,296.6141068969825,7.062240640404345,42.0,9-N1-2-B-034901,Pont de l'Avre,Cité du Château,6.0,747.0,37864.33333333333,137874.95094336433,17601.00604348413,0.0,solaris_urbino_12_electric,Solaris Urbino 12 electric,74.64704772965308,420.0,2026-04-08 14:14:32.000000000,2026-04-08 14:13:50.000000000,0.2966141068969825,137.87495094336433,25.424066305455643,17.60100604348413,0.0,17.60100604348413,0.20534507050731485,0.0,False,service
0.0,0.0,0.0,0.0,30.0,9-N1-2-B-034901,Cité du Château,Cité du Château,6.0,748.0,37894.33333333333,137874.95094336433,2500.0,0.0,solaris_urbino_12_electric,Solaris Urbino 12 electric,74.64208741219277,420.0,2026-04-08 14:15:02.000000000,2026-04-08 14:14:32.000000000,0.0,137.87495094336433,0.0,2.5,0.0,2.5,0.020833333333333332,0.0,False,service
1.0,0.0,332.9543642312839,6.936549254818414,48.0,9-N1-2-B-034901,Cité du Château,La Rose Rouge,6.0,749.0,37942.33333333333,138207.90530759562,17289.107112419595,0.0,solaris_urbino_12_electric,Solaris Urbino 12 electric,74.58720135786763,420.0,2026-04-08 14:15:50.000000000,2026-04-08 14:15:02.000000000,0.3329543642312839,138.2079053075956,24.97157731734629,17.289107112419597,0.0,17.289107112419597,0.2305214281655946,0.0,False,service
0.0,0.0,0.0,0.0,30.0,9-N1-2-B-034901,La Rose Rouge,La Rose Rouge,6.0,750.0,37972.33333333333,138207.90530759562,2500.0,0.0,solaris_urbino_12_electric,Solaris Urbino 12 electric,74.58224104040731,420.0,2026-04-08 14:16:20.000000000,2026-04-08 14:15:50.000000000,0.0,138.2079053075956,0.0,2.5,0.0,2.5,0.020833333333333332,0.0,False,service
1.0,0.0,225.1396338173497,7.262568832817732,31.0,9-N1-2-B-034901,La Rose Rouge,Poidevin,6.0,751.0,38003.33333333333,138433.04494141295,18103.02141613429,0.0,solaris_urbino_12_electric,Solaris Urbino 12 electric,74.54512505734513,420.0,2026-04-08 14:16:51.000000000,2026-04-08 14:16:20.000000000,0.2251396338173497,138.43304494141296,26.145247798143835,18.10302141613429,0.0,18.10302141613429,0.15588712886115635,0.0,False,service
0.0,0.0,0.0,0.0,30.0,9-N1-2-B-034901,Poidevin,Poidevin,6.0,752.0,38033.33333333333,138433.04494141295,2500.0,0.0,solaris_urbino_12_electric,Solaris Urbino 12 electric,74.54016473988482,420.0,2026-04-08 14:17:21.000000000,2026-04-08 14:16:51.000000000,0.0,138.43304494141296,0.0,2.5,0.0,2.5,0.020833333333333332,0.0,False,service
1.0,0.0,314.5014195772681,7.147759535847002,44.0,9-N1-2-B-034901,Poidevin,M. de Longueau,6.0,753.0,38077.33333333333,138747.54636099024,17814.568253525784,0.0,solaris_urbino_12_electric,Solaris Urbino 12 electric,74.48832340369731,420.0,2026-04-08 14:18:05.000000000,2026-04-08 14:17:21.000000000,0.3145014195772681,138.74754636099024,25.731934329049206,17.814568253525785,0.0,17.814568253525785,0.21773361198753735,0.0,False,service
0.0,0.0,0.0,0.0,30.0,9-N1-2-B-034901,M. de Longueau,M. de Longueau,6.0,754.0,38107.33333333333,138747.54636099024,2500.0,0.0,solaris_urbino_12_electric,Solaris Urbino 12 electric,74.48336308623699,420.0,2026-04-08 14:18:35.000000000,2026-04-08 14:18:05.000000000,0.0,138.74754636099024,0.0,2.5,0.0,2.5,0.020833333333333332,0.0,False,service
1.0,0.0,256.63398574137216,6.936053668685734,37.0,9-N1-2-B-034901,M. de Longueau,La Fourche,6.0,755.0,38144.33333333333,139004.18034673162,17287.881959235827,0.0,solaris_urbino_12_electric,Solaris Urbino 12 electric,74.44105808408807,420.0,2026-04-08 14:19:12.000000000,2026-04-08 14:18:35.000000000,0.25663398574137214,139.00418034673163,24.96979320726864,17.287881959235825,0.0,17.287881959235825,0.17768100902547934,0.0,False,service
0.0,0.0,0.0,0.0,30.0,9-N1-2-B-034901,La Fourche,La Fourche,6.0,756.0,38174.33333333333,139004.18034673162,2500.0,0.0,solaris_urbino_12_electric,Solaris Urbino 12 electric,74.43609776662774,420.0,2026-04-08 14:19:42.000000000,2026-04-08 14:19:12.000000000,0.0,139.00418034673163,0.0,2.5,0.0,2.5,0.020833333333333332,0.0,False,service
1.0,0.0,651.0902221706201,6.643777777251225,98.0,9-N1-2-B-034901,La Fourche,Croix de Fer,6.0,757.0,38272.33333333333,139655.27056890226,16571.54282882152,0.0,solaris_urbino_12_electric,Solaris Urbino 12 electric,74.32868961866316,420.0,2026-04-08 14:21:20.000000000,2026-04-08 14:19:42.000000000,0.6510902221706201,139.65527056890227,23.91759999810441,16.571542828821517,0.0,16.571542828821517,0.4511142214512525,0.0,False,service
0.0,0.0,0.0,0.0,30.0,9-N1-2-B-034901,Croix de Fer,Croix de Fer,6.0,758.0,38302.33333333333,139655.27056890226,2500.0,0.0,solaris_urbino_12_electric,Solaris Urbino 12 electric,74.32372930120285,420.0,2026-04-08 14:21:50.000000000,2026-04-08 14:21:20.000000000,0.0,139.65527056890227,0.0,2.5,0.0,2.5,0.020833333333333332,0.0,False,service
1.0,0.0,703.41712703917,4.953641739712465,142.0,9-N1-2-B-034901,Croix de Fer,C. Cial Glisy,6.0,759.0,38444.33333333333,140358.68769594142,12648.657874092083,0.0,solaris_urbino_12_electric,Solaris Urbino 12 electric,74.20493899577156,420.0,2026-04-08 14:24:12.000000000,2026-04-08 14:21:50.000000000,0.70341712703917,140.35868769594143,17.833110262964873,12.648657874092082,0.0,12.648657874092082,0.4989192828114099,0.0,False,service
0.0,0.0,0.0,0.0,30.0,9-N1-2-B-034901,C. Cial Glisy,C. Cial Glisy,6.0,760.0,38474.33333333333,140358.68769594142,2500.0,0.0,solaris_urbino_12_electric,Solaris Urbino 12 electric,74.19997867831124,420.0,2026-04-08 14:24:42.000000000,2026-04-08 14:24:12.000000000,0.0,140.35868769594143,0.0,2.5,0.0,2.5,0.020833333333333332,0.0,False,service
1.0,0.0,136.72688382470434,4.883102993739441,28.0,9-N1-2-B-034901,C. Cial Glisy,Capitaine Nemo,6.0,761.0,38502.33333333333,140495.41457976613,12492.168184754679,0.0,solaris_urbino_12_electric,Solaris Urbino 12 electric,74.17684503352466,420.0,2026-04-08 14:25:10.000000000,2026-04-08 14:24:42.000000000,0.13672688382470435,140.49541457976613,17.57917077746199,12.492168184754679,0.0,12.492168184754679,0.09716130810364751,0.0,False,service
0.0,0.0,0.0,0.0,30.0,9-N1-2-B-034901,Capitaine Nemo,Capitaine Nemo,6.0,762.0,38532.33333333333,140495.41457976613,2500.0,0.0,solaris_urbino_12_electric,Solaris Urbino 12 electric,74.17188471606434,420.0,2026-04-08 14:25:40.000000000,2026-04-08 14:25:10.000000000,0.0,140.49541457976613,0.0,2.5,0.0,2.5,0.020833333333333332,0.0,False,service
1.0,0.0,323.4478124594319,2.488060095841784,130.0,9-N1-2-B-034901,Capitaine Nemo,Pôle J. Verne,6.0,763.0,38662.33333333333,140818.86239222556,7436.009883372681,0.0,solaris_urbino_12_electric,Solaris Urbino 12 electric,74.10795076865439,420.0,2026-04-08 14:27:50.000000000,2026-04-08 14:25:40.000000000,0.3234478124594319,140.81886239222555,8.957016345030421,7.43600988337268,0.0,7.43600988337268,0.2685225791217912,0.0,False,service
0.0,0.0,0.0,0.0,30.0,9-N1-2-B-034901,Pôle J. Verne,Pôle J. Verne,6.0,764.0,38692.33333333333,140818.86239222556,2500.0,0.0,solaris_urbino_12_electric,Solaris Urbino 12 electric,74.10299045119407,420.0,2026-04-08 14:28:20.000000000,2026-04-08 14:27:50.000000000,0.0,140.81886239222555,0.0,2.5,0.0,2.5,0.020833333333333332,0.0,False,service
1.0,0.0,334.0181708930427,4.7044812801837,71.0,9-N1-4-B-035101,Pôle J. Verne,Capitaine Nemo,6.0,765.0,38763.33333333333,141152.8805631186,12098.184498446486,0.0,solaris_urbino_12_electric,Solaris Urbino 12 electric,74.04618019329793,420.0,2026-04-08 14:29:31.000000000,2026-04-08 14:28:20.000000000,0.3340181708930427,141.1528805631186,16.93613260866132,12.098184498446486,0.0,12.098184498446486,0.23860308316380568,0.0,False,service
0.0,0.0,0.0,0.0,30.0,9-N1-4-B-035101,Capitaine Nemo,Capitaine Nemo,6.0,766.0,38793.33333333333,141152.8805631186,2500.0,0.0,solaris_urbino_12_electric,Solaris Urbino 12 electric,74.04121987583761,420.0,2026-04-08 14:30:01.000000000,2026-04-08 14:29:31.000000000,0.0,141.1528805631186,0.0,2.5,0.0,2.5,0.020833333333333332,0.0,False,service
1.0,0.0,122.91799931516653,5.8532380626269775,21.0,9-N1-4-B-035101,Capitaine Nemo,C. Cial Glisy,6.0,767.0,38814.33333333333,141275.79856243377,14692.801288691231,0.0,solaris_urbino_12_electric,Solaris Urbino 12 electric,74.0208132073811,420.0,2026-04-08 14:30:22.000000000,2026-04-08 14:30:01.000000000,0.12291799931516653,141.27579856243378,21.07165702545712,14.69280128869123,0.0,14.69280128869123,0.08570800751736551,0.0,False,service
0.0,0.0,0.0,0.0,30.0,9-N1-4-B-035101,C. Cial Glisy,C. Cial Glisy,6.0,768.0,38844.33333333333,141275.79856243377,2500.0,0.0,solaris_urbino_12_electric,Solaris Urbino 12 electric,74.01585288992078,420.0,2026-04-08 14:30:52.000000000,2026-04-08 14:30:22.000000000,0.0,141.27579856243378,0.0,2.5,0.0,2.5,0.020833333333333332,0.0,False,service
1.0,0.0,685.9620842301216,4.6664087362593305,147.0,9-N1-4-B-035101,C. Cial Glisy,Croix de Fer,6.0,769.0,38991.33333333333,141961.7606466639,12014.623985741244,0.0,solaris_urbino_12_electric,Solaris Urbino 12 electric,73.89904404561497,420.0,2026-04-08 14:33:19.000000000,2026-04-08 14:30:52.000000000,0.6859620842301216,141.9617606466639,16.79907145053359,12.014623985741244,0.0,12.014623985741244,0.4905971460844341,0.0,False,service
0.0,0.0,0.0,0.0,30.0,9-N1-4-B-035101,Croix de Fer,Croix de Fer,6.0,770.0,39021.33333333333,141961.7606466639,2500.0,0.0,solaris_urbino_12_electric,Solaris Urbino 12 electric,73.89408372815464,420.0,2026-04-08 14:33:49.000000000,2026-04-08 14:33:19.000000000,0.0,141.9617606466639,0.0,2.5,0.0,2.5,0.020833333333333332,0.0,False,service
1.0,0.0,746.5227463047001,6.912247650969446,108.0,9-N1-4-B-035101,Croix de Fer,La Fourche,6.0,771.0,39129.33333333333,142708.2833929686,17229.07289480432,0.0,solaris_urbino_12_electric,Solaris Urbino 12 electric,73.77101892176319,420.0,2026-04-08 14:35:37.000000000,2026-04-08 14:33:49.000000000,0.7465227463047002,142.70828339296858,24.88409154349001,17.22907289480432,0.0,17.22907289480432,0.5168721868441296,0.0,False,service
0.0,0.0,0.0,0.0,30.0,9-N1-4-B-035101,La Fourche,La Fourche,6.0,772.0,39159.33333333333,142708.2833929686,2500.0,0.0,solaris_urbino_12_electric,Solaris Urbino 12 electric,73.76605860430287,420.0,2026-04-08 14:36:07.000000000,2026-04-08 14:35:37.000000000,0.0,142.70828339296858,0.0,2.5,0.0,2.5,0.020833333333333332,0.0,False,service
1.0,0.0,236.45430499839583,7.38919703119987,32.0,9-N1-4-B-035101,La Fourche,M. de Longueau,6.0,773.0,39191.33333333333,142944.73769796698,18423.52454712258,0.0,solaris_urbino_12_electric,Solaris Urbino 12 electric,73.72706701795975,420.0,2026-04-08 14:36:39.000000000,2026-04-08 14:36:07.000000000,0.23645430499839581,142.94473769796699,26.60110931231953,18.42352454712258,0.0,18.42352454712258,0.1637646626410896,0.0,False,service
0.0,0.0,0.0,0.0,30.0,9-N1-4-B-035101,M. de Longueau,M. de Longueau,6.0,774.0,39221.33333333333,142944.73769796698,2500.0,0.0,solaris_urbino_12_electric,Solaris Urbino 12 electric,73.72210670049944,420.0,2026-04-08 14:37:09.000000000,2026-04-08 14:36:39.000000000,0.0,142.94473769796699,0.0,2.5,0.0,2.5,0.020833333333333332,0.0,False,service
1.0,0.0,238.2314886825274,7.219136020682649,33.0,9-N1-4-B-035101,M. de Longueau,Poidevin,6.0,775.0,39254.33333333333,143182.9691866495,17993.661455547277,0.0,solaris_urbino_12_electric,Solaris Urbino 12 electric,73.68283482033851,420.0,2026-04-08 14:37:42.000000000,2026-04-08 14:37:09.000000000,0.23823148868252741,143.1829691866495,25.98888967445754,17.993661455547276,0.0,17.993661455547276,0.16494189667585005,0.0,False,service
0.0,0.0,0.0,0.0,30.0,9-N1-4-B-035101,Poidevin,Poidevin,6.0,776.0,39284.33333333333,143182.9691866495,2500.0,0.0,solaris_urbino_12_electric,Solaris Urbino 12 electric,73.6778745028782,420.0,2026-04-08 14:38:12.000000000,2026-04-08 14:37:42.000000000,0.0,143.1829691866495,0.0,2.5,0.0,2.5,0.020833333333333332,0.0,False,service
1.0,0.0,283.0530932557657,7.257771621942711,39.0,9-N1-4-B-035101,Poidevin,La Rose Rouge,6.0,777.0,39323.33333333333,143466.02227990527,18090.92822491121,0.0,solaris_urbino_12_electric,Solaris Urbino 12 electric,73.63121139436156,420.0,2026-04-08 14:38:51.000000000,2026-04-08 14:38:12.000000000,0.2830530932557657,143.46602227990527,26.127977838993758,18.09092822491121,0.0,18.09092822491121,0.19598505576987146,0.0,False,service
0.0,0.0,0.0,0.0,30.0,9-N1-4-B-035101,La Rose Rouge,La Rose Rouge,6.0,778.0,39353.33333333333,143466.02227990527,2500.0,0.0,solaris_urbino_12_electric,Solaris Urbino 12 electric,73.62625107690124,420.0,2026-04-08 14:39:21.000000000,2026-04-08 14:38:51.000000000,0.0,143.46602227990527,0.0,2.5,0.0,2.5,0.020833333333333332,0.0,False,service
1.0,0.0,382.52636844861735,7.356276316319565,52.0,9-N1-4-B-035101,La Rose Rouge,Cité du Château,6.0,779.0,39405.33333333333,143848.5486483539,18339.960401880504,0.0,solaris_urbino_12_electric,Solaris Urbino 12 electric,73.56317713901117,420.0,2026-04-08 14:40:13.000000000,2026-04-08 14:39:21.000000000,0.38252636844861737,143.8485486483539,26.482594738750432,18.339960401880504,0.0,18.339960401880504,0.26491053913827395,0.0,False,service
0.0,0.0,0.0,0.0,30.0,9-N1-4-B-035101,Cité du Château,Cité du Château,6.0,780.0,39435.33333333333,143848.5486483539,2500.0,0.0,solaris_urbino_12_electric,Solaris Urbino 12 electric,73.55821682155086,420.0,2026-04-08 14:40:43.000000000,2026-04-08 14:40:13.000000000,0.0,143.8485486483539,0.0,2.5,0.0,2.5,0.020833333333333332,0.0,False,service
1.0,0.0,259.04003764462647,7.195556601239624,36.0,9-N1-4-B-035101,Cité du Château,Pont de l'Avre,6.0,781.0,39471.33333333333,144107.58868599852,17934.41163158536,0.0,solaris_urbino_12_electric,Solaris Urbino 12 electric,73.51551584147566,420.0,2026-04-08 14:41:19.000000000,2026-04-08 14:40:43.000000000,0.25904003764462646,144.1075886859985,25.904003764462647,17.93441163158536,0.0,17.93441163158536,0.17934411631585362,0.0,False,service
0.0,0.0,0.0,0.0,30.0,9-N1-4-B-035101,Pont de l'Avre,Pont de l'Avre,6.0,782.0,39501.33333333333,144107.58868599852,2500.0,0.0,solaris_urbino_12_electric,Solaris Urbino 12 electric,73.51055552401533,420.0,2026-04-08 14:41:49.000000000,2026-04-08 14:41:19.000000000,0.0,144.1075886859985,0.0,2.5,0.0,2.5,0.020833333333333332,0.0,False,service
1.0,0.0,778.6426370279388,6.655065273743067,117.0,9-N1-4-B-035101,Pont de l'Avre,Sobo,6.0,783.0,39618.33333333333,144886.23132302647,16598.980534956492,0.0,solaris_urbino_12_electric,Solaris Urbino 12 electric,73.38211103178055,420.0,2026-04-08 14:43:46.000000000,2026-04-08 14:41:49.000000000,0.7786426370279388,144.88623132302646,23.95823498547504,16.598980534956493,0.0,16.598980534956493,0.539466867386086,0.0,False,service
0.0,0.0,0.0,0.0,30.0,9-N1-4-B-035101,Sobo,Sobo,6.0,784.0,39648.33333333333,144886.23132302647,2500.0,0.0,solaris_urbino_12_electric,Solaris Urbino 12 electric,73.37715071432024,420.0,2026-04-08 14:44:16.000000000,2026-04-08 14:43:46.000000000,0.0,144.88623132302646,0.0,2.5,0.0,2.5,0.020833333333333332,0.0,False,service
1.0,0.0,494.86888000554234,6.598251733407231,75.0,9-N1-4-B-035101,Sobo,Mercey,6.0,785.0,39723.33333333333,145381.10020303202,16461.059769141364,0.0,solaris_urbino_12_electric,Solaris Urbino 12 electric,73.29549863213204,420.0,2026-04-08 14:45:31.000000000,2026-04-08 14:44:16.000000000,0.49486888000554236,145.38110020303202,23.753706240266034,16.461059769141364,0.0,16.461059769141364,0.3429387451904451,0.0,False,service
0.0,0.0,0.0,0.0,30.0,9-N1-4-B-035101,Mercey,Mercey,6.0,786.0,39753.33333333333,145381.10020303202,2500.0,0.0,solaris_urbino_12_electric,Solaris Urbino 12 electric,73.29053831467172,420.0,2026-04-08 14:46:01.000000000,2026-04-08 14:45:31.000000000,0.0,145.38110020303202,0.0,2.5,0.0,2.5,0.020833333333333332,0.0,False,service
1.0,0.0,443.51095510688015,6.71986295616485,66.0,9-N1-4-B-035101,Mercey,Egl. St-Acheul,6.0,787.0,39819.33333333333,145824.6111581389,16756.83990194138,0.0,solaris_urbino_12_electric,Solaris Urbino 12 electric,73.21739337859182,420.0,2026-04-08 14:47:07.000000000,2026-04-08 14:46:01.000000000,0.44351095510688016,145.8246111581389,24.191506642193463,16.75683990194138,0.0,16.75683990194138,0.307208731535592,0.0,False,service
0.0,0.0,0.0,0.0,30.0,9-N1-4-B-035101,Egl. St-Acheul,Egl. St-Acheul,6.0,788.0,39849.33333333333,145824.6111581389,2500.0,0.0,solaris_urbino_12_electric,Solaris Urbino 12 electric,73.21243306113149,420.0,2026-04-08 14:47:37.000000000,2026-04-08 14:47:07.000000000,0.0,145.8246111581389,0.0,2.5,0.0,2.5,0.020833333333333332,0.0,False,service
1.0,0.0,277.40496861036326,6.604880205008649,42.0,9-N1-4-B-035101,Egl. St-Acheul,L. de Luzarches,6.0,789.0,39891.33333333333,146102.01612674925,16477.127724915903,0.0,solaris_urbino_12_electric,Solaris Urbino 12 electric,73.16666326189562,420.0,2026-04-08 14:48:19.000000000,2026-04-08 14:47:37.000000000,0.27740496861036323,146.10201612674925,23.777568738031135,16.477127724915903,0.0,16.477127724915903,0.19223315679068553,0.0,False,service
0.0,0.0,0.0,0.0,30.0,9-N1-4-B-035101,L. de Luzarches,L. de Luzarches,6.0,790.0,39921.33333333333,146102.01612674925,2500.0,0.0,solaris_urbino_12_electric,Solaris Urbino 12 electric,73.1617029444353,420.0,2026-04-08 14:48:49.000000000,2026-04-08 14:48:19.000000000,0.0,146.10201612674925,0.0,2.5,0.0,2.5,0.020833333333333332,0.0,False,service
1.0,0.0,343.1323580300078,3.855419753146155,89.0,9-N1-4-B-035101,L. de Luzarches,Pinceau,6.0,791.0,40010.33333333333,146445.14848477926,10266.87710449669,0.0,solaris_urbino_12_electric,Solaris Urbino 12 electric,73.10126960698159,420.0,2026-04-08 14:50:18.000000000,2026-04-08 14:48:49.000000000,0.3431323580300078,146.44514848477925,13.879511111326158,10.266877104496691,0.0,10.266877104496691,0.25382001730561266,0.0,False,service
0.0,0.0,0.0,0.0,30.0,9-N1-4-B-035101,Pinceau,Pinceau,6.0,792.0,40040.33333333333,146445.14848477926,2500.0,0.0,solaris_urbino_12_electric,Solaris Urbino 12 electric,73.09630928952126,420.0,2026-04-08 14:50:48.000000000,2026-04-08 14:50:18.000000000,0.0,146.44514848477925,0.0,2.5,0.0,2.5,0.020833333333333332,0.0,False,service
1.0,0.0,405.8966158731125,3.793426316571145,107.0,9-N1-4-B-035101,Pinceau,Caserne Dejean,6.0,793.0,40147.33333333333,146851.04510065238,10135.631813257165,0.0,solaris_urbino_12_electric,Solaris Urbino 12 electric,73.02458226544597,420.0,2026-04-08 14:52:35.000000000,2026-04-08 14:50:48.000000000,0.40589661587311254,146.85104510065239,13.656334739656122,10.135631813257165,0.0,10.135631813257165,0.3012535011162546,0.0,False,service
0.0,0.0,0.0,0.0,30.0,9-N1-4-B-035101,Caserne Dejean,Caserne Dejean,6.0,794.0,40177.33333333333,146851.04510065238,2500.0,0.0,solaris_urbino_12_electric,Solaris Urbino 12 electric,73.01962194798566,420.0,2026-04-08 14:53:05.000000000,2026-04-08 14:52:35.000000000,0.0,146.85104510065239,0.0,2.5,0.0,2.5,0.020833333333333332,0.0,False,service
1.0,0.0,391.6364257160486,3.7657348626543135,104.0,9-N1-4-B-035101,Caserne Dejean,Gare du Nord A,6.0,795.0,40281.33333333333,147242.68152636843,10077.106879742849,0.0,solaris_urbino_12_electric,Solaris Urbino 12 electric,72.9503085144213,420.0,2026-04-08 14:54:49.000000000,2026-04-08 14:53:05.000000000,0.3916364257160486,147.24268152636841,13.55664550555553,10.077106879742848,0.0,10.077106879742848,0.29111642097034895,0.0,False,service
0.0,0.0,0.0,0.0,30.0,9-N1-4-B-035101,Gare du Nord A,Gare du Nord A,6.0,796.0,40311.33333333333,147242.68152636843,2500.0,0.0,solaris_urbino_12_electric,Solaris Urbino 12 electric,72.94534819696096,420.0,2026-04-08 14:55:19.000000000,2026-04-08 14:54:49.000000000,0.0,147.24268152636841,0.0,2.5,0.0,2.5,0.020833333333333332,0.0,False,service
1.0,0.0,327.94171057791687,2.2158223687697087,148.0,9-N1-4-B-035101,Gare du Nord A,René Goblet,6.0,797.0,40459.33333333333,147570.62323694635,6885.894540513471,0.0,solaris_urbino_12_electric,Solaris Urbino 12 electric,72.87794658373372,420.0,2026-04-08 14:57:47.000000000,2026-04-08 14:55:19.000000000,0.3279417105779169,147.57062323694635,7.976960527570951,6.885894540513471,0.0,6.885894540513471,0.28308677555444267,0.0,False,service
0.0,0.0,0.0,0.0,30.0,9-N1-4-B-035101,René Goblet,René Goblet,6.0,798.0,40489.33333333333,147570.62323694635,2500.0,0.0,solaris_urbino_12_electric,Solaris Urbino 12 electric,72.8729862662734,420.0,2026-04-08 14:58:17.000000000,2026-04-08 14:57:47.000000000,0.0,147.57062323694635,0.0,2.5,0.0,2.5,0.020833333333333332,0.0,False,service
1.0,0.0,225.21730590675048,4.170690850125009,54.0,9-N1-4-B-035101,René Goblet,P. de Justice,6.0,799.0,40543.33333333333,147795.8405428531,10939.300990254254,0.0,solaris_urbino_12_electric,Solaris Urbino 12 electric,72.83391733416536,420.0,2026-04-08 14:59:11.000000000,2026-04-08 14:58:17.000000000,0.2252173059067505,147.7958405428531,15.014487060450033,10.939300990254255,0.0,10.939300990254255,0.16408951485381382,0.0,False,service
0.0,0.0,0.0,0.0,30.0,9-N1-4-B-035101,P. de Justice,P. de Justice,6.0,800.0,40573.33333333333,147795.8405428531,2500.0,0.0,solaris_urbino_12_electric,Solaris Urbino 12 electric,72.82895701670503,420.0,2026-04-08 14:59:41.000000000,2026-04-08 14:59:11.000000000,0.0,147.7958405428531,0.0,2.5,0.0,2.5,0.020833333333333332,0.0,False,service
1.0,0.0,229.9992746993994,3.965504736196541,58.0,9-N1-4-B-035101,P. de Justice,Dusevel,6.0,801.0,40631.33333333333,148025.8398175525,10500.713816572745,0.0,solaris_urbino_12_electric,Solaris Urbino 12 electric,72.788676500742,420.0,2026-04-08 15:00:39.000000000,2026-04-08 14:59:41.000000000,0.2299992746993994,148.0258398175525,14.275817050307548,10.500713816572745,0.0,10.500713816572745,0.1691781670447831,0.0,False,service
0.0,0.0,0.0,0.0,30.0,9-N1-4-B-035101,Dusevel,Dusevel,6.0,802.0,40661.33333333333,148025.8398175525,2500.0,0.0,solaris_urbino_12_electric,Solaris Urbino 12 electric,72.78371618328168,420.0,2026-04-08 15:01:09.000000000,2026-04-08 15:00:39.000000000,0.0,148.0258398175525,0.0,2.5,0.0,2.5,0.020833333333333332,0.0,False,service
1.0,0.0,218.8226139254244,3.587255965990564,61.0,9-N1-4-B-035101,Dusevel,Beffroi,6.0,803.0,40722.33333333333,148244.66243147792,9701.347494647001,0.0,solaris_urbino_12_electric,Solaris Urbino 12 electric,72.74457714907709,420.0,2026-04-08 15:02:10.000000000,2026-04-08 15:01:09.000000000,0.2188226139254244,148.2446624314779,12.914121477566031,9.701347494647,0.0,9.701347494647,0.16438394365929643,0.0,False,service
0.0,0.0,0.0,0.0,30.0,9-N1-4-B-035101,Beffroi,Beffroi,6.0,804.0,40752.33333333333,148244.66243147792,2500.0,0.0,solaris_urbino_12_electric,Solaris Urbino 12 electric,72.73961683161676,420.0,2026-04-08 15:02:40.000000000,2026-04-08 15:02:10.000000000,0.0,148.2446624314779,0.0,2.5,0.0,2.5,0.020833333333333332,0.0,False,service
1.0,0.0,189.07722066752729,3.501430012361616,54.0,9-N1-4-B-035101,Beffroi,Place du Marché,6.0,805.0,40806.33333333333,148433.73965214545,9521.52461055803,0.0,solaris_urbino_12_electric,Solaris Urbino 12 electric,72.70561138657906,420.0,2026-04-08 15:03:34.000000000,2026-04-08 15:02:40.000000000,0.18907722066752727,148.43373965214545,12.605148044501819,9.52152461055803,0.0,9.52152461055803,0.14282286915837045,0.0,False,service
0.0,0.0,0.0,0.0,30.0,9-N1-4-B-035101,Place du Marché,Place du Marché,6.0,806.0,40836.33333333333,148433.73965214545,2500.0,0.0,solaris_urbino_12_electric,Solaris Urbino 12 electric,72.70065106911875,420.0,2026-04-08 15:04:04.000000000,2026-04-08 15:03:34.000000000,0.0,148.43373965214545,0.0,2.5,0.0,2.5,0.020833333333333332,0.0,False,service
1.0,0.0,171.78613535708172,3.817469674601816,45.0,9-N1-4-B-035101,Place du Marché,M. Culture B,6.0,807.0,40881.33333333333,148605.52578750253,10186.496636242933,0.0,solaris_urbino_12_electric,Solaris Urbino 12 electric,72.67033411484421,420.0,2026-04-08 15:04:49.000000000,2026-04-08 15:04:04.000000000,0.17178613535708173,148.60552578750253,13.742890828566539,10.186496636242934,0.0,10.186496636242934,0.12733120795303665,0.0,False,service
0.0,0.0,0.0,0.0,30.0,9-N1-4-B-035101,M. Culture B,M. Culture B,6.0,808.0,40911.33333333333,148605.52578750253,2500.0,0.0,solaris_urbino_12_electric,Solaris Urbino 12 electric,72.6653737973839,420.0,2026-04-08 15:05:19.000000000,2026-04-08 15:04:49.000000000,0.0,148.60552578750253,0.0,2.5,0.0,2.5,0.020833333333333332,0.0,False,service
1.0,0.0,291.81191051704656,6.07941480243847,48.0,9-N1-4-B-035101,M. Culture B,Saint-Jacques,6.0,809.0,40959.33333333333,148897.33769801958,15221.936608587479,0.0,solaris_urbino_12_electric,Solaris Urbino 12 electric,72.61705018910266,420.0,2026-04-08 15:06:07.000000000,2026-04-08 15:05:19.000000000,0.2918119105170466,148.89733769801958,21.885893288778494,15.221936608587479,0.0,15.221936608587479,0.20295915478116638,0.0,False,service
0.0,0.0,0.0,0.0,30.0,9-N1-4-B-035101,Saint-Jacques,Saint-Jacques,6.0,810.0,40989.33333333333,148897.33769801958,2500.0,0.0,solaris_urbino_12_electric,Solaris Urbino 12 electric,72.61208987164234,420.0,2026-04-08 15:06:37.000000000,2026-04-08 15:06:07.000000000,0.0,148.89733769801958,0.0,2.5,0.0,2.5,0.020833333333333332,0.0,False,service
1.0,0.0,350.7042974526486,5.656520926655622,62.0,9-N1-4-B-035101,Saint-Jacques,Jean Jaurès,6.0,811.0,41051.33333333333,149248.04199547222,14237.75760989092,0.0,solaris_urbino_12_electric,Solaris Urbino 12 electric,72.5537075322367,420.0,2026-04-08 15:07:39.000000000,2026-04-08 15:06:37.000000000,0.3507042974526486,149.24804199547222,20.36347533596024,14.23775760989092,0.0,14.23775760989092,0.24520582550367695,0.0,False,service
0.0,0.0,0.0,0.0,30.0,9-N1-4-B-035101,Jean Jaurès,Jean Jaurès,6.0,812.0,41081.33333333333,149248.04199547222,2500.0,0.0,solaris_urbino_12_electric,Solaris Urbino 12 electric,72.54874721477638,420.0,2026-04-08 15:08:09.000000000,2026-04-08 15:07:39.000000000,0.0,149.24804199547222,0.0,2.5,0.0,2.5,0.020833333333333332,0.0,False,service
1.0,0.0,402.8160957322576,5.5946679962813555,72.0,9-N1-4-B-035101,Jean Jaurès,Zoo d'Amiens,6.0,813.0,41153.33333333333,149650.85809120449,14095.64699678853,0.0,solaris_urbino_12_electric,Solaris Urbino 12 electric,72.48162508622025,420.0,2026-04-08 15:09:21.000000000,2026-04-08 15:08:09.000000000,0.40281609573225763,149.6508580912045,20.14080478661288,14.09564699678853,0.0,14.09564699678853,0.2819129399357706,0.0,False,service
0.0,0.0,0.0,0.0,30.0,9-N1-4-B-035101,Zoo d'Amiens,Zoo d'Amiens,6.0,814.0,41183.33333333333,149650.85809120449,2500.0,0.0,solaris_urbino_12_electric,Solaris Urbino 12 electric,72.47666476875993,420.0,2026-04-08 15:09:51.000000000,2026-04-08 15:09:21.000000000,0.0,149.6508580912045,0.0,2.5,0.0,2.5,0.020833333333333332,0.0,False,service
1.0,0.0,376.38436041502575,5.790528621769627,65.0,9-N1-4-B-035101,Zoo d'Amiens,Egl. St-Firmin,6.0,815.0,41248.33333333333,150027.2424516195,14547.228745279994,0.0,solaris_urbino_12_electric,Solaris Urbino 12 electric,72.41412707904809,420.0,2026-04-08 15:10:56.000000000,2026-04-08 15:09:51.000000000,0.37638436041502576,150.02724245161951,20.845903038370658,14.547228745279993,0.0,14.547228745279993,0.26265829678977765,0.0,False,service
0.0,0.0,0.0,0.0,30.0,9-N1-4-B-035101,Egl. St-Firmin,Egl. St-Firmin,6.0,816.0,41278.33333333333,150027.2424516195,2500.0,0.0,solaris_urbino_12_electric,Solaris Urbino 12 electric,72.40916676158777,420.0,2026-04-08 15:11:26.000000000,2026-04-08 15:10:56.000000000,0.0,150.02724245161951,0.0,2.5,0.0,2.5,0.020833333333333332,0.0,False,service
1.0,0.0,300.7481358168622,5.674493128620042,53.0,9-N1-4-B-035101,Egl. St-Firmin,Faubourg de Hem,6.0,817.0,41331.33333333333,150327.99058743636,14279.135582892508,0.0,solaris_urbino_12_electric,Solaris Urbino 12 electric,72.35911423606572,420.0,2026-04-08 15:12:19.000000000,2026-04-08 15:11:26.000000000,0.3007481358168622,150.32799058743637,20.428175263032152,14.279135582892508,0.0,14.279135582892508,0.21022060719258415,0.0,False,service
0.0,0.0,0.0,0.0,30.0,9-N1-4-B-035101,Faubourg de Hem,Faubourg de Hem,6.0,818.0,41361.33333333333,150327.99058743636,2500.0,0.0,solaris_urbino_12_electric,Solaris Urbino 12 electric,72.3541539186054,420.0,2026-04-08 15:12:49.000000000,2026-04-08 15:12:19.000000000,0.0,150.32799058743637,0.0,2.5,0.0,2.5,0.020833333333333332,0.0,False,service
1.0,0.0,242.018982618479,5.5004314231472495,44.0,9-N1-4-B-035101,Faubourg de Hem,Espace Alliance,6.0,819.0,41405.33333333333,150570.00957005483,13880.003999248058,0.0,solaris_urbino_12_electric,Solaris Urbino 12 electric,72.31376237257585,420.0,2026-04-08 15:13:33.000000000,2026-04-08 15:12:49.000000000,0.24201898261847898,150.57000957005482,19.8015531233301,13.880003999248057,0.0,13.880003999248057,0.16964449332414291,0.0,False,service
0.0,0.0,0.0,0.0,30.0,9-N1-4-B-035101,Espace Alliance,Espace Alliance,6.0,820.0,41435.33333333333,150570.00957005483,2500.0,0.0,solaris_urbino_12_electric,Solaris Urbino 12 electric,72.30880205511554,420.0,2026-04-08 15:14:03.000000000,2026-04-08 15:13:33.000000000,0.0,150.57000957005482,0.0,2.5,0.0,2.5,0.020833333333333332,0.0,False,service
1.0,0.0,512.4653653664171,5.631487531499089,91.0,9-N1-4-B-035101,Espace Alliance,Sully,6.0,821.0,41526.33333333333,151082.47493542125,14180.186968253003,0.0,solaris_urbino_12_electric,Solaris Urbino 12 electric,72.22345833725105,420.0,2026-04-08 15:15:34.000000000,2026-04-08 15:14:03.000000000,0.5124653653664172,151.08247493542126,20.273355113396722,14.180186968253004,0.0,14.180186968253004,0.3584436150308398,0.0,False,service
0.0,0.0,0.0,0.0,30.0,9-N1-4-B-035101,Sully,Sully,6.0,822.0,41556.33333333333,151082.47493542125,2500.0,0.0,solaris_urbino_12_electric,Solaris Urbino 12 electric,72.21849801979073,420.0,2026-04-08 15:16:04.000000000,2026-04-08 15:15:34.000000000,0.0,151.08247493542126,0.0,2.5,0.0,2.5,0.020833333333333332,0.0,False,service
1.0,0.0,581.4235833007191,5.537367460006848,105.0,9-N1-4-B-035101,Sully,Place la Barre,6.0,823.0,41661.33333333333,151663.89851872198,13964.400885694367,0.0,solaris_urbino_12_electric,Solaris Urbino 12 electric,72.12152301364007,420.0,2026-04-08 15:17:49.000000000,2026-04-08 15:16:04.000000000,0.5814235833007191,151.663898518722,19.934522856024653,13.964400885694367,0.0,13.964400885694367,0.4072950258327524,0.0,False,service
0.0,0.0,0.0,0.0,30.0,9-N1-4-B-035101,Place la Barre,Place la Barre,6.0,824.0,41691.33333333333,151663.89851872198,2500.0,0.0,solaris_urbino_12_electric,Solaris Urbino 12 electric,72.11656269617976,420.0,2026-04-08 15:18:19.000000000,2026-04-08 15:17:49.000000000,0.0,151.663898518722,0.0,2.5,0.0,2.5,0.020833333333333332,0.0,False,service
1.0,0.0,321.16148117311843,4.654514219900267,69.0,9-N1-4-B-035101,Place la Barre,La Fontaine,6.0,825.0,41760.33333333333,151985.0599998951,11988.547708117405,0.0,solaris_urbino_12_electric,Solaris Urbino 12 electric,72.06185305386097,420.0,2026-04-08 15:19:28.000000000,2026-04-08 15:18:19.000000000,0.32116148117311843,151.9850599998951,16.75625119164096,11.988547708117405,0.0,11.988547708117405,0.22978049773891693,0.0,False,service
0.0,0.0,0.0,0.0,30.0,9-N1-4-B-035101,La Fontaine,La Fontaine,6.0,826.0,41790.33333333333,151985.0599998951,2500.0,0.0,solaris_urbino_12_electric,Solaris Urbino 12 electric,72.05689273640066,420.0,2026-04-08 15:19:58.000000000,2026-04-08 15:19:28.000000000,0.0,151.9850599998951,0.0,2.5,0.0,2.5,0.020833333333333332,0.0,False,service
1.0,0.0,233.68404358993675,5.31100099068038,44.0,9-N1-4-B-035101,La Fontaine,Les Coursives,6.0,827.0,41834.33333333333,152218.74404348506,13449.643215515678,0.0,solaris_urbino_12_electric,Solaris Urbino 12 electric,72.01775356302217,420.0,2026-04-08 15:20:42.000000000,2026-04-08 15:19:58.000000000,0.23368404358993675,152.21874404348506,19.11960356644937,13.449643215515678,0.0,13.449643215515678,0.16438452818963606,0.0,False,service
0.0,0.0,0.0,0.0,30.0,9-N1-4-B-035101,Les Coursives,Les Coursives,6.0,828.0,41864.33333333333,152218.74404348506,2500.0,0.0,solaris_urbino_12_electric,Solaris Urbino 12 electric,72.01279324556185,420.0,2026-04-08 15:21:12.000000000,2026-04-08 15:20:42.000000000,0.0,152.21874404348506,0.0,2.5,0.0,2.5,0.020833333333333332,0.0,False,service
1.0,0.0,293.0331102299119,5.327874731452944,55.0,9-N1-4-B-035101,Les Coursives,Languedoc,6.0,829.0,41919.33333333333,152511.77715371497,13487.812028090722,0.0,solaris_urbino_12_electric,Solaris Urbino 12 electric,71.96373043725862,420.0,2026-04-08 15:22:07.000000000,2026-04-08 15:21:12.000000000,0.2930331102299119,152.51177715371497,19.1803490332306,13.487812028090723,0.0,13.487812028090723,0.20606379487360824,0.0,False,service
0.0,0.0,0.0,0.0,30.0,9-N1-4-B-035101,Languedoc,Languedoc,6.0,830.0,41949.33333333333,152511.77715371497,2500.0,0.0,solaris_urbino_12_electric,Solaris Urbino 12 electric,71.95877011979829,420.0,2026-04-08 15:22:37.000000000,2026-04-08 15:22:07.000000000,0.0,152.51177715371497,0.0,2.5,0.0,2.5,0.020833333333333332,0.0,False,service
1.0,0.0,320.6006811443548,4.007508514304435,80.0,9-N1-4-B-035101,Languedoc,Collège R.Parks,6.0,831.0,42029.33333333333,152832.37783485933,10590.203090054667,0.0,solaris_urbino_12_electric,Solaris Urbino 12 electric,71.902737299216,420.0,2026-04-08 15:23:57.000000000,2026-04-08 15:22:37.000000000,0.3206006811443548,152.83237783485933,14.427030651495967,10.590203090054667,0.0,10.590203090054667,0.23533784644565928,0.0,False,service
0.0,0.0,0.0,0.0,30.0,9-N1-4-B-035101,Collège R.Parks,Collège R.Parks,6.0,832.0,42059.33333333333,152832.37783485933,2500.0,0.0,solaris_urbino_12_electric,Solaris Urbino 12 electric,71.89777698175567,420.0,2026-04-08 15:24:27.000000000,2026-04-08 15:23:57.000000000,0.0,152.83237783485933,0.0,2.5,0.0,2.5,0.020833333333333332,0.0,False,service
1.0,0.0,270.8261413947126,5.0152989147169,54.0,9-N1-4-B-035101,Collège R.Parks,Martinique,6.0,833.0,42113.33333333333,153103.20397625404,12785.8717133053,0.0,solaris_urbino_12_electric,Solaris Urbino 12 electric,71.85211315420815,420.0,2026-04-08 15:25:21.000000000,2026-04-08 15:24:27.000000000,0.27082614139471256,153.10320397625404,18.05507609298084,12.7858717133053,0.0,12.7858717133053,0.1917880756995795,0.0,False,service
0.0,0.0,0.0,0.0,30.0,9-N1-4-B-035101,Martinique,Martinique,6.0,834.0,42143.33333333333,153103.20397625404,2500.0,0.0,solaris_urbino_12_electric,Solaris Urbino 12 electric,71.84715283674784,420.0,2026-04-08 15:25:51.000000000,2026-04-08 15:25:21.000000000,0.0,153.10320397625404,0.0,2.5,0.0,2.5,0.020833333333333332,0.0,False,service
1.0,0.0,274.08690803195344,2.3227704070504527,118.0,9-N1-4-B-035101,Martinique,Etouvie Quai A,6.0,835.0,42261.33333333333,153377.290884286,7101.567229865196,0.0,solaris_urbino_12_electric,Solaris Urbino 12 electric,71.79173055281106,420.0,2026-04-08 15:27:49.000000000,2026-04-08 15:25:51.000000000,0.27408690803195346,153.377290884286,8.361973465381629,7.101567229865196,0.0,7.101567229865196,0.2327735925344703,0.0,False,service
1.0,0.0,241.9015249612658,4.319670088594032,56.0,9-N1-2-B-034901,Etouvie Quai A,Martinique,7.0,836.0,42317.33333333333,153619.19240924725,11260.068245184677,0.0,solaris_urbino_12_electric,Solaris Urbino 12 electric,71.75002659634741,420.0,2026-04-08 15:28:45.000000000,2026-04-08 15:27:49.000000000,0.2419015249612658,153.61919240924723,15.550812318938515,11.260068245184677,0.0,11.260068245184677,0.1751566171473172,0.0,False,service
0.0,0.0,0.0,0.0,30.0,9-N1-2-B-034901,Martinique,Martinique,7.0,837.0,42347.33333333333,153619.19240924725,2500.0,0.0,solaris_urbino_12_electric,Solaris Urbino 12 electric,71.7450662788871,420.0,2026-04-08 15:29:15.000000000,2026-04-08 15:28:45.000000000,0.0,153.61919240924723,0.0,2.5,0.0,2.5,0.020833333333333332,0.0,False,service
1.0,0.0,330.7630000086095,4.9367611941583505,67.0,9-N1-2-B-034901,Martinique,Collège R.Parks,7.0,838.0,42414.33333333333,153949.95540925587,12611.161213503856,0.0,solaris_urbino_12_electric,Solaris Urbino 12 electric,71.6891834877955,420.0,2026-04-08 15:30:22.000000000,2026-04-08 15:29:15.000000000,0.3307630000086095,153.94995540925586,17.77234029897006,12.611161213503856,0.0,12.611161213503856,0.23470772258465508,0.0,False,service
0.0,0.0,0.0,0.0,30.0,9-N1-2-B-034901,Collège R.Parks,Collège R.Parks,7.0,839.0,42444.33333333333,153949.95540925587,2500.0,0.0,solaris_urbino_12_electric,Solaris Urbino 12 electric,71.6842231703352,420.0,2026-04-08 15:30:52.000000000,2026-04-08 15:30:22.000000000,0.0,153.94995540925586,0.0,2.5,0.0,2.5,0.020833333333333332,0.0,False,service
1.0,0.0,296.81987678393193,4.01107941599908,74.0,9-N1-2-B-034901,Collège R.Parks,Languedoc,7.0,840.0,42518.33333333333,154246.7752860398,10597.817808205917,0.0,solaris_urbino_12_electric,Solaris Urbino 12 electric,71.63235554349609,420.0,2026-04-08 15:32:06.000000000,2026-04-08 15:30:52.000000000,0.29681987678393196,154.2467752860398,14.439885897596689,10.597817808205917,0.0,10.597817808205917,0.21784403272423272,0.0,False,service
0.0,0.0,0.0,0.0,30.0,9-N1-2-B-034901,Languedoc,Languedoc,7.0,841.0,42548.33333333333,154246.7752860398,2500.0,0.0,solaris_urbino_12_electric,Solaris Urbino 12 electric,71.62739522603577,420.0,2026-04-08 15:32:36.000000000,2026-04-08 15:32:06.000000000,0.0,154.2467752860398,0.0,2.5,0.0,2.5,0.020833333333333332,0.0,False,service
1.0,0.0,297.726462758007,5.316543977821554,56.0,9-N1-2-B-034901,Languedoc,Les coursives,7.0,842.0,42604.33333333333,154544.5017487978,13462.178045703666,0.0,solaris_urbino_12_electric,Solaris Urbino 12 electric,71.57753530734799,420.0,2026-04-08 15:33:32.000000000,2026-04-08 15:32:36.000000000,0.297726462758007,154.5445017487978,19.139558320157594,13.462178045703666,0.0,13.462178045703666,0.2094116584887237,0.0,False,service
0.0,0.0,0.0,0.0,30.0,9-N1-2-B-034901,Les coursives,Les coursives,7.0,843.0,42634.33333333333,154544.5017487978,2500.0,0.0,solaris_urbino_12_electric,Solaris Urbino 12 electric,71.57257498988767,420.0,2026-04-08 15:34:02.000000000,2026-04-08 15:33:32.000000000,0.0,154.5445017487978,0.0,2.5,0.0,2.5,0.020833333333333332,0.0,False,service
1.0,0.0,227.94980309080773,5.065551179795728,45.0,9-N1-2-B-034901,Les coursives,La Fontaine,7.0,844.0,42679.33333333333,154772.4515518886,12898.003526410092,0.0,solaris_urbino_12_electric,Solaris Urbino 12 electric,71.53418807463049,420.0,2026-04-08 15:34:47.000000000,2026-04-08 15:34:02.000000000,0.22794980309080773,154.7724515518886,18.23598424726462,12.898003526410092,0.0,12.898003526410092,0.16122504408012614,0.0,False,service
0.0,0.0,0.0,0.0,30.0,9-N1-2-B-034901,La Fontaine,La Fontaine,7.0,845.0,42709.33333333333,154772.4515518886,2500.0,0.0,solaris_urbino_12_electric,Solaris Urbino 12 electric,71.52922775717018,420.0,2026-04-08 15:35:17.000000000,2026-04-08 15:34:47.000000000,0.0,154.7724515518886,0.0,2.5,0.0,2.5,0.020833333333333332,0.0,False,service
1.0,0.0,278.8940733458619,4.572033989276425,61.0,9-N1-2-B-034901,La Fontaine,Place la Barre,7.0,846.0,42770.33333333333,155051.34562523448,11808.10899952981,0.0,solaris_urbino_12_electric,Solaris Urbino 12 electric,71.4815892221853,420.0,2026-04-08 15:36:18.000000000,2026-04-08 15:35:17.000000000,0.2788940733458619,155.0513456252345,16.459322361395127,11.808108999529809,0.0,11.808108999529809,0.20008184693647732,0.0,False,service
0.0,0.0,0.0,0.0,30.0,9-N1-2-B-034901,Place la Barre,Place la Barre,7.0,847.0,42800.33333333333,155051.34562523448,2500.0,0.0,solaris_urbino_12_electric,Solaris Urbino 12 electric,71.47662890472499,420.0,2026-04-08 15:36:48.000000000,2026-04-08 15:36:18.000000000,0.0,155.0513456252345,0.0,2.5,0.0,2.5,0.020833333333333332,0.0,False,service
1.0,0.0,552.9827646282706,5.882795368385858,94.0,9-N1-2-B-034901,Place la Barre,Sully,7.0,848.0,42894.33333333333,155604.32838986276,14761.584006347119,0.0,solaris_urbino_12_electric,Solaris Urbino 12 electric,71.38485715230458,420.0,2026-04-08 15:38:22.000000000,2026-04-08 15:36:48.000000000,0.5529827646282706,155.60432838986276,21.178063326189086,14.76158400634712,0.0,14.76158400634712,0.38544136016573033,0.0,False,service
0.0,0.0,0.0,0.0,30.0,9-N1-2-B-034901,Sully,Sully,7.0,849.0,42924.33333333333,155604.32838986276,2500.0,0.0,solaris_urbino_12_electric,Solaris Urbino 12 electric,71.37989683484426,420.0,2026-04-08 15:38:52.000000000,2026-04-08 15:38:22.000000000,0.0,155.60432838986276,0.0,2.5,0.0,2.5,0.020833333333333332,0.0,False,service
1.0,0.0,541.2636534432309,5.820039284335816,93.0,9-N1-2-B-034901,Sully,Espace Alliance,7.0,850.0,43017.33333333333,156145.59204330598,14615.67378448361,0.0,solaris_urbino_12_electric,Solaris Urbino 12 electric,71.28999884132858,420.0,2026-04-08 15:40:25.000000000,2026-04-08 15:38:52.000000000,0.5412636534432308,156.14559204330598,20.952141423608936,14.61567378448361,0.0,14.61567378448361,0.3775715727658266,0.0,False,service
0.0,0.0,0.0,0.0,30.0,9-N1-2-B-034901,Espace Alliance,Espace Alliance,7.0,851.0,43047.33333333333,156145.59204330598,2500.0,0.0,solaris_urbino_12_electric,Solaris Urbino 12 electric,71.28503852386827,420.0,2026-04-08 15:40:55.000000000,2026-04-08 15:40:25.000000000,0.0,156.14559204330598,0.0,2.5,0.0,2.5,0.020833333333333332,0.0,False,service
1.0,0.0,306.8484114845754,5.789592669520291,53.0,9-N1-2-B-034901,Espace Alliance,Faubourg de Hem,7.0,852.0,43100.33333333333,156452.44045479054,14545.059713261502,0.0,solaris_urbino_12_electric,Solaris Urbino 12 electric,71.23405385688395,420.0,2026-04-08 15:41:48.000000000,2026-04-08 15:40:55.000000000,0.3068484114845754,156.45244045479055,20.842533610273048,14.545059713261502,0.0,14.545059713261502,0.21413560133412768,0.0,False,service
0.0,0.0,0.0,0.0,30.0,9-N1-2-B-034901,Faubourg de Hem,Faubourg de Hem,7.0,853.0,43130.33333333333,156452.44045479054,2500.0,0.0,solaris_urbino_12_electric,Solaris Urbino 12 electric,71.22909353942363,420.0,2026-04-08 15:42:18.000000000,2026-04-08 15:41:48.000000000,0.0,156.45244045479055,0.0,2.5,0.0,2.5,0.020833333333333332,0.0,False,service
1.0,0.0,296.4471853943004,7.058266318911914,42.0,9-N1-2-B-034901,Faubourg de Hem,Egl. St-Firmin,7.0,854.0,43172.33333333333,156748.88764018484,17591.10789775967,0.0,solaris_urbino_12_electric,Solaris Urbino 12 electric,71.18022935081875,420.0,2026-04-08 15:43:00.000000000,2026-04-08 15:42:18.000000000,0.29644718539430037,156.74888764018485,25.409758748082893,17.59110789775967,0.0,17.59110789775967,0.2052295921405295,0.0,False,service
0.0,0.0,0.0,0.0,30.0,9-N1-2-B-034901,Egl. St-Firmin,Egl. St-Firmin,7.0,855.0,43202.33333333333,156748.88764018484,2500.0,0.0,solaris_urbino_12_electric,Solaris Urbino 12 electric,71.17526903335843,420.0,2026-04-08 15:43:30.000000000,2026-04-08 15:43:00.000000000,0.0,156.74888764018485,0.0,2.5,0.0,2.5,0.020833333333333332,0.0,False,service
1.0,0.0,397.9625757415526,7.106474566813439,56.0,9-N1-2-B-034901,Egl. St-Firmin,Zoo d'Amiens,7.0,856.0,43258.33333333333,157146.8502159264,17711.33170949966,0.0,solaris_urbino_12_electric,Solaris Urbino 12 electric,71.10967150850843,420.0,2026-04-08 15:44:26.000000000,2026-04-08 15:43:30.000000000,0.3979625757415526,157.14685021592638,25.58330844052838,17.71133170949966,0.0,17.71133170949966,0.2755096043699947,0.0,False,service
0.0,0.0,0.0,0.0,30.0,9-N1-2-B-034901,Zoo d'Amiens,Zoo d'Amiens,7.0,857.0,43288.33333333333,157146.8502159264,2500.0,0.0,solaris_urbino_12_electric,Solaris Urbino 12 electric,71.10471119104811,420.0,2026-04-08 15:44:56.000000000,2026-04-08 15:44:26.000000000,0.0,157.14685021592638,0.0,2.5,0.0,2.5,0.020833333333333332,0.0,False,service
1.0,0.0,387.76459722543666,6.924367807597084,56.0,9-N1-2-B-034901,Zoo d'Amiens,Jean Jaurès,7.0,858.0,43344.33333333333,157534.61481315183,17259.00345845794,0.0,solaris_urbino_12_electric,Solaris Urbino 12 electric,71.04078895601678,420.0,2026-04-08 15:45:52.000000000,2026-04-08 15:44:56.000000000,0.38776459722543666,157.53461481315182,24.9277241073495,17.25900345845794,0.0,17.25900345845794,0.268473387131568,0.0,False,service
0.0,0.0,0.0,0.0,30.0,9-N1-2-B-034901,Jean Jaurès,Jean Jaurès,7.0,859.0,43374.33333333333,157534.61481315183,2500.0,0.0,solaris_urbino_12_electric,Solaris Urbino 12 electric,71.03582863855647,420.0,2026-04-08 15:46:22.000000000,2026-04-08 15:45:52.000000000,0.0,157.53461481315182,0.0,2.5,0.0,2.5,0.020833333333333332,0.0,False,service
1.0,0.0,353.81886733206454,6.675827685510652,53.0,9-N1-2-B-034901,Jean Jaurès,Saint-Jacques,7.0,860.0,43427.33333333333,157888.4336804839,16649.496892479903,0.0,solaris_urbino_12_electric,Solaris Urbino 12 electric,70.97746730685664,420.0,2026-04-08 15:47:15.000000000,2026-04-08 15:46:22.000000000,0.3538188673320645,157.8884336804839,24.032979667838347,16.649496892479902,0.0,16.649496892479902,0.24511759313928747,0.0,False,service
0.0,0.0,0.0,0.0,30.0,9-N1-2-B-034901,Saint-Jacques,Saint-Jacques,7.0,861.0,43457.33333333333,157888.4336804839,2500.0,0.0,solaris_urbino_12_electric,Solaris Urbino 12 electric,70.97250698939632,420.0,2026-04-08 15:47:45.000000000,2026-04-08 15:47:15.000000000,0.0,157.8884336804839,0.0,2.5,0.0,2.5,0.020833333333333332,0.0,False,service
1.0,0.0,242.8037375118653,7.35768901551107,33.0,9-N1-2-B-034901,Saint-Jacques,M. Culture A,7.0,862.0,43490.33333333333,158131.23741799576,18343.542843186246,0.0,solaris_urbino_12_electric,Solaris Urbino 12 electric,70.9324714792227,420.0,2026-04-08 15:48:18.000000000,2026-04-08 15:47:45.000000000,0.24280373751186532,158.13123741799575,26.487680455839854,18.343542843186246,0.0,18.343542843186246,0.16814914272920725,0.0,False,service
0.0,0.0,0.0,0.0,30.0,9-N1-2-B-034901,M. Culture A,M. Culture A,7.0,863.0,43520.33333333333,158131.23741799576,2500.0,0.0,solaris_urbino_12_electric,Solaris Urbino 12 electric,70.92751116176238,420.0,2026-04-08 15:48:48.000000000,2026-04-08 15:48:18.000000000,0.0,158.13123741799575,0.0,2.5,0.0,2.5,0.020833333333333332,0.0,False,service
1.0,0.0,296.74165114956037,2.472847092913003,120.0,9-N1-2-B-034901,M. Culture A,Hôtel de Ville,7.0,864.0,43640.33333333333,158427.9790691453,7405.169534075037,0.0,solaris_urbino_12_electric,Solaris Urbino 12 electric,70.86873997498401,420.0,2026-04-08 15:50:48.000000000,2026-04-08 15:48:48.000000000,0.29674165114956036,158.42797906914532,8.90224953448681,7.4051695340750365,0.0,7.4051695340750365,0.2468389844691679,0.0,False,service
0.0,0.0,0.0,0.0,30.0,9-N1-2-B-034901,Hôtel de Ville,Hôtel de Ville,7.0,865.0,43670.33333333333,158427.9790691453,2500.0,0.0,solaris_urbino_12_electric,Solaris Urbino 12 electric,70.8637796575237,420.0,2026-04-08 15:51:18.000000000,2026-04-08 15:50:48.000000000,0.0,158.42797906914532,0.0,2.5,0.0,2.5,0.020833333333333332,0.0,False,service
1.0,0.0,228.2941059416939,4.005159753363051,57.0,9-N1-2-B-034901,Hôtel de Ville,Jacobins,7.0,866.0,43727.33333333333,158656.273175087,10585.195099293087,0.0,solaris_urbino_12_electric,Solaris Urbino 12 electric,70.82387515218906,420.0,2026-04-08 15:52:15.000000000,2026-04-08 15:51:18.000000000,0.22829410594169391,158.656273175087,14.418575112106984,10.585195099293086,0.0,10.585195099293086,0.1675989224054739,0.0,False,service
0.0,0.0,0.0,0.0,30.0,9-N1-2-B-034901,Jacobins,Jacobins,7.0,867.0,43757.33333333333,158656.273175087,2500.0,0.0,solaris_urbino_12_electric,Solaris Urbino 12 electric,70.81891483472874,420.0,2026-04-08 15:52:45.000000000,2026-04-08 15:52:15.000000000,0.0,158.656273175087,0.0,2.5,0.0,2.5,0.020833333333333332,0.0,False,service
1.0,0.0,326.11241962366006,4.026079254613087,81.0,9-N1-2-B-034901,Jacobins,Emile Zola,7.0,868.0,43838.33333333333,158982.38559471065,10629.8158571957,0.0,solaris_urbino_12_electric,Solaris Urbino 12 electric,70.76196939263662,420.0,2026-04-08 15:54:06.000000000,2026-04-08 15:52:45.000000000,0.32611241962366005,158.98238559471065,14.493885316607114,10.6298158571957,0.0,10.6298158571957,0.23917085678690322,0.0,False,service
0.0,0.0,0.0,0.0,30.0,9-N1-2-B-034901,Emile Zola,Emile Zola,7.0,869.0,43868.33333333333,158982.38559471065,2500.0,0.0,solaris_urbino_12_electric,Solaris Urbino 12 electric,70.7570090751763,420.0,2026-04-08 15:54:36.000000000,2026-04-08 15:54:06.000000000,0.0,158.98238559471065,0.0,2.5,0.0,2.5,0.020833333333333332,0.0,False,service
1.0,0.0,355.48637357572056,2.1943603307143245,162.0,9-N1-2-B-034901,Emile Zola,Gare du Nord B,7.0,870.0,44030.33333333333,159337.87196828637,6842.679519791913,0.0,solaris_urbino_12_electric,Solaris Urbino 12 electric,70.68369465174996,420.0,2026-04-08 15:57:18.000000000,2026-04-08 15:54:36.000000000,0.35548637357572055,159.33787196828638,7.899697190571568,6.842679519791913,0.0,6.842679519791913,0.307920578390636,0.0,False,service
0.0,0.0,0.0,0.0,30.0,9-N1-2-B-034901,Gare du Nord B,Gare du Nord B,7.0,871.0,44060.33333333333,159337.87196828637,2500.0,0.0,solaris_urbino_12_electric,Solaris Urbino 12 electric,70.67873433428964,420.0,2026-04-08 15:57:48.000000000,2026-04-08 15:57:18.000000000,0.0,159.33787196828638,0.0,2.5,0.0,2.5,0.020833333333333332,0.0,False,service
1.0,0.0,368.1948881034494,3.95908481831666,93.0,9-N1-2-B-034901,Gare du Nord B,Caserne Dejean,7.0,872.0,44153.33333333333,159706.06685638984,10487.049257408216,0.0,solaris_urbino_12_electric,Solaris Urbino 12 electric,70.61423065830162,420.0,2026-04-08 15:59:21.000000000,2026-04-08 15:57:48.000000000,0.3681948881034494,159.70606685638984,14.252705345939976,10.487049257408216,0.0,10.487049257408216,0.2709154391497123,0.0,False,service
0.0,0.0,0.0,0.0,30.0,9-N1-2-B-034901,Caserne Dejean,Caserne Dejean,7.0,873.0,44183.33333333333,159706.06685638984,2500.0,0.0,solaris_urbino_12_electric,Solaris Urbino 12 electric,70.6092703408413,420.0,2026-04-08 15:59:51.000000000,2026-04-08 15:59:21.000000000,0.0,159.70606685638984,0.0,2.5,0.0,2.5,0.020833333333333332,0.0,False,service
1.0,0.0,355.3755273513469,3.862777471210292,92.0,9-N1-2-B-034901,Caserne Dejean,Pinceau,7.0,874.0,44275.33333333333,160061.44238374117,10282.474769595454,0.0,solaris_urbino_12_electric,Solaris Urbino 12 electric,70.54670501816916,420.0,2026-04-08 16:01:23.000000000,2026-04-08 15:59:51.000000000,0.35537552735134686,160.06144238374117,13.905998896357051,10.282474769595455,0.0,10.282474769595455,0.2627743552229949,0.0,False,service
0.0,0.0,0.0,0.0,30.0,9-N1-2-B-034901,Pinceau,Pinceau,7.0,875.0,44305.33333333333,160061.44238374117,2500.0,0.0,solaris_urbino_12_electric,Solaris Urbino 12 electric,70.54174470070885,420.0,2026-04-08 16:01:53.000000000,2026-04-08 16:01:23.000000000,0.0,160.06144238374117,0.0,2.5,0.0,2.5,0.020833333333333332,0.0,False,service
1.0,0.0,447.05548624280317,3.8874390108069843,115.0,9-N1-2-B-034901,Pinceau,L. de Luzarches,7.0,876.0,44420.33333333333,160508.49786998398,10334.78728614811,0.0,solaris_urbino_12_electric,Solaris Urbino 12 electric,70.46314016777848,420.0,2026-04-08 16:03:48.000000000,2026-04-08 16:01:53.000000000,0.44705548624280317,160.50849786998398,13.994780438905144,10.33478728614811,0.0,10.33478728614811,0.3301390383075091,0.0,False,service
0.0,0.0,0.0,0.0,30.0,9-N1-2-B-034901,L. de Luzarches,L. de Luzarches,7.0,877.0,44450.33333333333,160508.49786998398,2500.0,0.0,solaris_urbino_12_electric,Solaris Urbino 12 electric,70.45817985031816,420.0,2026-04-08 16:04:18.000000000,2026-04-08 16:03:48.000000000,0.0,160.50849786998398,0.0,2.5,0.0,2.5,0.020833333333333332,0.0,False,service
1.0,0.0,324.8685267650074,8.121713169125185,40.0,9-N1-2-B-034901,L. de Luzarches,Egl. St-Acheul,7.0,878.0,44490.33333333333,160833.36639674898,20328.218593303132,0.0,solaris_urbino_12_electric,Solaris Urbino 12 electric,70.40440149425123,420.0,2026-04-08 16:04:58.000000000,2026-04-08 16:04:18.000000000,0.3248685267650074,160.83336639674897,29.238167408850664,20.32821859330313,0.0,20.32821859330313,0.22586909548114592,0.0,False,service
0.0,0.0,0.0,0.0,30.0,9-N1-2-B-034901,Egl. St-Acheul,Egl. St-Acheul,7.0,879.0,44520.33333333333,160833.36639674898,2500.0,0.0,solaris_urbino_12_electric,Solaris Urbino 12 electric,70.3994411767909,420.0,2026-04-08 16:05:28.000000000,2026-04-08 16:04:58.000000000,0.0,160.83336639674897,0.0,2.5,0.0,2.5,0.020833333333333332,0.0,False,service
1.0,0.0,451.79666905185246,8.214484891851862,55.0,9-N1-2-B-034901,Egl. St-Acheul,Mercey,7.0,880.0,44575.33333333333,161285.16306580085,20575.864377064863,0.0,solaris_urbino_12_electric,Solaris Urbino 12 electric,70.32459510928174,420.0,2026-04-08 16:06:23.000000000,2026-04-08 16:05:28.000000000,0.45179666905185245,161.28516306580084,29.572145610666706,20.575864377064864,0.0,20.575864377064864,0.31435348353849096,0.0,False,service
0.0,0.0,0.0,0.0,30.0,9-N1-2-B-034901,Mercey,Mercey,7.0,881.0,44605.33333333333,161285.16306580085,2500.0,0.0,solaris_urbino_12_electric,Solaris Urbino 12 electric,70.31963479182141,420.0,2026-04-08 16:06:53.000000000,2026-04-08 16:06:23.000000000,0.0,161.28516306580084,0.0,2.5,0.0,2.5,0.020833333333333332,0.0,False,service
1.0,0.0,481.8036462949089,8.166163496523879,59.0,9-N1-2-B-034901,Mercey,Sobo,7.0,882.0,44664.33333333333,161766.96671209575,20446.688745559044,0.0,solaris_urbino_12_electric,Solaris Urbino 12 electric,70.2398494322984,420.0,2026-04-08 16:07:52.000000000,2026-04-08 16:06:53.000000000,0.4818036462949089,161.76696671209575,29.398188587485965,20.446688745559044,0.0,20.446688745559044,0.3350985099966621,0.0,False,service
0.0,0.0,0.0,0.0,30.0,9-N1-2-B-034901,Sobo,Sobo,7.0,883.0,44694.33333333333,161766.96671209575,2500.0,0.0,solaris_urbino_12_electric,Solaris Urbino 12 electric,70.2348891148381,420.0,2026-04-08 16:08:22.000000000,2026-04-08 16:07:52.000000000,0.0,161.76696671209575,0.0,2.5,0.0,2.5,0.020833333333333332,0.0,False,service
1.0,0.0,707.5852717526406,8.22773571805396,86.0,9-N1-2-B-034901,Sobo,Pont de l'Avre,7.0,884.0,44780.33333333333,162474.5519838484,20611.358234859843,0.0,solaris_urbino_12_electric,Solaris Urbino 12 electric,70.11765519895198,420.0,2026-04-08 16:09:48.000000000,2026-04-08 16:08:22.000000000,0.7075852717526405,162.4745519838484,29.61984858499426,20.611358234859843,0.0,20.611358234859843,0.4923824467216518,0.0,False,service
0.0,0.0,0.0,0.0,30.0,9-N1-2-B-034901,Pont de l'Avre,Pont de l'Avre,7.0,885.0,44810.33333333333,162474.5519838484,2500.0,0.0,solaris_urbino_12_electric,Solaris Urbino 12 electric,70.11269488149166,420.0,2026-04-08 16:10:18.000000000,2026-04-08 16:09:48.000000000,0.0,162.4745519838484,0.0,2.5,0.0,2.5,0.020833333333333332,0.0,False,service
1.0,0.0,296.6141068969825,7.062240640404345,42.0,9-N1-2-B-034901,Pont de l'Avre,Cité du Château,7.0,886.0,44852.33333333333,162771.16609074536,17601.00604348413,0.0,solaris_urbino_12_electric,Solaris Urbino 12 electric,70.06380319803755,420.0,2026-04-08 16:11:00.000000000,2026-04-08 16:10:18.000000000,0.2966141068969825,162.77116609074537,25.424066305455643,17.60100604348413,0.0,17.60100604348413,0.20534507050731485,0.0,False,service
0.0,0.0,0.0,0.0,30.0,9-N1-2-B-034901,Cité du Château,Cité du Château,7.0,887.0,44882.33333333333,162771.16609074536,2500.0,0.0,solaris_urbino_12_electric,Solaris Urbino 12 electric,70.05884288057723,420.0,2026-04-08 16:11:30.000000000,2026-04-08 16:11:00.000000000,0.0,162.77116609074537,0.0,2.5,0.0,2.5,0.020833333333333332,0.0,False,service
1.0,0.0,332.9543642312839,6.936549254818414,48.0,9-N1-2-B-034901,Cité du Château,La Rose Rouge,7.0,888.0,44930.33333333333,163104.12045497666,17289.107112419595,0.0,solaris_urbino_12_electric,Solaris Urbino 12 electric,70.00395682625208,420.0,2026-04-08 16:12:18.000000000,2026-04-08 16:11:30.000000000,0.3329543642312839,163.10412045497665,24.97157731734629,17.289107112419597,0.0,17.289107112419597,0.2305214281655946,0.0,False,service
0.0,0.0,0.0,0.0,30.0,9-N1-2-B-034901,La Rose Rouge,La Rose Rouge,7.0,889.0,44960.33333333333,163104.12045497666,2500.0,0.0,solaris_urbino_12_electric,Solaris Urbino 12 electric,69.99899650879176,420.0,2026-04-08 16:12:48.000000000,2026-04-08 16:12:18.000000000,0.0,163.10412045497665,0.0,2.5,0.0,2.5,0.020833333333333332,0.0,False,service
1.0,0.0,225.1396338173497,7.262568832817732,31.0,9-N1-2-B-034901,La Rose Rouge,Poidevin,7.0,890.0,44991.33333333333,163329.260088794,18103.02141613429,0.0,solaris_urbino_12_electric,Solaris Urbino 12 electric,69.96188052572958,420.0,2026-04-08 16:13:19.000000000,2026-04-08 16:12:48.000000000,0.2251396338173497,163.329260088794,26.145247798143835,18.10302141613429,0.0,18.10302141613429,0.15588712886115635,0.0,False,service
0.0,0.0,0.0,0.0,30.0,9-N1-2-B-034901,Poidevin,Poidevin,7.0,891.0,45021.33333333333,163329.260088794,2500.0,0.0,solaris_urbino_12_electric,Solaris Urbino 12 electric,69.95692020826927,420.0,2026-04-08 16:13:49.000000000,2026-04-08 16:13:19.000000000,0.0,163.329260088794,0.0,2.5,0.0,2.5,0.020833333333333332,0.0,False,service
1.0,0.0,314.5014195772681,7.147759535847002,44.0,9-N1-2-B-034901,Poidevin,M. de Longueau,7.0,892.0,45065.33333333333,163643.76150837127,17814.568253525784,0.0,solaris_urbino_12_electric,Solaris Urbino 12 electric,69.90507887208176,420.0,2026-04-08 16:14:33.000000000,2026-04-08 16:13:49.000000000,0.3145014195772681,163.64376150837128,25.731934329049206,17.814568253525785,0.0,17.814568253525785,0.21773361198753735,0.0,False,service
0.0,0.0,0.0,0.0,30.0,9-N1-2-B-034901,M. de Longueau,M. de Longueau,7.0,893.0,45095.33333333333,163643.76150837127,2500.0,0.0,solaris_urbino_12_electric,Solaris Urbino 12 electric,69.90011855462144,420.0,2026-04-08 16:15:03.000000000,2026-04-08 16:14:33.000000000,0.0,163.64376150837128,0.0,2.5,0.0,2.5,0.020833333333333332,0.0,False,service
1.0,0.0,256.63398574137216,6.936053668685734,37.0,9-N1-2-B-034901,M. de Longueau,La Fourche,7.0,894.0,45132.33333333333,163900.39549411266,17287.881959235827,0.0,solaris_urbino_12_electric,Solaris Urbino 12 electric,69.85781355247252,420.0,2026-04-08 16:15:40.000000000,2026-04-08 16:15:03.000000000,0.25663398574137214,163.90039549411264,24.96979320726864,17.287881959235825,0.0,17.287881959235825,0.17768100902547934,0.0,False,service
0.0,0.0,0.0,0.0,30.0,9-N1-2-B-034901,La Fourche,La Fourche,7.0,895.0,45162.33333333333,163900.39549411266,2500.0,0.0,solaris_urbino_12_electric,Solaris Urbino 12 electric,69.8528532350122,420.0,2026-04-08 16:16:10.000000000,2026-04-08 16:15:40.000000000,0.0,163.90039549411264,0.0,2.5,0.0,2.5,0.020833333333333332,0.0,False,service
1.0,0.0,651.0902221706201,6.643777777251225,98.0,9-N1-2-B-034901,La Fourche,Croix de Fer,7.0,896.0,45260.33333333333,164551.48571628326,16571.54282882152,0.0,solaris_urbino_12_electric,Solaris Urbino 12 electric,69.74544508704761,420.0,2026-04-08 16:17:48.000000000,2026-04-08 16:16:10.000000000,0.6510902221706201,164.55148571628325,23.91759999810441,16.571542828821517,0.0,16.571542828821517,0.4511142214512525,0.0,False,service
0.0,0.0,0.0,0.0,30.0,9-N1-2-B-034901,Croix de Fer,Croix de Fer,7.0,897.0,45290.33333333333,164551.48571628326,2500.0,0.0,solaris_urbino_12_electric,Solaris Urbino 12 electric,69.7404847695873,420.0,2026-04-08 16:18:18.000000000,2026-04-08 16:17:48.000000000,0.0,164.55148571628325,0.0,2.5,0.0,2.5,0.020833333333333332,0.0,False,service
1.0,0.0,703.41712703917,4.953641739712465,142.0,9-N1-2-B-034901,Croix de Fer,C. Cial Glisy,7.0,898.0,45432.33333333333,165254.90284332243,12648.657874092083,0.0,solaris_urbino_12_electric,Solaris Urbino 12 electric,69.62169446415601,420.0,2026-04-08 16:20:40.000000000,2026-04-08 16:18:18.000000000,0.70341712703917,165.25490284332244,17.833110262964873,12.648657874092082,0.0,12.648657874092082,0.4989192828114099,0.0,False,service
0.0,0.0,0.0,0.0,30.0,9-N1-2-B-034901,C. Cial Glisy,C. Cial Glisy,7.0,899.0,45462.33333333333,165254.90284332243,2500.0,0.0,solaris_urbino_12_electric,Solaris Urbino 12 electric,69.6167341466957,420.0,2026-04-08 16:21:10.000000000,2026-04-08 16:20:40.000000000,0.0,165.25490284332244,0.0,2.5,0.0,2.5,0.020833333333333332,0.0,False,service
1.0,0.0,136.72688382470434,4.883102993739441,28.0,9-N1-2-B-034901,C. Cial Glisy,Capitaine Nemo,7.0,900.0,45490.33333333333,165391.62972714714,12492.168184754679,0.0,solaris_urbino_12_electric,Solaris Urbino 12 electric,69.59360050190912,420.0,2026-04-08 16:21:38.000000000,2026-04-08 16:21:10.000000000,0.13672688382470435,165.39162972714715,17.57917077746199,12.492168184754679,0.0,12.492168184754679,0.09716130810364751,0.0,False,service
0.0,0.0,0.0,0.0,30.0,9-N1-2-B-034901,Capitaine Nemo,Capitaine Nemo,7.0,901.0,45520.33333333333,165391.62972714714,2500.0,0.0,solaris_urbino_12_electric,Solaris Urbino 12 electric,69.58864018444879,420.0,2026-04-08 16:22:08.000000000,2026-04-08 16:21:38.000000000,0.0,165.39162972714715,0.0,2.5,0.0,2.5,0.020833333333333332,0.0,False,service
1.0,0.0,323.4478124594319,2.488060095841784,130.0,9-N1-2-B-034901,Capitaine Nemo,Pôle J. Verne,7.0,902.0,45650.33333333333,165715.07753960657,7436.009883372681,0.0,solaris_urbino_12_electric,Solaris Urbino 12 electric,69.52470623703884,420.0,2026-04-08 16:24:18.000000000,2026-04-08 16:22:08.000000000,0.3234478124594319,165.71507753960657,8.957016345030421,7.43600988337268,0.0,7.43600988337268,0.2685225791217912,0.0,False,service
0.0,0.0,0.0,0.0,30.0,9-N1-2-B-034901,Pôle J. Verne,Pôle J. Verne,7.0,903.0,45680.33333333333,165715.07753960657,2500.0,0.0,solaris_urbino_12_electric,Solaris Urbino 12 electric,69.51974591957853,420.0,2026-04-08 16:24:48.000000000,2026-04-08 16:24:18.000000000,0.0,165.71507753960657,0.0,2.5,0.0,2.5,0.020833333333333332,0.0,False,service
1.0,0.0,334.0181708930427,4.7044812801837,71.0,9-N1-4-B-035101,Pôle J. Verne,Capitaine Nemo,7.0,904.0,45751.33333333333,166049.09571049962,12098.184498446486,0.0,solaris_urbino_12_electric,Solaris Urbino 12 electric,69.46293566168238,420.0,2026-04-08 16:25:59.000000000,2026-04-08 16:24:48.000000000,0.3340181708930427,166.0490957104996,16.93613260866132,12.098184498446486,0.0,12.098184498446486,0.23860308316380568,0.0,False,service
0.0,0.0,0.0,0.0,30.0,9-N1-4-B-035101,Capitaine Nemo,Capitaine Nemo,7.0,905.0,45781.33333333333,166049.09571049962,2500.0,0.0,solaris_urbino_12_electric,Solaris Urbino 12 electric,69.45797534422206,420.0,2026-04-08 16:26:29.000000000,2026-04-08 16:25:59.000000000,0.0,166.0490957104996,0.0,2.5,0.0,2.5,0.020833333333333332,0.0,False,service
1.0,0.0,122.91799931516653,5.8532380626269775,21.0,9-N1-4-B-035101,Capitaine Nemo,C. Cial Glisy,7.0,906.0,45802.33333333333,166172.01370981478,14692.801288691231,0.0,solaris_urbino_12_electric,Solaris Urbino 12 electric,69.43756867576556,420.0,2026-04-08 16:26:50.000000000,2026-04-08 16:26:29.000000000,0.12291799931516653,166.1720137098148,21.07165702545712,14.69280128869123,0.0,14.69280128869123,0.08570800751736551,0.0,False,service
0.0,0.0,0.0,0.0,30.0,9-N1-4-B-035101,C. Cial Glisy,C. Cial Glisy,7.0,907.0,45832.33333333333,166172.01370981478,2500.0,0.0,solaris_urbino_12_electric,Solaris Urbino 12 electric,69.43260835830523,420.0,2026-04-08 16:27:20.000000000,2026-04-08 16:26:50.000000000,0.0,166.1720137098148,0.0,2.5,0.0,2.5,0.020833333333333332,0.0,False,service
1.0,0.0,685.9620842301216,4.6664087362593305,147.0,9-N1-4-B-035101,C. Cial Glisy,Croix de Fer,7.0,908.0,45979.33333333333,166857.9757940449,12014.623985741244,0.0,solaris_urbino_12_electric,Solaris Urbino 12 electric,69.31579951399942,420.0,2026-04-08 16:29:47.000000000,2026-04-08 16:27:20.000000000,0.6859620842301216,166.8579757940449,16.79907145053359,12.014623985741244,0.0,12.014623985741244,0.4905971460844341,0.0,False,service
0.0,0.0,0.0,0.0,30.0,9-N1-4-B-035101,Croix de Fer,Croix de Fer,7.0,909.0,46009.33333333333,166857.9757940449,2500.0,0.0,solaris_urbino_12_electric,Solaris Urbino 12 electric,69.3108391965391,420.0,2026-04-08 16:30:17.000000000,2026-04-08 16:29:47.000000000,0.0,166.8579757940449,0.0,2.5,0.0,2.5,0.020833333333333332,0.0,False,service
1.0,0.0,746.5227463047001,6.912247650969446,108.0,9-N1-4-B-035101,Croix de Fer,La Fourche,7.0,910.0,46117.33333333333,167604.4985403496,17229.07289480432,0.0,solaris_urbino_12_electric,Solaris Urbino 12 electric,69.18777439014764,420.0,2026-04-08 16:32:05.000000000,2026-04-08 16:30:17.000000000,0.7465227463047002,167.6044985403496,24.88409154349001,17.22907289480432,0.0,17.22907289480432,0.5168721868441296,0.0,False,service
0.0,0.0,0.0,0.0,30.0,9-N1-4-B-035101,La Fourche,La Fourche,7.0,911.0,46147.33333333333,167604.4985403496,2500.0,0.0,solaris_urbino_12_electric,Solaris Urbino 12 electric,69.18281407268732,420.0,2026-04-08 16:32:35.000000000,2026-04-08 16:32:05.000000000,0.0,167.6044985403496,0.0,2.5,0.0,2.5,0.020833333333333332,0.0,False,service
1.0,0.0,236.45430499839583,7.38919703119987,32.0,9-N1-4-B-035101,La Fourche,M. de Longueau,7.0,912.0,46179.33333333333,167840.952845348,18423.52454712258,0.0,solaris_urbino_12_electric,Solaris Urbino 12 electric,69.1438224863442,420.0,2026-04-08 16:33:07.000000000,2026-04-08 16:32:35.000000000,0.23645430499839581,167.840952845348,26.60110931231953,18.42352454712258,0.0,18.42352454712258,0.1637646626410896,0.0,False,service
0.0,0.0,0.0,0.0,30.0,9-N1-4-B-035101,M. de Longueau,M. de Longueau,7.0,913.0,46209.33333333333,167840.952845348,2500.0,0.0,solaris_urbino_12_electric,Solaris Urbino 12 electric,69.13886216888389,420.0,2026-04-08 16:33:37.000000000,2026-04-08 16:33:07.000000000,0.0,167.840952845348,0.0,2.5,0.0,2.5,0.020833333333333332,0.0,False,service
1.0,0.0,238.2314886825274,7.219136020682649,33.0,9-N1-4-B-035101,M. de Longueau,Poidevin,7.0,914.0,46242.33333333333,168079.18433403052,17993.661455547277,0.0,solaris_urbino_12_electric,Solaris Urbino 12 electric,69.09959028872296,420.0,2026-04-08 16:34:10.000000000,2026-04-08 16:33:37.000000000,0.23823148868252741,168.07918433403051,25.98888967445754,17.993661455547276,0.0,17.993661455547276,0.16494189667585005,0.0,False,service
0.0,0.0,0.0,0.0,30.0,9-N1-4-B-035101,Poidevin,Poidevin,7.0,915.0,46272.33333333333,168079.18433403052,2500.0,0.0,solaris_urbino_12_electric,Solaris Urbino 12 electric,69.09462997126266,420.0,2026-04-08 16:34:40.000000000,2026-04-08 16:34:10.000000000,0.0,168.07918433403051,0.0,2.5,0.0,2.5,0.020833333333333332,0.0,False,service
1.0,0.0,283.0530932557657,7.257771621942711,39.0,9-N1-4-B-035101,Poidevin,La Rose Rouge,7.0,916.0,46311.33333333333,168362.23742728628,18090.92822491121,0.0,solaris_urbino_12_electric,Solaris Urbino 12 electric,69.04796686274602,420.0,2026-04-08 16:35:19.000000000,2026-04-08 16:34:40.000000000,0.2830530932557657,168.3622374272863,26.127977838993758,18.09092822491121,0.0,18.09092822491121,0.19598505576987146,0.0,False,service
0.0,0.0,0.0,0.0,30.0,9-N1-4-B-035101,La Rose Rouge,La Rose Rouge,7.0,917.0,46341.33333333333,168362.23742728628,2500.0,0.0,solaris_urbino_12_electric,Solaris Urbino 12 electric,69.04300654528569,420.0,2026-04-08 16:35:49.000000000,2026-04-08 16:35:19.000000000,0.0,168.3622374272863,0.0,2.5,0.0,2.5,0.020833333333333332,0.0,False,service
1.0,0.0,382.52636844861735,7.356276316319565,52.0,9-N1-4-B-035101,La Rose Rouge,Cité du Château,7.0,918.0,46393.33333333333,168744.7637957349,18339.960401880504,0.0,solaris_urbino_12_electric,Solaris Urbino 12 electric,68.97993260739563,420.0,2026-04-08 16:36:41.000000000,2026-04-08 16:35:49.000000000,0.38252636844861737,168.7447637957349,26.482594738750432,18.339960401880504,0.0,18.339960401880504,0.26491053913827395,0.0,False,service
0.0,0.0,0.0,0.0,30.0,9-N1-4-B-035101,Cité du Château,Cité du Château,7.0,919.0,46423.33333333333,168744.7637957349,2500.0,0.0,solaris_urbino_12_electric,Solaris Urbino 12 electric,68.97497228993532,420.0,2026-04-08 16:37:11.000000000,2026-04-08 16:36:41.000000000,0.0,168.7447637957349,0.0,2.5,0.0,2.5,0.020833333333333332,0.0,False,service
1.0,0.0,259.04003764462647,7.195556601239624,36.0,9-N1-4-B-035101,Cité du Château,Pont de l'Avre,7.0,920.0,46459.33333333333,169003.80383337953,17934.41163158536,0.0,solaris_urbino_12_electric,Solaris Urbino 12 electric,68.93227130986011,420.0,2026-04-08 16:37:47.000000000,2026-04-08 16:37:11.000000000,0.25904003764462646,169.00380383337952,25.904003764462647,17.93441163158536,0.0,17.93441163158536,0.17934411631585362,0.0,False,service
0.0,0.0,0.0,0.0,30.0,9-N1-4-B-035101,Pont de l'Avre,Pont de l'Avre,7.0,921.0,46489.33333333333,169003.80383337953,2500.0,0.0,solaris_urbino_12_electric,Solaris Urbino 12 electric,68.9273109923998,420.0,2026-04-08 16:38:17.000000000,2026-04-08 16:37:47.000000000,0.0,169.00380383337952,0.0,2.5,0.0,2.5,0.020833333333333332,0.0,False,service
1.0,0.0,778.6426370279388,6.655065273743067,117.0,9-N1-4-B-035101,Pont de l'Avre,Sobo,7.0,922.0,46606.33333333333,169782.44647040748,16598.980534956492,0.0,solaris_urbino_12_electric,Solaris Urbino 12 electric,68.79886650016502,420.0,2026-04-08 16:40:14.000000000,2026-04-08 16:38:17.000000000,0.7786426370279388,169.78244647040748,23.95823498547504,16.598980534956493,0.0,16.598980534956493,0.539466867386086,0.0,False,service
0.0,0.0,0.0,0.0,30.0,9-N1-4-B-035101,Sobo,Sobo,7.0,923.0,46636.33333333333,169782.44647040748,2500.0,0.0,solaris_urbino_12_electric,Solaris Urbino 12 electric,68.79390618270469,420.0,2026-04-08 16:40:44.000000000,2026-04-08 16:40:14.000000000,0.0,169.78244647040748,0.0,2.5,0.0,2.5,0.020833333333333332,0.0,False,service
1.0,0.0,494.86888000554234,6.598251733407231,75.0,9-N1-4-B-035101,Sobo,Mercey,7.0,924.0,46711.33333333333,170277.31535041303,16461.059769141364,0.0,solaris_urbino_12_electric,Solaris Urbino 12 electric,68.7122541005165,420.0,2026-04-08 16:41:59.000000000,2026-04-08 16:40:44.000000000,0.49486888000554236,170.27731535041303,23.753706240266034,16.461059769141364,0.0,16.461059769141364,0.3429387451904451,0.0,False,service
0.0,0.0,0.0,0.0,30.0,9-N1-4-B-035101,Mercey,Mercey,7.0,925.0,46741.33333333333,170277.31535041303,2500.0,0.0,solaris_urbino_12_electric,Solaris Urbino 12 electric,68.70729378305617,420.0,2026-04-08 16:42:29.000000000,2026-04-08 16:41:59.000000000,0.0,170.27731535041303,0.0,2.5,0.0,2.5,0.020833333333333332,0.0,False,service
1.0,0.0,443.51095510688015,6.71986295616485,66.0,9-N1-4-B-035101,Mercey,Egl. St-Acheul,7.0,926.0,46807.33333333333,170720.8263055199,16756.83990194138,0.0,solaris_urbino_12_electric,Solaris Urbino 12 electric,68.63414884697627,420.0,2026-04-08 16:43:35.000000000,2026-04-08 16:42:29.000000000,0.44351095510688016,170.7208263055199,24.191506642193463,16.75683990194138,0.0,16.75683990194138,0.307208731535592,0.0,False,service
0.0,0.0,0.0,0.0,30.0,9-N1-4-B-035101,Egl. St-Acheul,Egl. St-Acheul,7.0,927.0,46837.33333333333,170720.8263055199,2500.0,0.0,solaris_urbino_12_electric,Solaris Urbino 12 electric,68.62918852951596,420.0,2026-04-08 16:44:05.000000000,2026-04-08 16:43:35.000000000,0.0,170.7208263055199,0.0,2.5,0.0,2.5,0.020833333333333332,0.0,False,service
1.0,0.0,277.40496861036326,6.604880205008649,42.0,9-N1-4-B-035101,Egl. St-Acheul,L. de Luzarches,7.0,928.0,46879.33333333333,170998.23127413026,16477.127724915903,0.0,solaris_urbino_12_electric,Solaris Urbino 12 electric,68.58341873028007,420.0,2026-04-08 16:44:47.000000000,2026-04-08 16:44:05.000000000,0.27740496861036323,170.99823127413026,23.777568738031135,16.477127724915903,0.0,16.477127724915903,0.19223315679068553,0.0,False,service
0.0,0.0,0.0,0.0,30.0,9-N1-4-B-035101,L. de Luzarches,L. de Luzarches,7.0,929.0,46909.33333333333,170998.23127413026,2500.0,0.0,solaris_urbino_12_electric,Solaris Urbino 12 electric,68.57845841281976,420.0,2026-04-08 16:45:17.000000000,2026-04-08 16:44:47.000000000,0.0,170.99823127413026,0.0,2.5,0.0,2.5,0.020833333333333332,0.0,False,service
1.0,0.0,343.1323580300078,3.855419753146155,89.0,9-N1-4-B-035101,L. de Luzarches,Pinceau,7.0,930.0,46998.33333333333,171341.36363216027,10266.87710449669,0.0,solaris_urbino_12_electric,Solaris Urbino 12 electric,68.51802507536604,420.0,2026-04-08 16:46:46.000000000,2026-04-08 16:45:17.000000000,0.3431323580300078,171.34136363216027,13.879511111326158,10.266877104496691,0.0,10.266877104496691,0.25382001730561266,0.0,False,service
0.0,0.0,0.0,0.0,30.0,9-N1-4-B-035101,Pinceau,Pinceau,7.0,931.0,47028.33333333333,171341.36363216027,2500.0,0.0,solaris_urbino_12_electric,Solaris Urbino 12 electric,68.51306475790572,420.0,2026-04-08 16:47:16.000000000,2026-04-08 16:46:46.000000000,0.0,171.34136363216027,0.0,2.5,0.0,2.5,0.020833333333333332,0.0,False,service
1.0,0.0,405.8966158731125,3.793426316571145,107.0,9-N1-4-B-035101,Pinceau,Caserne Dejean,7.0,932.0,47135.33333333333,171747.2602480334,10135.631813257165,0.0,solaris_urbino_12_electric,Solaris Urbino 12 electric,68.44133773383042,420.0,2026-04-08 16:49:03.000000000,2026-04-08 16:47:16.000000000,0.40589661587311254,171.7472602480334,13.656334739656122,10.135631813257165,0.0,10.135631813257165,0.3012535011162546,0.0,False,service
0.0,0.0,0.0,0.0,30.0,9-N1-4-B-035101,Caserne Dejean,Caserne Dejean,7.0,933.0,47165.33333333333,171747.2602480334,2500.0,0.0,solaris_urbino_12_electric,Solaris Urbino 12 electric,68.4363774163701,420.0,2026-04-08 16:49:33.000000000,2026-04-08 16:49:03.000000000,0.0,171.7472602480334,0.0,2.5,0.0,2.5,0.020833333333333332,0.0,False,service
1.0,0.0,391.6364257160486,3.7657348626543135,104.0,9-N1-4-B-035101,Caserne Dejean,Gare du Nord A,7.0,934.0,47269.33333333333,172138.89667374943,10077.106879742849,0.0,solaris_urbino_12_electric,Solaris Urbino 12 electric,68.36706398280575,420.0,2026-04-08 16:51:17.000000000,2026-04-08 16:49:33.000000000,0.3916364257160486,172.13889667374943,13.55664550555553,10.077106879742848,0.0,10.077106879742848,0.29111642097034895,0.0,False,service
0.0,0.0,0.0,0.0,30.0,9-N1-4-B-035101,Gare du Nord A,Gare du Nord A,7.0,935.0,47299.33333333333,172138.89667374943,2500.0,0.0,solaris_urbino_12_electric,Solaris Urbino 12 electric,68.36210366534543,420.0,2026-04-08 16:51:47.000000000,2026-04-08 16:51:17.000000000,0.0,172.13889667374943,0.0,2.5,0.0,2.5,0.020833333333333332,0.0,False,service
1.0,0.0,327.94171057791687,2.2158223687697087,148.0,9-N1-4-B-035101,Gare du Nord A,René Goblet,7.0,936.0,47447.33333333333,172466.83838432736,6885.894540513471,0.0,solaris_urbino_12_electric,Solaris Urbino 12 electric,68.29470205211818,420.0,2026-04-08 16:54:15.000000000,2026-04-08 16:51:47.000000000,0.3279417105779169,172.46683838432736,7.976960527570951,6.885894540513471,0.0,6.885894540513471,0.28308677555444267,0.0,False,service
0.0,0.0,0.0,0.0,30.0,9-N1-4-B-035101,René Goblet,René Goblet,7.0,937.0,47477.33333333333,172466.83838432736,2500.0,0.0,solaris_urbino_12_electric,Solaris Urbino 12 electric,68.28974173465787,420.0,2026-04-08 16:54:45.000000000,2026-04-08 16:54:15.000000000,0.0,172.46683838432736,0.0,2.5,0.0,2.5,0.020833333333333332,0.0,False,service
1.0,0.0,225.21730590675048,4.170690850125009,54.0,9-N1-4-B-035101,René Goblet,P. de Justice,7.0,938.0,47531.33333333333,172692.05569023412,10939.300990254254,0.0,solaris_urbino_12_electric,Solaris Urbino 12 electric,68.25067280254981,420.0,2026-04-08 16:55:39.000000000,2026-04-08 16:54:45.000000000,0.2252173059067505,172.69205569023413,15.014487060450033,10.939300990254255,0.0,10.939300990254255,0.16408951485381382,0.0,False,service
0.0,0.0,0.0,0.0,30.0,9-N1-4-B-035101,P. de Justice,P. de Justice,7.0,939.0,47561.33333333333,172692.05569023412,2500.0,0.0,solaris_urbino_12_electric,Solaris Urbino 12 electric,68.2457124850895,420.0,2026-04-08 16:56:09.000000000,2026-04-08 16:55:39.000000000,0.0,172.69205569023413,0.0,2.5,0.0,2.5,0.020833333333333332,0.0,False,service
1.0,0.0,229.9992746993994,3.965504736196541,58.0,9-N1-4-B-035101,P. de Justice,Dusevel,7.0,940.0,47619.33333333333,172922.05496493352,10500.713816572745,0.0,solaris_urbino_12_electric,Solaris Urbino 12 electric,68.20543196912645,420.0,2026-04-08 16:57:07.000000000,2026-04-08 16:56:09.000000000,0.2299992746993994,172.92205496493352,14.275817050307548,10.500713816572745,0.0,10.500713816572745,0.1691781670447831,0.0,False,service
0.0,0.0,0.0,0.0,30.0,9-N1-4-B-035101,Dusevel,Dusevel,7.0,941.0,47649.33333333333,172922.05496493352,2500.0,0.0,solaris_urbino_12_electric,Solaris Urbino 12 electric,68.20047165166613,420.0,2026-04-08 16:57:37.000000000,2026-04-08 16:57:07.000000000,0.0,172.92205496493352,0.0,2.5,0.0,2.5,0.020833333333333332,0.0,False,service
1.0,0.0,218.8226139254244,3.587255965990564,61.0,9-N1-4-B-035101,Dusevel,Beffroi,7.0,942.0,47710.33333333333,173140.87757885893,9701.347494647001,0.0,solaris_urbino_12_electric,Solaris Urbino 12 electric,68.16133261746154,420.0,2026-04-08 16:58:38.000000000,2026-04-08 16:57:37.000000000,0.2188226139254244,173.14087757885892,12.914121477566031,9.701347494647,0.0,9.701347494647,0.16438394365929643,0.0,False,service
0.0,0.0,0.0,0.0,30.0,9-N1-4-B-035101,Beffroi,Beffroi,7.0,943.0,47740.33333333333,173140.87757885893,2500.0,0.0,solaris_urbino_12_electric,Solaris Urbino 12 electric,68.15637230000122,420.0,2026-04-08 16:59:08.000000000,2026-04-08 16:58:38.000000000,0.0,173.14087757885892,0.0,2.5,0.0,2.5,0.020833333333333332,0.0,False,service
1.0,0.0,189.07722066752729,3.501430012361616,54.0,9-N1-4-B-035101,Beffroi,Place du Marché,7.0,944.0,47794.33333333333,173329.95479952646,9521.52461055803,0.0,solaris_urbino_12_electric,Solaris Urbino 12 electric,68.12236685496352,420.0,2026-04-08 17:00:02.000000000,2026-04-08 16:59:08.000000000,0.18907722066752727,173.32995479952646,12.605148044501819,9.52152461055803,0.0,9.52152461055803,0.14282286915837045,0.0,False,service
0.0,0.0,0.0,0.0,30.0,9-N1-4-B-035101,Place du Marché,Place du Marché,7.0,945.0,47824.33333333333,173329.95479952646,2500.0,0.0,solaris_urbino_12_electric,Solaris Urbino 12 electric,68.1174065375032,420.0,2026-04-08 17:00:32.000000000,2026-04-08 17:00:02.000000000,0.0,173.32995479952646,0.0,2.5,0.0,2.5,0.020833333333333332,0.0,False,service
1.0,0.0,171.78613535708172,3.817469674601816,45.0,9-N1-4-B-035101,Place du Marché,M. Culture B,7.0,946.0,47869.33333333333,173501.74093488354,10186.496636242933,0.0,solaris_urbino_12_electric,Solaris Urbino 12 electric,68.08708958322867,420.0,2026-04-08 17:01:17.000000000,2026-04-08 17:00:32.000000000,0.17178613535708173,173.50174093488354,13.742890828566539,10.186496636242934,0.0,10.186496636242934,0.12733120795303665,0.0,False,service
0.0,0.0,0.0,0.0,30.0,9-N1-4-B-035101,M. Culture B,M. Culture B,7.0,947.0,47899.33333333333,173501.74093488354,2500.0,0.0,solaris_urbino_12_electric,Solaris Urbino 12 electric,68.08212926576834,420.0,2026-04-08 17:01:47.000000000,2026-04-08 17:01:17.000000000,0.0,173.50174093488354,0.0,2.5,0.0,2.5,0.020833333333333332,0.0,False,service
1.0,0.0,291.81191051704656,6.07941480243847,48.0,9-N1-4-B-035101,M. Culture B,Saint-Jacques,7.0,948.0,47947.33333333333,173793.55284540058,15221.936608587479,0.0,solaris_urbino_12_electric,Solaris Urbino 12 electric,68.03380565748712,420.0,2026-04-08 17:02:35.000000000,2026-04-08 17:01:47.000000000,0.2918119105170466,173.7935528454006,21.885893288778494,15.221936608587479,0.0,15.221936608587479,0.20295915478116638,0.0,False,service
0.0,0.0,0.0,0.0,30.0,9-N1-4-B-035101,Saint-Jacques,Saint-Jacques,7.0,949.0,47977.33333333333,173793.55284540058,2500.0,0.0,solaris_urbino_12_electric,Solaris Urbino 12 electric,68.0288453400268,420.0,2026-04-08 17:03:05.000000000,2026-04-08 17:02:35.000000000,0.0,173.7935528454006,0.0,2.5,0.0,2.5,0.020833333333333332,0.0,False,service
1.0,0.0,350.7042974526486,5.656520926655622,62.0,9-N1-4-B-035101,Saint-Jacques,Jean Jaurès,7.0,950.0,48039.33333333333,174144.25714285322,14237.75760989092,0.0,solaris_urbino_12_electric,Solaris Urbino 12 electric,67.97046300062115,420.0,2026-04-08 17:04:07.000000000,2026-04-08 17:03:05.000000000,0.3507042974526486,174.14425714285323,20.36347533596024,14.23775760989092,0.0,14.23775760989092,0.24520582550367695,0.0,False,service
0.0,0.0,0.0,0.0,30.0,9-N1-4-B-035101,Jean Jaurès,Jean Jaurès,7.0,951.0,48069.33333333333,174144.25714285322,2500.0,0.0,solaris_urbino_12_electric,Solaris Urbino 12 electric,67.96550268316085,420.0,2026-04-08 17:04:37.000000000,2026-04-08 17:04:07.000000000,0.0,174.14425714285323,0.0,2.5,0.0,2.5,0.020833333333333332,0.0,False,service
1.0,0.0,402.8160957322576,5.5946679962813555,72.0,9-N1-4-B-035101,Jean Jaurès,Zoo d'Amiens,7.0,952.0,48141.33333333333,174547.0732385855,14095.64699678853,0.0,solaris_urbino_12_electric,Solaris Urbino 12 electric,67.8983805546047,420.0,2026-04-08 17:05:49.000000000,2026-04-08 17:04:37.000000000,0.40281609573225763,174.54707323858548,20.14080478661288,14.09564699678853,0.0,14.09564699678853,0.2819129399357706,0.0,False,service
0.0,0.0,0.0,0.0,30.0,9-N1-4-B-035101,Zoo d'Amiens,Zoo d'Amiens,7.0,953.0,48171.33333333333,174547.0732385855,2500.0,0.0,solaris_urbino_12_electric,Solaris Urbino 12 electric,67.8934202371444,420.0,2026-04-08 17:06:19.000000000,2026-04-08 17:05:49.000000000,0.0,174.54707323858548,0.0,2.5,0.0,2.5,0.020833333333333332,0.0,False,service
1.0,0.0,376.38436041502575,5.790528621769627,65.0,9-N1-4-B-035101,Zoo d'Amiens,Egl. St-Firmin,7.0,954.0,48236.33333333333,174923.4575990005,14547.228745279994,0.0,solaris_urbino_12_electric,Solaris Urbino 12 electric,67.83088254743254,420.0,2026-04-08 17:07:24.000000000,2026-04-08 17:06:19.000000000,0.37638436041502576,174.9234575990005,20.845903038370658,14.547228745279993,0.0,14.547228745279993,0.26265829678977765,0.0,False,service
0.0,0.0,0.0,0.0,30.0,9-N1-4-B-035101,Egl. St-Firmin,Egl. St-Firmin,7.0,955.0,48266.33333333333,174923.4575990005,2500.0,0.0,solaris_urbino_12_electric,Solaris Urbino 12 electric,67.82592222997222,420.0,2026-04-08 17:07:54.000000000,2026-04-08 17:07:24.000000000,0.0,174.9234575990005,0.0,2.5,0.0,2.5,0.020833333333333332,0.0,False,service
1.0,0.0,300.7481358168622,5.674493128620042,53.0,9-N1-4-B-035101,Egl. St-Firmin,Faubourg de Hem,7.0,956.0,48319.33333333333,175224.20573481737,14279.135582892508,0.0,solaris_urbino_12_electric,Solaris Urbino 12 electric,67.77586970445017,420.0,2026-04-08 17:08:47.000000000,2026-04-08 17:07:54.000000000,0.3007481358168622,175.22420573481736,20.428175263032152,14.279135582892508,0.0,14.279135582892508,0.21022060719258415,0.0,False,service
0.0,0.0,0.0,0.0,30.0,9-N1-4-B-035101,Faubourg de Hem,Faubourg de Hem,7.0,957.0,48349.33333333333,175224.20573481737,2500.0,0.0,solaris_urbino_12_electric,Solaris Urbino 12 electric,67.77090938698987,420.0,2026-04-08 17:09:17.000000000,2026-04-08 17:08:47.000000000,0.0,175.22420573481736,0.0,2.5,0.0,2.5,0.020833333333333332,0.0,False,service
1.0,0.0,242.018982618479,5.5004314231472495,44.0,9-N1-4-B-035101,Faubourg de Hem,Espace Alliance,7.0,958.0,48393.33333333333,175466.22471743583,13880.003999248058,0.0,solaris_urbino_12_electric,Solaris Urbino 12 electric,67.73051784096032,420.0,2026-04-08 17:10:01.000000000,2026-04-08 17:09:17.000000000,0.24201898261847898,175.46622471743584,19.8015531233301,13.880003999248057,0.0,13.880003999248057,0.16964449332414291,0.0,False,service
0.0,0.0,0.0,0.0,30.0,9-N1-4-B-035101,Espace Alliance,Espace Alliance,7.0,959.0,48423.33333333333,175466.22471743583,2500.0,0.0,solaris_urbino_12_electric,Solaris Urbino 12 electric,67.72555752349999,420.0,2026-04-08 17:10:31.000000000,2026-04-08 17:10:01.000000000,0.0,175.46622471743584,0.0,2.5,0.0,2.5,0.020833333333333332,0.0,False,service
1.0,0.0,512.4653653664171,5.631487531499089,91.0,9-N1-4-B-035101,Espace Alliance,Sully,7.0,960.0,48514.33333333333,175978.69008280226,14180.186968253003,0.0,solaris_urbino_12_electric,Solaris Urbino 12 electric,67.64021380563551,420.0,2026-04-08 17:12:02.000000000,2026-04-08 17:10:31.000000000,0.5124653653664172,175.97869008280227,20.273355113396722,14.180186968253004,0.0,14.180186968253004,0.3584436150308398,0.0,False,service
0.0,0.0,0.0,0.0,30.0,9-N1-4-B-035101,Sully,Sully,7.0,961.0,48544.33333333333,175978.69008280226,2500.0,0.0,solaris_urbino_12_electric,Solaris Urbino 12 electric,67.63525348817518,420.0,2026-04-08 17:12:32.000000000,2026-04-08 17:12:02.000000000,0.0,175.97869008280227,0.0,2.5,0.0,2.5,0.020833333333333332,0.0,False,service
1.0,0.0,581.4235833007191,5.537367460006848,105.0,9-N1-4-B-035101,Sully,Place la Barre,7.0,962.0,48649.33333333333,176560.113666103,13964.400885694367,0.0,solaris_urbino_12_electric,Solaris Urbino 12 electric,67.53827848202454,420.0,2026-04-08 17:14:17.000000000,2026-04-08 17:12:32.000000000,0.5814235833007191,176.56011366610298,19.934522856024653,13.964400885694367,0.0,13.964400885694367,0.4072950258327524,0.0,False,service
0.0,0.0,0.0,0.0,30.0,9-N1-4-B-035101,Place la Barre,Place la Barre,7.0,963.0,48679.33333333333,176560.113666103,2500.0,0.0,solaris_urbino_12_electric,Solaris Urbino 12 electric,67.53331816456421,420.0,2026-04-08 17:14:47.000000000,2026-04-08 17:14:17.000000000,0.0,176.56011366610298,0.0,2.5,0.0,2.5,0.020833333333333332,0.0,False,service
1.0,0.0,321.16148117311843,4.654514219900267,69.0,9-N1-4-B-035101,Place la Barre,La Fontaine,7.0,964.0,48748.33333333333,176881.27514727612,11988.547708117405,0.0,solaris_urbino_12_electric,Solaris Urbino 12 electric,67.47860852224542,420.0,2026-04-08 17:15:56.000000000,2026-04-08 17:14:47.000000000,0.32116148117311843,176.8812751472761,16.75625119164096,11.988547708117405,0.0,11.988547708117405,0.22978049773891693,0.0,False,service
0.0,0.0,0.0,0.0,30.0,9-N1-4-B-035101,La Fontaine,La Fontaine,7.0,965.0,48778.33333333333,176881.27514727612,2500.0,0.0,solaris_urbino_12_electric,Solaris Urbino 12 electric,67.4736482047851,420.0,2026-04-08 17:16:26.000000000,2026-04-08 17:15:56.000000000,0.0,176.8812751472761,0.0,2.5,0.0,2.5,0.020833333333333332,0.0,False,service
1.0,0.0,233.68404358993675,5.31100099068038,44.0,9-N1-4-B-035101,La Fontaine,Les Coursives,7.0,966.0,48822.33333333333,177114.95919086607,13449.643215515678,0.0,solaris_urbino_12_electric,Solaris Urbino 12 electric,67.43450903140663,420.0,2026-04-08 17:17:10.000000000,2026-04-08 17:16:26.000000000,0.23368404358993675,177.11495919086607,19.11960356644937,13.449643215515678,0.0,13.449643215515678,0.16438452818963606,0.0,False,service
0.0,0.0,0.0,0.0,30.0,9-N1-4-B-035101,Les Coursives,Les Coursives,7.0,967.0,48852.33333333333,177114.95919086607,2500.0,0.0,solaris_urbino_12_electric,Solaris Urbino 12 electric,67.4295487139463,420.0,2026-04-08 17:17:40.000000000,2026-04-08 17:17:10.000000000,0.0,177.11495919086607,0.0,2.5,0.0,2.5,0.020833333333333332,0.0,False,service
1.0,0.0,293.0331102299119,5.327874731452944,55.0,9-N1-4-B-035101,Les Coursives,Languedoc,7.0,968.0,48907.33333333333,177407.99230109598,13487.812028090722,0.0,solaris_urbino_12_electric,Solaris Urbino 12 electric,67.38048590564307,420.0,2026-04-08 17:18:35.000000000,2026-04-08 17:17:40.000000000,0.2930331102299119,177.407992301096,19.1803490332306,13.487812028090723,0.0,13.487812028090723,0.20606379487360824,0.0,False,service
0.0,0.0,0.0,0.0,30.0,9-N1-4-B-035101,Languedoc,Languedoc,7.0,969.0,48937.33333333333,177407.99230109598,2500.0,0.0,solaris_urbino_12_electric,Solaris Urbino 12 electric,67.37552558818274,420.0,2026-04-08 17:19:05.000000000,2026-04-08 17:18:35.000000000,0.0,177.407992301096,0.0,2.5,0.0,2.5,0.020833333333333332,0.0,False,service
1.0,0.0,320.6006811443548,4.007508514304435,80.0,9-N1-4-B-035101,Languedoc,Collège R.Parks,7.0,970.0,49017.33333333333,177728.59298224034,10590.203090054667,0.0,solaris_urbino_12_electric,Solaris Urbino 12 electric,67.31949276760045,420.0,2026-04-08 17:20:25.000000000,2026-04-08 17:19:05.000000000,0.3206006811443548,177.72859298224034,14.427030651495967,10.590203090054667,0.0,10.590203090054667,0.23533784644565928,0.0,False,service
0.0,0.0,0.0,0.0,30.0,9-N1-4-B-035101,Collège R.Parks,Collège R.Parks,7.0,971.0,49047.33333333333,177728.59298224034,2500.0,0.0,solaris_urbino_12_electric,Solaris Urbino 12 electric,67.31453245014012,420.0,2026-04-08 17:20:55.000000000,2026-04-08 17:20:25.000000000,0.0,177.72859298224034,0.0,2.5,0.0,2.5,0.020833333333333332,0.0,False,service
1.0,0.0,270.8261413947126,5.0152989147169,54.0,9-N1-4-B-035101,Collège R.Parks,Martinique,7.0,972.0,49101.33333333333,177999.41912363505,12785.8717133053,0.0,solaris_urbino_12_electric,Solaris Urbino 12 electric,67.2688686225926,420.0,2026-04-08 17:21:49.000000000,2026-04-08 17:20:55.000000000,0.27082614139471256,177.99941912363505,18.05507609298084,12.7858717133053,0.0,12.7858717133053,0.1917880756995795,0.0,False,service
0.0,0.0,0.0,0.0,30.0,9-N1-4-B-035101,Martinique,Martinique,7.0,973.0,49131.33333333333,177999.41912363505,2500.0,0.0,solaris_urbino_12_electric,Solaris Urbino 12 electric,67.26390830513229,420.0,2026-04-08 17:22:19.000000000,2026-04-08 17:21:49.000000000,0.0,177.99941912363505,0.0,2.5,0.0,2.5,0.020833333333333332,0.0,False,service
1.0,0.0,274.08690803195344,2.3227704070504527,118.0,9-N1-4-B-035101,Martinique,Etouvie Quai A,7.0,974.0,49249.33333333333,178273.506031667,7101.567229865196,0.0,solaris_urbino_12_electric,Solaris Urbino 12 electric,67.20848602119551,420.0,2026-04-08 17:24:17.000000000,2026-04-08 17:22:19.000000000,0.27408690803195346,178.273506031667,8.361973465381629,7.101567229865196,0.0,7.101567229865196,0.2327735925344703,0.0,False,service
1.0,0.0,241.9015249612658,4.319670088594032,56.0,9-N1-2-B-034901,Etouvie Quai A,Martinique,8.0,975.0,49305.33333333333,178515.40755662826,11260.068245184677,0.0,solaris_urbino_12_electric,Solaris Urbino 12 electric,67.16678206473188,420.0,2026-04-08 17:25:13.000000000,2026-04-08 17:24:17.000000000,0.2419015249612658,178.51540755662825,15.550812318938515,11.260068245184677,0.0,11.260068245184677,0.1751566171473172,0.0,False,service
0.0,0.0,0.0,0.0,30.0,9-N1-2-B-034901,Martinique,Martinique,8.0,976.0,49335.33333333333,178515.40755662826,2500.0,0.0,solaris_urbino_12_electric,Solaris Urbino 12 electric,67.16182174727155,420.0,2026-04-08 17:25:43.000000000,2026-04-08 17:25:13.000000000,0.0,178.51540755662825,0.0,2.5,0.0,2.5,0.020833333333333332,0.0,False,service
1.0,0.0,330.7630000086095,4.9367611941583505,67.0,9-N1-2-B-034901,Martinique,Collège R.Parks,8.0,977.0,49402.33333333333,178846.17055663688,12611.161213503856,0.0,solaris_urbino_12_electric,Solaris Urbino 12 electric,67.10593895617997,420.0,2026-04-08 17:26:50.000000000,2026-04-08 17:25:43.000000000,0.3307630000086095,178.84617055663688,17.77234029897006,12.611161213503856,0.0,12.611161213503856,0.23470772258465508,0.0,False,service
0.0,0.0,0.0,0.0,30.0,9-N1-2-B-034901,Collège R.Parks,Collège R.Parks,8.0,978.0,49432.33333333333,178846.17055663688,2500.0,0.0,solaris_urbino_12_electric,Solaris Urbino 12 electric,67.10097863871965,420.0,2026-04-08 17:27:20.000000000,2026-04-08 17:26:50.000000000,0.0,178.84617055663688,0.0,2.5,0.0,2.5,0.020833333333333332,0.0,False,service
1.0,0.0,296.81987678393193,4.01107941599908,74.0,9-N1-2-B-034901,Collège R.Parks,Languedoc,8.0,979.0,49506.33333333333,179142.9904334208,10597.817808205917,0.0,solaris_urbino_12_electric,Solaris Urbino 12 electric,67.04911101188054,420.0,2026-04-08 17:28:34.000000000,2026-04-08 17:27:20.000000000,0.29681987678393196,179.1429904334208,14.439885897596689,10.597817808205917,0.0,10.597817808205917,0.21784403272423272,0.0,False,service
0.0,0.0,0.0,0.0,30.0,9-N1-2-B-034901,Languedoc,Languedoc,8.0,980.0,49536.33333333333,179142.9904334208,2500.0,0.0,solaris_urbino_12_electric,Solaris Urbino 12 electric,67.04415069442024,420.0,2026-04-08 17:29:04.000000000,2026-04-08 17:28:34.000000000,0.0,179.1429904334208,0.0,2.5,0.0,2.5,0.020833333333333332,0.0,False,service
1.0,0.0,297.726462758007,5.316543977821554,56.0,9-N1-2-B-034901,Languedoc,Les coursives,8.0,981.0,49592.33333333333,179440.7168961788,13462.178045703666,0.0,solaris_urbino_12_electric,Solaris Urbino 12 electric,66.99429077573244,420.0,2026-04-08 17:30:00.000000000,2026-04-08 17:29:04.000000000,0.297726462758007,179.4407168961788,19.139558320157594,13.462178045703666,0.0,13.462178045703666,0.2094116584887237,0.0,False,service
0.0,0.0,0.0,0.0,30.0,9-N1-2-B-034901,Les coursives,Les coursives,8.0,982.0,49622.33333333333,179440.7168961788,2500.0,0.0,solaris_urbino_12_electric,Solaris Urbino 12 electric,66.98933045827212,420.0,2026-04-08 17:30:30.000000000,2026-04-08 17:30:00.000000000,0.0,179.4407168961788,0.0,2.5,0.0,2.5,0.020833333333333332,0.0,False,service
1.0,0.0,227.94980309080773,5.065551179795728,45.0,9-N1-2-B-034901,Les coursives,La Fontaine,8.0,983.0,49667.33333333333,179668.6666992696,12898.003526410092,0.0,solaris_urbino_12_electric,Solaris Urbino 12 electric,66.95094354301494,420.0,2026-04-08 17:31:15.000000000,2026-04-08 17:30:30.000000000,0.22794980309080773,179.6686666992696,18.23598424726462,12.898003526410092,0.0,12.898003526410092,0.16122504408012614,0.0,False,service
0.0,0.0,0.0,0.0,30.0,9-N1-2-B-034901,La Fontaine,La Fontaine,8.0,984.0,49697.33333333333,179668.6666992696,2500.0,0.0,solaris_urbino_12_electric,Solaris Urbino 12 electric,66.94598322555464,420.0,2026-04-08 17:31:45.000000000,2026-04-08 17:31:15.000000000,0.0,179.6686666992696,0.0,2.5,0.0,2.5,0.020833333333333332,0.0,False,service
1.0,0.0,278.8940733458619,4.572033989276425,61.0,9-N1-2-B-034901,La Fontaine,Place la Barre,8.0,985.0,49758.33333333333,179947.56077261548,11808.10899952981,0.0,solaris_urbino_12_electric,Solaris Urbino 12 electric,66.89834469056976,420.0,2026-04-08 17:32:46.000000000,2026-04-08 17:31:45.000000000,0.2788940733458619,179.94756077261547,16.459322361395127,11.808108999529809,0.0,11.808108999529809,0.20008184693647732,0.0,False,service
0.0,0.0,0.0,0.0,30.0,9-N1-2-B-034901,Place la Barre,Place la Barre,8.0,986.0,49788.33333333333,179947.56077261548,2500.0,0.0,solaris_urbino_12_electric,Solaris Urbino 12 electric,66.89338437310944,420.0,2026-04-08 17:33:16.000000000,2026-04-08 17:32:46.000000000,0.0,179.94756077261547,0.0,2.5,0.0,2.5,0.020833333333333332,0.0,False,service
1.0,0.0,552.9827646282706,5.882795368385858,94.0,9-N1-2-B-034901,Place la Barre,Sully,8.0,987.0,49882.33333333333,180500.54353724376,14761.584006347119,0.0,solaris_urbino_12_electric,Solaris Urbino 12 electric,66.80161262068904,420.0,2026-04-08 17:34:50.000000000,2026-04-08 17:33:16.000000000,0.5529827646282706,180.50054353724377,21.178063326189086,14.76158400634712,0.0,14.76158400634712,0.38544136016573033,0.0,False,service
0.0,0.0,0.0,0.0,30.0,9-N1-2-B-034901,Sully,Sully,8.0,988.0,49912.33333333333,180500.54353724376,2500.0,0.0,solaris_urbino_12_electric,Solaris Urbino 12 electric,66.79665230322871,420.0,2026-04-08 17:35:20.000000000,2026-04-08 17:34:50.000000000,0.0,180.50054353724377,0.0,2.5,0.0,2.5,0.020833333333333332,0.0,False,service
1.0,0.0,541.2636534432309,5.820039284335816,93.0,9-N1-2-B-034901,Sully,Espace Alliance,8.0,989.0,50005.33333333333,181041.807190687,14615.67378448361,0.0,solaris_urbino_12_electric,Solaris Urbino 12 electric,66.70675430971303,420.0,2026-04-08 17:36:53.000000000,2026-04-08 17:35:20.000000000,0.5412636534432308,181.041807190687,20.952141423608936,14.61567378448361,0.0,14.61567378448361,0.3775715727658266,0.0,False,service
0.0,0.0,0.0,0.0,30.0,9-N1-2-B-034901,Espace Alliance,Espace Alliance,8.0,990.0,50035.33333333333,181041.807190687,2500.0,0.0,solaris_urbino_12_electric,Solaris Urbino 12 electric,66.70179399225273,420.0,2026-04-08 17:37:23.000000000,2026-04-08 17:36:53.000000000,0.0,181.041807190687,0.0,2.5,0.0,2.5,0.020833333333333332,0.0,False,service
1.0,0.0,306.8484114845754,5.789592669520291,53.0,9-N1-2-B-034901,Espace Alliance,Faubourg de Hem,8.0,991.0,50088.33333333333,181348.65560217155,14545.059713261502,0.0,solaris_urbino_12_electric,Solaris Urbino 12 electric,66.6508093252684,420.0,2026-04-08 17:38:16.000000000,2026-04-08 17:37:23.000000000,0.3068484114845754,181.34865560217156,20.842533610273048,14.545059713261502,0.0,14.545059713261502,0.21413560133412768,0.0,False,service
0.0,0.0,0.0,0.0,30.0,9-N1-2-B-034901,Faubourg de Hem,Faubourg de Hem,8.0,992.0,50118.33333333333,181348.65560217155,2500.0,0.0,solaris_urbino_12_electric,Solaris Urbino 12 electric,66.6458490078081,420.0,2026-04-08 17:38:46.000000000,2026-04-08 17:38:16.000000000,0.0,181.34865560217156,0.0,2.5,0.0,2.5,0.020833333333333332,0.0,False,service
1.0,0.0,296.4471853943004,7.058266318911914,42.0,9-N1-2-B-034901,Faubourg de Hem,Egl. St-Firmin,8.0,993.0,50160.33333333333,181645.10278756585,17591.10789775967,0.0,solaris_urbino_12_electric,Solaris Urbino 12 electric,66.5969848192032,420.0,2026-04-08 17:39:28.000000000,2026-04-08 17:38:46.000000000,0.29644718539430037,181.64510278756586,25.409758748082893,17.59110789775967,0.0,17.59110789775967,0.2052295921405295,0.0,False,service
0.0,0.0,0.0,0.0,30.0,9-N1-2-B-034901,Egl. St-Firmin,Egl. St-Firmin,8.0,994.0,50190.33333333333,181645.10278756585,2500.0,0.0,solaris_urbino_12_electric,Solaris Urbino 12 electric,66.59202450174288,420.0,2026-04-08 17:39:58.000000000,2026-04-08 17:39:28.000000000,0.0,181.64510278756586,0.0,2.5,0.0,2.5,0.020833333333333332,0.0,False,service
1.0,0.0,397.9625757415526,7.106474566813439,56.0,9-N1-2-B-034901,Egl. St-Firmin,Zoo d'Amiens,8.0,995.0,50246.33333333333,182043.0653633074,17711.33170949966,0.0,solaris_urbino_12_electric,Solaris Urbino 12 electric,66.52642697689288,420.0,2026-04-08 17:40:54.000000000,2026-04-08 17:39:58.000000000,0.3979625757415526,182.0430653633074,25.58330844052838,17.71133170949966,0.0,17.71133170949966,0.2755096043699947,0.0,False,service
0.0,0.0,0.0,0.0,30.0,9-N1-2-B-034901,Zoo d'Amiens,Zoo d'Amiens,8.0,996.0,50276.33333333333,182043.0653633074,2500.0,0.0,solaris_urbino_12_electric,Solaris Urbino 12 electric,66.52146665943258,420.0,2026-04-08 17:41:24.000000000,2026-04-08 17:40:54.000000000,0.0,182.0430653633074,0.0,2.5,0.0,2.5,0.020833333333333332,0.0,False,service
1.0,0.0,387.76459722543666,6.924367807597084,56.0,9-N1-2-B-034901,Zoo d'Amiens,Jean Jaurès,8.0,997.0,50332.33333333333,182430.82996053284,17259.00345845794,0.0,solaris_urbino_12_electric,Solaris Urbino 12 electric,66.45754442440125,420.0,2026-04-08 17:42:20.000000000,2026-04-08 17:41:24.000000000,0.38776459722543666,182.43082996053283,24.9277241073495,17.25900345845794,0.0,17.25900345845794,0.268473387131568,0.0,False,service
0.0,0.0,0.0,0.0,30.0,9-N1-2-B-034901,Jean Jaurès,Jean Jaurès,8.0,998.0,50362.33333333333,182430.82996053284,2500.0,0.0,solaris_urbino_12_electric,Solaris Urbino 12 electric,66.45258410694092,420.0,2026-04-08 17:42:50.000000000,2026-04-08 17:42:20.000000000,0.0,182.43082996053283,0.0,2.5,0.0,2.5,0.020833333333333332,0.0,False,service
1.0,0.0,353.81886733206454,6.675827685510652,53.0,9-N1-2-B-034901,Jean Jaurès,Saint-Jacques,8.0,999.0,50415.33333333333,182784.6488278649,16649.496892479903,0.0,solaris_urbino_12_electric,Solaris Urbino 12 electric,66.3942227752411,420.0,2026-04-08 17:43:43.000000000,2026-04-08 17:42:50.000000000,0.3538188673320645,182.7846488278649,24.032979667838347,16.649496892479902,0.0,16.649496892479902,0.24511759313928747,0.0,False,service
0.0,0.0,0.0,0.0,30.0,9-N1-2-B-034901,Saint-Jacques,Saint-Jacques,8.0,1000.0,50445.33333333333,182784.6488278649,2500.0,0.0,solaris_urbino_12_electric,Solaris Urbino 12 electric,66.38926245778077,420.0,2026-04-08 17:44:13.000000000,2026-04-08 17:43:43.000000000,0.0,182.7846488278649,0.0,2.5,0.0,2.5,0.020833333333333332,0.0,False,service
1.0,0.0,242.8037375118653,7.35768901551107,33.0,9-N1-2-B-034901,Saint-Jacques,M. Culture A,8.0,1001.0,50478.33333333333,183027.45256537676,18343.542843186246,0.0,solaris_urbino_12_electric,Solaris Urbino 12 electric,66.34922694760715,420.0,2026-04-08 17:44:46.000000000,2026-04-08 17:44:13.000000000,0.24280373751186532,183.02745256537676,26.487680455839854,18.343542843186246,0.0,18.343542843186246,0.16814914272920725,0.0,False,service
0.0,0.0,0.0,0.0,30.0,9-N1-2-B-034901,M. Culture A,M. Culture A,8.0,1002.0,50508.33333333333,183027.45256537676,2500.0,0.0,solaris_urbino_12_electric,Solaris Urbino 12 electric,66.34426663014685,420.0,2026-04-08 17:45:16.000000000,2026-04-08 17:44:46.000000000,0.0,183.02745256537676,0.0,2.5,0.0,2.5,0.020833333333333332,0.0,False,service
1.0,0.0,296.74165114956037,2.472847092913003,120.0,9-N1-2-B-034901,M. Culture A,Hôtel de Ville,8.0,1003.0,50628.33333333333,183324.19421652632,7405.169534075037,0.0,solaris_urbino_12_electric,Solaris Urbino 12 electric,66.28549544336846,420.0,2026-04-08 17:47:16.000000000,2026-04-08 17:45:16.000000000,0.29674165114956036,183.3241942165263,8.90224953448681,7.4051695340750365,0.0,7.4051695340750365,0.2468389844691679,0.0,False,service
0.0,0.0,0.0,0.0,30.0,9-N1-2-B-034901,Hôtel de Ville,Hôtel de Ville,8.0,1004.0,50658.33333333333,183324.19421652632,2500.0,0.0,solaris_urbino_12_electric,Solaris Urbino 12 electric,66.28053512590816,420.0,2026-04-08 17:47:46.000000000,2026-04-08 17:47:16.000000000,0.0,183.3241942165263,0.0,2.5,0.0,2.5,0.020833333333333332,0.0,False,service
1.0,0.0,228.2941059416939,4.005159753363051,57.0,9-N1-2-B-034901,Hôtel de Ville,Jacobins,8.0,1005.0,50715.33333333333,183552.488322468,10585.195099293087,0.0,solaris_urbino_12_electric,Solaris Urbino 12 electric,66.24063062057351,420.0,2026-04-08 17:48:43.000000000,2026-04-08 17:47:46.000000000,0.22829410594169391,183.552488322468,14.418575112106984,10.585195099293086,0.0,10.585195099293086,0.1675989224054739,0.0,False,service
0.0,0.0,0.0,0.0,30.0,9-N1-2-B-034901,Jacobins,Jacobins,8.0,1006.0,50745.33333333333,183552.488322468,2500.0,0.0,solaris_urbino_12_electric,Solaris Urbino 12 electric,66.2356703031132,420.0,2026-04-08 17:49:13.000000000,2026-04-08 17:48:43.000000000,0.0,183.552488322468,0.0,2.5,0.0,2.5,0.020833333333333332,0.0,False,service
1.0,0.0,326.11241962366006,4.026079254613087,81.0,9-N1-2-B-034901,Jacobins,Emile Zola,8.0,1007.0,50826.33333333333,183878.60074209166,10629.8158571957,0.0,solaris_urbino_12_electric,Solaris Urbino 12 electric,66.17872486102107,420.0,2026-04-08 17:50:34.000000000,2026-04-08 17:49:13.000000000,0.32611241962366005,183.87860074209166,14.493885316607114,10.6298158571957,0.0,10.6298158571957,0.23917085678690322,0.0,False,service
0.0,0.0,0.0,0.0,30.0,9-N1-2-B-034901,Emile Zola,Emile Zola,8.0,1008.0,50856.33333333333,183878.60074209166,2500.0,0.0,solaris_urbino_12_electric,Solaris Urbino 12 electric,66.17376454356076,420.0,2026-04-08 17:51:04.000000000,2026-04-08 17:50:34.000000000,0.0,183.87860074209166,0.0,2.5,0.0,2.5,0.020833333333333332,0.0,False,service
1.0,0.0,355.48637357572056,2.1943603307143245,162.0,9-N1-2-B-034901,Emile Zola,Gare du Nord B,8.0,1009.0,51018.33333333333,184234.08711566738,6842.679519791913,0.0,solaris_urbino_12_electric,Solaris Urbino 12 electric,66.10045012013441,420.0,2026-04-08 17:53:46.000000000,2026-04-08 17:51:04.000000000,0.35548637357572055,184.2340871156674,7.899697190571568,6.842679519791913,0.0,6.842679519791913,0.307920578390636,0.0,False,service
0.0,0.0,0.0,0.0,30.0,9-N1-2-B-034901,Gare du Nord B,Gare du Nord B,8.0,1010.0,51048.33333333333,184234.08711566738,2500.0,0.0,solaris_urbino_12_electric,Solaris Urbino 12 electric,66.09548980267411,420.0,2026-04-08 17:54:16.000000000,2026-04-08 17:53:46.000000000,0.0,184.2340871156674,0.0,2.5,0.0,2.5,0.020833333333333332,0.0,False,service
1.0,0.0,368.1948881034494,3.95908481831666,93.0,9-N1-2-B-034901,Gare du Nord B,Caserne Dejean,8.0,1011.0,51141.33333333333,184602.28200377084,10487.049257408216,0.0,solaris_urbino_12_electric,Solaris Urbino 12 electric,66.03098612668607,420.0,2026-04-08 17:55:49.000000000,2026-04-08 17:54:16.000000000,0.3681948881034494,184.60228200377085,14.252705345939976,10.487049257408216,0.0,10.487049257408216,0.2709154391497123,0.0,False,service
0.0,0.0,0.0,0.0,30.0,9-N1-2-B-034901,Caserne Dejean,Caserne Dejean,8.0,1012.0,51171.33333333333,184602.28200377084,2500.0,0.0,solaris_urbino_12_electric,Solaris Urbino 12 electric,66.02602580922576,420.0,2026-04-08 17:56:19.000000000,2026-04-08 17:55:49.000000000,0.0,184.60228200377085,0.0,2.5,0.0,2.5,0.020833333333333332,0.0,False,service
1.0,0.0,355.3755273513469,3.862777471210292,92.0,9-N1-2-B-034901,Caserne Dejean,Pinceau,8.0,1013.0,51263.33333333333,184957.65753112218,10282.474769595454,0.0,solaris_urbino_12_electric,Solaris Urbino 12 electric,65.96346048655361,420.0,2026-04-08 17:57:51.000000000,2026-04-08 17:56:19.000000000,0.35537552735134686,184.95765753112218,13.905998896357051,10.282474769595455,0.0,10.282474769595455,0.2627743552229949,0.0,False,service
0.0,0.0,0.0,0.0,30.0,9-N1-2-B-034901,Pinceau,Pinceau,8.0,1014.0,51293.33333333333,184957.65753112218,2500.0,0.0,solaris_urbino_12_electric,Solaris Urbino 12 electric,65.9585001690933,420.0,2026-04-08 17:58:21.000000000,2026-04-08 17:57:51.000000000,0.0,184.95765753112218,0.0,2.5,0.0,2.5,0.020833333333333332,0.0,False,service
1.0,0.0,447.05548624280317,3.8874390108069843,115.0,9-N1-2-B-034901,Pinceau,L. de Luzarches,8.0,1015.0,51408.33333333333,185404.713017365,10334.78728614811,0.0,solaris_urbino_12_electric,Solaris Urbino 12 electric,65.87989563616293,420.0,2026-04-08 18:00:16.000000000,2026-04-08 17:58:21.000000000,0.44705548624280317,185.404713017365,13.994780438905144,10.33478728614811,0.0,10.33478728614811,0.3301390383075091,0.0,False,service
0.0,0.0,0.0,0.0,30.0,9-N1-2-B-034901,L. de Luzarches,L. de Luzarches,8.0,1016.0,51438.33333333333,185404.713017365,2500.0,0.0,solaris_urbino_12_electric,Solaris Urbino 12 electric,65.87493531870263,420.0,2026-04-08 18:00:46.000000000,2026-04-08 18:00:16.000000000,0.0,185.404713017365,0.0,2.5,0.0,2.5,0.020833333333333332,0.0,False,service
1.0,0.0,324.8685267650074,8.121713169125185,40.0,9-N1-2-B-034901,L. de Luzarches,Egl. St-Acheul,8.0,1017.0,51478.33333333333,185729.58154413,20328.218593303132,0.0,solaris_urbino_12_electric,Solaris Urbino 12 electric,65.82115696263568,420.0,2026-04-08 18:01:26.000000000,2026-04-08 18:00:46.000000000,0.3248685267650074,185.72958154412999,29.238167408850664,20.32821859330313,0.0,20.32821859330313,0.22586909548114592,0.0,False,service
0.0,0.0,0.0,0.0,30.0,9-N1-2-B-034901,Egl. St-Acheul,Egl. St-Acheul,8.0,1018.0,51508.33333333333,185729.58154413,2500.0,0.0,solaris_urbino_12_electric,Solaris Urbino 12 electric,65.81619664517535,420.0,2026-04-08 18:01:56.000000000,2026-04-08 18:01:26.000000000,0.0,185.72958154412999,0.0,2.5,0.0,2.5,0.020833333333333332,0.0,False,service
1.0,0.0,451.79666905185246,8.214484891851862,55.0,9-N1-2-B-034901,Egl. St-Acheul,Mercey,8.0,1019.0,51563.33333333333,186181.37821318186,20575.864377064863,0.0,solaris_urbino_12_electric,Solaris Urbino 12 electric,65.7413505776662,420.0,2026-04-08 18:02:51.000000000,2026-04-08 18:01:56.000000000,0.45179666905185245,186.18137821318186,29.572145610666706,20.575864377064864,0.0,20.575864377064864,0.31435348353849096,0.0,False,service
0.0,0.0,0.0,0.0,30.0,9-N1-2-B-034901,Mercey,Mercey,8.0,1020.0,51593.33333333333,186181.37821318186,2500.0,0.0,solaris_urbino_12_electric,Solaris Urbino 12 electric,65.73639026020588,420.0,2026-04-08 18:03:21.000000000,2026-04-08 18:02:51.000000000,0.0,186.18137821318186,0.0,2.5,0.0,2.5,0.020833333333333332,0.0,False,service
1.0,0.0,481.8036462949089,8.166163496523879,59.0,9-N1-2-B-034901,Mercey,Sobo,8.0,1021.0,51652.33333333333,186663.18185947675,20446.688745559044,0.0,solaris_urbino_12_electric,Solaris Urbino 12 electric,65.65660490068286,420.0,2026-04-08 18:04:20.000000000,2026-04-08 18:03:21.000000000,0.4818036462949089,186.66318185947677,29.398188587485965,20.446688745559044,0.0,20.446688745559044,0.3350985099966621,0.0,False,service
0.0,0.0,0.0,0.0,30.0,9-N1-2-B-034901,Sobo,Sobo,8.0,1022.0,51682.33333333333,186663.18185947675,2500.0,0.0,solaris_urbino_12_electric,Solaris Urbino 12 electric,65.65164458322255,420.0,2026-04-08 18:04:50.000000000,2026-04-08 18:04:20.000000000,0.0,186.66318185947677,0.0,2.5,0.0,2.5,0.020833333333333332,0.0,False,service
1.0,0.0,707.5852717526406,8.22773571805396,86.0,9-N1-2-B-034901,Sobo,Pont de l'Avre,8.0,1023.0,51768.33333333333,187370.7671312294,20611.358234859843,0.0,solaris_urbino_12_electric,Solaris Urbino 12 electric,65.53441066733643,420.0,2026-04-08 18:06:16.000000000,2026-04-08 18:04:50.000000000,0.7075852717526405,187.3707671312294,29.61984858499426,20.611358234859843,0.0,20.611358234859843,0.4923824467216518,0.0,False,service
0.0,0.0,0.0,0.0,30.0,9-N1-2-B-034901,Pont de l'Avre,Pont de l'Avre,8.0,1024.0,51798.33333333333,187370.7671312294,2500.0,0.0,solaris_urbino_12_electric,Solaris Urbino 12 electric,65.52945034987613,420.0,2026-04-08 18:06:46.000000000,2026-04-08 18:06:16.000000000,0.0,187.3707671312294,0.0,2.5,0.0,2.5,0.020833333333333332,0.0,False,service
1.0,0.0,296.6141068969825,7.062240640404345,42.0,9-N1-2-B-034901,Pont de l'Avre,Cité du Château,8.0,1025.0,51840.33333333333,187667.38123812637,17601.00604348413,0.0,solaris_urbino_12_electric,Solaris Urbino 12 electric,65.480558666422,420.0,2026-04-08 18:07:28.000000000,2026-04-08 18:06:46.000000000,0.2966141068969825,187.66738123812638,25.424066305455643,17.60100604348413,0.0,17.60100604348413,0.20534507050731485,0.0,False,service
0.0,0.0,0.0,0.0,30.0,9-N1-2-B-034901,Cité du Château,Cité du Château,8.0,1026.0,51870.33333333333,187667.38123812637,2500.0,0.0,solaris_urbino_12_electric,Solaris Urbino 12 electric,65.47559834896168,420.0,2026-04-08 18:07:58.000000000,2026-04-08 18:07:28.000000000,0.0,187.66738123812638,0.0,2.5,0.0,2.5,0.020833333333333332,0.0,False,service
1.0,0.0,332.9543642312839,6.936549254818414,48.0,9-N1-2-B-034901,Cité du Château,La Rose Rouge,8.0,1027.0,51918.33333333333,188000.33560235766,17289.107112419595,0.0,solaris_urbino_12_electric,Solaris Urbino 12 electric,65.42071229463653,420.0,2026-04-08 18:08:46.000000000,2026-04-08 18:07:58.000000000,0.3329543642312839,188.00033560235767,24.97157731734629,17.289107112419597,0.0,17.289107112419597,0.2305214281655946,0.0,False,service
0.0,0.0,0.0,0.0,30.0,9-N1-2-B-034901,La Rose Rouge,La Rose Rouge,8.0,1028.0,51948.33333333333,188000.33560235766,2500.0,0.0,solaris_urbino_12_electric,Solaris Urbino 12 electric,65.41575197717623,420.0,2026-04-08 18:09:16.000000000,2026-04-08 18:08:46.000000000,0.0,188.00033560235767,0.0,2.5,0.0,2.5,0.020833333333333332,0.0,False,service
1.0,0.0,225.1396338173497,7.262568832817732,31.0,9-N1-2-B-034901,La Rose Rouge,Poidevin,8.0,1029.0,51979.33333333333,188225.475236175,18103.02141613429,0.0,solaris_urbino_12_electric,Solaris Urbino 12 electric,65.37863599411403,420.0,2026-04-08 18:09:47.000000000,2026-04-08 18:09:16.000000000,0.2251396338173497,188.225475236175,26.145247798143835,18.10302141613429,0.0,18.10302141613429,0.15588712886115635,0.0,False,service
0.0,0.0,0.0,0.0,30.0,9-N1-2-B-034901,Poidevin,Poidevin,8.0,1030.0,52009.33333333333,188225.475236175,2500.0,0.0,solaris_urbino_12_electric,Solaris Urbino 12 electric,65.37367567665373,420.0,2026-04-08 18:10:17.000000000,2026-04-08 18:09:47.000000000,0.0,188.225475236175,0.0,2.5,0.0,2.5,0.020833333333333332,0.0,False,service
1.0,0.0,314.5014195772681,7.147759535847002,44.0,9-N1-2-B-034901,Poidevin,M. de Longueau,8.0,1031.0,52053.33333333333,188539.97665575228,17814.568253525784,0.0,solaris_urbino_12_electric,Solaris Urbino 12 electric,65.32183434046621,420.0,2026-04-08 18:11:01.000000000,2026-04-08 18:10:17.000000000,0.3145014195772681,188.53997665575227,25.731934329049206,17.814568253525785,0.0,17.814568253525785,0.21773361198753735,0.0,False,service
0.0,0.0,0.0,0.0,30.0,9-N1-2-B-034901,M. de Longueau,M. de Longueau,8.0,1032.0,52083.33333333333,188539.97665575228,2500.0,0.0,solaris_urbino_12_electric,Solaris Urbino 12 electric,65.31687402300591,420.0,2026-04-08 18:11:31.000000000,2026-04-08 18:11:01.000000000,0.0,188.53997665575227,0.0,2.5,0.0,2.5,0.020833333333333332,0.0,False,service
1.0,0.0,256.63398574137216,6.936053668685734,37.0,9-N1-2-B-034901,M. de Longueau,La Fourche,8.0,1033.0,52120.33333333333,188796.61064149367,17287.881959235827,0.0,solaris_urbino_12_electric,Solaris Urbino 12 electric,65.27456902085697,420.0,2026-04-08 18:12:08.000000000,2026-04-08 18:11:31.000000000,0.25663398574137214,188.79661064149366,24.96979320726864,17.287881959235825,0.0,17.287881959235825,0.17768100902547934,0.0,False,service
0.0,0.0,0.0,0.0,30.0,9-N1-2-B-034901,La Fourche,La Fourche,8.0,1034.0,52150.33333333333,188796.61064149367,2500.0,0.0,solaris_urbino_12_electric,Solaris Urbino 12 electric,65.26960870339666,420.0,2026-04-08 18:12:38.000000000,2026-04-08 18:12:08.000000000,0.0,188.79661064149366,0.0,2.5,0.0,2.5,0.020833333333333332,0.0,False,service
1.0,0.0,651.0902221706201,6.643777777251225,98.0,9-N1-2-B-034901,La Fourche,Croix de Fer,8.0,1035.0,52248.33333333333,189447.70086366427,16571.54282882152,0.0,solaris_urbino_12_electric,Solaris Urbino 12 electric,65.16220055543208,420.0,2026-04-08 18:14:16.000000000,2026-04-08 18:12:38.000000000,0.6510902221706201,189.44770086366427,23.91759999810441,16.571542828821517,0.0,16.571542828821517,0.4511142214512525,0.0,False,service
0.0,0.0,0.0,0.0,30.0,9-N1-2-B-034901,Croix de Fer,Croix de Fer,8.0,1036.0,52278.33333333333,189447.70086366427,2500.0,0.0,solaris_urbino_12_electric,Solaris Urbino 12 electric,65.15724023797176,420.0,2026-04-08 18:14:46.000000000,2026-04-08 18:14:16.000000000,0.0,189.44770086366427,0.0,2.5,0.0,2.5,0.020833333333333332,0.0,False,service
1.0,0.0,703.41712703917,4.953641739712465,142.0,9-N1-2-B-034901,Croix de Fer,C. Cial Glisy,8.0,1037.0,52420.33333333333,190151.11799070344,12648.657874092083,0.0,solaris_urbino_12_electric,Solaris Urbino 12 electric,65.03844993254047,420.0,2026-04-08 18:17:08.000000000,2026-04-08 18:14:46.000000000,0.70341712703917,190.15111799070343,17.833110262964873,12.648657874092082,0.0,12.648657874092082,0.4989192828114099,0.0,False,service
0.0,0.0,0.0,0.0,30.0,9-N1-2-B-034901,C. Cial Glisy,C. Cial Glisy,8.0,1038.0,52450.33333333333,190151.11799070344,2500.0,0.0,solaris_urbino_12_electric,Solaris Urbino 12 electric,65.03348961508016,420.0,2026-04-08 18:17:38.000000000,2026-04-08 18:17:08.000000000,0.0,190.15111799070343,0.0,2.5,0.0,2.5,0.020833333333333332,0.0,False,service
1.0,0.0,136.72688382470434,4.883102993739441,28.0,9-N1-2-B-034901,C. Cial Glisy,Capitaine Nemo,8.0,1039.0,52478.33333333333,190287.84487452815,12492.168184754679,0.0,solaris_urbino_12_electric,Solaris Urbino 12 electric,65.01035597029357,420.0,2026-04-08 18:18:06.000000000,2026-04-08 18:17:38.000000000,0.13672688382470435,190.28784487452816,17.57917077746199,12.492168184754679,0.0,12.492168184754679,0.09716130810364751,0.0,False,service
0.0,0.0,0.0,0.0,30.0,9-N1-2-B-034901,Capitaine Nemo,Capitaine Nemo,8.0,1040.0,52508.33333333333,190287.84487452815,2500.0,0.0,solaris_urbino_12_electric,Solaris Urbino 12 electric,65.00539565283324,420.0,2026-04-08 18:18:36.000000000,2026-04-08 18:18:06.000000000,0.0,190.28784487452816,0.0,2.5,0.0,2.5,0.020833333333333332,0.0,False,service
1.0,0.0,323.4478124594319,2.488060095841784,130.0,9-N1-2-B-034901,Capitaine Nemo,Pôle J. Verne,8.0,1041.0,52638.33333333333,190611.29268698758,7436.009883372681,0.0,solaris_urbino_12_electric,Solaris Urbino 12 electric,64.94146170542331,420.0,2026-04-08 18:20:46.000000000,2026-04-08 18:18:36.000000000,0.3234478124594319,190.61129268698758,8.957016345030421,7.43600988337268,0.0,7.43600988337268,0.2685225791217912,0.0,False,service
0.0,0.0,0.0,0.0,30.0,9-N1-2-B-034901,Pôle J. Verne,Pôle J. Verne,8.0,1042.0,52668.33333333333,190611.29268698758,2500.0,0.0,solaris_urbino_12_electric,Solaris Urbino 12 electric,64.93650138796298,420.0,2026-04-08 18:21:16.000000000,2026-04-08 18:20:46.000000000,0.0,190.61129268698758,0.0,2.5,0.0,2.5,0.020833333333333332,0.0,False,service
1.0,0.0,334.0181708930427,4.7044812801837,71.0,9-N1-4-B-035101,Pôle J. Verne,Capitaine Nemo,8.0,1043.0,52739.33333333333,190945.31085788063,12098.184498446486,0.0,solaris_urbino_12_electric,Solaris Urbino 12 electric,64.87969113006685,420.0,2026-04-08 18:22:27.000000000,2026-04-08 18:21:16.000000000,0.3340181708930427,190.94531085788063,16.93613260866132,12.098184498446486,0.0,12.098184498446486,0.23860308316380568,0.0,False,service
0.0,0.0,0.0,0.0,30.0,9-N1-4-B-035101,Capitaine Nemo,Capitaine Nemo,8.0,1044.0,52769.33333333333,190945.31085788063,2500.0,0.0,solaris_urbino_12_electric,Solaris Urbino 12 electric,64.87473081260651,420.0,2026-04-08 18:22:57.000000000,2026-04-08 18:22:27.000000000,0.0,190.94531085788063,0.0,2.5,0.0,2.5,0.020833333333333332,0.0,False,service
1.0,0.0,122.91799931516653,5.8532380626269775,21.0,9-N1-4-B-035101,Capitaine Nemo,C. Cial Glisy,8.0,1045.0,52790.33333333333,191068.2288571958,14692.801288691231,0.0,solaris_urbino_12_electric,Solaris Urbino 12 electric,64.85432414415001,420.0,2026-04-08 18:23:18.000000000,2026-04-08 18:22:57.000000000,0.12291799931516653,191.06822885719578,21.07165702545712,14.69280128869123,0.0,14.69280128869123,0.08570800751736551,0.0,False,service
0.0,0.0,0.0,0.0,30.0,9-N1-4-B-035101,C. Cial Glisy,C. Cial Glisy,8.0,1046.0,52820.33333333333,191068.2288571958,2500.0,0.0,solaris_urbino_12_electric,Solaris Urbino 12 electric,64.8493638266897,420.0,2026-04-08 18:23:48.000000000,2026-04-08 18:23:18.000000000,0.0,191.06822885719578,0.0,2.5,0.0,2.5,0.020833333333333332,0.0,False,service
1.0,0.0,685.9620842301216,4.6664087362593305,147.0,9-N1-4-B-035101,C. Cial Glisy,Croix de Fer,8.0,1047.0,52967.33333333333,191754.1909414259,12014.623985741244,0.0,solaris_urbino_12_electric,Solaris Urbino 12 electric,64.73255498238387,420.0,2026-04-08 18:26:15.000000000,2026-04-08 18:23:48.000000000,0.6859620842301216,191.75419094142592,16.79907145053359,12.014623985741244,0.0,12.014623985741244,0.4905971460844341,0.0,False,service
0.0,0.0,0.0,0.0,30.0,9-N1-4-B-035101,Croix de Fer,Croix de Fer,8.0,1048.0,52997.33333333333,191754.1909414259,2500.0,0.0,solaris_urbino_12_electric,Solaris Urbino 12 electric,64.72759466492356,420.0,2026-04-08 18:26:45.000000000,2026-04-08 18:26:15.000000000,0.0,191.75419094142592,0.0,2.5,0.0,2.5,0.020833333333333332,0.0,False,service
1.0,0.0,746.5227463047001,6.912247650969446,108.0,9-N1-4-B-035101,Croix de Fer,La Fourche,8.0,1049.0,53105.33333333333,192500.7136877306,17229.07289480432,0.0,solaris_urbino_12_electric,Solaris Urbino 12 electric,64.6045298585321,420.0,2026-04-08 18:28:33.000000000,2026-04-08 18:26:45.000000000,0.7465227463047002,192.5007136877306,24.88409154349001,17.22907289480432,0.0,17.22907289480432,0.5168721868441296,0.0,False,service
0.0,0.0,0.0,0.0,30.0,9-N1-4-B-035101,La Fourche,La Fourche,8.0,1050.0,53135.33333333333,192500.7136877306,2500.0,0.0,solaris_urbino_12_electric,Solaris Urbino 12 electric,64.59956954107179,420.0,2026-04-08 18:29:03.000000000,2026-04-08 18:28:33.000000000,0.0,192.5007136877306,0.0,2.5,0.0,2.5,0.020833333333333332,0.0,False,service
1.0,0.0,236.45430499839583,7.38919703119987,32.0,9-N1-4-B-035101,La Fourche,M. de Longueau,8.0,1051.0,53167.33333333333,192737.167992729,18423.52454712258,0.0,solaris_urbino_12_electric,Solaris Urbino 12 electric,64.56057795472867,420.0,2026-04-08 18:29:35.000000000,2026-04-08 18:29:03.000000000,0.23645430499839581,192.73716799272898,26.60110931231953,18.42352454712258,0.0,18.42352454712258,0.1637646626410896,0.0,False,service
0.0,0.0,0.0,0.0,30.0,9-N1-4-B-035101,M. de Longueau,M. de Longueau,8.0,1052.0,53197.33333333333,192737.167992729,2500.0,0.0,solaris_urbino_12_electric,Solaris Urbino 12 electric,64.55561763726834,420.0,2026-04-08 18:30:05.000000000,2026-04-08 18:29:35.000000000,0.0,192.73716799272898,0.0,2.5,0.0,2.5,0.020833333333333332,0.0,False,service
1.0,0.0,238.2314886825274,7.219136020682649,33.0,9-N1-4-B-035101,M. de Longueau,Poidevin,8.0,1053.0,53230.33333333333,192975.39948141153,17993.661455547277,0.0,solaris_urbino_12_electric,Solaris Urbino 12 electric,64.51634575710743,420.0,2026-04-08 18:30:38.000000000,2026-04-08 18:30:05.000000000,0.23823148868252741,192.97539948141153,25.98888967445754,17.993661455547276,0.0,17.993661455547276,0.16494189667585005,0.0,False,service
0.0,0.0,0.0,0.0,30.0,9-N1-4-B-035101,Poidevin,Poidevin,8.0,1054.0,53260.33333333333,192975.39948141153,2500.0,0.0,solaris_urbino_12_electric,Solaris Urbino 12 electric,64.51138543964711,420.0,2026-04-08 18:31:08.000000000,2026-04-08 18:30:38.000000000,0.0,192.97539948141153,0.0,2.5,0.0,2.5,0.020833333333333332,0.0,False,service
1.0,0.0,283.0530932557657,7.257771621942711,39.0,9-N1-4-B-035101,Poidevin,La Rose Rouge,8.0,1055.0,53299.33333333333,193258.4525746673,18090.92822491121,0.0,solaris_urbino_12_electric,Solaris Urbino 12 electric,64.46472233113047,420.0,2026-04-08 18:31:47.000000000,2026-04-08 18:31:08.000000000,0.2830530932557657,193.25845257466727,26.127977838993758,18.09092822491121,0.0,18.09092822491121,0.19598505576987146,0.0,False,service
0.0,0.0,0.0,0.0,30.0,9-N1-4-B-035101,La Rose Rouge,La Rose Rouge,8.0,1056.0,53329.33333333333,193258.4525746673,2500.0,0.0,solaris_urbino_12_electric,Solaris Urbino 12 electric,64.45976201367016,420.0,2026-04-08 18:32:17.000000000,2026-04-08 18:31:47.000000000,0.0,193.25845257466727,0.0,2.5,0.0,2.5,0.020833333333333332,0.0,False,service
1.0,0.0,382.52636844861735,7.356276316319565,52.0,9-N1-4-B-035101,La Rose Rouge,Cité du Château,8.0,1057.0,53381.33333333333,193640.97894311592,18339.960401880504,0.0,solaris_urbino_12_electric,Solaris Urbino 12 electric,64.39668807578009,420.0,2026-04-08 18:33:09.000000000,2026-04-08 18:32:17.000000000,0.38252636844861737,193.64097894311593,26.482594738750432,18.339960401880504,0.0,18.339960401880504,0.26491053913827395,0.0,False,service
0.0,0.0,0.0,0.0,30.0,9-N1-4-B-035101,Cité du Château,Cité du Château,8.0,1058.0,53411.33333333333,193640.97894311592,2500.0,0.0,solaris_urbino_12_electric,Solaris Urbino 12 electric,64.39172775831977,420.0,2026-04-08 18:33:39.000000000,2026-04-08 18:33:09.000000000,0.0,193.64097894311593,0.0,2.5,0.0,2.5,0.020833333333333332,0.0,False,service
1.0,0.0,259.04003764462647,7.195556601239624,36.0,9-N1-4-B-035101,Cité du Château,Pont de l'Avre,8.0,1059.0,53447.33333333333,193900.01898076053,17934.41163158536,0.0,solaris_urbino_12_electric,Solaris Urbino 12 electric,64.34902677824456,420.0,2026-04-08 18:34:15.000000000,2026-04-08 18:33:39.000000000,0.25904003764462646,193.90001898076054,25.904003764462647,17.93441163158536,0.0,17.93441163158536,0.17934411631585362,0.0,False,service
0.0,0.0,0.0,0.0,30.0,9-N1-4-B-035101,Pont de l'Avre,Pont de l'Avre,8.0,1060.0,53477.33333333333,193900.01898076053,2500.0,0.0,solaris_urbino_12_electric,Solaris Urbino 12 electric,64.34406646078425,420.0,2026-04-08 18:34:45.000000000,2026-04-08 18:34:15.000000000,0.0,193.90001898076054,0.0,2.5,0.0,2.5,0.020833333333333332,0.0,False,service
1.0,0.0,778.6426370279388,6.655065273743067,117.0,9-N1-4-B-035101,Pont de l'Avre,Sobo,8.0,1061.0,53594.33333333333,194678.6616177885,16598.980534956492,0.0,solaris_urbino_12_electric,Solaris Urbino 12 electric,64.21562196854947,420.0,2026-04-08 18:36:42.000000000,2026-04-08 18:34:45.000000000,0.7786426370279388,194.6786616177885,23.95823498547504,16.598980534956493,0.0,16.598980534956493,0.539466867386086,0.0,False,service
0.0,0.0,0.0,0.0,30.0,9-N1-4-B-035101,Sobo,Sobo,8.0,1062.0,53624.33333333333,194678.6616177885,2500.0,0.0,solaris_urbino_12_electric,Solaris Urbino 12 electric,64.21066165108915,420.0,2026-04-08 18:37:12.000000000,2026-04-08 18:36:42.000000000,0.0,194.6786616177885,0.0,2.5,0.0,2.5,0.020833333333333332,0.0,False,service
1.0,0.0,494.86888000554234,6.598251733407231,75.0,9-N1-4-B-035101,Sobo,Mercey,8.0,1063.0,53699.33333333333,195173.53049779404,16461.059769141364,0.0,solaris_urbino_12_electric,Solaris Urbino 12 electric,64.12900956890095,420.0,2026-04-08 18:38:27.000000000,2026-04-08 18:37:12.000000000,0.49486888000554236,195.17353049779405,23.753706240266034,16.461059769141364,0.0,16.461059769141364,0.3429387451904451,0.0,False,service
0.0,0.0,0.0,0.0,30.0,9-N1-4-B-035101,Mercey,Mercey,8.0,1064.0,53729.33333333333,195173.53049779404,2500.0,0.0,solaris_urbino_12_electric,Solaris Urbino 12 electric,64.12404925144062,420.0,2026-04-08 18:38:57.000000000,2026-04-08 18:38:27.000000000,0.0,195.17353049779405,0.0,2.5,0.0,2.5,0.020833333333333332,0.0,False,service
1.0,0.0,443.51095510688015,6.71986295616485,66.0,9-N1-4-B-035101,Mercey,Egl. St-Acheul,8.0,1065.0,53795.33333333333,195617.0414529009,16756.83990194138,0.0,solaris_urbino_12_electric,Solaris Urbino 12 electric,64.05090431536073,420.0,2026-04-08 18:40:03.000000000,2026-04-08 18:38:57.000000000,0.44351095510688016,195.6170414529009,24.191506642193463,16.75683990194138,0.0,16.75683990194138,0.307208731535592,0.0,False,service
0.0,0.0,0.0,0.0,30.0,9-N1-4-B-035101,Egl. St-Acheul,Egl. St-Acheul,8.0,1066.0,53825.33333333333,195617.0414529009,2500.0,0.0,solaris_urbino_12_electric,Solaris Urbino 12 electric,64.04594399790041,420.0,2026-04-08 18:40:33.000000000,2026-04-08 18:40:03.000000000,0.0,195.6170414529009,0.0,2.5,0.0,2.5,0.020833333333333332,0.0,False,service
1.0,0.0,277.40496861036326,6.604880205008649,42.0,9-N1-4-B-035101,Egl. St-Acheul,L. de Luzarches,8.0,1067.0,53867.33333333333,195894.44642151127,16477.127724915903,0.0,solaris_urbino_12_electric,Solaris Urbino 12 electric,64.00017419866452,420.0,2026-04-08 18:41:15.000000000,2026-04-08 18:40:33.000000000,0.27740496861036323,195.89444642151128,23.777568738031135,16.477127724915903,0.0,16.477127724915903,0.19223315679068553,0.0,False,service
0.0,0.0,0.0,0.0,30.0,9-N1-4-B-035101,L. de Luzarches,L. de Luzarches,8.0,1068.0,53897.33333333333,195894.44642151127,2500.0,0.0,solaris_urbino_12_electric,Solaris Urbino 12 electric,63.995213881204215,420.0,2026-04-08 18:41:45.000000000,2026-04-08 18:41:15.000000000,0.0,195.89444642151128,0.0,2.5,0.0,2.5,0.020833333333333332,0.0,False,service
1.0,0.0,343.1323580300078,3.855419753146155,89.0,9-N1-4-B-035101,L. de Luzarches,Pinceau,8.0,1069.0,53986.33333333333,196237.57877954128,10266.87710449669,0.0,solaris_urbino_12_electric,Solaris Urbino 12 electric,63.9347805437505,420.0,2026-04-08 18:43:14.000000000,2026-04-08 18:41:45.000000000,0.3431323580300078,196.23757877954128,13.879511111326158,10.266877104496691,0.0,10.266877104496691,0.25382001730561266,0.0,False,service
0.0,0.0,0.0,0.0,30.0,9-N1-4-B-035101,Pinceau,Pinceau,8.0,1070.0,54016.33333333333,196237.57877954128,2500.0,0.0,solaris_urbino_12_electric,Solaris Urbino 12 electric,63.92982022629018,420.0,2026-04-08 18:43:44.000000000,2026-04-08 18:43:14.000000000,0.0,196.23757877954128,0.0,2.5,0.0,2.5,0.020833333333333332,0.0,False,service
1.0,0.0,405.8966158731125,3.793426316571145,107.0,9-N1-4-B-035101,Pinceau,Caserne Dejean,8.0,1071.0,54123.33333333333,196643.4753954144,10135.631813257165,0.0,solaris_urbino_12_electric,Solaris Urbino 12 electric,63.85809320221488,420.0,2026-04-08 18:45:31.000000000,2026-04-08 18:43:44.000000000,0.40589661587311254,196.64347539541438,13.656334739656122,10.135631813257165,0.0,10.135631813257165,0.3012535011162546,0.0,False,service
0.0,0.0,0.0,0.0,30.0,9-N1-4-B-035101,Caserne Dejean,Caserne Dejean,8.0,1072.0,54153.33333333333,196643.4753954144,2500.0,0.0,solaris_urbino_12_electric,Solaris Urbino 12 electric,63.853132884754565,420.0,2026-04-08 18:46:01.000000000,2026-04-08 18:45:31.000000000,0.0,196.64347539541438,0.0,2.5,0.0,2.5,0.020833333333333332,0.0,False,service
1.0,0.0,391.6364257160486,3.7657348626543135,104.0,9-N1-4-B-035101,Caserne Dejean,Gare du Nord A,8.0,1073.0,54257.33333333333,197035.11182113044,10077.106879742849,0.0,solaris_urbino_12_electric,Solaris Urbino 12 electric,63.7838194511902,420.0,2026-04-08 18:47:45.000000000,2026-04-08 18:46:01.000000000,0.3916364257160486,197.03511182113044,13.55664550555553,10.077106879742848,0.0,10.077106879742848,0.29111642097034895,0.0,False,service
0.0,0.0,0.0,0.0,30.0,9-N1-4-B-035101,Gare du Nord A,Gare du Nord A,8.0,1074.0,54287.33333333333,197035.11182113044,2500.0,0.0,solaris_urbino_12_electric,Solaris Urbino 12 electric,63.77885913372988,420.0,2026-04-08 18:48:15.000000000,2026-04-08 18:47:45.000000000,0.0,197.03511182113044,0.0,2.5,0.0,2.5,0.020833333333333332,0.0,False,service
1.0,0.0,327.94171057791687,2.2158223687697087,148.0,9-N1-4-B-035101,Gare du Nord A,René Goblet,8.0,1075.0,54435.33333333333,197363.05353170837,6885.894540513471,0.0,solaris_urbino_12_electric,Solaris Urbino 12 electric,63.711457520502634,420.0,2026-04-08 18:50:43.000000000,2026-04-08 18:48:15.000000000,0.3279417105779169,197.36305353170837,7.976960527570951,6.885894540513471,0.0,6.885894540513471,0.28308677555444267,0.0,False,service
0.0,0.0,0.0,0.0,30.0,9-N1-4-B-035101,René Goblet,René Goblet,8.0,1076.0,54465.33333333333,197363.05353170837,2500.0,0.0,solaris_urbino_12_electric,Solaris Urbino 12 electric,63.70649720304232,420.0,2026-04-08 18:51:13.000000000,2026-04-08 18:50:43.000000000,0.0,197.36305353170837,0.0,2.5,0.0,2.5,0.020833333333333332,0.0,False,service
1.0,0.0,225.21730590675048,4.170690850125009,54.0,9-N1-4-B-035101,René Goblet,P. de Justice,8.0,1077.0,54519.33333333333,197588.27083761513,10939.300990254254,0.0,solaris_urbino_12_electric,Solaris Urbino 12 electric,63.667428270934266,420.0,2026-04-08 18:52:07.000000000,2026-04-08 18:51:13.000000000,0.2252173059067505,197.58827083761514,15.014487060450033,10.939300990254255,0.0,10.939300990254255,0.16408951485381382,0.0,False,service
0.0,0.0,0.0,0.0,30.0,9-N1-4-B-035101,P. de Justice,P. de Justice,8.0,1078.0,54549.33333333333,197588.27083761513,2500.0,0.0,solaris_urbino_12_electric,Solaris Urbino 12 electric,63.66246795347395,420.0,2026-04-08 18:52:37.000000000,2026-04-08 18:52:07.000000000,0.0,197.58827083761514,0.0,2.5,0.0,2.5,0.020833333333333332,0.0,False,service
1.0,0.0,229.9992746993994,3.965504736196541,58.0,9-N1-4-B-035101,P. de Justice,Dusevel,8.0,1079.0,54607.33333333333,197818.27011231452,10500.713816572745,0.0,solaris_urbino_12_electric,Solaris Urbino 12 electric,63.62218743751091,420.0,2026-04-08 18:53:35.000000000,2026-04-08 18:52:37.000000000,0.2299992746993994,197.81827011231454,14.275817050307548,10.500713816572745,0.0,10.500713816572745,0.1691781670447831,0.0,False,service
0.0,0.0,0.0,0.0,30.0,9-N1-4-B-035101,Dusevel,Dusevel,8.0,1080.0,54637.33333333333,197818.27011231452,2500.0,0.0,solaris_urbino_12_electric,Solaris Urbino 12 electric,63.61722712005059,420.0,2026-04-08 18:54:05.000000000,2026-04-08 18:53:35.000000000,0.0,197.81827011231454,0.0,2.5,0.0,2.5,0.020833333333333332,0.0,False,service
1.0,0.0,218.8226139254244,3.587255965990564,61.0,9-N1-4-B-035101,Dusevel,Beffroi,8.0,1081.0,54698.33333333333,198037.09272623993,9701.347494647001,0.0,solaris_urbino_12_electric,Solaris Urbino 12 electric,63.578088085846,420.0,2026-04-08 18:55:06.000000000,2026-04-08 18:54:05.000000000,0.2188226139254244,198.03709272623993,12.914121477566031,9.701347494647,0.0,9.701347494647,0.16438394365929643,0.0,False,service
0.0,0.0,0.0,0.0,30.0,9-N1-4-B-035101,Beffroi,Beffroi,8.0,1082.0,54728.33333333333,198037.09272623993,2500.0,0.0,solaris_urbino_12_electric,Solaris Urbino 12 electric,63.57312776838568,420.0,2026-04-08 18:55:36.000000000,2026-04-08 18:55:06.000000000,0.0,198.03709272623993,0.0,2.5,0.0,2.5,0.020833333333333332,0.0,False,service
1.0,0.0,189.07722066752729,3.501430012361616,54.0,9-N1-4-B-035101,Beffroi,Place du Marché,8.0,1083.0,54782.33333333333,198226.16994690747,9521.52461055803,0.0,solaris_urbino_12_electric,Solaris Urbino 12 electric,63.539122323347975,420.0,2026-04-08 18:56:30.000000000,2026-04-08 18:55:36.000000000,0.18907722066752727,198.22616994690748,12.605148044501819,9.52152461055803,0.0,9.52152461055803,0.14282286915837045,0.0,False,service
0.0,0.0,0.0,0.0,30.0,9-N1-4-B-035101,Place du Marché,Place du Marché,8.0,1084.0,54812.33333333333,198226.16994690747,2500.0,0.0,solaris_urbino_12_electric,Solaris Urbino 12 electric,63.53416200588766,420.0,2026-04-08 18:57:00.000000000,2026-04-08 18:56:30.000000000,0.0,198.22616994690748,0.0,2.5,0.0,2.5,0.020833333333333332,0.0,False,service
1.0,0.0,171.78613535708172,3.817469674601816,45.0,9-N1-4-B-035101,Place du Marché,M. Culture B,8.0,1085.0,54857.33333333333,198397.95608226454,10186.496636242933,0.0,solaris_urbino_12_electric,Solaris Urbino 12 electric,63.50384505161312,420.0,2026-04-08 18:57:45.000000000,2026-04-08 18:57:00.000000000,0.17178613535708173,198.39795608226456,13.742890828566539,10.186496636242934,0.0,10.186496636242934,0.12733120795303665,0.0,False,service
0.0,0.0,0.0,0.0,30.0,9-N1-4-B-035101,M. Culture B,M. Culture B,8.0,1086.0,54887.33333333333,198397.95608226454,2500.0,0.0,solaris_urbino_12_electric,Solaris Urbino 12 electric,63.4988847341528,420.0,2026-04-08 18:58:15.000000000,2026-04-08 18:57:45.000000000,0.0,198.39795608226456,0.0,2.5,0.0,2.5,0.020833333333333332,0.0,False,service
1.0,0.0,291.81191051704656,6.07941480243847,48.0,9-N1-4-B-035101,M. Culture B,Saint-Jacques,8.0,1087.0,54935.33333333333,198689.7679927816,15221.936608587479,0.0,solaris_urbino_12_electric,Solaris Urbino 12 electric,63.45056112587157,420.0,2026-04-08 18:59:03.000000000,2026-04-08 18:58:15.000000000,0.2918119105170466,198.68976799278158,21.885893288778494,15.221936608587479,0.0,15.221936608587479,0.20295915478116638,0.0,False,service
0.0,0.0,0.0,0.0,30.0,9-N1-4-B-035101,Saint-Jacques,Saint-Jacques,8.0,1088.0,54965.33333333333,198689.7679927816,2500.0,0.0,solaris_urbino_12_electric,Solaris Urbino 12 electric,63.44560080841126,420.0,2026-04-08 18:59:33.000000000,2026-04-08 18:59:03.000000000,0.0,198.68976799278158,0.0,2.5,0.0,2.5,0.020833333333333332,0.0,False,service
1.0,0.0,350.7042974526486,5.656520926655622,62.0,9-N1-4-B-035101,Saint-Jacques,Jean Jaurès,8.0,1089.0,55027.33333333333,199040.47229023423,14237.75760989092,0.0,solaris_urbino_12_electric,Solaris Urbino 12 electric,63.38721846900562,420.0,2026-04-08 19:00:35.000000000,2026-04-08 18:59:33.000000000,0.3507042974526486,199.04047229023422,20.36347533596024,14.23775760989092,0.0,14.23775760989092,0.24520582550367695,0.0,False,service
0.0,0.0,0.0,0.0,30.0,9-N1-4-B-035101,Jean Jaurès,Jean Jaurès,8.0,1090.0,55057.33333333333,199040.47229023423,2500.0,0.0,solaris_urbino_12_electric,Solaris Urbino 12 electric,63.3822581515453,420.0,2026-04-08 19:01:05.000000000,2026-04-08 19:00:35.000000000,0.0,199.04047229023422,0.0,2.5,0.0,2.5,0.020833333333333332,0.0,False,service
1.0,0.0,402.8160957322576,5.5946679962813555,72.0,9-N1-4-B-035101,Jean Jaurès,Zoo d'Amiens,8.0,1091.0,55129.33333333333,199443.2883859665,14095.64699678853,0.0,solaris_urbino_12_electric,Solaris Urbino 12 electric,63.315136022989165,420.0,2026-04-08 19:02:17.000000000,2026-04-08 19:01:05.000000000,0.40281609573225763,199.4432883859665,20.14080478661288,14.09564699678853,0.0,14.09564699678853,0.2819129399357706,0.0,False,service
0.0,0.0,0.0,0.0,30.0,9-N1-4-B-035101,Zoo d'Amiens,Zoo d'Amiens,8.0,1092.0,55159.33333333333,199443.2883859665,2500.0,0.0,solaris_urbino_12_electric,Solaris Urbino 12 electric,63.31017570552885,420.0,2026-04-08 19:02:47.000000000,2026-04-08 19:02:17.000000000,0.0,199.4432883859665,0.0,2.5,0.0,2.5,0.020833333333333332,0.0,False,service
1.0,0.0,376.38436041502575,5.790528621769627,65.0,9-N1-4-B-035101,Zoo d'Amiens,Egl. St-Firmin,8.0,1093.0,55224.33333333333,199819.67274638152,14547.228745279994,0.0,solaris_urbino_12_electric,Solaris Urbino 12 electric,63.247638015816996,420.0,2026-04-08 19:03:52.000000000,2026-04-08 19:02:47.000000000,0.37638436041502576,199.8196727463815,20.845903038370658,14.547228745279993,0.0,14.547228745279993,0.26265829678977765,0.0,False,service
0.0,0.0,0.0,0.0,30.0,9-N1-4-B-035101,Egl. St-Firmin,Egl. St-Firmin,8.0,1094.0,55254.33333333333,199819.67274638152,2500.0,0.0,solaris_urbino_12_electric,Solaris Urbino 12 electric,63.24267769835668,420.0,2026-04-08 19:04:22.000000000,2026-04-08 19:03:52.000000000,0.0,199.8196727463815,0.0,2.5,0.0,2.5,0.020833333333333332,0.0,False,service
1.0,0.0,300.7481358168622,5.674493128620042,53.0,9-N1-4-B-035101,Egl. St-Firmin,Faubourg de Hem,8.0,1095.0,55307.33333333333,200120.42088219838,14279.135582892508,0.0,solaris_urbino_12_electric,Solaris Urbino 12 electric,63.19262517283464,420.0,2026-04-08 19:05:15.000000000,2026-04-08 19:04:22.000000000,0.3007481358168622,200.12042088219837,20.428175263032152,14.279135582892508,0.0,14.279135582892508,0.21022060719258415,0.0,False,service
0.0,0.0,0.0,0.0,30.0,9-N1-4-B-035101,Faubourg de Hem,Faubourg de Hem,8.0,1096.0,55337.33333333333,200120.42088219838,2500.0,0.0,solaris_urbino_12_electric,Solaris Urbino 12 electric,63.18766485537432,420.0,2026-04-08 19:05:45.000000000,2026-04-08 19:05:15.000000000,0.0,200.12042088219837,0.0,2.5,0.0,2.5,0.020833333333333332,0.0,False,service
1.0,0.0,242.018982618479,5.5004314231472495,44.0,9-N1-4-B-035101,Faubourg de Hem,Espace Alliance,8.0,1097.0,55381.33333333333,200362.43986481684,13880.003999248058,0.0,solaris_urbino_12_electric,Solaris Urbino 12 electric,63.14727330934476,420.0,2026-04-08 19:06:29.000000000,2026-04-08 19:05:45.000000000,0.24201898261847898,200.36243986481685,19.8015531233301,13.880003999248057,0.0,13.880003999248057,0.16964449332414291,0.0,False,service
0.0,0.0,0.0,0.0,30.0,9-N1-4-B-035101,Espace Alliance,Espace Alliance,8.0,1098.0,55411.33333333333,200362.43986481684,2500.0,0.0,solaris_urbino_12_electric,Solaris Urbino 12 electric,63.142312991884445,420.0,2026-04-08 19:06:59.000000000,2026-04-08 19:06:29.000000000,0.0,200.36243986481685,0.0,2.5,0.0,2.5,0.020833333333333332,0.0,False,service
1.0,0.0,512.4653653664171,5.631487531499089,91.0,9-N1-4-B-035101,Espace Alliance,Sully,8.0,1099.0,55502.33333333333,200874.90523018327,14180.186968253003,0.0,solaris_urbino_12_electric,Solaris Urbino 12 electric,63.05696927401996,420.0,2026-04-08 19:08:30.000000000,2026-04-08 19:06:59.000000000,0.5124653653664172,200.87490523018326,20.273355113396722,14.180186968253004,0.0,14.180186968253004,0.3584436150308398,0.0,False,service
0.0,0.0,0.0,0.0,30.0,9-N1-4-B-035101,Sully,Sully,8.0,1100.0,55532.33333333333,200874.90523018327,2500.0,0.0,solaris_urbino_12_electric,Solaris Urbino 12 electric,63.052008956559646,420.0,2026-04-08 19:09:00.000000000,2026-04-08 19:08:30.000000000,0.0,200.87490523018326,0.0,2.5,0.0,2.5,0.020833333333333332,0.0,False,service
1.0,0.0,581.4235833007191,5.537367460006848,105.0,9-N1-4-B-035101,Sully,Place la Barre,8.0,1101.0,55637.33333333333,201456.328813484,13964.400885694367,0.0,solaris_urbino_12_electric,Solaris Urbino 12 electric,62.95503395040899,420.0,2026-04-08 19:10:45.000000000,2026-04-08 19:09:00.000000000,0.5814235833007191,201.456328813484,19.934522856024653,13.964400885694367,0.0,13.964400885694367,0.4072950258327524,0.0,False,service
0.0,0.0,0.0,0.0,30.0,9-N1-4-B-035101,Place la Barre,Place la Barre,8.0,1102.0,55667.33333333333,201456.328813484,2500.0,0.0,solaris_urbino_12_electric,Solaris Urbino 12 electric,62.95007363294867,420.0,2026-04-08 19:11:15.000000000,2026-04-08 19:10:45.000000000,0.0,201.456328813484,0.0,2.5,0.0,2.5,0.020833333333333332,0.0,False,service
1.0,0.0,321.16148117311843,4.654514219900267,69.0,9-N1-4-B-035101,Place la Barre,La Fontaine,8.0,1103.0,55736.33333333333,201777.49029465712,11988.547708117405,0.0,solaris_urbino_12_electric,Solaris Urbino 12 electric,62.89536399062988,420.0,2026-04-08 19:12:24.000000000,2026-04-08 19:11:15.000000000,0.32116148117311843,201.77749029465713,16.75625119164096,11.988547708117405,0.0,11.988547708117405,0.22978049773891693,0.0,False,service
0.0,0.0,0.0,0.0,30.0,9-N1-4-B-035101,La Fontaine,La Fontaine,8.0,1104.0,55766.33333333333,201777.49029465712,2500.0,0.0,solaris_urbino_12_electric,Solaris Urbino 12 electric,62.890403673169565,420.0,2026-04-08 19:12:54.000000000,2026-04-08 19:12:24.000000000,0.0,201.77749029465713,0.0,2.5,0.0,2.5,0.020833333333333332,0.0,False,service
1.0,0.0,233.68404358993675,5.31100099068038,44.0,9-N1-4-B-035101,La Fontaine,Les Coursives,8.0,1105.0,55810.33333333333,202011.17433824707,13449.643215515678,0.0,solaris_urbino_12_electric,Solaris Urbino 12 electric,62.851264499791085,420.0,2026-04-08 19:13:38.000000000,2026-04-08 19:12:54.000000000,0.23368404358993675,202.0111743382471,19.11960356644937,13.449643215515678,0.0,13.449643215515678,0.16438452818963606,0.0,False,service
0.0,0.0,0.0,0.0,30.0,9-N1-4-B-035101,Les Coursives,Les Coursives,8.0,1106.0,55840.33333333333,202011.17433824707,2500.0,0.0,solaris_urbino_12_electric,Solaris Urbino 12 electric,62.84630418233076,420.0,2026-04-08 19:14:08.000000000,2026-04-08 19:13:38.000000000,0.0,202.0111743382471,0.0,2.5,0.0,2.5,0.020833333333333332,0.0,False,service
1.0,0.0,293.0331102299119,5.327874731452944,55.0,9-N1-4-B-035101,Les Coursives,Languedoc,8.0,1107.0,55895.33333333333,202304.20744847698,13487.812028090722,0.0,solaris_urbino_12_electric,Solaris Urbino 12 electric,62.79724137402752,420.0,2026-04-08 19:15:03.000000000,2026-04-08 19:14:08.000000000,0.2930331102299119,202.30420744847697,19.1803490332306,13.487812028090723,0.0,13.487812028090723,0.20606379487360824,0.0,False,service
0.0,0.0,0.0,0.0,30.0,9-N1-4-B-035101,Languedoc,Languedoc,8.0,1108.0,55925.33333333333,202304.20744847698,2500.0,0.0,solaris_urbino_12_electric,Solaris Urbino 12 electric,62.792281056567205,420.0,2026-04-08 19:15:33.000000000,2026-04-08 19:15:03.000000000,0.0,202.30420744847697,0.0,2.5,0.0,2.5,0.020833333333333332,0.0,False,service
1.0,0.0,320.6006811443548,4.007508514304435,80.0,9-N1-4-B-035101,Languedoc,Collège R.Parks,8.0,1109.0,56005.33333333333,202624.80812962135,10590.203090054667,0.0,solaris_urbino_12_electric,Solaris Urbino 12 electric,62.7362482359849,420.0,2026-04-08 19:16:53.000000000,2026-04-08 19:15:33.000000000,0.3206006811443548,202.62480812962136,14.427030651495967,10.590203090054667,0.0,10.590203090054667,0.23533784644565928,0.0,False,service
0.0,0.0,0.0,0.0,30.0,9-N1-4-B-035101,Collège R.Parks,Collège R.Parks,8.0,1110.0,56035.33333333333,202624.80812962135,2500.0,0.0,solaris_urbino_12_electric,Solaris Urbino 12 electric,62.731287918524586,420.0,2026-04-08 19:17:23.000000000,2026-04-08 19:16:53.000000000,0.0,202.62480812962136,0.0,2.5,0.0,2.5,0.020833333333333332,0.0,False,service
1.0,0.0,270.8261413947126,5.0152989147169,54.0,9-N1-4-B-035101,Collège R.Parks,Martinique,8.0,1111.0,56089.33333333333,202895.63427101605,12785.8717133053,0.0,solaris_urbino_12_electric,Solaris Urbino 12 electric,62.685624090977065,420.0,2026-04-08 19:18:17.000000000,2026-04-08 19:17:23.000000000,0.27082614139471256,202.89563427101606,18.05507609298084,12.7858717133053,0.0,12.7858717133053,0.1917880756995795,0.0,False,service
0.0,0.0,0.0,0.0,30.0,9-N1-4-B-035101,Martinique,Martinique,8.0,1112.0,56119.33333333333,202895.63427101605,2500.0,0.0,solaris_urbino_12_electric,Solaris Urbino 12 electric,62.68066377351675,420.0,2026-04-08 19:18:47.000000000,2026-04-08 19:18:17.000000000,0.0,202.89563427101606,0.0,2.5,0.0,2.5,0.020833333333333332,0.0,False,service
1.0,0.0,274.08690803195344,2.3227704070504527,118.0,9-N1-4-B-035101,Martinique,Etouvie Quai A,8.0,1113.0,56237.33333333333,203169.721179048,7101.567229865196,0.0,solaris_urbino_12_electric,Solaris Urbino 12 electric,62.62524148957997,420.0,2026-04-08 19:20:45.000000000,2026-04-08 19:18:47.000000000,0.27408690803195346,203.169721179048,8.361973465381629,7.101567229865196,0.0,7.101567229865196,0.2327735925344703,0.0,False,service
1.0,0.0,4000.0,12.0,333.3333333333333,DEPOT_IN,Etouvie Quai A,Depot,9.0,1114.0,56570.666666666664,207169.721179048,32151.270399999998,0.0,solaris_urbino_12_electric,Solaris Urbino 12 electric,61.91643923208438,420.0,2026-04-08 19:26:18.333333334,2026-04-08 19:20:45.000000001,4.0,207.169721179048,43.2,32.151270399999994,0.0,32.151270399999994,2.9769694814814813,0.0,True,service
,,,,,,,,,,,,,,,,62.00060589875105,,2026-04-08 19:27:18.333333334,2026-04-08 19:26:18.333333334,0.0,207.169721179048,0.0,0.0,21.21,-21.21,0.0,0.35350000000000004,False,depot_charge
,,,,,,,,,,,,,,,,62.084772565417715,,2026-04-08 19:28:18.333333334,2026-04-08 19:27:18.333333334,0.0,207.169721179048,0.0,0.0,21.21,-21.21,0.0,0.35350000000000004,False,depot_charge
,,,,,,,,,,,,,,,,62.168939232084384,,2026-04-08 19:29:18.333333334,2026-04-08 19:28:18.333333334,0.0,207.169721179048,0.0,0.0,21.21,-21.21,0.0,0.35350000000000004,False,depot_charge
,,,,,,,,,,,,,,,,62.25310589875105,,2026-04-08 19:30:18.333333334,2026-04-08 19:29:18.333333334,0.0,207.169721179048,0.0,0.0,21.21,-21.21,0.0,0.35350000000000004,False,depot_charge
,,,,,,,,,,,,,,,,62.33727256541772,,2026-04-08 19:31:18.333333334,2026-04-08 19:30:18.333333334,0.0,207.169721179048,0.0,0.0,21.21,-21.21,0.0,0.35350000000000004,False,depot_charge
,,,,,,,,,,,,,,,,62.42143923208439,,2026-04-08 19:32:18.333333334,2026-04-08 19:31:18.333333334,0.0,207.169721179048,0.0,0.0,21.21,-21.21,0.0,0.35350000000000004,False,depot_charge
,,,,,,,,,,,,,,,,62.50560589875106,,2026-04-08 19:33:18.333333334,2026-04-08 19:32:18.333333334,0.0,207.169721179048,0.0,0.0,21.21,-21.21,0.0,0.35350000000000004,False,depot_charge
,,,,,,,,,,,,,,,,62.589772565417725,,2026-04-08 19:34:18.333333334,2026-04-08 19:33:18.333333334,0.0,207.169721179048,0.0,0.0,21.21,-21.21,0.0,0.35350000000000004,False,depot_charge
,,,,,,,,,,,,,,,,62.67393923208439,,2026-04-08 19:35:18.333333334,2026-04-08 19:34:18.333333334,0.0,207.169721179048,0.0,0.0,21.21,-21.21,0.0,0.35350000000000004,False,depot_charge
,,,,,,,,,,,,,,,,62.75810589875106,,2026-04-08 19:36:18.333333334,2026-04-08 19:35:18.333333334,0.0,207.169721179048,0.0,0.0,21.21,-21.21,0.0,0.35350000000000004,False,depot_charge
,,,,,,,,,,,,,,,,62.84227256541773,,2026-04-08 19:37:18.333333334,2026-04-08 19:36:18.333333334,0.0,207.169721179048,0.0,0.0,21.21,-21.21,0.0,0.35350000000000004,False,depot_charge
,,,,,,,,,,,,,,,,62.9264392320844,,2026-04-08 19:38:18.333333334,2026-04-08 19:37:18.333333334,0.0,207.169721179048,0.0,0.0,21.21,-21.21,0.0,0.35350000000000004,False,depot_charge
,,,,,,,,,,,,,,,,63.010605898751066,,2026-04-08 19:39:18.333333334,2026-04-08 19:38:18.333333334,0.0,207.169721179048,0.0,0.0,21.21,-21.21,0.0,0.35350000000000004,False,depot_charge
,,,,,,,,,,,,,,,,63.094772565417735,,2026-04-08 19:40:18.333333334,2026-04-08 19:39:18.333333334,0.0,207.169721179048,0.0,0.0,21.21,-21.21,0.0,0.35350000000000004,False,depot_charge
,,,,,,,,,,,,,,,,63.1789392320844,,2026-04-08 19:41:18.333333334,2026-04-08 19:40:18.333333334,0.0,207.169721179048,0.0,0.0,21.21,-21.21,0.0,0.35350000000000004,False,depot_charge
,,,,,,,,,,,,,,,,63.26310589875107,,2026-04-08 19:42:18.333333334,2026-04-08 19:41:18.333333334,0.0,207.169721179048,0.0,0.0,21.21,-21.21,0.0,0.35350000000000004,False,depot_charge
,,,,,,,,,,,,,,,,63.34727256541774,,2026-04-08 19:43:18.333333334,2026-04-08 19:42:18.333333334,0.0,207.169721179048,0.0,0.0,21.21,-21.21,0.0,0.35350000000000004,False,depot_charge
,,,,,,,,,,,,,,,,63.43143923208441,,2026-04-08 19:44:18.333333334,2026-04-08 19:43:18.333333334,0.0,207.169721179048,0.0,0.0,21.21,-21.21,0.0,0.35350000000000004,False,depot_charge
,,,,,,,,,,,,,,,,63.515605898751076,,2026-04-08 19:45:18.333333334,2026-04-08 19:44:18.333333334,0.0,207.169721179048,0.0,0.0,21.21,-21.21,0.0,0.35350000000000004,False,depot_charge
,,,,,,,,,,,,,,,,63.599772565417744,,2026-04-08 19:46:18.333333334,2026-04-08 19:45:18.333333334,0.0,207.169721179048,0.0,0.0,21.21,-21.21,0.0,0.35350000000000004,False,depot_charge
,,,,,,,,,,,,,,,,63.68393923208441,,2026-04-08 19:47:18.333333334,2026-04-08 19:46:18.333333334,0.0,207.169721179048,0.0,0.0,21.21,-21.21,0.0,0.35350000000000004,False,depot_charge
,,,,,,,,,,,,,,,,63.76810589875108,,2026-04-08 19:48:18.333333334,2026-04-08 19:47:18.333333334,0.0,207.169721179048,0.0,0.0,21.21,-21.21,0.0,0.35350000000000004,False,depot_charge
,,,,,,,,,,,,,,,,63.85227256541775,,2026-04-08 19:49:18.333333334,2026-04-08 19:48:18.333333334,0.0,207.169721179048,0.0,0.0,21.21,-21.21,0.0,0.35350000000000004,False,depot_charge
,,,,,,,,,,,,,,,,63.93643923208442,,2026-04-08 19:50:18.333333334,2026-04-08 19:49:18.333333334,0.0,207.169721179048,0.0,0.0,21.21,-21.21,0.0,0.35350000000000004,False,depot_charge
,,,,,,,,,,,,,,,,64.02060589875109,,2026-04-08 19:51:18.333333334,2026-04-08 19:50:18.333333334,0.0,207.169721179048,0.0,0.0,21.21,-21.21,0.0,0.35350000000000004,False,depot_charge
,,,,,,,,,,,,,,,,64.10477256541775,,2026-04-08 19:52:18.333333334,2026-04-08 19:51:18.333333334,0.0,207.169721179048,0.0,0.0,21.21,-21.21,0.0,0.35350000000000004,False,depot_charge
,,,,,,,,,,,,,,,,64.18893923208441,,2026-04-08 19:53:18.333333334,2026-04-08 19:52:18.333333334,0.0,207.169721179048,0.0,0.0,21.21,-21.21,0.0,0.35350000000000004,False,depot_charge
,,,,,,,,,,,,,,,,64.27310589875107,,2026-04-08 19:54:18.333333334,2026-04-08 19:53:18.333333334,0.0,207.169721179048,0.0,0.0,21.21,-21.21,0.0,0.35350000000000004,False,depot_charge
,,,,,,,,,,,,,,,,64.35727256541773,,2026-04-08 19:55:18.333333334,2026-04-08 19:54:18.333333334,0.0,207.169721179048,0.0,0.0,21.21,-21.21,0.0,0.35350000000000004,False,depot_charge
,,,,,,,,,,,,,,,,64.44143923208439,,2026-04-08 19:56:18.333333334,2026-04-08 19:55:18.333333334,0.0,207.169721179048,0.0,0.0,21.21,-21.21,0.0,0.35350000000000004,False,depot_charge
,,,,,,,,,,,,,,,,64.52560589875105,,2026-04-08 19:57:18.333333334,2026-04-08 19:56:18.333333334,0.0,207.169721179048,0.0,0.0,21.21,-21.21,0.0,0.35350000000000004,False,depot_charge
,,,,,,,,,,,,,,,,64.60977256541771,,2026-04-08 19:58:18.333333334,2026-04-08 19:57:18.333333334,0.0,207.169721179048,0.0,0.0,21.21,-21.21,0.0,0.35350000000000004,False,depot_charge
,,,,,,,,,,,,,,,,64.69393923208438,,2026-04-08 19:59:18.333333334,2026-04-08 19:58:18.333333334,0.0,207.169721179048,0.0,0.0,21.21,-21.21,0.0,0.35350000000000004,False,depot_charge
,,,,,,,,,,,,,,,,64.77810589875104,,2026-04-08 20:00:18.333333334,2026-04-08 19:59:18.333333334,0.0,207.169721179048,0.0,0.0,21.21,-21.21,0.0,0.35350000000000004,False,depot_charge
,,,,,,,,,,,,,,,,64.8622725654177,,2026-04-08 20:01:18.333333334,2026-04-08 20:00:18.333333334,0.0,207.169721179048,0.0,0.0,21.21,-21.21,0.0,0.35350000000000004,False,depot_charge
,,,,,,,,,,,,,,,,64.94643923208436,,2026-04-08 20:02:18.333333334,2026-04-08 20:01:18.333333334,0.0,207.169721179048,0.0,0.0,21.21,-21.21,0.0,0.35350000000000004,False,depot_charge
,,,,,,,,,,,,,,,,65.03060589875102,,2026-04-08 20:03:18.333333334,2026-04-08 20:02:18.333333334,0.0,207.169721179048,0.0,0.0,21.21,-21.21,0.0,0.35350000000000004,False,depot_charge
,,,,,,,,,,,,,,,,65.11477256541768,,2026-04-08 20:04:18.333333334,2026-04-08 20:03:18.333333334,0.0,207.169721179048,0.0,0.0,21.21,-21.21,0.0,0.35350000000000004,False,depot_charge
,,,,,,,,,,,,,,,,65.19893923208434,,2026-04-08 20:05:18.333333334,2026-04-08 20:04:18.333333334,0.0,207.169721179048,0.0,0.0,21.21,-21.21,0.0,0.35350000000000004,False,depot_charge
,,,,,,,,,,,,,,,,65.283105898751,,2026-04-08 20:06:18.333333334,2026-04-08 20:05:18.333333334,0.0,207.169721179048,0.0,0.0,21.21,-21.21,0.0,0.35350000000000004,False,depot_charge
,,,,,,,,,,,,,,,,65.36727256541766,,2026-04-08 20:07:18.333333334,2026-04-08 20:06:18.333333334,0.0,207.169721179048,0.0,0.0,21.21,-21.21,0.0,0.35350000000000004,False,depot_charge
,,,,,,,,,,,,,,,,65.45143923208433,,2026-04-08 20:08:18.333333334,2026-04-08 20:07:18.333333334,0.0,207.169721179048,0.0,0.0,21.21,-21.21,0.0,0.35350000000000004,False,depot_charge
,,,,,,,,,,,,,,,,65.53560589875099,,2026-04-08 20:09:18.333333334,2026-04-08 20:08:18.333333334,0.0,207.169721179048,0.0,0.0,21.21,-21.21,0.0,0.35350000000000004,False,depot_charge
,,,,,,,,,,,,,,,,65.61977256541765,,2026-04-08 20:10:18.333333334,2026-04-08 20:09:18.333333334,0.0,207.169721179048,0.0,0.0,21.21,-21.21,0.0,0.35350000000000004,False,depot_charge
,,,,,,,,,,,,,,,,65.70393923208431,,2026-04-08 20:11:18.333333334,2026-04-08 20:10:18.333333334,0.0,207.169721179048,0.0,0.0,21.21,-21.21,0.0,0.35350000000000004,False,depot_charge
,,,,,,,,,,,,,,,,65.78810589875097,,2026-04-08 20:12:18.333333334,2026-04-08 20:11:18.333333334,0.0,207.169721179048,0.0,0.0,21.21,-21.21,0.0,0.35350000000000004,False,depot_charge
,,,,,,,,,,,,,,,,65.87227256541763,,2026-04-08 20:13:18.333333334,2026-04-08 20:12:18.333333334,0.0,207.169721179048,0.0,0.0,21.21,-21.21,0.0,0.35350000000000004,False,depot_charge
,,,,,,,,,,,,,,,,65.95643923208429,,2026-04-08 20:14:18.333333334,2026-04-08 20:13:18.333333334,0.0,207.169721179048,0.0,0.0,21.21,-21.21,0.0,0.35350000000000004,False,depot_charge
,,,,,,,,,,,,,,,,66.04060589875095,,2026-04-08 20:15:18.333333334,2026-04-08 20:14:18.333333334,0.0,207.169721179048,0.0,0.0,21.21,-21.21,0.0,0.35350000000000004,False,depot_charge
,,,,,,,,,,,,,,,,66.12477256541762,,2026-04-08 20:16:18.333333334,2026-04-08 20:15:18.333333334,0.0,207.169721179048,0.0,0.0,21.21,-21.21,0.0,0.35350000000000004,False,depot_charge
,,,,,,,,,,,,,,,,66.20893923208428,,2026-04-08 20:17:18.333333334,2026-04-08 20:16:18.333333334,0.0,207.169721179048,0.0,0.0,21.21,-21.21,0.0,0.35350000000000004,False,depot_charge
,,,,,,,,,,,,,,,,66.29310589875094,,2026-04-08 20:18:18.333333334,2026-04-08 20:17:18.333333334,0.0,207.169721179048,0.0,0.0,21.21,-21.21,0.0,0.35350000000000004,False,depot_charge
,,,,,,,,,,,,,,,,66.3772725654176,,2026-04-08 20:19:18.333333334,2026-04-08 20:18:18.333333334,0.0,207.169721179048,0.0,0.0,21.21,-21.21,0.0,0.35350000000000004,False,depot_charge
,,,,,,,,,,,,,,,,66.46143923208426,,2026-04-08 20:20:18.333333334,2026-04-08 20:19:18.333333334,0.0,207.169721179048,0.0,0.0,21.21,-21.21,0.0,0.35350000000000004,False,depot_charge
,,,,,,,,,,,,,,,,66.54560589875092,,2026-04-08 20:21:18.333333334,2026-04-08 20:20:18.333333334,0.0,207.169721179048,0.0,0.0,21.21,-21.21,0.0,0.35350000000000004,False,depot_charge
,,,,,,,,,,,,,,,,66.62977256541758,,2026-04-08 20:22:18.333333334,2026-04-08 20:21:18.333333334,0.0,207.169721179048,0.0,0.0,21.21,-21.21,0.0,0.35350000000000004,False,depot_charge
,,,,,,,,,,,,,,,,66.71393923208424,,2026-04-08 20:23:18.333333334,2026-04-08 20:22:18.333333334,0.0,207.169721179048,0.0,0.0,21.21,-21.21,0.0,0.35350000000000004,False,depot_charge
,,,,,,,,,,,,,,,,66.7981058987509,,2026-04-08 20:24:18.333333334,2026-04-08 20:23:18.333333334,0.0,207.169721179048,0.0,0.0,21.21,-21.21,0.0,0.35350000000000004,False,depot_charge
,,,,,,,,,,,,,,,,66.88227256541757,,2026-04-08 20:25:18.333333334,2026-04-08 20:24:18.333333334,0.0,207.169721179048,0.0,0.0,21.21,-21.21,0.0,0.35350000000000004,False,depot_charge
,,,,,,,,,,,,,,,,66.96643923208423,,2026-04-08 20:26:18.333333334,2026-04-08 20:25:18.333333334,0.0,207.169721179048,0.0,0.0,21.21,-21.21,0.0,0.35350000000000004,False,depot_charge
,,,,,,,,,,,,,,,,67.05060589875089,,2026-04-08 20:27:18.333333334,2026-04-08 20:26:18.333333334,0.0,207.169721179048,0.0,0.0,21.21,-21.21,0.0,0.35350000000000004,False,depot_charge
,,,,,,,,,,,,,,,,67.13477256541755,,2026-04-08 20:28:18.333333334,2026-04-08 20:27:18.333333334,0.0,207.169721179048,0.0,0.0,21.21,-21.21,0.0,0.35350000000000004,False,depot_charge
,,,,,,,,,,,,,,,,67.21893923208421,,2026-04-08 20:29:18.333333334,2026-04-08 20:28:18.333333334,0.0,207.169721179048,0.0,0.0,21.21,-21.21,0.0,0.35350000000000004,False,depot_charge
,,,,,,,,,,,,,,,,67.30310589875087,,2026-04-08 20:30:18.333333334,2026-04-08 20:29:18.333333334,0.0,207.169721179048,0.0,0.0,21.21,-21.21,0.0,0.35350000000000004,False,depot_charge
,,,,,,,,,,,,,,,,67.38727256541753,,2026-04-08 20:31:18.333333334,2026-04-08 20:30:18.333333334,0.0,207.169721179048,0.0,0.0,21.21,-21.21,0.0,0.35350000000000004,False,depot_charge
,,,,,,,,,,,,,,,,67.4714392320842,,2026-04-08 20:32:18.333333334,2026-04-08 20:31:18.333333334,0.0,207.169721179048,0.0,0.0,21.21,-21.21,0.0,0.35350000000000004,False,depot_charge
,,,,,,,,,,,,,,,,67.55560589875085,,2026-04-08 20:33:18.333333334,2026-04-08 20:32:18.333333334,0.0,207.169721179048,0.0,0.0,21.21,-21.21,0.0,0.35350000000000004,False,depot_charge
,,,,,,,,,,,,,,,,67.63977256541752,,2026-04-08 20:34:18.333333334,2026-04-08 20:33:18.333333334,0.0,207.169721179048,0.0,0.0,21.21,-21.21,0.0,0.35350000000000004,False,depot_charge
,,,,,,,,,,,,,,,,67.72393923208418,,2026-04-08 20:35:18.333333334,2026-04-08 20:34:18.333333334,0.0,207.169721179048,0.0,0.0,21.21,-21.21,0.0,0.35350000000000004,False,depot_charge
,,,,,,,,,,,,,,,,67.80810589875084,,2026-04-08 20:36:18.333333334,2026-04-08 20:35:18.333333334,0.0,207.169721179048,0.0,0.0,21.21,-21.21,0.0,0.35350000000000004,False,depot_charge
,,,,,,,,,,,,,,,,67.8922725654175,,2026-04-08 20:37:18.333333334,2026-04-08 20:36:18.333333334,0.0,207.169721179048,0.0,0.0,21.21,-21.21,0.0,0.35350000000000004,False,depot_charge
,,,,,,,,,,,,,,,,67.97643923208416,,2026-04-08 20:38:18.333333334,2026-04-08 20:37:18.333333334,0.0,207.169721179048,0.0,0.0,21.21,-21.21,0.0,0.35350000000000004,False,depot_charge
,,,,,,,,,,,,,,,,68.06060589875082,,2026-04-08 20:39:18.333333334,2026-04-08 20:38:18.333333334,0.0,207.169721179048,0.0,0.0,21.21,-21.21,0.0,0.35350000000000004,False,depot_charge
,,,,,,,,,,,,,,,,68.14477256541748,,2026-04-08 20:40:18.333333334,2026-04-08 20:39:18.333333334,0.0,207.169721179048,0.0,0.0,21.21,-21.21,0.0,0.35350000000000004,False,depot_charge
,,,,,,,,,,,,,,,,68.22893923208414,,2026-04-08 20:41:18.333333334,2026-04-08 20:40:18.333333334,0.0,207.169721179048,0.0,0.0,21.21,-21.21,0.0,0.35350000000000004,False,depot_charge
,,,,,,,,,,,,,,,,68.3131058987508,,2026-04-08 20:42:18.333333334,2026-04-08 20:41:18.333333334,0.0,207.169721179048,0.0,0.0,21.21,-21.21,0.0,0.35350000000000004,False,depot_charge
,,,,,,,,,,,,,,,,68.39727256541747,,2026-04-08 20:43:18.333333334,2026-04-08 20:42:18.333333334,0.0,207.169721179048,0.0,0.0,21.21,-21.21,0.0,0.35350000000000004,False,depot_charge
,,,,,,,,,,,,,,,,68.48143923208413,,2026-04-08 20:44:18.333333334,2026-04-08 20:43:18.333333334,0.0,207.169721179048,0.0,0.0,21.21,-21.21,0.0,0.35350000000000004,False,depot_charge
,,,,,,,,,,,,,,,,68.56560589875079,,2026-04-08 20:45:18.333333334,2026-04-08 20:44:18.333333334,0.0,207.169721179048,0.0,0.0,21.21,-21.21,0.0,0.35350000000000004,False,depot_charge
,,,,,,,,,,,,,,,,68.64977256541745,,2026-04-08 20:46:18.333333334,2026-04-08 20:45:18.333333334,0.0,207.169721179048,0.0,0.0,21.21,-21.21,0.0,0.35350000000000004,False,depot_charge
,,,,,,,,,,,,,,,,68.73393923208411,,2026-04-08 20:47:18.333333334,2026-04-08 20:46:18.333333334,0.0,207.169721179048,0.0,0.0,21.21,-21.21,0.0,0.35350000000000004,False,depot_charge
,,,,,,,,,,,,,,,,68.81810589875077,,2026-04-08 20:48:18.333333334,2026-04-08 20:47:18.333333334,0.0,207.169721179048,0.0,0.0,21.21,-21.21,0.0,0.35350000000000004,False,depot_charge
,,,,,,,,,,,,,,,,68.90227256541743,,2026-04-08 20:49:18.333333334,2026-04-08 20:48:18.333333334,0.0,207.169721179048,0.0,0.0,21.21,-21.21,0.0,0.35350000000000004,False,depot_charge
,,,,,,,,,,,,,,,,68.9864392320841,,2026-04-08 20:50:18.333333334,2026-04-08 20:49:18.333333334,0.0,207.169721179048,0.0,0.0,21.21,-21.21,0.0,0.35350000000000004,False,depot_charge
,,,,,,,,,,,,,,,,69.07060589875076,,2026-04-08 20:51:18.333333334,2026-04-08 20:50:18.333333334,0.0,207.169721179048,0.0,0.0,21.21,-21.21,0.0,0.35350000000000004,False,depot_charge
,,,,,,,,,,,,,,,,69.15477256541742,,2026-04-08 20:52:18.333333334,2026-04-08 20:51:18.333333334,0.0,207.169721179048,0.0,0.0,21.21,-21.21,0.0,0.35350000000000004,False,depot_charge
,,,,,,,,,,,,,,,,69.23893923208408,,2026-04-08 20:53:18.333333334,2026-04-08 20:52:18.333333334,0.0,207.169721179048,0.0,0.0,21.21,-21.21,0.0,0.35350000000000004,False,depot_charge
,,,,,,,,,,,,,,,,69.32310589875074,,2026-04-08 20:54:18.333333334,2026-04-08 20:53:18.333333334,0.0,207.169721179048,0.0,0.0,21.21,-21.21,0.0,0.35350000000000004,False,depot_charge
,,,,,,,,,,,,,,,,69.4072725654174,,2026-04-08 20:55:18.333333334,2026-04-08 20:54:18.333333334,0.0,207.169721179048,0.0,0.0,21.21,-21.21,0.0,0.35350000000000004,False,depot_charge
,,,,,,,,,,,,,,,,69.49143923208406,,2026-04-08 20:56:18.333333334,2026-04-08 20:55:18.333333334,0.0,207.169721179048,0.0,0.0,21.21,-21.21,0.0,0.35350000000000004,False,depot_charge
,,,,,,,,,,,,,,,,69.57560589875072,,2026-04-08 20:57:18.333333334,2026-04-08 20:56:18.333333334,0.0,207.169721179048,0.0,0.0,21.21,-21.21,0.0,0.35350000000000004,False,depot_charge
,,,,,,,,,,,,,,,,69.65977256541738,,2026-04-08 20:58:18.333333334,2026-04-08 20:57:18.333333334,0.0,207.169721179048,0.0,0.0,21.21,-21.21,0.0,0.35350000000000004,False,depot_charge
,,,,,,,,,,,,,,,,69.74393923208405,,2026-04-08 20:59:18.333333334,2026-04-08 20:58:18.333333334,0.0,207.169721179048,0.0,0.0,21.21,-21.21,0.0,0.35350000000000004,False,depot_charge
,,,,,,,,,,,,,,,,69.8281058987507,,2026-04-08 21:00:18.333333334,2026-04-08 20:59:18.333333334,0.0,207.169721179048,0.0,0.0,21.21,-21.21,0.0,0.35350000000000004,False,depot_charge
,,,,,,,,,,,,,,,,69.91227256541737,,2026-04-08 21:01:18.333333334,2026-04-08 21:00:18.333333334,0.0,207.169721179048,0.0,0.0,21.21,-21.21,0.0,0.35350000000000004,False,depot_charge
,,,,,,,,,,,,,,,,69.99643923208403,,2026-04-08 21:02:18.333333334,2026-04-08 21:01:18.333333334,0.0,207.169721179048,0.0,0.0,21.21,-21.21,0.0,0.35350000000000004,False,depot_charge
,,,,,,,,,,,,,,,,70.08060589875069,,2026-04-08 21:03:18.333333334,2026-04-08 21:02:18.333333334,0.0,207.169721179048,0.0,0.0,21.21,-21.21,0.0,0.35350000000000004,False,depot_charge
,,,,,,,,,,,,,,,,70.16477256541735,,2026-04-08 21:04:18.333333334,2026-04-08 21:03:18.333333334,0.0,207.169721179048,0.0,0.0,21.21,-21.21,0.0,0.35350000000000004,False,depot_charge
,,,,,,,,,,,,,,,,70.24893923208401,,2026-04-08 21:05:18.333333334,2026-04-08 21:04:18.333333334,0.0,207.169721179048,0.0,0.0,21.21,-21.21,0.0,0.35350000000000004,False,depot_charge
,,,,,,,,,,,,,,,,70.33310589875067,,2026-04-08 21:06:18.333333334,2026-04-08 21:05:18.333333334,0.0,207.169721179048,0.0,0.0,21.21,-21.21,0.0,0.35350000000000004,False,depot_charge
,,,,,,,,,,,,,,,,70.41727256541733,,2026-04-08 21:07:18.333333334,2026-04-08 21:06:18.333333334,0.0,207.169721179048,0.0,0.0,21.21,-21.21,0.0,0.35350000000000004,False,depot_charge
,,,,,,,,,,,,,,,,70.501439232084,,2026-04-08 21:08:18.333333334,2026-04-08 21:07:18.333333334,0.0,207.169721179048,0.0,0.0,21.21,-21.21,0.0,0.35350000000000004,False,depot_charge
,,,,,,,,,,,,,,,,70.58560589875066,,2026-04-08 21:09:18.333333334,2026-04-08 21:08:18.333333334,0.0,207.169721179048,0.0,0.0,21.21,-21.21,0.0,0.35350000000000004,False,depot_charge
,,,,,,,,,,,,,,,,70.66977256541732,,2026-04-08 21:10:18.333333334,2026-04-08 21:09:18.333333334,0.0,207.169721179048,0.0,0.0,21.21,-21.21,0.0,0.35350000000000004,False,depot_charge
,,,,,,,,,,,,,,,,70.75393923208398,,2026-04-08 21:11:18.333333334,2026-04-08 21:10:18.333333334,0.0,207.169721179048,0.0,0.0,21.21,-21.21,0.0,0.35350000000000004,False,depot_charge
,,,,,,,,,,,,,,,,70.83810589875064,,2026-04-08 21:12:18.333333334,2026-04-08 21:11:18.333333334,0.0,207.169721179048,0.0,0.0,21.21,-21.21,0.0,0.35350000000000004,False,depot_charge
,,,,,,,,,,,,,,,,70.9222725654173,,2026-04-08 21:13:18.333333334,2026-04-08 21:12:18.333333334,0.0,207.169721179048,0.0,0.0,21.21,-21.21,0.0,0.35350000000000004,False,depot_charge
,,,,,,,,,,,,,,,,71.00643923208396,,2026-04-08 21:14:18.333333334,2026-04-08 21:13:18.333333334,0.0,207.169721179048,0.0,0.0,21.21,-21.21,0.0,0.35350000000000004,False,depot_charge
,,,,,,,,,,,,,,,,71.09060589875062,,2026-04-08 21:15:18.333333334,2026-04-08 21:14:18.333333334,0.0,207.169721179048,0.0,0.0,21.21,-21.21,0.0,0.35350000000000004,False,depot_charge
,,,,,,,,,,,,,,,,71.17477256541729,,2026-04-08 21:16:18.333333334,2026-04-08 21:15:18.333333334,0.0,207.169721179048,0.0,0.0,21.21,-21.21,0.0,0.35350000000000004,False,depot_charge
,,,,,,,,,,,,,,,,71.25893923208395,,2026-04-08 21:17:18.333333334,2026-04-08 21:16:18.333333334,0.0,207.169721179048,0.0,0.0,21.21,-21.21,0.0,0.35350000000000004,False,depot_charge
,,,,,,,,,,,,,,,,71.34310589875061,,2026-04-08 21:18:18.333333334,2026-04-08 21:17:18.333333334,0.0,207.169721179048,0.0,0.0,21.21,-21.21,0.0,0.35350000000000004,False,depot_charge
,,,,,,,,,,,,,,,,71.42727256541727,,2026-04-08 21:19:18.333333334,2026-04-08 21:18:18.333333334,0.0,207.169721179048,0.0,0.0,21.21,-21.21,0.0,0.35350000000000004,False,depot_charge
,,,,,,,,,,,,,,,,71.51143923208393,,2026-04-08 21:20:18.333333334,2026-04-08 21:19:18.333333334,0.0,207.169721179048,0.0,0.0,21.21,-21.21,0.0,0.35350000000000004,False,depot_charge
,,,,,,,,,,,,,,,,71.59560589875059,,2026-04-08 21:21:18.333333334,2026-04-08 21:20:18.333333334,0.0,207.169721179048,0.0,0.0,21.21,-21.21,0.0,0.35350000000000004,False,depot_charge
,,,,,,,,,,,,,,,,71.67977256541725,,2026-04-08 21:22:18.333333334,2026-04-08 21:21:18.333333334,0.0,207.169721179048,0.0,0.0,21.21,-21.21,0.0,0.35350000000000004,False,depot_charge
,,,,,,,,,,,,,,,,71.76393923208391,,2026-04-08 21:23:18.333333334,2026-04-08 21:22:18.333333334,0.0,207.169721179048,0.0,0.0,21.21,-21.21,0.0,0.35350000000000004,False,depot_charge
,,,,,,,,,,,,,,,,71.84810589875057,,2026-04-08 21:24:18.333333334,2026-04-08 21:23:18.333333334,0.0,207.169721179048,0.0,0.0,21.21,-21.21,0.0,0.35350000000000004,False,depot_charge
,,,,,,,,,,,,,,,,71.93227256541724,,2026-04-08 21:25:18.333333334,2026-04-08 21:24:18.333333334,0.0,207.169721179048,0.0,0.0,21.21,-21.21,0.0,0.35350000000000004,False,depot_charge
,,,,,,,,,,,,,,,,72.0164392320839,,2026-04-08 21:26:18.333333334,2026-04-08 21:25:18.333333334,0.0,207.169721179048,0.0,0.0,21.21,-21.21,0.0,0.35350000000000004,False,depot_charge
,,,,,,,,,,,,,,,,72.10060589875056,,2026-04-08 21:27:18.333333334,2026-04-08 21:26:18.333333334,0.0,207.169721179048,0.0,0.0,21.21,-21.21,0.0,0.35350000000000004,False,depot_charge
,,,,,,,,,,,,,,,,72.18477256541722,,2026-04-08 21:28:18.333333334,2026-04-08 21:27:18.333333334,0.0,207.169721179048,0.0,0.0,21.21,-21.21,0.0,0.35350000000000004,False,depot_charge
,,,,,,,,,,,,,,,,72.26893923208388,,2026-04-08 21:29:18.333333334,2026-04-08 21:28:18.333333334,0.0,207.169721179048,0.0,0.0,21.21,-21.21,0.0,0.35350000000000004,False,depot_charge
,,,,,,,,,,,,,,,,72.35310589875054,,2026-04-08 21:30:18.333333334,2026-04-08 21:29:18.333333334,0.0,207.169721179048,0.0,0.0,21.21,-21.21,0.0,0.35350000000000004,False,depot_charge
,,,,,,,,,,,,,,,,72.4372725654172,,2026-04-08 21:31:18.333333334,2026-04-08 21:30:18.333333334,0.0,207.169721179048,0.0,0.0,21.21,-21.21,0.0,0.35350000000000004,False,depot_charge
,,,,,,,,,,,,,,,,72.52143923208386,,2026-04-08 21:32:18.333333334,2026-04-08 21:31:18.333333334,0.0,207.169721179048,0.0,0.0,21.21,-21.21,0.0,0.35350000000000004,False,depot_charge
,,,,,,,,,,,,,,,,72.60560589875053,,2026-04-08 21:33:18.333333334,2026-04-08 21:32:18.333333334,0.0,207.169721179048,0.0,0.0,21.21,-21.21,0.0,0.35350000000000004,False,depot_charge
,,,,,,,,,,,,,,,,72.68977256541719,,2026-04-08 21:34:18.333333334,2026-04-08 21:33:18.333333334,0.0,207.169721179048,0.0,0.0,21.21,-21.21,0.0,0.35350000000000004,False,depot_charge
,,,,,,,,,,,,,,,,72.77393923208385,,2026-04-08 21:35:18.333333334,2026-04-08 21:34:18.333333334,0.0,207.169721179048,0.0,0.0,21.21,-21.21,0.0,0.35350000000000004,False,depot_charge
,,,,,,,,,,,,,,,,72.85810589875051,,2026-04-08 21:36:18.333333334,2026-04-08 21:35:18.333333334,0.0,207.169721179048,0.0,0.0,21.21,-21.21,0.0,0.35350000000000004,False,depot_charge
,,,,,,,,,,,,,,,,72.94227256541717,,2026-04-08 21:37:18.333333334,2026-04-08 21:36:18.333333334,0.0,207.169721179048,0.0,0.0,21.21,-21.21,0.0,0.35350000000000004,False,depot_charge
,,,,,,,,,,,,,,,,73.02643923208383,,2026-04-08 21:38:18.333333334,2026-04-08 21:37:18.333333334,0.0,207.169721179048,0.0,0.0,21.21,-21.21,0.0,0.35350000000000004,False,depot_charge
,,,,,,,,,,,,,,,,73.11060589875049,,2026-04-08 21:39:18.333333334,2026-04-08 21:38:18.333333334,0.0,207.169721179048,0.0,0.0,21.21,-21.21,0.0,0.35350000000000004,False,depot_charge
,,,,,,,,,,,,,,,,73.19477256541715,,2026-04-08 21:40:18.333333334,2026-04-08 21:39:18.333333334,0.0,207.169721179048,0.0,0.0,21.21,-21.21,0.0,0.35350000000000004,False,depot_charge
,,,,,,,,,,,,,,,,73.27893923208381,,2026-04-08 21:41:18.333333334,2026-04-08 21:40:18.333333334,0.0,207.169721179048,0.0,0.0,21.21,-21.21,0.0,0.35350000000000004,False,depot_charge
,,,,,,,,,,,,,,,,73.36310589875048,,2026-04-08 21:42:18.333333334,2026-04-08 21:41:18.333333334,0.0,207.169721179048,0.0,0.0,21.21,-21.21,0.0,0.35350000000000004,False,depot_charge
,,,,,,,,,,,,,,,,73.44727256541714,,2026-04-08 21:43:18.333333334,2026-04-08 21:42:18.333333334,0.0,207.169721179048,0.0,0.0,21.21,-21.21,0.0,0.35350000000000004,False,depot_charge
,,,,,,,,,,,,,,,,73.5314392320838,,2026-04-08 21:44:18.333333334,2026-04-08 21:43:18.333333334,0.0,207.169721179048,0.0,0.0,21.21,-21.21,0.0,0.35350000000000004,False,depot_charge
,,,,,,,,,,,,,,,,73.61560589875046,,2026-04-08 21:45:18.333333334,2026-04-08 21:44:18.333333334,0.0,207.169721179048,0.0,0.0,21.21,-21.21,0.0,0.35350000000000004,False,depot_charge
,,,,,,,,,,,,,,,,73.69977256541712,,2026-04-08 21:46:18.333333334,2026-04-08 21:45:18.333333334,0.0,207.169721179048,0.0,0.0,21.21,-21.21,0.0,0.35350000000000004,False,depot_charge
,,,,,,,,,,,,,,,,73.78393923208378,,2026-04-08 21:47:18.333333334,2026-04-08 21:46:18.333333334,0.0,207.169721179048,0.0,0.0,21.21,-21.21,0.0,0.35350000000000004,False,depot_charge
,,,,,,,,,,,,,,,,73.86810589875044,,2026-04-08 21:48:18.333333334,2026-04-08 21:47:18.333333334,0.0,207.169721179048,0.0,0.0,21.21,-21.21,0.0,0.35350000000000004,False,depot_charge
,,,,,,,,,,,,,,,,73.9522725654171,,2026-04-08 21:49:18.333333334,2026-04-08 21:48:18.333333334,0.0,207.169721179048,0.0,0.0,21.21,-21.21,0.0,0.35350000000000004,False,depot_charge
,,,,,,,,,,,,,,,,74.03643923208377,,2026-04-08 21:50:18.333333334,2026-04-08 21:49:18.333333334,0.0,207.169721179048,0.0,0.0,21.21,-21.21,0.0,0.35350000000000004,False,depot_charge
,,,,,,,,,,,,,,,,74.12060589875043,,2026-04-08 21:51:18.333333334,2026-04-08 21:50:18.333333334,0.0,207.169721179048,0.0,0.0,21.21,-21.21,0.0,0.35350000000000004,False,depot_charge
,,,,,,,,,,,,,,,,74.20477256541709,,2026-04-08 21:52:18.333333334,2026-04-08 21:51:18.333333334,0.0,207.169721179048,0.0,0.0,21.21,-21.21,0.0,0.35350000000000004,False,depot_charge
,,,,,,,,,,,,,,,,74.28893923208375,,2026-04-08 21:53:18.333333334,2026-04-08 21:52:18.333333334,0.0,207.169721179048,0.0,0.0,21.21,-21.21,0.0,0.35350000000000004,False,depot_charge
,,,,,,,,,,,,,,,,74.37310589875041,,2026-04-08 21:54:18.333333334,2026-04-08 21:53:18.333333334,0.0,207.169721179048,0.0,0.0,21.21,-21.21,0.0,0.35350000000000004,False,depot_charge
,,,,,,,,,,,,,,,,74.45727256541707,,2026-04-08 21:55:18.333333334,2026-04-08 21:54:18.333333334,0.0,207.169721179048,0.0,0.0,21.21,-21.21,0.0,0.35350000000000004,False,depot_charge
,,,,,,,,,,,,,,,,74.54143923208373,,2026-04-08 21:56:18.333333334,2026-04-08 21:55:18.333333334,0.0,207.169721179048,0.0,0.0,21.21,-21.21,0.0,0.35350000000000004,False,depot_charge
,,,,,,,,,,,,,,,,74.6256058987504,,2026-04-08 21:57:18.333333334,2026-04-08 21:56:18.333333334,0.0,207.169721179048,0.0,0.0,21.21,-21.21,0.0,0.35350000000000004,False,depot_charge
,,,,,,,,,,,,,,,,74.70977256541705,,2026-04-08 21:58:18.333333334,2026-04-08 21:57:18.333333334,0.0,207.169721179048,0.0,0.0,21.21,-21.21,0.0,0.35350000000000004,False,depot_charge
,,,,,,,,,,,,,,,,74.79393923208372,,2026-04-08 21:59:18.333333334,2026-04-08 21:58:18.333333334,0.0,207.169721179048,0.0,0.0,21.21,-21.21,0.0,0.35350000000000004,False,depot_charge
,,,,,,,,,,,,,,,,74.87810589875038,,2026-04-08 22:00:18.333333334,2026-04-08 21:59:18.333333334,0.0,207.169721179048,0.0,0.0,21.21,-21.21,0.0,0.35350000000000004,False,depot_charge
,,,,,,,,,,,,,,,,74.96227256541704,,2026-04-08 22:01:18.333333334,2026-04-08 22:00:18.333333334,0.0,207.169721179048,0.0,0.0,21.21,-21.21,0.0,0.35350000000000004,False,depot_charge
,,,,,,,,,,,,,,,,75.0464392320837,,2026-04-08 22:02:18.333333334,2026-04-08 22:01:18.333333334,0.0,207.169721179048,0.0,0.0,21.21,-21.21,0.0,0.35350000000000004,False,depot_charge
,,,,,,,,,,,,,,,,75.13060589875036,,2026-04-08 22:03:18.333333334,2026-04-08 22:02:18.333333334,0.0,207.169721179048,0.0,0.0,21.21,-21.21,0.0,0.35350000000000004,False,depot_charge
,,,,,,,,,,,,,,,,75.21477256541702,,2026-04-08 22:04:18.333333334,2026-04-08 22:03:18.333333334,0.0,207.169721179048,0.0,0.0,21.21,-21.21,0.0,0.35350000000000004,False,depot_charge
,,,,,,,,,,,,,,,,75.29893923208368,,2026-04-08 22:05:18.333333334,2026-04-08 22:04:18.333333334,0.0,207.169721179048,0.0,0.0,21.21,-21.21,0.0,0.35350000000000004,False,depot_charge
,,,,,,,,,,,,,,,,75.38310589875034,,2026-04-08 22:06:18.333333334,2026-04-08 22:05:18.333333334,0.0,207.169721179048,0.0,0.0,21.21,-21.21,0.0,0.35350000000000004,False,depot_charge
,,,,,,,,,,,,,,,,75.467272565417,,2026-04-08 22:07:18.333333334,2026-04-08 22:06:18.333333334,0.0,207.169721179048,0.0,0.0,21.21,-21.21,0.0,0.35350000000000004,False,depot_charge
,,,,,,,,,,,,,,,,75.55143923208367,,2026-04-08 22:08:18.333333334,2026-04-08 22:07:18.333333334,0.0,207.169721179048,0.0,0.0,21.21,-21.21,0.0,0.35350000000000004,False,depot_charge
,,,,,,,,,,,,,,,,75.63560589875033,,2026-04-08 22:09:18.333333334,2026-04-08 22:08:18.333333334,0.0,207.169721179048,0.0,0.0,21.21,-21.21,0.0,0.35350000000000004,False,depot_charge
,,,,,,,,,,,,,,,,75.71977256541699,,2026-04-08 22:10:18.333333334,2026-04-08 22:09:18.333333334,0.0,207.169721179048,0.0,0.0,21.21,-21.21,0.0,0.35350000000000004,False,depot_charge
,,,,,,,,,,,,,,,,75.80393923208365,,2026-04-08 22:11:18.333333334,2026-04-08 22:10:18.333333334,0.0,207.169721179048,0.0,0.0,21.21,-21.21,0.0,0.35350000000000004,False,depot_charge
,,,,,,,,,,,,,,,,75.88810589875031,,2026-04-08 22:12:18.333333334,2026-04-08 22:11:18.333333334,0.0,207.169721179048,0.0,0.0,21.21,-21.21,0.0,0.35350000000000004,False,depot_charge
,,,,,,,,,,,,,,,,75.97227256541697,,2026-04-08 22:13:18.333333334,2026-04-08 22:12:18.333333334,0.0,207.169721179048,0.0,0.0,21.21,-21.21,0.0,0.35350000000000004,False,depot_charge
,,,,,,,,,,,,,,,,76.05643923208363,,2026-04-08 22:14:18.333333334,2026-04-08 22:13:18.333333334,0.0,207.169721179048,0.0,0.0,21.21,-21.21,0.0,0.35350000000000004,False,depot_charge
,,,,,,,,,,,,,,,,76.1406058987503,,2026-04-08 22:15:18.333333334,2026-04-08 22:14:18.333333334,0.0,207.169721179048,0.0,0.0,21.21,-21.21,0.0,0.35350000000000004,False,depot_charge
,,,,,,,,,,,,,,,,76.22477256541696,,2026-04-08 22:16:18.333333334,2026-04-08 22:15:18.333333334,0.0,207.169721179048,0.0,0.0,21.21,-21.21,0.0,0.35350000000000004,False,depot_charge
,,,,,,,,,,,,,,,,76.30893923208362,,2026-04-08 22:17:18.333333334,2026-04-08 22:16:18.333333334,0.0,207.169721179048,0.0,0.0,21.21,-21.21,0.0,0.35350000000000004,False,depot_charge
,,,,,,,,,,,,,,,,76.39310589875028,,2026-04-08 22:18:18.333333334,2026-04-08 22:17:18.333333334,0.0,207.169721179048,0.0,0.0,21.21,-21.21,0.0,0.35350000000000004,False,depot_charge
,,,,,,,,,,,,,,,,76.47727256541694,,2026-04-08 22:19:18.333333334,2026-04-08 22:18:18.333333334,0.0,207.169721179048,0.0,0.0,21.21,-21.21,0.0,0.35350000000000004,False,depot_charge
,,,,,,,,,,,,,,,,76.5614392320836,,2026-04-08 22:20:18.333333334,2026-04-08 22:19:18.333333334,0.0,207.169721179048,0.0,0.0,21.21,-21.21,0.0,0.35350000000000004,False,depot_charge
,,,,,,,,,,,,,,,,76.64560589875026,,2026-04-08 22:21:18.333333334,2026-04-08 22:20:18.333333334,0.0,207.169721179048,0.0,0.0,21.21,-21.21,0.0,0.35350000000000004,False,depot_charge
,,,,,,,,,,,,,,,,76.72977256541692,,2026-04-08 22:22:18.333333334,2026-04-08 22:21:18.333333334,0.0,207.169721179048,0.0,0.0,21.21,-21.21,0.0,0.35350000000000004,False,depot_charge
,,,,,,,,,,,,,,,,76.81393923208358,,2026-04-08 22:23:18.333333334,2026-04-08 22:22:18.333333334,0.0,207.169721179048,0.0,0.0,21.21,-21.21,0.0,0.35350000000000004,False,depot_charge
,,,,,,,,,,,,,,,,76.89810589875025,,2026-04-08 22:24:18.333333334,2026-04-08 22:23:18.333333334,0.0,207.169721179048,0.0,0.0,21.21,-21.21,0.0,0.35350000000000004,False,depot_charge
,,,,,,,,,,,,,,,,76.9822725654169,,2026-04-08 22:25:18.333333334,2026-04-08 22:24:18.333333334,0.0,207.169721179048,0.0,0.0,21.21,-21.21,0.0,0.35350000000000004,False,depot_charge
,,,,,,,,,,,,,,,,77.06643923208357,,2026-04-08 22:26:18.333333334,2026-04-08 22:25:18.333333334,0.0,207.169721179048,0.0,0.0,21.21,-21.21,0.0,0.35350000000000004,False,depot_charge
,,,,,,,,,,,,,,,,77.15060589875023,,2026-04-08 22:27:18.333333334,2026-04-08 22:26:18.333333334,0.0,207.169721179048,0.0,0.0,21.21,-21.21,0.0,0.35350000000000004,False,depot_charge
,,,,,,,,,,,,,,,,77.23477256541689,,2026-04-08 22:28:18.333333334,2026-04-08 22:27:18.333333334,0.0,207.169721179048,0.0,0.0,21.21,-21.21,0.0,0.35350000000000004,False,depot_charge
,,,,,,,,,,,,,,,,77.31893923208355,,2026-04-08 22:29:18.333333334,2026-04-08 22:28:18.333333334,0.0,207.169721179048,0.0,0.0,21.21,-21.21,0.0,0.35350000000000004,False,depot_charge
,,,,,,,,,,,,,,,,77.40310589875021,,2026-04-08 22:30:18.333333334,2026-04-08 22:29:18.333333334,0.0,207.169721179048,0.0,0.0,21.21,-21.21,0.0,0.35350000000000004,False,depot_charge
,,,,,,,,,,,,,,,,77.48727256541687,,2026-04-08 22:31:18.333333334,2026-04-08 22:30:18.333333334,0.0,207.169721179048,0.0,0.0,21.21,-21.21,0.0,0.35350000000000004,False,depot_charge
,,,,,,,,,,,,,,,,77.57143923208353,,2026-04-08 22:32:18.333333334,2026-04-08 22:31:18.333333334,0.0,207.169721179048,0.0,0.0,21.21,-21.21,0.0,0.35350000000000004,False,depot_charge
,,,,,,,,,,,,,,,,77.6556058987502,,2026-04-08 22:33:18.333333334,2026-04-08 22:32:18.333333334,0.0,207.169721179048,0.0,0.0,21.21,-21.21,0.0,0.35350000000000004,False,depot_charge
,,,,,,,,,,,,,,,,77.73977256541686,,2026-04-08 22:34:18.333333334,2026-04-08 22:33:18.333333334,0.0,207.169721179048,0.0,0.0,21.21,-21.21,0.0,0.35350000000000004,False,depot_charge
,,,,,,,,,,,,,,,,77.82393923208352,,2026-04-08 22:35:18.333333334,2026-04-08 22:34:18.333333334,0.0,207.169721179048,0.0,0.0,21.21,-21.21,0.0,0.35350000000000004,False,depot_charge
,,,,,,,,,,,,,,,,77.90810589875018,,2026-04-08 22:36:18.333333334,2026-04-08 22:35:18.333333334,0.0,207.169721179048,0.0,0.0,21.21,-21.21,0.0,0.35350000000000004,False,depot_charge
,,,,,,,,,,,,,,,,77.99227256541684,,2026-04-08 22:37:18.333333334,2026-04-08 22:36:18.333333334,0.0,207.169721179048,0.0,0.0,21.21,-21.21,0.0,0.35350000000000004,False,depot_charge
,,,,,,,,,,,,,,,,78.0764392320835,,2026-04-08 22:38:18.333333334,2026-04-08 22:37:18.333333334,0.0,207.169721179048,0.0,0.0,21.21,-21.21,0.0,0.35350000000000004,False,depot_charge
,,,,,,,,,,,,,,,,78.16060589875016,,2026-04-08 22:39:18.333333334,2026-04-08 22:38:18.333333334,0.0,207.169721179048,0.0,0.0,21.21,-21.21,0.0,0.35350000000000004,False,depot_charge
,,,,,,,,,,,,,,,,78.24477256541682,,2026-04-08 22:40:18.333333334,2026-04-08 22:39:18.333333334,0.0,207.169721179048,0.0,0.0,21.21,-21.21,0.0,0.35350000000000004,False,depot_charge
,,,,,,,,,,,,,,,,78.32893923208348,,2026-04-08 22:41:18.333333334,2026-04-08 22:40:18.333333334,0.0,207.169721179048,0.0,0.0,21.21,-21.21,0.0,0.35350000000000004,False,depot_charge
,,,,,,,,,,,,,,,,78.41310589875015,,2026-04-08 22:42:18.333333334,2026-04-08 22:41:18.333333334,0.0,207.169721179048,0.0,0.0,21.21,-21.21,0.0,0.35350000000000004,False,depot_charge
,,,,,,,,,,,,,,,,78.49727256541681,,2026-04-08 22:43:18.333333334,2026-04-08 22:42:18.333333334,0.0,207.169721179048,0.0,0.0,21.21,-21.21,0.0,0.35350000000000004,False,depot_charge
,,,,,,,,,,,,,,,,78.58143923208347,,2026-04-08 22:44:18.333333334,2026-04-08 22:43:18.333333334,0.0,207.169721179048,0.0,0.0,21.21,-21.21,0.0,0.35350000000000004,False,depot_charge
,,,,,,,,,,,,,,,,78.66560589875013,,2026-04-08 22:45:18.333333334,2026-04-08 22:44:18.333333334,0.0,207.169721179048,0.0,0.0,21.21,-21.21,0.0,0.35350000000000004,False,depot_charge
,,,,,,,,,,,,,,,,78.74977256541679,,2026-04-08 22:46:18.333333334,2026-04-08 22:45:18.333333334,0.0,207.169721179048,0.0,0.0,21.21,-21.21,0.0,0.35350000000000004,False,depot_charge
,,,,,,,,,,,,,,,,78.83393923208345,,2026-04-08 22:47:18.333333334,2026-04-08 22:46:18.333333334,0.0,207.169721179048,0.0,0.0,21.21,-21.21,0.0,0.35350000000000004,False,depot_charge
,,,,,,,,,,,,,,,,78.91810589875011,,2026-04-08 22:48:18.333333334,2026-04-08 22:47:18.333333334,0.0,207.169721179048,0.0,0.0,21.21,-21.21,0.0,0.35350000000000004,False,depot_charge
,,,,,,,,,,,,,,,,79.00227256541677,,2026-04-08 22:49:18.333333334,2026-04-08 22:48:18.333333334,0.0,207.169721179048,0.0,0.0,21.21,-21.21,0.0,0.35350000000000004,False,depot_charge
,,,,,,,,,,,,,,,,79.08643923208344,,2026-04-08 22:50:18.333333334,2026-04-08 22:49:18.333333334,0.0,207.169721179048,0.0,0.0,21.21,-21.21,0.0,0.35350000000000004,False,depot_charge
,,,,,,,,,,,,,,,,79.1706058987501,,2026-04-08 22:51:18.333333334,2026-04-08 22:50:18.333333334,0.0,207.169721179048,0.0,0.0,21.21,-21.21,0.0,0.35350000000000004,False,depot_charge
,,,,,,,,,,,,,,,,79.25477256541676,,2026-04-08 22:52:18.333333334,2026-04-08 22:51:18.333333334,0.0,207.169721179048,0.0,0.0,21.21,-21.21,0.0,0.35350000000000004,False,depot_charge
,,,,,,,,,,,,,,,,79.33893923208342,,2026-04-08 22:53:18.333333334,2026-04-08 22:52:18.333333334,0.0,207.169721179048,0.0,0.0,21.21,-21.21,0.0,0.35350000000000004,False,depot_charge
,,,,,,,,,,,,,,,,79.42310589875008,,2026-04-08 22:54:18.333333334,2026-04-08 22:53:18.333333334,0.0,207.169721179048,0.0,0.0,21.21,-21.21,0.0,0.35350000000000004,False,depot_charge
,,,,,,,,,,,,,,,,79.50727256541674,,2026-04-08 22:55:18.333333334,2026-04-08 22:54:18.333333334,0.0,207.169721179048,0.0,0.0,21.21,-21.21,0.0,0.35350000000000004,False,depot_charge
,,,,,,,,,,,,,,,,79.5914392320834,,2026-04-08 22:56:18.333333334,2026-04-08 22:55:18.333333334,0.0,207.169721179048,0.0,0.0,21.21,-21.21,0.0,0.35350000000000004,False,depot_charge
,,,,,,,,,,,,,,,,79.67560589875006,,2026-04-08 22:57:18.333333334,2026-04-08 22:56:18.333333334,0.0,207.169721179048,0.0,0.0,21.21,-21.21,0.0,0.35350000000000004,False,depot_charge
,,,,,,,,,,,,,,,,79.75977256541672,,2026-04-08 22:58:18.333333334,2026-04-08 22:57:18.333333334,0.0,207.169721179048,0.0,0.0,21.21,-21.21,0.0,0.35350000000000004,False,depot_charge
,,,,,,,,,,,,,,,,79.84393923208339,,2026-04-08 22:59:18.333333334,2026-04-08 22:58:18.333333334,0.0,207.169721179048,0.0,0.0,21.21,-21.21,0.0,0.35350000000000004,False,depot_charge
,,,,,,,,,,,,,,,,79.92810589875005,,2026-04-08 23:00:18.333333334,2026-04-08 22:59:18.333333334,0.0,207.169721179048,0.0,0.0,21.21,-21.21,0.0,0.35350000000000004,False,depot_charge
,,,,,,,,,,,,,,,,80.01227256541671,,2026-04-08 23:01:18.333333334,2026-04-08 23:00:18.333333334,0.0,207.169721179048,0.0,0.0,21.21,-21.21,0.0,0.35350000000000004,False,depot_charge
,,,,,,,,,,,,,,,,80.09643923208337,,2026-04-08 23:02:18.333333334,2026-04-08 23:01:18.333333334,0.0,207.169721179048,0.0,0.0,21.21,-21.21,0.0,0.35350000000000004,False,depot_charge
,,,,,,,,,,,,,,,,80.18060589875003,,2026-04-08 23:03:18.333333334,2026-04-08 23:02:18.333333334,0.0,207.169721179048,0.0,0.0,21.21,-21.21,0.0,0.35350000000000004,False,depot_charge
,,,,,,,,,,,,,,,,80.26477256541669,,2026-04-08 23:04:18.333333334,2026-04-08 23:03:18.333333334,0.0,207.169721179048,0.0,0.0,21.21,-21.21,0.0,0.35350000000000004,False,depot_charge
,,,,,,,,,,,,,,,,80.34893923208335,,2026-04-08 23:05:18.333333334,2026-04-08 23:04:18.333333334,0.0,207.169721179048,0.0,0.0,21.21,-21.21,0.0,0.35350000000000004,False,depot_charge
,,,,,,,,,,,,,,,,80.43310589875001,,2026-04-08 23:06:18.333333334,2026-04-08 23:05:18.333333334,0.0,207.169721179048,0.0,0.0,21.21,-21.21,0.0,0.35350000000000004,False,depot_charge
,,,,,,,,,,,,,,,,80.51727256541668,,2026-04-08 23:07:18.333333334,2026-04-08 23:06:18.333333334,0.0,207.169721179048,0.0,0.0,21.21,-21.21,0.0,0.35350000000000004,False,depot_charge
,,,,,,,,,,,,,,,,80.60143923208334,,2026-04-08 23:08:18.333333334,2026-04-08 23:07:18.333333334,0.0,207.169721179048,0.0,0.0,21.21,-21.21,0.0,0.35350000000000004,False,depot_charge
,,,,,,,,,,,,,,,,80.68560589875,,2026-04-08 23:09:18.333333334,2026-04-08 23:08:18.333333334,0.0,207.169721179048,0.0,0.0,21.21,-21.21,0.0,0.35350000000000004,False,depot_charge
,,,,,,,,,,,,,,,,80.76977256541666,,2026-04-08 23:10:18.333333334,2026-04-08 23:09:18.333333334,0.0,207.169721179048,0.0,0.0,21.21,-21.21,0.0,0.35350000000000004,False,depot_charge
,,,,,,,,,,,,,,,,80.85393923208332,,2026-04-08 23:11:18.333333334,2026-04-08 23:10:18.333333334,0.0,207.169721179048,0.0,0.0,21.21,-21.21,0.0,0.35350000000000004,False,depot_charge
,,,,,,,,,,,,,,,,80.93810589874998,,2026-04-08 23:12:18.333333334,2026-04-08 23:11:18.333333334,0.0,207.169721179048,0.0,0.0,21.21,-21.21,0.0,0.35350000000000004,False,depot_charge
,,,,,,,,,,,,,,,,81.02227256541664,,2026-04-08 23:13:18.333333334,2026-04-08 23:12:18.333333334,0.0,207.169721179048,0.0,0.0,21.21,-21.21,0.0,0.35350000000000004,False,depot_charge
,,,,,,,,,,,,,,,,81.1064392320833,,2026-04-08 23:14:18.333333334,2026-04-08 23:13:18.333333334,0.0,207.169721179048,0.0,0.0,21.21,-21.21,0.0,0.35350000000000004,False,depot_charge
,,,,,,,,,,,,,,,,81.19060589874996,,2026-04-08 23:15:18.333333334,2026-04-08 23:14:18.333333334,0.0,207.169721179048,0.0,0.0,21.21,-21.21,0.0,0.35350000000000004,False,depot_charge
,,,,,,,,,,,,,,,,81.27477256541663,,2026-04-08 23:16:18.333333334,2026-04-08 23:15:18.333333334,0.0,207.169721179048,0.0,0.0,21.21,-21.21,0.0,0.35350000000000004,False,depot_charge
,,,,,,,,,,,,,,,,81.35893923208329,,2026-04-08 23:17:18.333333334,2026-04-08 23:16:18.333333334,0.0,207.169721179048,0.0,0.0,21.21,-21.21,0.0,0.35350000000000004,False,depot_charge
,,,,,,,,,,,,,,,,81.44310589874995,,2026-04-08 23:18:18.333333334,2026-04-08 23:17:18.333333334,0.0,207.169721179048,0.0,0.0,21.21,-21.21,0.0,0.35350000000000004,False,depot_charge
,,,,,,,,,,,,,,,,81.52727256541661,,2026-04-08 23:19:18.333333334,2026-04-08 23:18:18.333333334,0.0,207.169721179048,0.0,0.0,21.21,-21.21,0.0,0.35350000000000004,False,depot_charge
,,,,,,,,,,,,,,,,81.61143923208327,,2026-04-08 23:20:18.333333334,2026-04-08 23:19:18.333333334,0.0,207.169721179048,0.0,0.0,21.21,-21.21,0.0,0.35350000000000004,False,depot_charge
,,,,,,,,,,,,,,,,81.69560589874993,,2026-04-08 23:21:18.333333334,2026-04-08 23:20:18.333333334,0.0,207.169721179048,0.0,0.0,21.21,-21.21,0.0,0.35350000000000004,False,depot_charge
,,,,,,,,,,,,,,,,81.7797725654166,,2026-04-08 23:22:18.333333334,2026-04-08 23:21:18.333333334,0.0,207.169721179048,0.0,0.0,21.21,-21.21,0.0,0.35350000000000004,False,depot_charge
,,,,,,,,,,,,,,,,81.86393923208325,,2026-04-08 23:23:18.333333334,2026-04-08 23:22:18.333333334,0.0,207.169721179048,0.0,0.0,21.21,-21.21,0.0,0.35350000000000004,False,depot_charge
,,,,,,,,,,,,,,,,81.94810589874992,,2026-04-08 23:24:18.333333334,2026-04-08 23:23:18.333333334,0.0,207.169721179048,0.0,0.0,21.21,-21.21,0.0,0.35350000000000004,False,depot_charge
,,,,,,,,,,,,,,,,82.03227256541658,,2026-04-08 23:25:18.333333334,2026-04-08 23:24:18.333333334,0.0,207.169721179048,0.0,0.0,21.21,-21.21,0.0,0.35350000000000004,False,depot_charge
,,,,,,,,,,,,,,,,82.11643923208324,,2026-04-08 23:26:18.333333334,2026-04-08 23:25:18.333333334,0.0,207.169721179048,0.0,0.0,21.21,-21.21,0.0,0.35350000000000004,False,depot_charge
,,,,,,,,,,,,,,,,82.2006058987499,,2026-04-08 23:27:18.333333334,2026-04-08 23:26:18.333333334,0.0,207.169721179048,0.0,0.0,21.21,-21.21,0.0,0.35350000000000004,False,depot_charge
,,,,,,,,,,,,,,,,82.28477256541656,,2026-04-08 23:28:18.333333334,2026-04-08 23:27:18.333333334,0.0,207.169721179048,0.0,0.0,21.21,-21.21,0.0,0.35350000000000004,False,depot_charge
,,,,,,,,,,,,,,,,82.36893923208322,,2026-04-08 23:29:18.333333334,2026-04-08 23:28:18.333333334,0.0,207.169721179048,0.0,0.0,21.21,-21.21,0.0,0.35350000000000004,False,depot_charge
,,,,,,,,,,,,,,,,82.45310589874988,,2026-04-08 23:30:18.333333334,2026-04-08 23:29:18.333333334,0.0,207.169721179048,0.0,0.0,21.21,-21.21,0.0,0.35350000000000004,False,depot_charge
,,,,,,,,,,,,,,,,82.53727256541654,,2026-04-08 23:31:18.333333334,2026-04-08 23:30:18.333333334,0.0,207.169721179048,0.0,0.0,21.21,-21.21,0.0,0.35350000000000004,False,depot_charge
,,,,,,,,,,,,,,,,82.6214392320832,,2026-04-08 23:32:18.333333334,2026-04-08 23:31:18.333333334,0.0,207.169721179048,0.0,0.0,21.21,-21.21,0.0,0.35350000000000004,False,depot_charge
,,,,,,,,,,,,,,,,82.70560589874987,,2026-04-08 23:33:18.333333334,2026-04-08 23:32:18.333333334,0.0,207.169721179048,0.0,0.0,21.21,-21.21,0.0,0.35350000000000004,False,depot_charge
,,,,,,,,,,,,,,,,82.78977256541653,,2026-04-08 23:34:18.333333334,2026-04-08 23:33:18.333333334,0.0,207.169721179048,0.0,0.0,21.21,-21.21,0.0,0.35350000000000004,False,depot_charge
,,,,,,,,,,,,,,,,82.87393923208319,,2026-04-08 23:35:18.333333334,2026-04-08 23:34:18.333333334,0.0,207.169721179048,0.0,0.0,21.21,-21.21,0.0,0.35350000000000004,False,depot_charge
,,,,,,,,,,,,,,,,82.95810589874985,,2026-04-08 23:36:18.333333334,2026-04-08 23:35:18.333333334,0.0,207.169721179048,0.0,0.0,21.21,-21.21,0.0,0.35350000000000004,False,depot_charge
,,,,,,,,,,,,,,,,83.04227256541651,,2026-04-08 23:37:18.333333334,2026-04-08 23:36:18.333333334,0.0,207.169721179048,0.0,0.0,21.21,-21.21,0.0,0.35350000000000004,False,depot_charge
,,,,,,,,,,,,,,,,83.12643923208317,,2026-04-08 23:38:18.333333334,2026-04-08 23:37:18.333333334,0.0,207.169721179048,0.0,0.0,21.21,-21.21,0.0,0.35350000000000004,False,depot_charge
,,,,,,,,,,,,,,,,83.21060589874983,,2026-04-08 23:39:18.333333334,2026-04-08 23:38:18.333333334,0.0,207.169721179048,0.0,0.0,21.21,-21.21,0.0,0.35350000000000004,False,depot_charge
,,,,,,,,,,,,,,,,83.2947725654165,,2026-04-08 23:40:18.333333334,2026-04-08 23:39:18.333333334,0.0,207.169721179048,0.0,0.0,21.21,-21.21,0.0,0.35350000000000004,False,depot_charge
,,,,,,,,,,,,,,,,83.37893923208316,,2026-04-08 23:41:18.333333334,2026-04-08 23:40:18.333333334,0.0,207.169721179048,0.0,0.0,21.21,-21.21,0.0,0.35350000000000004,False,depot_charge
,,,,,,,,,,,,,,,,83.46310589874982,,2026-04-08 23:42:18.333333334,2026-04-08 23:41:18.333333334,0.0,207.169721179048,0.0,0.0,21.21,-21.21,0.0,0.35350000000000004,False,depot_charge
,,,,,,,,,,,,,,,,83.54727256541648,,2026-04-08 23:43:18.333333334,2026-04-08 23:42:18.333333334,0.0,207.169721179048,0.0,0.0,21.21,-21.21,0.0,0.35350000000000004,False,depot_charge
,,,,,,,,,,,,,,,,83.63143923208314,,2026-04-08 23:44:18.333333334,2026-04-08 23:43:18.333333334,0.0,207.169721179048,0.0,0.0,21.21,-21.21,0.0,0.35350000000000004,False,depot_charge
,,,,,,,,,,,,,,,,83.7156058987498,,2026-04-08 23:45:18.333333334,2026-04-08 23:44:18.333333334,0.0,207.169721179048,0.0,0.0,21.21,-21.21,0.0,0.35350000000000004,False,depot_charge
,,,,,,,,,,,,,,,,83.79977256541646,,2026-04-08 23:46:18.333333334,2026-04-08 23:45:18.333333334,0.0,207.169721179048,0.0,0.0,21.21,-21.21,0.0,0.35350000000000004,False,depot_charge
,,,,,,,,,,,,,,,,83.88393923208312,,2026-04-08 23:47:18.333333334,2026-04-08 23:46:18.333333334,0.0,207.169721179048,0.0,0.0,21.21,-21.21,0.0,0.35350000000000004,False,depot_charge
,,,,,,,,,,,,,,,,83.96810589874978,,2026-04-08 23:48:18.333333334,2026-04-08 23:47:18.333333334,0.0,207.169721179048,0.0,0.0,21.21,-21.21,0.0,0.35350000000000004,False,depot_charge
,,,,,,,,,,,,,,,,84.05227256541644,,2026-04-08 23:49:18.333333334,2026-04-08 23:48:18.333333334,0.0,207.169721179048,0.0,0.0,21.21,-21.21,0.0,0.35350000000000004,False,depot_charge
,,,,,,,,,,,,,,,,84.1364392320831,,2026-04-08 23:50:18.333333334,2026-04-08 23:49:18.333333334,0.0,207.169721179048,0.0,0.0,21.21,-21.21,0.0,0.35350000000000004,False,depot_charge
,,,,,,,,,,,,,,,,84.22060589874977,,2026-04-08 23:51:18.333333334,2026-04-08 23:50:18.333333334,0.0,207.169721179048,0.0,0.0,21.21,-21.21,0.0,0.35350000000000004,False,depot_charge
,,,,,,,,,,,,,,,,84.30477256541643,,2026-04-08 23:52:18.333333334,2026-04-08 23:51:18.333333334,0.0,207.169721179048,0.0,0.0,21.21,-21.21,0.0,0.35350000000000004,False,depot_charge
,,,,,,,,,,,,,,,,84.38893923208309,,2026-04-08 23:53:18.333333334,2026-04-08 23:52:18.333333334,0.0,207.169721179048,0.0,0.0,21.21,-21.21,0.0,0.35350000000000004,False,depot_charge
,,,,,,,,,,,,,,,,84.47310589874975,,2026-04-08 23:54:18.333333334,2026-04-08 23:53:18.333333334,0.0,207.169721179048,0.0,0.0,21.21,-21.21,0.0,0.35350000000000004,False,depot_charge
,,,,,,,,,,,,,,,,84.55727256541641,,2026-04-08 23:55:18.333333334,2026-04-08 23:54:18.333333334,0.0,207.169721179048,0.0,0.0,21.21,-21.21,0.0,0.35350000000000004,False,depot_charge
,,,,,,,,,,,,,,,,84.64143923208307,,2026-04-08 23:56:18.333333334,2026-04-08 23:55:18.333333334,0.0,207.169721179048,0.0,0.0,21.21,-21.21,0.0,0.35350000000000004,False,depot_charge
,,,,,,,,,,,,,,,,84.72560589874973,,2026-04-08 23:57:18.333333334,2026-04-08 23:56:18.333333334,0.0,207.169721179048,0.0,0.0,21.21,-21.21,0.0,0.35350000000000004,False,depot_charge
,,,,,,,,,,,,,,,,84.8097725654164,,2026-04-08 23:58:18.333333334,2026-04-08 23:57:18.333333334,0.0,207.169721179048,0.0,0.0,21.21,-21.21,0.0,0.35350000000000004,False,depot_charge
,,,,,,,,,,,,,,,,84.89393923208306,,2026-04-08 23:59:18.333333334,2026-04-08 23:58:18.333333334,0.0,207.169721179048,0.0,0.0,21.21,-21.21,0.0,0.35350000000000004,False,depot_charge
,,,,,,,,,,,,,,,,84.97810589874972,,2026-04-09 00:00:18.333333334,2026-04-08 23:59:18.333333334,0.0,207.169721179048,0.0,0.0,21.21,-21.21,0.0,0.35350000000000004,False,depot_charge
,,,,,,,,,,,,,,,,85.06227256541638,,2026-04-09 00:01:18.333333334,2026-04-09 00:00:18.333333334,0.0,207.169721179048,0.0,0.0,21.21,-21.21,0.0,0.35350000000000004,False,depot_charge
,,,,,,,,,,,,,,,,85.14643923208304,,2026-04-09 00:02:18.333333334,2026-04-09 00:01:18.333333334,0.0,207.169721179048,0.0,0.0,21.21,-21.21,0.0,0.35350000000000004,False,depot_charge
,,,,,,,,,,,,,,,,85.2306058987497,,2026-04-09 00:03:18.333333334,2026-04-09 00:02:18.333333334,0.0,207.169721179048,0.0,0.0,21.21,-21.21,0.0,0.35350000000000004,False,depot_charge
,,,,,,,,,,,,,,,,85.31477256541636,,2026-04-09 00:04:18.333333334,2026-04-09 00:03:18.333333334,0.0,207.169721179048,0.0,0.0,21.21,-21.21,0.0,0.35350000000000004,False,depot_charge
,,,,,,,,,,,,,,,,85.39893923208302,,2026-04-09 00:05:18.333333334,2026-04-09 00:04:18.333333334,0.0,207.169721179048,0.0,0.0,21.21,-21.21,0.0,0.35350000000000004,False,depot_charge
,,,,,,,,,,,,,,,,85.48310589874968,,2026-04-09 00:06:18.333333334,2026-04-09 00:05:18.333333334,0.0,207.169721179048,0.0,0.0,21.21,-21.21,0.0,0.35350000000000004,False,depot_charge
,,,,,,,,,,,,,,,,85.56727256541635,,2026-04-09 00:07:18.333333334,2026-04-09 00:06:18.333333334,0.0,207.169721179048,0.0,0.0,21.21,-21.21,0.0,0.35350000000000004,False,depot_charge
,,,,,,,,,,,,,,,,85.651439232083,,2026-04-09 00:08:18.333333334,2026-04-09 00:07:18.333333334,0.0,207.169721179048,0.0,0.0,21.21,-21.21,0.0,0.35350000000000004,False,depot_charge
,,,,,,,,,,,,,,,,85.73560589874967,,2026-04-09 00:09:18.333333334,2026-04-09 00:08:18.333333334,0.0,207.169721179048,0.0,0.0,21.21,-21.21,0.0,0.35350000000000004,False,depot_charge
,,,,,,,,,,,,,,,,85.81977256541633,,2026-04-09 00:10:18.333333334,2026-04-09 00:09:18.333333334,0.0,207.169721179048,0.0,0.0,21.21,-21.21,0.0,0.35350000000000004,False,depot_charge
,,,,,,,,,,,,,,,,85.90393923208299,,2026-04-09 00:11:18.333333334,2026-04-09 00:10:18.333333334,0.0,207.169721179048,0.0,0.0,21.21,-21.21,0.0,0.35350000000000004,False,depot_charge
,,,,,,,,,,,,,,,,85.98810589874965,,2026-04-09 00:12:18.333333334,2026-04-09 00:11:18.333333334,0.0,207.169721179048,0.0,0.0,21.21,-21.21,0.0,0.35350000000000004,False,depot_charge
,,,,,,,,,,,,,,,,86.07227256541631,,2026-04-09 00:13:18.333333334,2026-04-09 00:12:18.333333334,0.0,207.169721179048,0.0,0.0,21.21,-21.21,0.0,0.35350000000000004,False,depot_charge
,,,,,,,,,,,,,,,,86.15643923208297,,2026-04-09 00:14:18.333333334,2026-04-09 00:13:18.333333334,0.0,207.169721179048,0.0,0.0,21.21,-21.21,0.0,0.35350000000000004,False,depot_charge
,,,,,,,,,,,,,,,,86.24060589874964,,2026-04-09 00:15:18.333333334,2026-04-09 00:14:18.333333334,0.0,207.169721179048,0.0,0.0,21.21,-21.21,0.0,0.35350000000000004,False,depot_charge
,,,,,,,,,,,,,,,,86.3247725654163,,2026-04-09 00:16:18.333333334,2026-04-09 00:15:18.333333334,0.0,207.169721179048,0.0,0.0,21.21,-21.21,0.0,0.35350000000000004,False,depot_charge
,,,,,,,,,,,,,,,,86.40893923208296,,2026-04-09 00:17:18.333333334,2026-04-09 00:16:18.333333334,0.0,207.169721179048,0.0,0.0,21.21,-21.21,0.0,0.35350000000000004,False,depot_charge
,,,,,,,,,,,,,,,,86.49310589874962,,2026-04-09 00:18:18.333333334,2026-04-09 00:17:18.333333334,0.0,207.169721179048,0.0,0.0,21.21,-21.21,0.0,0.35350000000000004,False,depot_charge
,,,,,,,,,,,,,,,,86.57727256541628,,2026-04-09 00:19:18.333333334,2026-04-09 00:18:18.333333334,0.0,207.169721179048,0.0,0.0,21.21,-21.21,0.0,0.35350000000000004,False,depot_charge
,,,,,,,,,,,,,,,,86.66143923208294,,2026-04-09 00:20:18.333333334,2026-04-09 00:19:18.333333334,0.0,207.169721179048,0.0,0.0,21.21,-21.21,0.0,0.35350000000000004,False,depot_charge
,,,,,,,,,,,,,,,,86.7456058987496,,2026-04-09 00:21:18.333333334,2026-04-09 00:20:18.333333334,0.0,207.169721179048,0.0,0.0,21.21,-21.21,0.0,0.35350000000000004,False,depot_charge
,,,,,,,,,,,,,,,,86.82977256541626,,2026-04-09 00:22:18.333333334,2026-04-09 00:21:18.333333334,0.0,207.169721179048,0.0,0.0,21.21,-21.21,0.0,0.35350000000000004,False,depot_charge
,,,,,,,,,,,,,,,,86.91393923208292,,2026-04-09 00:23:18.333333334,2026-04-09 00:22:18.333333334,0.0,207.169721179048,0.0,0.0,21.21,-21.21,0.0,0.35350000000000004,False,depot_charge
,,,,,,,,,,,,,,,,86.99810589874959,,2026-04-09 00:24:18.333333334,2026-04-09 00:23:18.333333334,0.0,207.169721179048,0.0,0.0,21.21,-21.21,0.0,0.35350000000000004,False,depot_charge
,,,,,,,,,,,,,,,,87.08227256541625,,2026-04-09 00:25:18.333333334,2026-04-09 00:24:18.333333334,0.0,207.169721179048,0.0,0.0,21.21,-21.21,0.0,0.35350000000000004,False,depot_charge
,,,,,,,,,,,,,,,,87.16643923208291,,2026-04-09 00:26:18.333333334,2026-04-09 00:25:18.333333334,0.0,207.169721179048,0.0,0.0,21.21,-21.21,0.0,0.35350000000000004,False,depot_charge
,,,,,,,,,,,,,,,,87.25060589874957,,2026-04-09 00:27:18.333333334,2026-04-09 00:26:18.333333334,0.0,207.169721179048,0.0,0.0,21.21,-21.21,0.0,0.35350000000000004,False,depot_charge
,,,,,,,,,,,,,,,,87.33477256541623,,2026-04-09 00:28:18.333333334,2026-04-09 00:27:18.333333334,0.0,207.169721179048,0.0,0.0,21.21,-21.21,0.0,0.35350000000000004,False,depot_charge
,,,,,,,,,,,,,,,,87.41893923208289,,2026-04-09 00:29:18.333333334,2026-04-09 00:28:18.333333334,0.0,207.169721179048,0.0,0.0,21.21,-21.21,0.0,0.35350000000000004,False,depot_charge
,,,,,,,,,,,,,,,,87.50310589874955,,2026-04-09 00:30:18.333333334,2026-04-09 00:29:18.333333334,0.0,207.169721179048,0.0,0.0,21.21,-21.21,0.0,0.35350000000000004,False,depot_charge
,,,,,,,,,,,,,,,,87.58727256541621,,2026-04-09 00:31:18.333333334,2026-04-09 00:30:18.333333334,0.0,207.169721179048,0.0,0.0,21.21,-21.21,0.0,0.35350000000000004,False,depot_charge
,,,,,,,,,,,,,,,,87.67143923208288,,2026-04-09 00:32:18.333333334,2026-04-09 00:31:18.333333334,0.0,207.169721179048,0.0,0.0,21.21,-21.21,0.0,0.35350000000000004,False,depot_charge
,,,,,,,,,,,,,,,,87.75560589874954,,2026-04-09 00:33:18.333333334,2026-04-09 00:32:18.333333334,0.0,207.169721179048,0.0,0.0,21.21,-21.21,0.0,0.35350000000000004,False,depot_charge
,,,,,,,,,,,,,,,,87.8397725654162,,2026-04-09 00:34:18.333333334,2026-04-09 00:33:18.333333334,0.0,207.169721179048,0.0,0.0,21.21,-21.21,0.0,0.35350000000000004,False,depot_charge
,,,,,,,,,,,,,,,,87.92393923208286,,2026-04-09 00:35:18.333333334,2026-04-09 00:34:18.333333334,0.0,207.169721179048,0.0,0.0,21.21,-21.21,0.0,0.35350000000000004,False,depot_charge
,,,,,,,,,,,,,,,,88.00810589874952,,2026-04-09 00:36:18.333333334,2026-04-09 00:35:18.333333334,0.0,207.169721179048,0.0,0.0,21.21,-21.21,0.0,0.35350000000000004,False,depot_charge
,,,,,,,,,,,,,,,,88.09227256541618,,2026-04-09 00:37:18.333333334,2026-04-09 00:36:18.333333334,0.0,207.169721179048,0.0,0.0,21.21,-21.21,0.0,0.35350000000000004,False,depot_charge
,,,,,,,,,,,,,,,,88.17643923208284,,2026-04-09 00:38:18.333333334,2026-04-09 00:37:18.333333334,0.0,207.169721179048,0.0,0.0,21.21,-21.21,0.0,0.35350000000000004,False,depot_charge
,,,,,,,,,,,,,,,,88.2606058987495,,2026-04-09 00:39:18.333333334,2026-04-09 00:38:18.333333334,0.0,207.169721179048,0.0,0.0,21.21,-21.21,0.0,0.35350000000000004,False,depot_charge
,,,,,,,,,,,,,,,,88.34477256541616,,2026-04-09 00:40:18.333333334,2026-04-09 00:39:18.333333334,0.0,207.169721179048,0.0,0.0,21.21,-21.21,0.0,0.35350000000000004,False,depot_charge
,,,,,,,,,,,,,,,,88.42893923208283,,2026-04-09 00:41:18.333333334,2026-04-09 00:40:18.333333334,0.0,207.169721179048,0.0,0.0,21.21,-21.21,0.0,0.35350000000000004,False,depot_charge
,,,,,,,,,,,,,,,,88.51310589874949,,2026-04-09 00:42:18.333333334,2026-04-09 00:41:18.333333334,0.0,207.169721179048,0.0,0.0,21.21,-21.21,0.0,0.35350000000000004,False,depot_charge
,,,,,,,,,,,,,,,,88.59727256541615,,2026-04-09 00:43:18.333333334,2026-04-09 00:42:18.333333334,0.0,207.169721179048,0.0,0.0,21.21,-21.21,0.0,0.35350000000000004,False,depot_charge
,,,,,,,,,,,,,,,,88.68143923208281,,2026-04-09 00:44:18.333333334,2026-04-09 00:43:18.333333334,0.0,207.169721179048,0.0,0.0,21.21,-21.21,0.0,0.35350000000000004,False,depot_charge
,,,,,,,,,,,,,,,,88.76560589874947,,2026-04-09 00:45:18.333333334,2026-04-09 00:44:18.333333334,0.0,207.169721179048,0.0,0.0,21.21,-21.21,0.0,0.35350000000000004,False,depot_charge
,,,,,,,,,,,,,,,,88.84977256541613,,2026-04-09 00:46:18.333333334,2026-04-09 00:45:18.333333334,0.0,207.169721179048,0.0,0.0,21.21,-21.21,0.0,0.35350000000000004,False,depot_charge
,,,,,,,,,,,,,,,,88.93393923208279,,2026-04-09 00:47:18.333333334,2026-04-09 00:46:18.333333334,0.0,207.169721179048,0.0,0.0,21.21,-21.21,0.0,0.35350000000000004,False,depot_charge
,,,,,,,,,,,,,,,,89.01810589874945,,2026-04-09 00:48:18.333333334,2026-04-09 00:47:18.333333334,0.0,207.169721179048,0.0,0.0,21.21,-21.21,0.0,0.35350000000000004,False,depot_charge
,,,,,,,,,,,,,,,,89.10227256541611,,2026-04-09 00:49:18.333333334,2026-04-09 00:48:18.333333334,0.0,207.169721179048,0.0,0.0,21.21,-21.21,0.0,0.35350000000000004,False,depot_charge
,,,,,,,,,,,,,,,,89.18643923208278,,2026-04-09 00:50:18.333333334,2026-04-09 00:49:18.333333334,0.0,207.169721179048,0.0,0.0,21.21,-21.21,0.0,0.35350000000000004,False,depot_charge
,,,,,,,,,,,,,,,,89.27060589874944,,2026-04-09 00:51:18.333333334,2026-04-09 00:50:18.333333334,0.0,207.169721179048,0.0,0.0,21.21,-21.21,0.0,0.35350000000000004,False,depot_charge
,,,,,,,,,,,,,,,,89.3547725654161,,2026-04-09 00:52:18.333333334,2026-04-09 00:51:18.333333334,0.0,207.169721179048,0.0,0.0,21.21,-21.21,0.0,0.35350000000000004,False,depot_charge
,,,,,,,,,,,,,,,,89.43893923208276,,2026-04-09 00:53:18.333333334,2026-04-09 00:52:18.333333334,0.0,207.169721179048,0.0,0.0,21.21,-21.21,0.0,0.35350000000000004,False,depot_charge
,,,,,,,,,,,,,,,,89.52310589874942,,2026-04-09 00:54:18.333333334,2026-04-09 00:53:18.333333334,0.0,207.169721179048,0.0,0.0,21.21,-21.21,0.0,0.35350000000000004,False,depot_charge
,,,,,,,,,,,,,,,,89.60727256541608,,2026-04-09 00:55:18.333333334,2026-04-09 00:54:18.333333334,0.0,207.169721179048,0.0,0.0,21.21,-21.21,0.0,0.35350000000000004,False,depot_charge
,,,,,,,,,,,,,,,,89.69143923208274,,2026-04-09 00:56:18.333333334,2026-04-09 00:55:18.333333334,0.0,207.169721179048,0.0,0.0,21.21,-21.21,0.0,0.35350000000000004,False,depot_charge
,,,,,,,,,,,,,,,,89.7756058987494,,2026-04-09 00:57:18.333333334,2026-04-09 00:56:18.333333334,0.0,207.169721179048,0.0,0.0,21.21,-21.21,0.0,0.35350000000000004,False,depot_charge
,,,,,,,,,,,,,,,,89.85977256541607,,2026-04-09 00:58:18.333333334,2026-04-09 00:57:18.333333334,0.0,207.169721179048,0.0,0.0,21.21,-21.21,0.0,0.35350000000000004,False,depot_charge
,,,,,,,,,,,,,,,,89.94393923208273,,2026-04-09 00:59:18.333333334,2026-04-09 00:58:18.333333334,0.0,207.169721179048,0.0,0.0,21.21,-21.21,0.0,0.35350000000000004,False,depot_charge
,,,,,,,,,,,,,,,,90.02810589874939,,2026-04-09 01:00:18.333333334,2026-04-09 00:59:18.333333334,0.0,207.169721179048,0.0,0.0,21.21,-21.21,0.0,0.35350000000000004,False,depot_charge
,,,,,,,,,,,,,,,,90.11227256541605,,2026-04-09 01:01:18.333333334,2026-04-09 01:00:18.333333334,0.0,207.169721179048,0.0,0.0,21.21,-21.21,0.0,0.35350000000000004,False,depot_charge
,,,,,,,,,,,,,,,,90.19643923208271,,2026-04-09 01:02:18.333333334,2026-04-09 01:01:18.333333334,0.0,207.169721179048,0.0,0.0,21.21,-21.21,0.0,0.35350000000000004,False,depot_charge
,,,,,,,,,,,,,,,,90.28060589874937,,2026-04-09 01:03:18.333333334,2026-04-09 01:02:18.333333334,0.0,207.169721179048,0.0,0.0,21.21,-21.21,0.0,0.35350000000000004,False,depot_charge
,,,,,,,,,,,,,,,,90.36477256541603,,2026-04-09 01:04:18.333333334,2026-04-09 01:03:18.333333334,0.0,207.169721179048,0.0,0.0,21.21,-21.21,0.0,0.35350000000000004,False,depot_charge
,,,,,,,,,,,,,,,,90.4489392320827,,2026-04-09 01:05:18.333333334,2026-04-09 01:04:18.333333334,0.0,207.169721179048,0.0,0.0,21.21,-21.21,0.0,0.35350000000000004,False,depot_charge
,,,,,,,,,,,,,,,,90.53310589874935,,2026-04-09 01:06:18.333333334,2026-04-09 01:05:18.333333334,0.0,207.169721179048,0.0,0.0,21.21,-21.21,0.0,0.35350000000000004,False,depot_charge
,,,,,,,,,,,,,,,,90.61727256541602,,2026-04-09 01:07:18.333333334,2026-04-09 01:06:18.333333334,0.0,207.169721179048,0.0,0.0,21.21,-21.21,0.0,0.35350000000000004,False,depot_charge
,,,,,,,,,,,,,,,,90.70143923208268,,2026-04-09 01:08:18.333333334,2026-04-09 01:07:18.333333334,0.0,207.169721179048,0.0,0.0,21.21,-21.21,0.0,0.35350000000000004,False,depot_charge
,,,,,,,,,,,,,,,,90.78560589874934,,2026-04-09 01:09:18.333333334,2026-04-09 01:08:18.333333334,0.0,207.169721179048,0.0,0.0,21.21,-21.21,0.0,0.35350000000000004,False,depot_charge
,,,,,,,,,,,,,,,,90.869772565416,,2026-04-09 01:10:18.333333334,2026-04-09 01:09:18.333333334,0.0,207.169721179048,0.0,0.0,21.21,-21.21,0.0,0.35350000000000004,False,depot_charge
,,,,,,,,,,,,,,,,90.95393923208266,,2026-04-09 01:11:18.333333334,2026-04-09 01:10:18.333333334,0.0,207.169721179048,0.0,0.0,21.21,-21.21,0.0,0.35350000000000004,False,depot_charge
,,,,,,,,,,,,,,,,91.03810589874932,,2026-04-09 01:12:18.333333334,2026-04-09 01:11:18.333333334,0.0,207.169721179048,0.0,0.0,21.21,-21.21,0.0,0.35350000000000004,False,depot_charge
,,,,,,,,,,,,,,,,91.12227256541598,,2026-04-09 01:13:18.333333334,2026-04-09 01:12:18.333333334,0.0,207.169721179048,0.0,0.0,21.21,-21.21,0.0,0.35350000000000004,False,depot_charge
,,,,,,,,,,,,,,,,91.20643923208264,,2026-04-09 01:14:18.333333334,2026-04-09 01:13:18.333333334,0.0,207.169721179048,0.0,0.0,21.21,-21.21,0.0,0.35350000000000004,False,depot_charge
,,,,,,,,,,,,,,,,91.2906058987493,,2026-04-09 01:15:18.333333334,2026-04-09 01:14:18.333333334,0.0,207.169721179048,0.0,0.0,21.21,-21.21,0.0,0.35350000000000004,False,depot_charge
,,,,,,,,,,,,,,,,91.37477256541597,,2026-04-09 01:16:18.333333334,2026-04-09 01:15:18.333333334,0.0,207.169721179048,0.0,0.0,21.21,-21.21,0.0,0.35350000000000004,False,depot_charge
,,,,,,,,,,,,,,,,91.45893923208263,,2026-04-09 01:17:18.333333334,2026-04-09 01:16:18.333333334,0.0,207.169721179048,0.0,0.0,21.21,-21.21,0.0,0.35350000000000004,False,depot_charge
,,,,,,,,,,,,,,,,91.54310589874929,,2026-04-09 01:18:18.333333334,2026-04-09 01:17:18.333333334,0.0,207.169721179048,0.0,0.0,21.21,-21.21,0.0,0.35350000000000004,False,depot_charge
,,,,,,,,,,,,,,,,91.62727256541595,,2026-04-09 01:19:18.333333334,2026-04-09 01:18:18.333333334,0.0,207.169721179048,0.0,0.0,21.21,-21.21,0.0,0.35350000000000004,False,depot_charge
,,,,,,,,,,,,,,,,91.71143923208261,,2026-04-09 01:20:18.333333334,2026-04-09 01:19:18.333333334,0.0,207.169721179048,0.0,0.0,21.21,-21.21,0.0,0.35350000000000004,False,depot_charge
,,,,,,,,,,,,,,,,91.79560589874927,,2026-04-09 01:21:18.333333334,2026-04-09 01:20:18.333333334,0.0,207.169721179048,0.0,0.0,21.21,-21.21,0.0,0.35350000000000004,False,depot_charge
,,,,,,,,,,,,,,,,91.87977256541593,,2026-04-09 01:22:18.333333334,2026-04-09 01:21:18.333333334,0.0,207.169721179048,0.0,0.0,21.21,-21.21,0.0,0.35350000000000004,False,depot_charge
,,,,,,,,,,,,,,,,91.9639392320826,,2026-04-09 01:23:18.333333334,2026-04-09 01:22:18.333333334,0.0,207.169721179048,0.0,0.0,21.21,-21.21,0.0,0.35350000000000004,False,depot_charge
,,,,,,,,,,,,,,,,92.04810589874926,,2026-04-09 01:24:18.333333334,2026-04-09 01:23:18.333333334,0.0,207.169721179048,0.0,0.0,21.21,-21.21,0.0,0.35350000000000004,False,depot_charge
,,,,,,,,,,,,,,,,92.13227256541592,,2026-04-09 01:25:18.333333334,2026-04-09 01:24:18.333333334,0.0,207.169721179048,0.0,0.0,21.21,-21.21,0.0,0.35350000000000004,False,depot_charge
,,,,,,,,,,,,,,,,92.21643923208258,,2026-04-09 01:26:18.333333334,2026-04-09 01:25:18.333333334,0.0,207.169721179048,0.0,0.0,21.21,-21.21,0.0,0.35350000000000004,False,depot_charge
,,,,,,,,,,,,,,,,92.30060589874924,,2026-04-09 01:27:18.333333334,2026-04-09 01:26:18.333333334,0.0,207.169721179048,0.0,0.0,21.21,-21.21,0.0,0.35350000000000004,False,depot_charge
,,,,,,,,,,,,,,,,92.3847725654159,,2026-04-09 01:28:18.333333334,2026-04-09 01:27:18.333333334,0.0,207.169721179048,0.0,0.0,21.21,-21.21,0.0,0.35350000000000004,False,depot_charge
,,,,,,,,,,,,,,,,92.46893923208256,,2026-04-09 01:29:18.333333334,2026-04-09 01:28:18.333333334,0.0,207.169721179048,0.0,0.0,21.21,-21.21,0.0,0.35350000000000004,False,depot_charge
,,,,,,,,,,,,,,,,92.55310589874922,,2026-04-09 01:30:18.333333334,2026-04-09 01:29:18.333333334,0.0,207.169721179048,0.0,0.0,21.21,-21.21,0.0,0.35350000000000004,False,depot_charge
,,,,,,,,,,,,,,,,92.63727256541588,,2026-04-09 01:31:18.333333334,2026-04-09 01:30:18.333333334,0.0,207.169721179048,0.0,0.0,21.21,-21.21,0.0,0.35350000000000004,False,depot_charge
,,,,,,,,,,,,,,,,92.72143923208255,,2026-04-09 01:32:18.333333334,2026-04-09 01:31:18.333333334,0.0,207.169721179048,0.0,0.0,21.21,-21.21,0.0,0.35350000000000004,False,depot_charge
,,,,,,,,,,,,,,,,92.8056058987492,,2026-04-09 01:33:18.333333334,2026-04-09 01:32:18.333333334,0.0,207.169721179048,0.0,0.0,21.21,-21.21,0.0,0.35350000000000004,False,depot_charge
,,,,,,,,,,,,,,,,92.88977256541587,,2026-04-09 01:34:18.333333334,2026-04-09 01:33:18.333333334,0.0,207.169721179048,0.0,0.0,21.21,-21.21,0.0,0.35350000000000004,False,depot_charge
,,,,,,,,,,,,,,,,92.97393923208253,,2026-04-09 01:35:18.333333334,2026-04-09 01:34:18.333333334,0.0,207.169721179048,0.0,0.0,21.21,-21.21,0.0,0.35350000000000004,False,depot_charge
,,,,,,,,,,,,,,,,93.05810589874919,,2026-04-09 01:36:18.333333334,2026-04-09 01:35:18.333333334,0.0,207.169721179048,0.0,0.0,21.21,-21.21,0.0,0.35350000000000004,False,depot_charge
,,,,,,,,,,,,,,,,93.14227256541585,,2026-04-09 01:37:18.333333334,2026-04-09 01:36:18.333333334,0.0,207.169721179048,0.0,0.0,21.21,-21.21,0.0,0.35350000000000004,False,depot_charge
,,,,,,,,,,,,,,,,93.22643923208251,,2026-04-09 01:38:18.333333334,2026-04-09 01:37:18.333333334,0.0,207.169721179048,0.0,0.0,21.21,-21.21,0.0,0.35350000000000004,False,depot_charge
,,,,,,,,,,,,,,,,93.31060589874917,,2026-04-09 01:39:18.333333334,2026-04-09 01:38:18.333333334,0.0,207.169721179048,0.0,0.0,21.21,-21.21,0.0,0.35350000000000004,False,depot_charge
,,,,,,,,,,,,,,,,93.39477256541583,,2026-04-09 01:40:18.333333334,2026-04-09 01:39:18.333333334,0.0,207.169721179048,0.0,0.0,21.21,-21.21,0.0,0.35350000000000004,False,depot_charge
,,,,,,,,,,,,,,,,93.4789392320825,,2026-04-09 01:41:18.333333334,2026-04-09 01:40:18.333333334,0.0,207.169721179048,0.0,0.0,21.21,-21.21,0.0,0.35350000000000004,False,depot_charge
,,,,,,,,,,,,,,,,93.56310589874916,,2026-04-09 01:42:18.333333334,2026-04-09 01:41:18.333333334,0.0,207.169721179048,0.0,0.0,21.21,-21.21,0.0,0.35350000000000004,False,depot_charge
,,,,,,,,,,,,,,,,93.64727256541582,,2026-04-09 01:43:18.333333334,2026-04-09 01:42:18.333333334,0.0,207.169721179048,0.0,0.0,21.21,-21.21,0.0,0.35350000000000004,False,depot_charge
,,,,,,,,,,,,,,,,93.73143923208248,,2026-04-09 01:44:18.333333334,2026-04-09 01:43:18.333333334,0.0,207.169721179048,0.0,0.0,21.21,-21.21,0.0,0.35350000000000004,False,depot_charge
,,,,,,,,,,,,,,,,93.81560589874914,,2026-04-09 01:45:18.333333334,2026-04-09 01:44:18.333333334,0.0,207.169721179048,0.0,0.0,21.21,-21.21,0.0,0.35350000000000004,False,depot_charge
,,,,,,,,,,,,,,,,93.8997725654158,,2026-04-09 01:46:18.333333334,2026-04-09 01:45:18.333333334,0.0,207.169721179048,0.0,0.0,21.21,-21.21,0.0,0.35350000000000004,False,depot_charge
,,,,,,,,,,,,,,,,93.98393923208246,,2026-04-09 01:47:18.333333334,2026-04-09 01:46:18.333333334,0.0,207.169721179048,0.0,0.0,21.21,-21.21,0.0,0.35350000000000004,False,depot_charge
,,,,,,,,,,,,,,,,94.06810589874912,,2026-04-09 01:48:18.333333334,2026-04-09 01:47:18.333333334,0.0,207.169721179048,0.0,0.0,21.21,-21.21,0.0,0.35350000000000004,False,depot_charge
,,,,,,,,,,,,,,,,94.15227256541579,,2026-04-09 01:49:18.333333334,2026-04-09 01:48:18.333333334,0.0,207.169721179048,0.0,0.0,21.21,-21.21,0.0,0.35350000000000004,False,depot_charge
,,,,,,,,,,,,,,,,94.23643923208245,,2026-04-09 01:50:18.333333334,2026-04-09 01:49:18.333333334,0.0,207.169721179048,0.0,0.0,21.21,-21.21,0.0,0.35350000000000004,False,depot_charge
,,,,,,,,,,,,,,,,94.32060589874911,,2026-04-09 01:51:18.333333334,2026-04-09 01:50:18.333333334,0.0,207.169721179048,0.0,0.0,21.21,-21.21,0.0,0.35350000000000004,False,depot_charge
,,,,,,,,,,,,,,,,94.40477256541577,,2026-04-09 01:52:18.333333334,2026-04-09 01:51:18.333333334,0.0,207.169721179048,0.0,0.0,21.21,-21.21,0.0,0.35350000000000004,False,depot_charge
,,,,,,,,,,,,,,,,94.48893923208243,,2026-04-09 01:53:18.333333334,2026-04-09 01:52:18.333333334,0.0,207.169721179048,0.0,0.0,21.21,-21.21,0.0,0.35350000000000004,False,depot_charge
,,,,,,,,,,,,,,,,94.57310589874909,,2026-04-09 01:54:18.333333334,2026-04-09 01:53:18.333333334,0.0,207.169721179048,0.0,0.0,21.21,-21.21,0.0,0.35350000000000004,False,depot_charge
,,,,,,,,,,,,,,,,94.65727256541575,,2026-04-09 01:55:18.333333334,2026-04-09 01:54:18.333333334,0.0,207.169721179048,0.0,0.0,21.21,-21.21,0.0,0.35350000000000004,False,depot_charge
,,,,,,,,,,,,,,,,94.74143923208241,,2026-04-09 01:56:18.333333334,2026-04-09 01:55:18.333333334,0.0,207.169721179048,0.0,0.0,21.21,-21.21,0.0,0.35350000000000004,False,depot_charge
,,,,,,,,,,,,,,,,94.82560589874907,,2026-04-09 01:57:18.333333334,2026-04-09 01:56:18.333333334,0.0,207.169721179048,0.0,0.0,21.21,-21.21,0.0,0.35350000000000004,False,depot_charge
,,,,,,,,,,,,,,,,94.90977256541574,,2026-04-09 01:58:18.333333334,2026-04-09 01:57:18.333333334,0.0,207.169721179048,0.0,0.0,21.21,-21.21,0.0,0.35350000000000004,False,depot_charge
,,,,,,,,,,,,,,,,94.9939392320824,,2026-04-09 01:59:18.333333334,2026-04-09 01:58:18.333333334,0.0,207.169721179048,0.0,0.0,21.21,-21.21,0.0,0.35350000000000004,False,depot_charge
,,,,,,,,,,,,,,,,95.07810589874906,,2026-04-09 02:00:18.333333334,2026-04-09 01:59:18.333333334,0.0,207.169721179048,0.0,0.0,21.21,-21.21,0.0,0.35350000000000004,False,depot_charge
,,,,,,,,,,,,,,,,95.16227256541572,,2026-04-09 02:01:18.333333334,2026-04-09 02:00:18.333333334,0.0,207.169721179048,0.0,0.0,21.21,-21.21,0.0,0.35350000000000004,False,depot_charge
,,,,,,,,,,,,,,,,95.24643923208238,,2026-04-09 02:02:18.333333334,2026-04-09 02:01:18.333333334,0.0,207.169721179048,0.0,0.0,21.21,-21.21,0.0,0.35350000000000004,False,depot_charge
,,,,,,,,,,,,,,,,95.33060589874904,,2026-04-09 02:03:18.333333334,2026-04-09 02:02:18.333333334,0.0,207.169721179048,0.0,0.0,21.21,-21.21,0.0,0.35350000000000004,False,depot_charge
,,,,,,,,,,,,,,,,95.4147725654157,,2026-04-09 02:04:18.333333334,2026-04-09 02:03:18.333333334,0.0,207.169721179048,0.0,0.0,21.21,-21.21,0.0,0.35350000000000004,False,depot_charge
,,,,,,,,,,,,,,,,95.49893923208236,,2026-04-09 02:05:18.333333334,2026-04-09 02:04:18.333333334,0.0,207.169721179048,0.0,0.0,21.21,-21.21,0.0,0.35350000000000004,False,depot_charge
,,,,,,,,,,,,,,,,95.58310589874903,,2026-04-09 02:06:18.333333334,2026-04-09 02:05:18.333333334,0.0,207.169721179048,0.0,0.0,21.21,-21.21,0.0,0.35350000000000004,False,depot_charge
,,,,,,,,,,,,,,,,95.66727256541569,,2026-04-09 02:07:18.333333334,2026-04-09 02:06:18.333333334,0.0,207.169721179048,0.0,0.0,21.21,-21.21,0.0,0.35350000000000004,False,depot_charge
,,,,,,,,,,,,,,,,95.75143923208235,,2026-04-09 02:08:18.333333334,2026-04-09 02:07:18.333333334,0.0,207.169721179048,0.0,0.0,21.21,-21.21,0.0,0.35350000000000004,False,depot_charge
,,,,,,,,,,,,,,,,95.83560589874901,,2026-04-09 02:09:18.333333334,2026-04-09 02:08:18.333333334,0.0,207.169721179048,0.0,0.0,21.21,-21.21,0.0,0.35350000000000004,False,depot_charge
,,,,,,,,,,,,,,,,95.91977256541567,,2026-04-09 02:10:18.333333334,2026-04-09 02:09:18.333333334,0.0,207.169721179048,0.0,0.0,21.21,-21.21,0.0,0.35350000000000004,False,depot_charge
,,,,,,,,,,,,,,,,96.00393923208233,,2026-04-09 02:11:18.333333334,2026-04-09 02:10:18.333333334,0.0,207.169721179048,0.0,0.0,21.21,-21.21,0.0,0.35350000000000004,False,depot_charge
,,,,,,,,,,,,,,,,96.08810589874899,,2026-04-09 02:12:18.333333334,2026-04-09 02:11:18.333333334,0.0,207.169721179048,0.0,0.0,21.21,-21.21,0.0,0.35350000000000004,False,depot_charge
,,,,,,,,,,,,,,,,96.17227256541565,,2026-04-09 02:13:18.333333334,2026-04-09 02:12:18.333333334,0.0,207.169721179048,0.0,0.0,21.21,-21.21,0.0,0.35350000000000004,False,depot_charge
,,,,,,,,,,,,,,,,96.25643923208231,,2026-04-09 02:14:18.333333334,2026-04-09 02:13:18.333333334,0.0,207.169721179048,0.0,0.0,21.21,-21.21,0.0,0.35350000000000004,False,depot_charge
,,,,,,,,,,,,,,,,96.34060589874898,,2026-04-09 02:15:18.333333334,2026-04-09 02:14:18.333333334,0.0,207.169721179048,0.0,0.0,21.21,-21.21,0.0,0.35350000000000004,False,depot_charge
,,,,,,,,,,,,,,,,96.42477256541564,,2026-04-09 02:16:18.333333334,2026-04-09 02:15:18.333333334,0.0,207.169721179048,0.0,0.0,21.21,-21.21,0.0,0.35350000000000004,False,depot_charge
,,,,,,,,,,,,,,,,96.5089392320823,,2026-04-09 02:17:18.333333334,2026-04-09 02:16:18.333333334,0.0,207.169721179048,0.0,0.0,21.21,-21.21,0.0,0.35350000000000004,False,depot_charge
,,,,,,,,,,,,,,,,96.59310589874896,,2026-04-09 02:18:18.333333334,2026-04-09 02:17:18.333333334,0.0,207.169721179048,0.0,0.0,21.21,-21.21,0.0,0.35350000000000004,False,depot_charge
,,,,,,,,,,,,,,,,96.67727256541562,,2026-04-09 02:19:18.333333334,2026-04-09 02:18:18.333333334,0.0,207.169721179048,0.0,0.0,21.21,-21.21,0.0,0.35350000000000004,False,depot_charge
,,,,,,,,,,,,,,,,96.76143923208228,,2026-04-09 02:20:18.333333334,2026-04-09 02:19:18.333333334,0.0,207.169721179048,0.0,0.0,21.21,-21.21,0.0,0.35350000000000004,False,depot_charge
,,,,,,,,,,,,,,,,96.84560589874894,,2026-04-09 02:21:18.333333334,2026-04-09 02:20:18.333333334,0.0,207.169721179048,0.0,0.0,21.21,-21.21,0.0,0.35350000000000004,False,depot_charge
,,,,,,,,,,,,,,,,96.9297725654156,,2026-04-09 02:22:18.333333334,2026-04-09 02:21:18.333333334,0.0,207.169721179048,0.0,0.0,21.21,-21.21,0.0,0.35350000000000004,False,depot_charge
,,,,,,,,,,,,,,,,97.01393923208227,,2026-04-09 02:23:18.333333334,2026-04-09 02:22:18.333333334,0.0,207.169721179048,0.0,0.0,21.21,-21.21,0.0,0.35350000000000004,False,depot_charge
,,,,,,,,,,,,,,,,97.09810589874893,,2026-04-09 02:24:18.333333334,2026-04-09 02:23:18.333333334,0.0,207.169721179048,0.0,0.0,21.21,-21.21,0.0,0.35350000000000004,False,depot_charge
,,,,,,,,,,,,,,,,97.18227256541559,,2026-04-09 02:25:18.333333334,2026-04-09 02:24:18.333333334,0.0,207.169721179048,0.0,0.0,21.21,-21.21,0.0,0.35350000000000004,False,depot_charge
,,,,,,,,,,,,,,,,97.26643923208225,,2026-04-09 02:26:18.333333334,2026-04-09 02:25:18.333333334,0.0,207.169721179048,0.0,0.0,21.21,-21.21,0.0,0.35350000000000004,False,depot_charge
,,,,,,,,,,,,,,,,97.35060589874891,,2026-04-09 02:27:18.333333334,2026-04-09 02:26:18.333333334,0.0,207.169721179048,0.0,0.0,21.21,-21.21,0.0,0.35350000000000004,False,depot_charge
,,,,,,,,,,,,,,,,97.43477256541557,,2026-04-09 02:28:18.333333334,2026-04-09 02:27:18.333333334,0.0,207.169721179048,0.0,0.0,21.21,-21.21,0.0,0.35350000000000004,False,depot_charge
,,,,,,,,,,,,,,,,97.51893923208223,,2026-04-09 02:29:18.333333334,2026-04-09 02:28:18.333333334,0.0,207.169721179048,0.0,0.0,21.21,-21.21,0.0,0.35350000000000004,False,depot_charge
,,,,,,,,,,,,,,,,97.6031058987489,,2026-04-09 02:30:18.333333334,2026-04-09 02:29:18.333333334,0.0,207.169721179048,0.0,0.0,21.21,-21.21,0.0,0.35350000000000004,False,depot_charge
,,,,,,,,,,,,,,,,97.68727256541555,,2026-04-09 02:31:18.333333334,2026-04-09 02:30:18.333333334,0.0,207.169721179048,0.0,0.0,21.21,-21.21,0.0,0.35350000000000004,False,depot_charge
,,,,,,,,,,,,,,,,97.77143923208222,,2026-04-09 02:32:18.333333334,2026-04-09 02:31:18.333333334,0.0,207.169721179048,0.0,0.0,21.21,-21.21,0.0,0.35350000000000004,False,depot_charge
,,,,,,,,,,,,,,,,97.85560589874888,,2026-04-09 02:33:18.333333334,2026-04-09 02:32:18.333333334,0.0,207.169721179048,0.0,0.0,21.21,-21.21,0.0,0.35350000000000004,False,depot_charge
,,,,,,,,,,,,,,,,97.93977256541554,,2026-04-09 02:34:18.333333334,2026-04-09 02:33:18.333333334,0.0,207.169721179048,0.0,0.0,21.21,-21.21,0.0,0.35350000000000004,False,depot_charge
,,,,,,,,,,,,,,,,98.0239392320822,,2026-04-09 02:35:18.333333334,2026-04-09 02:34:18.333333334,0.0,207.169721179048,0.0,0.0,21.21,-21.21,0.0,0.35350000000000004,False,depot_charge
,,,,,,,,,,,,,,,,98.10810589874886,,2026-04-09 02:36:18.333333334,2026-04-09 02:35:18.333333334,0.0,207.169721179048,0.0,0.0,21.21,-21.21,0.0,0.35350000000000004,False,depot_charge
,,,,,,,,,,,,,,,,98.19227256541552,,2026-04-09 02:37:18.333333334,2026-04-09 02:36:18.333333334,0.0,207.169721179048,0.0,0.0,21.21,-21.21,0.0,0.35350000000000004,False,depot_charge
,,,,,,,,,,,,,,,,98.27643923208218,,2026-04-09 02:38:18.333333334,2026-04-09 02:37:18.333333334,0.0,207.169721179048,0.0,0.0,21.21,-21.21,0.0,0.35350000000000004,False,depot_charge
,,,,,,,,,,,,,,,,98.36060589874884,,2026-04-09 02:39:18.333333334,2026-04-09 02:38:18.333333334,0.0,207.169721179048,0.0,0.0,21.21,-21.21,0.0,0.35350000000000004,False,depot_charge
,,,,,,,,,,,,,,,,98.4447725654155,,2026-04-09 02:40:18.333333334,2026-04-09 02:39:18.333333334,0.0,207.169721179048,0.0,0.0,21.21,-21.21,0.0,0.35350000000000004,False,depot_charge
,,,,,,,,,,,,,,,,98.52893923208217,,2026-04-09 02:41:18.333333334,2026-04-09 02:40:18.333333334,0.0,207.169721179048,0.0,0.0,21.21,-21.21,0.0,0.35350000000000004,False,depot_charge
,,,,,,,,,,,,,,,,98.61310589874883,,2026-04-09 02:42:18.333333334,2026-04-09 02:41:18.333333334,0.0,207.169721179048,0.0,0.0,21.21,-21.21,0.0,0.35350000000000004,False,depot_charge
,,,,,,,,,,,,,,,,98.69727256541549,,2026-04-09 02:43:18.333333334,2026-04-09 02:42:18.333333334,0.0,207.169721179048,0.0,0.0,21.21,-21.21,0.0,0.35350000000000004,False,depot_charge
,,,,,,,,,,,,,,,,98.78143923208215,,2026-04-09 02:44:18.333333334,2026-04-09 02:43:18.333333334,0.0,207.169721179048,0.0,0.0,21.21,-21.21,0.0,0.35350000000000004,False,depot_charge
,,,,,,,,,,,,,,,,98.86560589874881,,2026-04-09 02:45:18.333333334,2026-04-09 02:44:18.333333334,0.0,207.169721179048,0.0,0.0,21.21,-21.21,0.0,0.35350000000000004,False,depot_charge
,,,,,,,,,,,,,,,,98.94977256541547,,2026-04-09 02:46:18.333333334,2026-04-09 02:45:18.333333334,0.0,207.169721179048,0.0,0.0,21.21,-21.21,0.0,0.35350000000000004,False,depot_charge
,,,,,,,,,,,,,,,,99.03393923208213,,2026-04-09 02:47:18.333333334,2026-04-09 02:46:18.333333334,0.0,207.169721179048,0.0,0.0,21.21,-21.21,0.0,0.35350000000000004,False,depot_charge
,,,,,,,,,,,,,,,,99.1181058987488,,2026-04-09 02:48:18.333333334,2026-04-09 02:47:18.333333334,0.0,207.169721179048,0.0,0.0,21.21,-21.21,0.0,0.35350000000000004,False,depot_charge
,,,,,,,,,,,,,,,,99.20227256541546,,2026-04-09 02:49:18.333333334,2026-04-09 02:48:18.333333334,0.0,207.169721179048,0.0,0.0,21.21,-21.21,0.0,0.35350000000000004,False,depot_charge
,,,,,,,,,,,,,,,,99.28643923208212,,2026-04-09 02:50:18.333333334,2026-04-09 02:49:18.333333334,0.0,207.169721179048,0.0,0.0,21.21,-21.21,0.0,0.35350000000000004,False,depot_charge
,,,,,,,,,,,,,,,,99.37060589874878,,2026-04-09 02:51:18.333333334,2026-04-09 02:50:18.333333334,0.0,207.169721179048,0.0,0.0,21.21,-21.21,0.0,0.35350000000000004,False,depot_charge
,,,,,,,,,,,,,,,,99.45477256541544,,2026-04-09 02:52:18.333333334,2026-04-09 02:51:18.333333334,0.0,207.169721179048,0.0,0.0,21.21,-21.21,0.0,0.35350000000000004,False,depot_charge
,,,,,,,,,,,,,,,,99.5389392320821,,2026-04-09 02:53:18.333333334,2026-04-09 02:52:18.333333334,0.0,207.169721179048,0.0,0.0,21.21,-21.21,0.0,0.35350000000000004,False,depot_charge
,,,,,,,,,,,,,,,,99.62310589874876,,2026-04-09 02:54:18.333333334,2026-04-09 02:53:18.333333334,0.0,207.169721179048,0.0,0.0,21.21,-21.21,0.0,0.35350000000000004,False,depot_charge
,,,,,,,,,,,,,,,,99.70727256541542,,2026-04-09 02:55:18.333333334,2026-04-09 02:54:18.333333334,0.0,207.169721179048,0.0,0.0,21.21,-21.21,0.0,0.35350000000000004,False,depot_charge
,,,,,,,,,,,,,,,,99.79143923208208,,2026-04-09 02:56:18.333333334,2026-04-09 02:55:18.333333334,0.0,207.169721179048,0.0,0.0,21.21,-21.21,0.0,0.35350000000000004,False,depot_charge
,,,,,,,,,,,,,,,,99.87560589874874,,2026-04-09 02:57:18.333333334,2026-04-09 02:56:18.333333334,0.0,207.169721179048,0.0,0.0,21.21,-21.21,0.0,0.35350000000000004,False,depot_charge
,,,,,,,,,,,,,,,,99.9597725654154,,2026-04-09 02:58:18.333333334,2026-04-09 02:57:18.333333334,0.0,207.169721179048,0.0,0.0,21.21,-21.21,0.0,0.35350000000000004,False,depot_charge
,,,,,,,,,,,,,,,,100.0,,2026-04-09 02:59:18.333333334,2026-04-09 02:58:18.333333334,0.0,207.169721179048,0.0,0.0,10.137313515317658,-10.137313515317658,0.0,0.1689552252552943,False,depot_charge
,,,,,,,,,,,,,,,,100.0,,2026-04-09 03:00:18.333333334,2026-04-09 02:59:18.333333334,0.0,207.169721179048,0.0,0.0,0.0,-0.0,0.0,0.0,False,depot_charge
,,,,,,,,,,,,,,,,100.0,,2026-04-09 03:01:18.333333334,2026-04-09 03:00:18.333333334,0.0,207.169721179048,0.0,0.0,0.0,-0.0,0.0,0.0,False,depot_charge
,,,,,,,,,,,,,,,,100.0,,2026-04-09 03:02:18.333333334,2026-04-09 03:01:18.333333334,0.0,207.169721179048,0.0,0.0,0.0,-0.0,0.0,0.0,False,depot_charge
,,,,,,,,,,,,,,,,100.0,,2026-04-09 03:03:18.333333334,2026-04-09 03:02:18.333333334,0.0,207.169721179048,0.0,0.0,0.0,-0.0,0.0,0.0,False,depot_charge
,,,,,,,,,,,,,,,,100.0,,2026-04-09 03:04:18.333333334,2026-04-09 03:03:18.333333334,0.0,207.169721179048,0.0,0.0,0.0,-0.0,0.0,0.0,False,depot_charge
,,,,,,,,,,,,,,,,100.0,,2026-04-09 03:05:18.333333334,2026-04-09 03:04:18.333333334,0.0,207.169721179048,0.0,0.0,0.0,-0.0,0.0,0.0,False,depot_charge
,,,,,,,,,,,,,,,,100.0,,2026-04-09 03:06:18.333333334,2026-04-09 03:05:18.333333334,0.0,207.169721179048,0.0,0.0,0.0,-0.0,0.0,0.0,False,depot_charge
,,,,,,,,,,,,,,,,100.0,,2026-04-09 03:07:18.333333334,2026-04-09 03:06:18.333333334,0.0,207.169721179048,0.0,0.0,0.0,-0.0,0.0,0.0,False,depot_charge
,,,,,,,,,,,,,,,,100.0,,2026-04-09 03:08:18.333333334,2026-04-09 03:07:18.333333334,0.0,207.169721179048,0.0,0.0,0.0,-0.0,0.0,0.0,False,depot_charge
,,,,,,,,,,,,,,,,100.0,,2026-04-09 03:09:18.333333334,2026-04-09 03:08:18.333333334,0.0,207.169721179048,0.0,0.0,0.0,-0.0,0.0,0.0,False,depot_charge
,,,,,,,,,,,,,,,,100.0,,2026-04-09 03:10:18.333333334,2026-04-09 03:09:18.333333334,0.0,207.169721179048,0.0,0.0,0.0,-0.0,0.0,0.0,False,depot_charge
,,,,,,,,,,,,,,,,100.0,,2026-04-09 03:11:18.333333334,2026-04-09 03:10:18.333333334,0.0,207.169721179048,0.0,0.0,0.0,-0.0,0.0,0.0,False,depot_charge
,,,,,,,,,,,,,,,,100.0,,2026-04-09 03:12:18.333333334,2026-04-09 03:11:18.333333334,0.0,207.169721179048,0.0,0.0,0.0,-0.0,0.0,0.0,False,depot_charge
,,,,,,,,,,,,,,,,100.0,,2026-04-09 03:13:18.333333334,2026-04-09 03:12:18.333333334,0.0,207.169721179048,0.0,0.0,0.0,-0.0,0.0,0.0,False,depot_charge
,,,,,,,,,,,,,,,,100.0,,2026-04-09 03:14:18.333333334,2026-04-09 03:13:18.333333334,0.0,207.169721179048,0.0,0.0,0.0,-0.0,0.0,0.0,False,depot_charge
,,,,,,,,,,,,,,,,100.0,,2026-04-09 03:15:18.333333334,2026-04-09 03:14:18.333333334,0.0,207.169721179048,0.0,0.0,0.0,-0.0,0.0,0.0,False,depot_charge
,,,,,,,,,,,,,,,,100.0,,2026-04-09 03:16:18.333333334,2026-04-09 03:15:18.333333334,0.0,207.169721179048,0.0,0.0,0.0,-0.0,0.0,0.0,False,depot_charge
,,,,,,,,,,,,,,,,100.0,,2026-04-09 03:17:18.333333334,2026-04-09 03:16:18.333333334,0.0,207.169721179048,0.0,0.0,0.0,-0.0,0.0,0.0,False,depot_charge
,,,,,,,,,,,,,,,,100.0,,2026-04-09 03:18:18.333333334,2026-04-09 03:17:18.333333334,0.0,207.169721179048,0.0,0.0,0.0,-0.0,0.0,0.0,False,depot_charge
,,,,,,,,,,,,,,,,100.0,,2026-04-09 03:19:18.333333334,2026-04-09 03:18:18.333333334,0.0,207.169721179048,0.0,0.0,0.0,-0.0,0.0,0.0,False,depot_charge
,,,,,,,,,,,,,,,,100.0,,2026-04-09 03:20:18.333333334,2026-04-09 03:19:18.333333334,0.0,207.169721179048,0.0,0.0,0.0,-0.0,0.0,0.0,False,depot_charge
,,,,,,,,,,,,,,,,100.0,,2026-04-09 03:21:18.333333334,2026-04-09 03:20:18.333333334,0.0,207.169721179048,0.0,0.0,0.0,-0.0,0.0,0.0,False,depot_charge
,,,,,,,,,,,,,,,,100.0,,2026-04-09 03:22:18.333333334,2026-04-09 03:21:18.333333334,0.0,207.169721179048,0.0,0.0,0.0,-0.0,0.0,0.0,False,depot_charge
,,,,,,,,,,,,,,,,100.0,,2026-04-09 03:23:18.333333334,2026-04-09 03:22:18.333333334,0.0,207.169721179048,0.0,0.0,0.0,-0.0,0.0,0.0,False,depot_charge
,,,,,,,,,,,,,,,,100.0,,2026-04-09 03:24:18.333333334,2026-04-09 03:23:18.333333334,0.0,207.169721179048,0.0,0.0,0.0,-0.0,0.0,0.0,False,depot_charge
,,,,,,,,,,,,,,,,100.0,,2026-04-09 03:25:18.333333334,2026-04-09 03:24:18.333333334,0.0,207.169721179048,0.0,0.0,0.0,-0.0,0.0,0.0,False,depot_charge
,,,,,,,,,,,,,,,,100.0,,2026-04-09 03:26:18.333333334,2026-04-09 03:25:18.333333334,0.0,207.169721179048,0.0,0.0,0.0,-0.0,0.0,0.0,False,depot_charge
,,,,,,,,,,,,,,,,100.0,,2026-04-09 03:27:18.333333334,2026-04-09 03:26:18.333333334,0.0,207.169721179048,0.0,0.0,0.0,-0.0,0.0,0.0,False,depot_charge
,,,,,,,,,,,,,,,,100.0,,2026-04-09 03:28:18.333333334,2026-04-09 03:27:18.333333334,0.0,207.169721179048,0.0,0.0,0.0,-0.0,0.0,0.0,False,depot_charge
,,,,,,,,,,,,,,,,100.0,,2026-04-09 03:29:18.333333334,2026-04-09 03:28:18.333333334,0.0,207.169721179048,0.0,0.0,0.0,-0.0,0.0,0.0,False,depot_charge
,,,,,,,,,,,,,,,,100.0,,2026-04-09 03:30:18.333333334,2026-04-09 03:29:18.333333334,0.0,207.169721179048,0.0,0.0,0.0,-0.0,0.0,0.0,False,depot_charge
,,,,,,,,,,,,,,,,100.0,,2026-04-09 03:31:18.333333334,2026-04-09 03:30:18.333333334,0.0,207.169721179048,0.0,0.0,0.0,-0.0,0.0,0.0,False,depot_charge
,,,,,,,,,,,,,,,,100.0,,2026-04-09 03:32:18.333333334,2026-04-09 03:31:18.333333334,0.0,207.169721179048,0.0,0.0,0.0,-0.0,0.0,0.0,False,depot_charge
,,,,,,,,,,,,,,,,100.0,,2026-04-09 03:33:18.333333334,2026-04-09 03:32:18.333333334,0.0,207.169721179048,0.0,0.0,0.0,-0.0,0.0,0.0,False,depot_charge
,,,,,,,,,,,,,,,,100.0,,2026-04-09 03:34:18.333333334,2026-04-09 03:33:18.333333334,0.0,207.169721179048,0.0,0.0,0.0,-0.0,0.0,0.0,False,depot_charge
,,,,,,,,,,,,,,,,100.0,,2026-04-09 03:35:18.333333334,2026-04-09 03:34:18.333333334,0.0,207.169721179048,0.0,0.0,0.0,-0.0,0.0,0.0,False,depot_charge
,,,,,,,,,,,,,,,,100.0,,2026-04-09 03:36:18.333333334,2026-04-09 03:35:18.333333334,0.0,207.169721179048,0.0,0.0,0.0,-0.0,0.0,0.0,False,depot_charge
,,,,,,,,,,,,,,,,100.0,,2026-04-09 03:37:18.333333334,2026-04-09 03:36:18.333333334,0.0,207.169721179048,0.0,0.0,0.0,-0.0,0.0,0.0,False,depot_charge
,,,,,,,,,,,,,,,,100.0,,2026-04-09 03:38:18.333333334,2026-04-09 03:37:18.333333334,0.0,207.169721179048,0.0,0.0,0.0,-0.0,0.0,0.0,False,depot_charge
,,,,,,,,,,,,,,,,100.0,,2026-04-09 03:39:18.333333334,2026-04-09 03:38:18.333333334,0.0,207.169721179048,0.0,0.0,0.0,-0.0,0.0,0.0,False,depot_charge
,,,,,,,,,,,,,,,,100.0,,2026-04-09 03:40:18.333333334,2026-04-09 03:39:18.333333334,0.0,207.169721179048,0.0,0.0,0.0,-0.0,0.0,0.0,False,depot_charge
,,,,,,,,,,,,,,,,100.0,,2026-04-09 03:41:18.333333334,2026-04-09 03:40:18.333333334,0.0,207.169721179048,0.0,0.0,0.0,-0.0,0.0,0.0,False,depot_charge
,,,,,,,,,,,,,,,,100.0,,2026-04-09 03:42:18.333333334,2026-04-09 03:41:18.333333334,0.0,207.169721179048,0.0,0.0,0.0,-0.0,0.0,0.0,False,depot_charge
,,,,,,,,,,,,,,,,100.0,,2026-04-09 03:43:18.333333334,2026-04-09 03:42:18.333333334,0.0,207.169721179048,0.0,0.0,0.0,-0.0,0.0,0.0,False,depot_charge
