BusModelId,BusModelName,SegmentIndex,Cycle,TripID,SegmentType,StartStop,EndStop,StartTime,EndTime,TravelTime_min,Distance_km,Speed_km_h,AveragePower_kW,EnergyUsed_kWh,SoC_Start_pct,SoC_End_pct,CumulativeDistance_km,IsDepotSegment
solaris_urbino_12_electric,Solaris Urbino 12 electric,1,0,DEPOT_OUT,depot_deadhead,Depot,Etouvie Quai A,2026-04-08 03:43:27.666666667,2026-04-08 03:49:01.000000000,5.555555555555555,4.0,43.2,32.151270399999994,2.9769694814814813,100.0,99.29119774250441,4.0,True
solaris_urbino_12_electric,Solaris Urbino 12 electric,2,1,9-N1-2-B-034901,line_service,Etouvie Quai A,Martinique,2026-04-08 03:49:01.000000000,2026-04-08 03:49:57.000000000,0.9333333333333333,0.2419015249612658,15.550812318938515,11.260068245184677,0.1751566171473172,99.29119774250441,99.24949378604076,4.241901524961266,False
solaris_urbino_12_electric,Solaris Urbino 12 electric,3,1,9-N1-2-B-034901,line_service,Martinique,Collège R.Parks,2026-04-08 03:50:27.000000000,2026-04-08 03:51:34.000000000,1.1166666666666667,0.3307630000086095,17.77234029897006,12.611161213503856,0.23470772258465508,99.24453346858044,99.18865067748887,4.572664524969875,False
solaris_urbino_12_electric,Solaris Urbino 12 electric,4,1,9-N1-2-B-034901,line_service,Collège R.Parks,Languedoc,2026-04-08 03:52:04.000000000,2026-04-08 03:53:18.000000000,1.2333333333333334,0.29681987678393196,14.439885897596689,10.597817808205917,0.21784403272423272,99.18369036002855,99.13182273318944,4.869484401753807,False
solaris_urbino_12_electric,Solaris Urbino 12 electric,5,1,9-N1-2-B-034901,line_service,Languedoc,Les coursives,2026-04-08 03:53:48.000000000,2026-04-08 03:54:44.000000000,0.9333333333333333,0.297726462758007,19.139558320157594,13.462178045703666,0.2094116584887237,99.12686241572912,99.07700249704133,5.167210864511814,False
solaris_urbino_12_electric,Solaris Urbino 12 electric,6,1,9-N1-2-B-034901,line_service,Les coursives,La Fontaine,2026-04-08 03:55:14.000000000,2026-04-08 03:55:59.000000000,0.75,0.22794980309080773,18.23598424726462,12.898003526410092,0.16122504408012614,99.07204217958102,99.03365526432384,5.395160667602622,False
solaris_urbino_12_electric,Solaris Urbino 12 electric,7,1,9-N1-2-B-034901,line_service,La Fontaine,Place la Barre,2026-04-08 03:56:29.000000000,2026-04-08 03:57:30.000000000,1.0166666666666666,0.2788940733458619,16.459322361395127,11.808108999529809,0.20008184693647732,99.02869494686352,98.98105641187865,5.674054740948485,False
solaris_urbino_12_electric,Solaris Urbino 12 electric,8,1,9-N1-2-B-034901,line_service,Place la Barre,Sully,2026-04-08 03:58:00.000000000,2026-04-08 03:59:34.000000000,1.5666666666666667,0.5529827646282706,21.178063326189086,14.76158400634712,0.38544136016573033,98.97609609441832,98.88432434199792,6.227037505576755,False
solaris_urbino_12_electric,Solaris Urbino 12 electric,9,1,9-N1-2-B-034901,line_service,Sully,Espace Alliance,2026-04-08 04:00:04.000000000,2026-04-08 04:01:37.000000000,1.55,0.5412636534432308,20.952141423608936,14.61567378448361,0.3775715727658266,98.8793640245376,98.78946603102193,6.768301159019986,False
solaris_urbino_12_electric,Solaris Urbino 12 electric,10,1,9-N1-2-B-034901,line_service,Espace Alliance,Faubourg de Hem,2026-04-08 04:02:07.000000000,2026-04-08 04:03:00.000000000,0.8833333333333333,0.3068484114845754,20.842533610273048,14.545059713261502,0.21413560133412768,98.78450571356161,98.7335210465773,7.075149570504561,False
solaris_urbino_12_electric,Solaris Urbino 12 electric,11,1,9-N1-2-B-034901,line_service,Faubourg de Hem,Egl. St-Firmin,2026-04-08 04:03:30.000000000,2026-04-08 04:04:12.000000000,0.7,0.29644718539430037,25.409758748082893,17.59110789775967,0.2052295921405295,98.72856072911698,98.67969654051208,7.371596755898861,False
solaris_urbino_12_electric,Solaris Urbino 12 electric,12,1,9-N1-2-B-034901,line_service,Egl. St-Firmin,Zoo d'Amiens,2026-04-08 04:04:42.000000000,2026-04-08 04:05:38.000000000,0.9333333333333333,0.3979625757415526,25.58330844052838,17.71133170949966,0.2755096043699947,98.67473622305177,98.60913869820178,7.769559331640414,False
solaris_urbino_12_electric,Solaris Urbino 12 electric,13,1,9-N1-2-B-034901,line_service,Zoo d'Amiens,Jean Jaurès,2026-04-08 04:06:08.000000000,2026-04-08 04:07:04.000000000,0.9333333333333333,0.38776459722543666,24.9277241073495,17.25900345845794,0.268473387131568,98.60417838074146,98.54025614571013,8.15732392886585,False
solaris_urbino_12_electric,Solaris Urbino 12 electric,14,1,9-N1-2-B-034901,line_service,Jean Jaurès,Saint-Jacques,2026-04-08 04:07:34.000000000,2026-04-08 04:08:27.000000000,0.8833333333333333,0.3538188673320645,24.032979667838347,16.649496892479902,0.24511759313928747,98.53529582824982,98.47693449654999,8.511142796197916,False
solaris_urbino_12_electric,Solaris Urbino 12 electric,15,1,9-N1-2-B-034901,line_service,Saint-Jacques,M. Culture A,2026-04-08 04:08:57.000000000,2026-04-08 04:09:30.000000000,0.55,0.24280373751186532,26.487680455839854,18.343542843186246,0.16814914272920725,98.47197417908967,98.43193866891605,8.753946533709781,False
solaris_urbino_12_electric,Solaris Urbino 12 electric,16,1,9-N1-2-B-034901,line_service,M. Culture A,Hôtel de Ville,2026-04-08 04:10:00.000000000,2026-04-08 04:12:00.000000000,2.0,0.29674165114956036,8.90224953448681,7.4051695340750365,0.2468389844691679,98.42697835145573,98.36820716467736,9.050688184859341,False
solaris_urbino_12_electric,Solaris Urbino 12 electric,17,1,9-N1-2-B-034901,line_service,Hôtel de Ville,Jacobins,2026-04-08 04:12:30.000000000,2026-04-08 04:13:27.000000000,0.95,0.22829410594169391,14.418575112106984,10.585195099293086,0.1675989224054739,98.36324684721704,98.3233423418824,9.278982290801036,False
solaris_urbino_12_electric,Solaris Urbino 12 electric,18,1,9-N1-2-B-034901,line_service,Jacobins,Emile Zola,2026-04-08 04:13:57.000000000,2026-04-08 04:15:18.000000000,1.35,0.32611241962366005,14.493885316607114,10.6298158571957,0.23917085678690322,98.31838202442208,98.26143658232996,9.605094710424694,False
solaris_urbino_12_electric,Solaris Urbino 12 electric,19,1,9-N1-2-B-034901,line_service,Emile Zola,Gare du Nord B,2026-04-08 04:15:48.000000000,2026-04-08 04:18:30.000000000,2.7,0.35548637357572055,7.899697190571568,6.842679519791913,0.307920578390636,98.25647626486965,98.18316184144331,9.960581084000417,False
solaris_urbino_12_electric,Solaris Urbino 12 electric,20,1,9-N1-2-B-034901,line_service,Gare du Nord B,Caserne Dejean,2026-04-08 04:19:00.000000000,2026-04-08 04:20:33.000000000,1.55,0.3681948881034494,14.252705345939976,10.487049257408216,0.2709154391497123,98.17820152398299,98.11369784799496,10.328775972103866,False
solaris_urbino_12_electric,Solaris Urbino 12 electric,21,1,9-N1-2-B-034901,line_service,Caserne Dejean,Pinceau,2026-04-08 04:21:03.000000000,2026-04-08 04:22:35.000000000,1.5333333333333334,0.35537552735134686,13.905998896357051,10.282474769595455,0.2627743552229949,98.10873753053464,98.0461722078625,10.684151499455213,False
solaris_urbino_12_electric,Solaris Urbino 12 electric,22,1,9-N1-2-B-034901,line_service,Pinceau,L. de Luzarches,2026-04-08 04:23:05.000000000,2026-04-08 04:25:00.000000000,1.9166666666666667,0.44705548624280317,13.994780438905144,10.33478728614811,0.3301390383075091,98.04121189040218,97.96260735747182,11.131206985698016,False
solaris_urbino_12_electric,Solaris Urbino 12 electric,23,1,9-N1-2-B-034901,line_service,L. de Luzarches,Egl. St-Acheul,2026-04-08 04:25:30.000000000,2026-04-08 04:26:10.000000000,0.6666666666666666,0.3248685267650074,29.238167408850664,20.32821859330313,0.22586909548114592,97.95764704001151,97.90386868394457,11.456075512463023,False
solaris_urbino_12_electric,Solaris Urbino 12 electric,24,1,9-N1-2-B-034901,line_service,Egl. St-Acheul,Mercey,2026-04-08 04:26:40.000000000,2026-04-08 04:27:35.000000000,0.9166666666666666,0.45179666905185245,29.572145610666706,20.575864377064864,0.31435348353849096,97.89890836648425,97.82406229897508,11.907872181514877,False
solaris_urbino_12_electric,Solaris Urbino 12 electric,25,1,9-N1-2-B-034901,line_service,Mercey,Sobo,2026-04-08 04:28:05.000000000,2026-04-08 04:29:04.000000000,0.9833333333333333,0.4818036462949089,29.398188587485965,20.446688745559044,0.3350985099966621,97.81910198151476,97.73931662199175,12.389675827809786,False
solaris_urbino_12_electric,Solaris Urbino 12 electric,26,1,9-N1-2-B-034901,line_service,Sobo,Pont de l'Avre,2026-04-08 04:29:34.000000000,2026-04-08 04:31:00.000000000,1.4333333333333333,0.7075852717526405,29.61984858499426,20.611358234859843,0.4923824467216518,97.73435630453143,97.61712238864533,13.097261099562427,False
solaris_urbino_12_electric,Solaris Urbino 12 electric,27,1,9-N1-2-B-034901,line_service,Pont de l'Avre,Cité du Château,2026-04-08 04:31:30.000000000,2026-04-08 04:32:12.000000000,0.7,0.2966141068969825,25.424066305455643,17.60100604348413,0.20534507050731485,97.61216207118501,97.56327038773088,13.39387520645941,False
solaris_urbino_12_electric,Solaris Urbino 12 electric,28,1,9-N1-2-B-034901,line_service,Cité du Château,La Rose Rouge,2026-04-08 04:32:42.000000000,2026-04-08 04:33:30.000000000,0.8,0.3329543642312839,24.97157731734629,17.289107112419597,0.2305214281655946,97.55831007027057,97.50342401594543,13.726829570690693,False
solaris_urbino_12_electric,Solaris Urbino 12 electric,29,1,9-N1-2-B-034901,line_service,La Rose Rouge,Poidevin,2026-04-08 04:34:00.000000000,2026-04-08 04:34:31.000000000,0.5166666666666667,0.2251396338173497,26.145247798143835,18.10302141613429,0.15588712886115635,97.49846369848511,97.46134771542293,13.951969204508043,False
solaris_urbino_12_electric,Solaris Urbino 12 electric,30,1,9-N1-2-B-034901,line_service,Poidevin,M. de Longueau,2026-04-08 04:35:01.000000000,2026-04-08 04:35:45.000000000,0.7333333333333333,0.3145014195772681,25.731934329049206,17.814568253525785,0.21773361198753735,97.45638739796262,97.40454606177511,14.26647062408531,False
solaris_urbino_12_electric,Solaris Urbino 12 electric,31,1,9-N1-2-B-034901,line_service,M. de Longueau,La Fourche,2026-04-08 04:36:15.000000000,2026-04-08 04:36:52.000000000,0.6166666666666667,0.25663398574137214,24.96979320726864,17.287881959235825,0.17768100902547934,97.39958574431479,97.35728074216587,14.523104609826682,False
solaris_urbino_12_electric,Solaris Urbino 12 electric,32,1,9-N1-2-B-034901,line_service,La Fourche,Croix de Fer,2026-04-08 04:37:22.000000000,2026-04-08 04:39:00.000000000,1.6333333333333333,0.6510902221706201,23.91759999810441,16.571542828821517,0.4511142214512525,97.35232042470554,97.24491227674096,15.174194831997301,False
solaris_urbino_12_electric,Solaris Urbino 12 electric,33,1,9-N1-2-B-034901,line_service,Croix de Fer,C. Cial Glisy,2026-04-08 04:39:30.000000000,2026-04-08 04:41:52.000000000,2.3666666666666667,0.70341712703917,17.833110262964873,12.648657874092082,0.4989192828114099,97.23995195928065,97.12116165384936,15.877611959036473,False
solaris_urbino_12_electric,Solaris Urbino 12 electric,34,1,9-N1-2-B-034901,line_service,C. Cial Glisy,Capitaine Nemo,2026-04-08 04:42:22.000000000,2026-04-08 04:42:50.000000000,0.4666666666666667,0.13672688382470435,17.57917077746199,12.492168184754679,0.09716130810364751,97.11620133638904,97.09306769160246,16.014338842861175,False
solaris_urbino_12_electric,Solaris Urbino 12 electric,35,1,9-N1-2-B-034901,line_service,Capitaine Nemo,Pôle J. Verne,2026-04-08 04:43:20.000000000,2026-04-08 04:45:30.000000000,2.1666666666666665,0.3234478124594319,8.957016345030421,7.43600988337268,0.2685225791217912,97.08810737414214,97.02417342673219,16.337786655320606,False
solaris_urbino_12_electric,Solaris Urbino 12 electric,36,1,9-N1-4-B-035101,line_service,Pôle J. Verne,Capitaine Nemo,2026-04-08 04:46:00.000000000,2026-04-08 04:47:11.000000000,1.1833333333333333,0.3340181708930427,16.93613260866132,12.098184498446486,0.23860308316380568,97.01921310927187,96.96240285137573,16.671804826213652,False
solaris_urbino_12_electric,Solaris Urbino 12 electric,37,1,9-N1-4-B-035101,line_service,Capitaine Nemo,C. Cial Glisy,2026-04-08 04:47:41.000000000,2026-04-08 04:48:02.000000000,0.35,0.12291799931516653,21.07165702545712,14.69280128869123,0.08570800751736551,96.95744253391541,96.9370358654589,16.79472282552882,False
solaris_urbino_12_electric,Solaris Urbino 12 electric,38,1,9-N1-4-B-035101,line_service,C. Cial Glisy,Croix de Fer,2026-04-08 04:48:32.000000000,2026-04-08 04:50:59.000000000,2.45,0.6859620842301216,16.79907145053359,12.014623985741244,0.4905971460844341,96.93207554799858,96.81526670369276,17.48068490975894,False
solaris_urbino_12_electric,Solaris Urbino 12 electric,39,1,9-N1-4-B-035101,line_service,Croix de Fer,La Fourche,2026-04-08 04:51:29.000000000,2026-04-08 04:53:17.000000000,1.8,0.7465227463047002,24.88409154349001,17.22907289480432,0.5168721868441296,96.81030638623244,96.68724157984099,18.22720765606364,False
solaris_urbino_12_electric,Solaris Urbino 12 electric,40,1,9-N1-4-B-035101,line_service,La Fourche,M. de Longueau,2026-04-08 04:53:47.000000000,2026-04-08 04:54:19.000000000,0.5333333333333333,0.23645430499839581,26.60110931231953,18.42352454712258,0.1637646626410896,96.68228126238067,96.64328967603754,18.463661961062037,False
solaris_urbino_12_electric,Solaris Urbino 12 electric,41,1,9-N1-4-B-035101,line_service,M. de Longueau,Poidevin,2026-04-08 04:54:49.000000000,2026-04-08 04:55:22.000000000,0.55,0.23823148868252741,25.98888967445754,17.993661455547276,0.16494189667585005,96.63832935857722,96.59905747841631,18.701893449744563,False
solaris_urbino_12_electric,Solaris Urbino 12 electric,42,1,9-N1-4-B-035101,line_service,Poidevin,La Rose Rouge,2026-04-08 04:55:52.000000000,2026-04-08 04:56:31.000000000,0.65,0.2830530932557657,26.127977838993758,18.09092822491121,0.19598505576987146,96.594097160956,96.54743405243936,18.98494654300033,False
solaris_urbino_12_electric,Solaris Urbino 12 electric,43,1,9-N1-4-B-035101,line_service,La Rose Rouge,Cité du Château,2026-04-08 04:57:01.000000000,2026-04-08 04:57:53.000000000,0.8666666666666667,0.38252636844861737,26.482594738750432,18.339960401880504,0.26491053913827395,96.54247373497904,96.47939979708897,19.367472911448946,False
solaris_urbino_12_electric,Solaris Urbino 12 electric,44,1,9-N1-4-B-035101,line_service,Cité du Château,Pont de l'Avre,2026-04-08 04:58:23.000000000,2026-04-08 04:58:59.000000000,0.6,0.25904003764462646,25.904003764462647,17.93441163158536,0.17934411631585362,96.47443947962866,96.43173849955346,19.626512949093573,False
solaris_urbino_12_electric,Solaris Urbino 12 electric,45,1,9-N1-4-B-035101,line_service,Pont de l'Avre,Sobo,2026-04-08 04:59:29.000000000,2026-04-08 05:01:26.000000000,1.95,0.7786426370279388,23.95823498547504,16.598980534956493,0.539466867386086,96.42677818209314,96.29833368985835,20.405155586121513,False
solaris_urbino_12_electric,Solaris Urbino 12 electric,46,1,9-N1-4-B-035101,line_service,Sobo,Mercey,2026-04-08 05:01:56.000000000,2026-04-08 05:03:11.000000000,1.25,0.49486888000554236,23.753706240266034,16.461059769141364,0.3429387451904451,96.29337337239804,96.21172129020984,20.900024466127057,False
solaris_urbino_12_electric,Solaris Urbino 12 electric,47,1,9-N1-4-B-035101,line_service,Mercey,Egl. St-Acheul,2026-04-08 05:03:41.000000000,2026-04-08 05:04:47.000000000,1.1,0.44351095510688016,24.191506642193463,16.75683990194138,0.307208731535592,96.20676097274952,96.13361603666962,21.343535421233938,False
solaris_urbino_12_electric,Solaris Urbino 12 electric,48,1,9-N1-4-B-035101,line_service,Egl. St-Acheul,L. de Luzarches,2026-04-08 05:05:17.000000000,2026-04-08 05:05:59.000000000,0.7,0.27740496861036323,23.777568738031135,16.477127724915903,0.19223315679068553,96.12865571920929,96.08288591997342,21.6209403898443,False
solaris_urbino_12_electric,Solaris Urbino 12 electric,49,1,9-N1-4-B-035101,line_service,L. de Luzarches,Pinceau,2026-04-08 05:06:29.000000000,2026-04-08 05:07:58.000000000,1.4833333333333334,0.3431323580300078,13.879511111326158,10.266877104496691,0.25382001730561266,96.0779256025131,96.01749226505939,21.96407274787431,False
solaris_urbino_12_electric,Solaris Urbino 12 electric,50,1,9-N1-4-B-035101,line_service,Pinceau,Caserne Dejean,2026-04-08 05:08:28.000000000,2026-04-08 05:10:15.000000000,1.7833333333333334,0.40589661587311254,13.656334739656122,10.135631813257165,0.3012535011162546,96.01253194759907,95.94080492352377,22.369969363747423,False
solaris_urbino_12_electric,Solaris Urbino 12 electric,51,1,9-N1-4-B-035101,line_service,Caserne Dejean,Gare du Nord A,2026-04-08 05:10:45.000000000,2026-04-08 05:12:29.000000000,1.7333333333333334,0.3916364257160486,13.55664550555553,10.077106879742848,0.29111642097034895,95.93584460606345,95.86653117249908,22.761605789463474,False
solaris_urbino_12_electric,Solaris Urbino 12 electric,52,1,9-N1-4-B-035101,line_service,Gare du Nord A,René Goblet,2026-04-08 05:12:59.000000000,2026-04-08 05:15:27.000000000,2.466666666666667,0.3279417105779169,7.976960527570951,6.885894540513471,0.28308677555444267,95.86157085503876,95.79416924181152,23.08954750004139,False
solaris_urbino_12_electric,Solaris Urbino 12 electric,53,1,9-N1-4-B-035101,line_service,René Goblet,P. de Justice,2026-04-08 05:15:57.000000000,2026-04-08 05:16:51.000000000,0.9,0.2252173059067505,15.014487060450033,10.939300990254255,0.16408951485381382,95.7892089243512,95.75013999224315,23.31476480594814,False
solaris_urbino_12_electric,Solaris Urbino 12 electric,54,1,9-N1-4-B-035101,line_service,P. de Justice,Dusevel,2026-04-08 05:17:21.000000000,2026-04-08 05:18:19.000000000,0.9666666666666667,0.2299992746993994,14.275817050307548,10.500713816572745,0.1691781670447831,95.74517967478283,95.70489915881979,23.54476408064754,False
solaris_urbino_12_electric,Solaris Urbino 12 electric,55,1,9-N1-4-B-035101,line_service,Dusevel,Beffroi,2026-04-08 05:18:49.000000000,2026-04-08 05:19:50.000000000,1.0166666666666666,0.2188226139254244,12.914121477566031,9.701347494647,0.16438394365929643,95.69993884135947,95.66079980715487,23.763586694572965,False
solaris_urbino_12_electric,Solaris Urbino 12 electric,56,1,9-N1-4-B-035101,line_service,Beffroi,Place du Marché,2026-04-08 05:20:20.000000000,2026-04-08 05:21:14.000000000,0.9,0.18907722066752727,12.605148044501819,9.52152461055803,0.14282286915837045,95.65583948969456,95.62183404465685,23.952663915240493,False
solaris_urbino_12_electric,Solaris Urbino 12 electric,57,1,9-N1-4-B-035101,line_service,Place du Marché,M. Culture B,2026-04-08 05:21:44.000000000,2026-04-08 05:22:29.000000000,0.75,0.17178613535708173,13.742890828566539,10.186496636242934,0.12733120795303665,95.61687372719653,95.586556772922,24.124450050597574,False
solaris_urbino_12_electric,Solaris Urbino 12 electric,58,1,9-N1-4-B-035101,line_service,M. Culture B,Saint-Jacques,2026-04-08 05:22:59.000000000,2026-04-08 05:23:47.000000000,0.8,0.2918119105170466,21.885893288778494,15.221936608587479,0.20295915478116638,95.58159645546168,95.53327284718046,24.41626196111462,False
solaris_urbino_12_electric,Solaris Urbino 12 electric,59,1,9-N1-4-B-035101,line_service,Saint-Jacques,Jean Jaurès,2026-04-08 05:24:17.000000000,2026-04-08 05:25:19.000000000,1.0333333333333334,0.3507042974526486,20.36347533596024,14.23775760989092,0.24520582550367695,95.52831252972014,95.4699301903145,24.76696625856727,False
solaris_urbino_12_electric,Solaris Urbino 12 electric,60,1,9-N1-4-B-035101,line_service,Jean Jaurès,Zoo d'Amiens,2026-04-08 05:25:49.000000000,2026-04-08 05:27:01.000000000,1.2,0.40281609573225763,20.14080478661288,14.09564699678853,0.2819129399357706,95.46496987285418,95.39784774429805,25.169782354299528,False
solaris_urbino_12_electric,Solaris Urbino 12 electric,61,1,9-N1-4-B-035101,line_service,Zoo d'Amiens,Egl. St-Firmin,2026-04-08 05:27:31.000000000,2026-04-08 05:28:36.000000000,1.0833333333333333,0.37638436041502576,20.845903038370658,14.547228745279993,0.26265829678977765,95.39288742683773,95.33034973712587,25.546166714714552,False
solaris_urbino_12_electric,Solaris Urbino 12 electric,62,1,9-N1-4-B-035101,line_service,Egl. St-Firmin,Faubourg de Hem,2026-04-08 05:29:06.000000000,2026-04-08 05:29:59.000000000,0.8833333333333333,0.3007481358168622,20.428175263032152,14.279135582892508,0.21022060719258415,95.32538941966556,95.27533689414352,25.846914850531416,False
solaris_urbino_12_electric,Solaris Urbino 12 electric,63,1,9-N1-4-B-035101,line_service,Faubourg de Hem,Espace Alliance,2026-04-08 05:30:29.000000000,2026-04-08 05:31:13.000000000,0.7333333333333333,0.24201898261847898,19.8015531233301,13.880003999248057,0.16964449332414291,95.27037657668319,95.22998503065364,26.088933833149895,False
solaris_urbino_12_electric,Solaris Urbino 12 electric,64,1,9-N1-4-B-035101,line_service,Espace Alliance,Sully,2026-04-08 05:31:43.000000000,2026-04-08 05:33:14.000000000,1.5166666666666666,0.5124653653664172,20.273355113396722,14.180186968253004,0.3584436150308398,95.22502471319332,95.13968099532883,26.60139919851631,False
solaris_urbino_12_electric,Solaris Urbino 12 electric,65,1,9-N1-4-B-035101,line_service,Sully,Place la Barre,2026-04-08 05:33:44.000000000,2026-04-08 05:35:29.000000000,1.75,0.5814235833007191,19.934522856024653,13.964400885694367,0.4072950258327524,95.13472067786851,95.03774567171786,27.18282278181703,False
solaris_urbino_12_electric,Solaris Urbino 12 electric,66,1,9-N1-4-B-035101,line_service,Place la Barre,La Fontaine,2026-04-08 05:35:59.000000000,2026-04-08 05:37:08.000000000,1.15,0.32116148117311843,16.75625119164096,11.988547708117405,0.22978049773891693,95.03278535425754,94.97807571193876,27.50398426299015,False
solaris_urbino_12_electric,Solaris Urbino 12 electric,67,1,9-N1-4-B-035101,line_service,La Fontaine,Les Coursives,2026-04-08 05:37:38.000000000,2026-04-08 05:38:22.000000000,0.7333333333333333,0.23368404358993675,19.11960356644937,13.449643215515678,0.16438452818963606,94.97311539447844,94.93397622109995,27.737668306580087,False
solaris_urbino_12_electric,Solaris Urbino 12 electric,68,1,9-N1-4-B-035101,line_service,Les Coursives,Languedoc,2026-04-08 05:38:52.000000000,2026-04-08 05:39:47.000000000,0.9166666666666666,0.2930331102299119,19.1803490332306,13.487812028090723,0.20606379487360824,94.92901590363964,94.87995309533639,28.03070141681,False
solaris_urbino_12_electric,Solaris Urbino 12 electric,69,1,9-N1-4-B-035101,line_service,Languedoc,Collège R.Parks,2026-04-08 05:40:17.000000000,2026-04-08 05:41:37.000000000,1.3333333333333333,0.3206006811443548,14.427030651495967,10.590203090054667,0.23533784644565928,94.87499277787607,94.81895995729379,28.351302097954353,False
solaris_urbino_12_electric,Solaris Urbino 12 electric,70,1,9-N1-4-B-035101,line_service,Collège R.Parks,Martinique,2026-04-08 05:42:07.000000000,2026-04-08 05:43:01.000000000,0.9,0.27082614139471256,18.05507609298084,12.7858717133053,0.1917880756995795,94.81399963983347,94.76833581228594,28.622128239349067,False
solaris_urbino_12_electric,Solaris Urbino 12 electric,71,1,9-N1-4-B-035101,line_service,Martinique,Etouvie Quai A,2026-04-08 05:43:31.000000000,2026-04-08 05:45:29.000000000,1.9666666666666666,0.27408690803195346,8.361973465381629,7.101567229865196,0.2327735925344703,94.76337549482562,94.70795321088885,28.896215147381017,False
solaris_urbino_12_electric,Solaris Urbino 12 electric,72,2,9-N1-2-B-034901,line_service,Etouvie Quai A,Martinique,2026-04-08 05:45:29.000000000,2026-04-08 05:46:25.000000000,0.9333333333333333,0.2419015249612658,15.550812318938515,11.260068245184677,0.1751566171473172,94.70795321088885,94.6662492544252,29.138116672342285,False
solaris_urbino_12_electric,Solaris Urbino 12 electric,73,2,9-N1-2-B-034901,line_service,Martinique,Collège R.Parks,2026-04-08 05:46:55.000000000,2026-04-08 05:48:02.000000000,1.1166666666666667,0.3307630000086095,17.77234029897006,12.611161213503856,0.23470772258465508,94.66128893696488,94.6054061458733,29.468879672350898,False
solaris_urbino_12_electric,Solaris Urbino 12 electric,74,2,9-N1-2-B-034901,line_service,Collège R.Parks,Languedoc,2026-04-08 05:48:32.000000000,2026-04-08 05:49:46.000000000,1.2333333333333334,0.29681987678393196,14.439885897596689,10.597817808205917,0.21784403272423272,94.60044582841299,94.54857820157387,29.76569954913483,False
solaris_urbino_12_electric,Solaris Urbino 12 electric,75,2,9-N1-2-B-034901,line_service,Languedoc,Les coursives,2026-04-08 05:50:16.000000000,2026-04-08 05:51:12.000000000,0.9333333333333333,0.297726462758007,19.139558320157594,13.462178045703666,0.2094116584887237,94.54361788411356,94.49375796542577,30.063426011892837,False
solaris_urbino_12_electric,Solaris Urbino 12 electric,76,2,9-N1-2-B-034901,line_service,Les coursives,La Fontaine,2026-04-08 05:51:42.000000000,2026-04-08 05:52:27.000000000,0.75,0.22794980309080773,18.23598424726462,12.898003526410092,0.16122504408012614,94.48879764796546,94.45041073270828,30.291375814983642,False
solaris_urbino_12_electric,Solaris Urbino 12 electric,77,2,9-N1-2-B-034901,line_service,La Fontaine,Place la Barre,2026-04-08 05:52:57.000000000,2026-04-08 05:53:58.000000000,1.0166666666666666,0.2788940733458619,16.459322361395127,11.808108999529809,0.20008184693647732,94.44545041524796,94.39781188026309,30.570269888329506,False
solaris_urbino_12_electric,Solaris Urbino 12 electric,78,2,9-N1-2-B-034901,line_service,Place la Barre,Sully,2026-04-08 05:54:28.000000000,2026-04-08 05:56:02.000000000,1.5666666666666667,0.5529827646282706,21.178063326189086,14.76158400634712,0.38544136016573033,94.39285156280278,94.30107981038236,31.123252652957778,False
solaris_urbino_12_electric,Solaris Urbino 12 electric,79,2,9-N1-2-B-034901,line_service,Sully,Espace Alliance,2026-04-08 05:56:32.000000000,2026-04-08 05:58:05.000000000,1.55,0.5412636534432308,20.952141423608936,14.61567378448361,0.3775715727658266,94.29611949292205,94.20622149940637,31.66451630640101,False
solaris_urbino_12_electric,Solaris Urbino 12 electric,80,2,9-N1-2-B-034901,line_service,Espace Alliance,Faubourg de Hem,2026-04-08 05:58:35.000000000,2026-04-08 05:59:28.000000000,0.8833333333333333,0.3068484114845754,20.842533610273048,14.545059713261502,0.21413560133412768,94.20126118194605,94.15027651496173,31.97136471788558,False
solaris_urbino_12_electric,Solaris Urbino 12 electric,81,2,9-N1-2-B-034901,line_service,Faubourg de Hem,Egl. St-Firmin,2026-04-08 05:59:58.000000000,2026-04-08 06:00:40.000000000,0.7,0.29644718539430037,25.409758748082893,17.59110789775967,0.2052295921405295,94.14531619750142,94.09645200889653,32.267811903279885,False
solaris_urbino_12_electric,Solaris Urbino 12 electric,82,2,9-N1-2-B-034901,line_service,Egl. St-Firmin,Zoo d'Amiens,2026-04-08 06:01:10.000000000,2026-04-08 06:02:06.000000000,0.9333333333333333,0.3979625757415526,25.58330844052838,17.71133170949966,0.2755096043699947,94.0914916914362,94.02589416658621,32.66577447902144,False
solaris_urbino_12_electric,Solaris Urbino 12 electric,83,2,9-N1-2-B-034901,line_service,Zoo d'Amiens,Jean Jaurès,2026-04-08 06:02:36.000000000,2026-04-08 06:03:32.000000000,0.9333333333333333,0.38776459722543666,24.9277241073495,17.25900345845794,0.268473387131568,94.0209338491259,93.95701161409457,33.05353907624687,False
solaris_urbino_12_electric,Solaris Urbino 12 electric,84,2,9-N1-2-B-034901,line_service,Jean Jaurès,Saint-Jacques,2026-04-08 06:04:02.000000000,2026-04-08 06:04:55.000000000,0.8833333333333333,0.3538188673320645,24.032979667838347,16.649496892479902,0.24511759313928747,93.95205129663425,93.89368996493442,33.40735794357894,False
solaris_urbino_12_electric,Solaris Urbino 12 electric,85,2,9-N1-2-B-034901,line_service,Saint-Jacques,M. Culture A,2026-04-08 06:05:25.000000000,2026-04-08 06:05:58.000000000,0.55,0.24280373751186532,26.487680455839854,18.343542843186246,0.16814914272920725,93.88872964747411,93.84869413730048,33.6501616810908,False
solaris_urbino_12_electric,Solaris Urbino 12 electric,86,2,9-N1-2-B-034901,line_service,M. Culture A,Hôtel de Ville,2026-04-08 06:06:28.000000000,2026-04-08 06:08:28.000000000,2.0,0.29674165114956036,8.90224953448681,7.4051695340750365,0.2468389844691679,93.84373381984017,93.7849626330618,33.94690333224036,False
solaris_urbino_12_electric,Solaris Urbino 12 electric,87,2,9-N1-2-B-034901,line_service,Hôtel de Ville,Jacobins,2026-04-08 06:08:58.000000000,2026-04-08 06:09:55.000000000,0.95,0.22829410594169391,14.418575112106984,10.585195099293086,0.1675989224054739,93.78000231560148,93.74009781026683,34.17519743818205,False
solaris_urbino_12_electric,Solaris Urbino 12 electric,88,2,9-N1-2-B-034901,line_service,Jacobins,Emile Zola,2026-04-08 06:10:25.000000000,2026-04-08 06:11:46.000000000,1.35,0.32611241962366005,14.493885316607114,10.6298158571957,0.23917085678690322,93.73513749280652,93.6781920507144,34.501309857805715,False
solaris_urbino_12_electric,Solaris Urbino 12 electric,89,2,9-N1-2-B-034901,line_service,Emile Zola,Gare du Nord B,2026-04-08 06:12:16.000000000,2026-04-08 06:14:58.000000000,2.7,0.35548637357572055,7.899697190571568,6.842679519791913,0.307920578390636,93.67323173325408,93.59991730982775,34.85679623138144,False
solaris_urbino_12_electric,Solaris Urbino 12 electric,90,2,9-N1-2-B-034901,line_service,Gare du Nord B,Caserne Dejean,2026-04-08 06:15:28.000000000,2026-04-08 06:17:01.000000000,1.55,0.3681948881034494,14.252705345939976,10.487049257408216,0.2709154391497123,93.59495699236743,93.5304533163794,35.22499111948488,False
solaris_urbino_12_electric,Solaris Urbino 12 electric,91,2,9-N1-2-B-034901,line_service,Caserne Dejean,Pinceau,2026-04-08 06:17:31.000000000,2026-04-08 06:19:03.000000000,1.5333333333333334,0.35537552735134686,13.905998896357051,10.282474769595455,0.2627743552229949,93.52549299891908,93.46292767624693,35.580366646836225,False
solaris_urbino_12_electric,Solaris Urbino 12 electric,92,2,9-N1-2-B-034901,line_service,Pinceau,L. de Luzarches,2026-04-08 06:19:33.000000000,2026-04-08 06:21:28.000000000,1.9166666666666667,0.44705548624280317,13.994780438905144,10.33478728614811,0.3301390383075091,93.45796735878662,93.37936282585626,36.02742213307903,False
solaris_urbino_12_electric,Solaris Urbino 12 electric,93,2,9-N1-2-B-034901,line_service,L. de Luzarches,Egl. St-Acheul,2026-04-08 06:21:58.000000000,2026-04-08 06:22:38.000000000,0.6666666666666666,0.3248685267650074,29.238167408850664,20.32821859330313,0.22586909548114592,93.37440250839595,93.320624152329,36.35229065984404,False
solaris_urbino_12_electric,Solaris Urbino 12 electric,94,2,9-N1-2-B-034901,line_service,Egl. St-Acheul,Mercey,2026-04-08 06:23:08.000000000,2026-04-08 06:24:03.000000000,0.9166666666666666,0.45179666905185245,29.572145610666706,20.575864377064864,0.31435348353849096,93.31566383486869,93.24081776735952,36.80408732889589,False
solaris_urbino_12_electric,Solaris Urbino 12 electric,95,2,9-N1-2-B-034901,line_service,Mercey,Sobo,2026-04-08 06:24:33.000000000,2026-04-08 06:25:32.000000000,0.9833333333333333,0.4818036462949089,29.398188587485965,20.446688745559044,0.3350985099966621,93.2358574498992,93.15607209037618,37.2858909751908,False
solaris_urbino_12_electric,Solaris Urbino 12 electric,96,2,9-N1-2-B-034901,line_service,Sobo,Pont de l'Avre,2026-04-08 06:26:02.000000000,2026-04-08 06:27:28.000000000,1.4333333333333333,0.7075852717526405,29.61984858499426,20.611358234859843,0.4923824467216518,93.15111177291587,93.03387785702976,37.993476246943445,False
solaris_urbino_12_electric,Solaris Urbino 12 electric,97,2,9-N1-2-B-034901,line_service,Pont de l'Avre,Cité du Château,2026-04-08 06:27:58.000000000,2026-04-08 06:28:40.000000000,0.7,0.2966141068969825,25.424066305455643,17.60100604348413,0.20534507050731485,93.02891753956945,92.98002585611532,38.29009035384043,False
solaris_urbino_12_electric,Solaris Urbino 12 electric,98,2,9-N1-2-B-034901,line_service,Cité du Château,La Rose Rouge,2026-04-08 06:29:10.000000000,2026-04-08 06:29:58.000000000,0.8,0.3329543642312839,24.97157731734629,17.289107112419597,0.2305214281655946,92.975065538655,92.92017948432986,38.62304471807171,False
solaris_urbino_12_electric,Solaris Urbino 12 electric,99,2,9-N1-2-B-034901,line_service,La Rose Rouge,Poidevin,2026-04-08 06:30:28.000000000,2026-04-08 06:30:59.000000000,0.5166666666666667,0.2251396338173497,26.145247798143835,18.10302141613429,0.15588712886115635,92.91521916686955,92.87810318380737,38.84818435188906,False
solaris_urbino_12_electric,Solaris Urbino 12 electric,100,2,9-N1-2-B-034901,line_service,Poidevin,M. de Longueau,2026-04-08 06:31:29.000000000,2026-04-08 06:32:13.000000000,0.7333333333333333,0.3145014195772681,25.731934329049206,17.814568253525785,0.21773361198753735,92.87314286634705,92.82130153015954,39.16268577146633,False
solaris_urbino_12_electric,Solaris Urbino 12 electric,101,2,9-N1-2-B-034901,line_service,M. de Longueau,La Fourche,2026-04-08 06:32:43.000000000,2026-04-08 06:33:20.000000000,0.6166666666666667,0.25663398574137214,24.96979320726864,17.287881959235825,0.17768100902547934,92.81634121269923,92.77403621055029,39.419319757207695,False
solaris_urbino_12_electric,Solaris Urbino 12 electric,102,2,9-N1-2-B-034901,line_service,La Fourche,Croix de Fer,2026-04-08 06:33:50.000000000,2026-04-08 06:35:28.000000000,1.6333333333333333,0.6510902221706201,23.91759999810441,16.571542828821517,0.4511142214512525,92.76907589308998,92.6616677451254,40.07040997937832,False
solaris_urbino_12_electric,Solaris Urbino 12 electric,103,2,9-N1-2-B-034901,line_service,Croix de Fer,C. Cial Glisy,2026-04-08 06:35:58.000000000,2026-04-08 06:38:20.000000000,2.3666666666666667,0.70341712703917,17.833110262964873,12.648657874092082,0.4989192828114099,92.65670742766508,92.5379171222338,40.773827106417485,False
solaris_urbino_12_electric,Solaris Urbino 12 electric,104,2,9-N1-2-B-034901,line_service,C. Cial Glisy,Capitaine Nemo,2026-04-08 06:38:50.000000000,2026-04-08 06:39:18.000000000,0.4666666666666667,0.13672688382470435,17.57917077746199,12.492168184754679,0.09716130810364751,92.53295680477348,92.5098231599869,40.910553990242185,False
solaris_urbino_12_electric,Solaris Urbino 12 electric,105,2,9-N1-2-B-034901,line_service,Capitaine Nemo,Pôle J. Verne,2026-04-08 06:39:48.000000000,2026-04-08 06:41:58.000000000,2.1666666666666665,0.3234478124594319,8.957016345030421,7.43600988337268,0.2685225791217912,92.50486284252658,92.44092889511663,41.23400180270162,False
solaris_urbino_12_electric,Solaris Urbino 12 electric,106,2,9-N1-4-B-035101,line_service,Pôle J. Verne,Capitaine Nemo,2026-04-08 06:42:28.000000000,2026-04-08 06:43:39.000000000,1.1833333333333333,0.3340181708930427,16.93613260866132,12.098184498446486,0.23860308316380568,92.43596857765631,92.37915831976017,41.56801997359466,False
solaris_urbino_12_electric,Solaris Urbino 12 electric,107,2,9-N1-4-B-035101,line_service,Capitaine Nemo,C. Cial Glisy,2026-04-08 06:44:09.000000000,2026-04-08 06:44:30.000000000,0.35,0.12291799931516653,21.07165702545712,14.69280128869123,0.08570800751736551,92.37419800229985,92.35379133384333,41.69093797290983,False
solaris_urbino_12_electric,Solaris Urbino 12 electric,108,2,9-N1-4-B-035101,line_service,C. Cial Glisy,Croix de Fer,2026-04-08 06:45:00.000000000,2026-04-08 06:47:27.000000000,2.45,0.6859620842301216,16.79907145053359,12.014623985741244,0.4905971460844341,92.34883101638302,92.2320221720772,42.37690005713995,False
solaris_urbino_12_electric,Solaris Urbino 12 electric,109,2,9-N1-4-B-035101,line_service,Croix de Fer,La Fourche,2026-04-08 06:47:57.000000000,2026-04-08 06:49:45.000000000,1.8,0.7465227463047002,24.88409154349001,17.22907289480432,0.5168721868441296,92.22706185461688,92.10399704822542,43.12342280344465,False
solaris_urbino_12_electric,Solaris Urbino 12 electric,110,2,9-N1-4-B-035101,line_service,La Fourche,M. de Longueau,2026-04-08 06:50:15.000000000,2026-04-08 06:50:47.000000000,0.5333333333333333,0.23645430499839581,26.60110931231953,18.42352454712258,0.1637646626410896,92.0990367307651,92.06004514442199,43.35987710844305,False
solaris_urbino_12_electric,Solaris Urbino 12 electric,111,2,9-N1-4-B-035101,line_service,M. de Longueau,Poidevin,2026-04-08 06:51:17.000000000,2026-04-08 06:51:50.000000000,0.55,0.23823148868252741,25.98888967445754,17.993661455547276,0.16494189667585005,92.05508482696166,92.01581294680075,43.598108597125574,False
solaris_urbino_12_electric,Solaris Urbino 12 electric,112,2,9-N1-4-B-035101,line_service,Poidevin,La Rose Rouge,2026-04-08 06:52:20.000000000,2026-04-08 06:52:59.000000000,0.65,0.2830530932557657,26.127977838993758,18.09092822491121,0.19598505576987146,92.01085262934043,91.9641895208238,43.88116169038134,False
solaris_urbino_12_electric,Solaris Urbino 12 electric,113,2,9-N1-4-B-035101,line_service,La Rose Rouge,Cité du Château,2026-04-08 06:53:29.000000000,2026-04-08 06:54:21.000000000,0.8666666666666667,0.38252636844861737,26.482594738750432,18.339960401880504,0.26491053913827395,91.95922920336348,91.89615526547341,44.26368805882996,False
solaris_urbino_12_electric,Solaris Urbino 12 electric,114,2,9-N1-4-B-035101,line_service,Cité du Château,Pont de l'Avre,2026-04-08 06:54:51.000000000,2026-04-08 06:55:27.000000000,0.6,0.25904003764462646,25.904003764462647,17.93441163158536,0.17934411631585362,91.8911949480131,91.8484939679379,44.52272809647459,False
solaris_urbino_12_electric,Solaris Urbino 12 electric,115,2,9-N1-4-B-035101,line_service,Pont de l'Avre,Sobo,2026-04-08 06:55:57.000000000,2026-04-08 06:57:54.000000000,1.95,0.7786426370279388,23.95823498547504,16.598980534956493,0.539466867386086,91.84353365047758,91.71508915824279,45.30137073350252,False
solaris_urbino_12_electric,Solaris Urbino 12 electric,116,2,9-N1-4-B-035101,line_service,Sobo,Mercey,2026-04-08 06:58:24.000000000,2026-04-08 06:59:39.000000000,1.25,0.49486888000554236,23.753706240266034,16.461059769141364,0.3429387451904451,91.71012884078247,91.62847675859427,45.796239613508064,False
solaris_urbino_12_electric,Solaris Urbino 12 electric,117,2,9-N1-4-B-035101,line_service,Mercey,Egl. St-Acheul,2026-04-08 07:00:09.000000000,2026-04-08 07:01:15.000000000,1.1,0.44351095510688016,24.191506642193463,16.75683990194138,0.307208731535592,91.62351644113396,91.55037150505406,46.239750568614944,False
solaris_urbino_12_electric,Solaris Urbino 12 electric,118,2,9-N1-4-B-035101,line_service,Egl. St-Acheul,L. de Luzarches,2026-04-08 07:01:45.000000000,2026-04-08 07:02:27.000000000,0.7,0.27740496861036323,23.777568738031135,16.477127724915903,0.19223315679068553,91.54541118759374,91.49964138835786,46.51715553722531,False
solaris_urbino_12_electric,Solaris Urbino 12 electric,119,2,9-N1-4-B-035101,line_service,L. de Luzarches,Pinceau,2026-04-08 07:02:57.000000000,2026-04-08 07:04:26.000000000,1.4833333333333334,0.3431323580300078,13.879511111326158,10.266877104496691,0.25382001730561266,91.49468107089754,91.43424773344383,46.86028789525531,False
solaris_urbino_12_electric,Solaris Urbino 12 electric,120,2,9-N1-4-B-035101,line_service,Pinceau,Caserne Dejean,2026-04-08 07:04:56.000000000,2026-04-08 07:06:43.000000000,1.7833333333333334,0.40589661587311254,13.656334739656122,10.135631813257165,0.3012535011162546,91.42928741598351,91.35756039190821,47.26618451112843,False
solaris_urbino_12_electric,Solaris Urbino 12 electric,121,2,9-N1-4-B-035101,line_service,Caserne Dejean,Gare du Nord A,2026-04-08 07:07:13.000000000,2026-04-08 07:08:57.000000000,1.7333333333333334,0.3916364257160486,13.55664550555553,10.077106879742848,0.29111642097034895,91.35260007444789,91.28328664088352,47.65782093684447,False
solaris_urbino_12_electric,Solaris Urbino 12 electric,122,2,9-N1-4-B-035101,line_service,Gare du Nord A,René Goblet,2026-04-08 07:09:27.000000000,2026-04-08 07:11:55.000000000,2.466666666666667,0.3279417105779169,7.976960527570951,6.885894540513471,0.28308677555444267,91.27832632342322,91.21092471019595,47.98576264742239,False
solaris_urbino_12_electric,Solaris Urbino 12 electric,123,2,9-N1-4-B-035101,line_service,René Goblet,P. de Justice,2026-04-08 07:12:25.000000000,2026-04-08 07:13:19.000000000,0.9,0.2252173059067505,15.014487060450033,10.939300990254255,0.16408951485381382,91.20596439273564,91.16689546062759,48.21097995332914,False
solaris_urbino_12_electric,Solaris Urbino 12 electric,124,2,9-N1-4-B-035101,line_service,P. de Justice,Dusevel,2026-04-08 07:13:49.000000000,2026-04-08 07:14:47.000000000,0.9666666666666667,0.2299992746993994,14.275817050307548,10.500713816572745,0.1691781670447831,91.16193514316727,91.12165462720424,48.44097922802853,False
solaris_urbino_12_electric,Solaris Urbino 12 electric,125,2,9-N1-4-B-035101,line_service,Dusevel,Beffroi,2026-04-08 07:15:17.000000000,2026-04-08 07:16:18.000000000,1.0166666666666666,0.2188226139254244,12.914121477566031,9.701347494647,0.16438394365929643,91.1166943097439,91.07755527553931,48.65980184195396,False
solaris_urbino_12_electric,Solaris Urbino 12 electric,126,2,9-N1-4-B-035101,line_service,Beffroi,Place du Marché,2026-04-08 07:16:48.000000000,2026-04-08 07:17:42.000000000,0.9,0.18907722066752727,12.605148044501819,9.52152461055803,0.14282286915837045,91.07259495807901,91.03858951304129,48.848879062621485,False
solaris_urbino_12_electric,Solaris Urbino 12 electric,127,2,9-N1-4-B-035101,line_service,Place du Marché,M. Culture B,2026-04-08 07:18:12.000000000,2026-04-08 07:18:57.000000000,0.75,0.17178613535708173,13.742890828566539,10.186496636242934,0.12733120795303665,91.03362919558097,91.00331224130645,49.020665197978566,False
solaris_urbino_12_electric,Solaris Urbino 12 electric,128,2,9-N1-4-B-035101,line_service,M. Culture B,Saint-Jacques,2026-04-08 07:19:27.000000000,2026-04-08 07:20:15.000000000,0.8,0.2918119105170466,21.885893288778494,15.221936608587479,0.20295915478116638,90.99835192384613,90.9500283155649,49.312477108495614,False
solaris_urbino_12_electric,Solaris Urbino 12 electric,129,2,9-N1-4-B-035101,line_service,Saint-Jacques,Jean Jaurès,2026-04-08 07:20:45.000000000,2026-04-08 07:21:47.000000000,1.0333333333333334,0.3507042974526486,20.36347533596024,14.23775760989092,0.24520582550367695,90.94506799810458,90.88668565869894,49.663181405948265,False
solaris_urbino_12_electric,Solaris Urbino 12 electric,130,2,9-N1-4-B-035101,line_service,Jean Jaurès,Zoo d'Amiens,2026-04-08 07:22:17.000000000,2026-04-08 07:23:29.000000000,1.2,0.40281609573225763,20.14080478661288,14.09564699678853,0.2819129399357706,90.88172534123862,90.81460321268248,50.06599750168052,False
solaris_urbino_12_electric,Solaris Urbino 12 electric,131,2,9-N1-4-B-035101,line_service,Zoo d'Amiens,Egl. St-Firmin,2026-04-08 07:23:59.000000000,2026-04-08 07:25:04.000000000,1.0833333333333333,0.37638436041502576,20.845903038370658,14.547228745279993,0.26265829678977765,90.80964289522217,90.74710520551032,50.442381862095544,False
solaris_urbino_12_electric,Solaris Urbino 12 electric,132,2,9-N1-4-B-035101,line_service,Egl. St-Firmin,Faubourg de Hem,2026-04-08 07:25:34.000000000,2026-04-08 07:26:27.000000000,0.8833333333333333,0.3007481358168622,20.428175263032152,14.279135582892508,0.21022060719258415,90.74214488805,90.69209236252796,50.743129997912405,False
solaris_urbino_12_electric,Solaris Urbino 12 electric,133,2,9-N1-4-B-035101,line_service,Faubourg de Hem,Espace Alliance,2026-04-08 07:26:57.000000000,2026-04-08 07:27:41.000000000,0.7333333333333333,0.24201898261847898,19.8015531233301,13.880003999248057,0.16964449332414291,90.68713204506764,90.64674049903809,50.98514898053088,False
solaris_urbino_12_electric,Solaris Urbino 12 electric,134,2,9-N1-4-B-035101,line_service,Espace Alliance,Sully,2026-04-08 07:28:11.000000000,2026-04-08 07:29:42.000000000,1.5166666666666666,0.5124653653664172,20.273355113396722,14.180186968253004,0.3584436150308398,90.64178018157776,90.55643646371328,51.4976143458973,False
solaris_urbino_12_electric,Solaris Urbino 12 electric,135,2,9-N1-4-B-035101,line_service,Sully,Place la Barre,2026-04-08 07:30:12.000000000,2026-04-08 07:31:57.000000000,1.75,0.5814235833007191,19.934522856024653,13.964400885694367,0.4072950258327524,90.55147614625297,90.45450114010231,52.079037929198016,False
solaris_urbino_12_electric,Solaris Urbino 12 electric,136,2,9-N1-4-B-035101,line_service,Place la Barre,La Fontaine,2026-04-08 07:32:27.000000000,2026-04-08 07:33:36.000000000,1.15,0.32116148117311843,16.75625119164096,11.988547708117405,0.22978049773891693,90.44954082264199,90.3948311803232,52.40019941037113,False
solaris_urbino_12_electric,Solaris Urbino 12 electric,137,2,9-N1-4-B-035101,line_service,La Fontaine,Les Coursives,2026-04-08 07:34:06.000000000,2026-04-08 07:34:50.000000000,0.7333333333333333,0.23368404358993675,19.11960356644937,13.449643215515678,0.16438452818963606,90.38987086286288,90.35073168948439,52.63388345396107,False
solaris_urbino_12_electric,Solaris Urbino 12 electric,138,2,9-N1-4-B-035101,line_service,Les Coursives,Languedoc,2026-04-08 07:35:20.000000000,2026-04-08 07:36:15.000000000,0.9166666666666666,0.2930331102299119,19.1803490332306,13.487812028090723,0.20606379487360824,90.34577137202407,90.29670856372084,52.926916564190975,False
solaris_urbino_12_electric,Solaris Urbino 12 electric,139,2,9-N1-4-B-035101,line_service,Languedoc,Collège R.Parks,2026-04-08 07:36:45.000000000,2026-04-08 07:38:05.000000000,1.3333333333333333,0.3206006811443548,14.427030651495967,10.590203090054667,0.23533784644565928,90.29174824626052,90.23571542567822,53.24751724533533,False
solaris_urbino_12_electric,Solaris Urbino 12 electric,140,2,9-N1-4-B-035101,line_service,Collège R.Parks,Martinique,2026-04-08 07:38:35.000000000,2026-04-08 07:39:29.000000000,0.9,0.27082614139471256,18.05507609298084,12.7858717133053,0.1917880756995795,90.2307551082179,90.18509128067038,53.51834338673004,False
solaris_urbino_12_electric,Solaris Urbino 12 electric,141,2,9-N1-4-B-035101,line_service,Martinique,Etouvie Quai A,2026-04-08 07:39:59.000000000,2026-04-08 07:41:57.000000000,1.9666666666666666,0.27408690803195346,8.361973465381629,7.101567229865196,0.2327735925344703,90.18013096321006,90.12470867927328,53.79243029476199,False
solaris_urbino_12_electric,Solaris Urbino 12 electric,142,3,9-N1-2-B-034901,line_service,Etouvie Quai A,Martinique,2026-04-08 07:41:57.000000000,2026-04-08 07:42:53.000000000,0.9333333333333333,0.2419015249612658,15.550812318938515,11.260068245184677,0.1751566171473172,90.12470867927328,90.08300472280965,54.034331819723256,False
solaris_urbino_12_electric,Solaris Urbino 12 electric,143,3,9-N1-2-B-034901,line_service,Martinique,Collège R.Parks,2026-04-08 07:43:23.000000000,2026-04-08 07:44:30.000000000,1.1166666666666667,0.3307630000086095,17.77234029897006,12.611161213503856,0.23470772258465508,90.07804440534932,90.02216161425774,54.365094819731866,False
solaris_urbino_12_electric,Solaris Urbino 12 electric,144,3,9-N1-2-B-034901,line_service,Collège R.Parks,Languedoc,2026-04-08 07:45:00.000000000,2026-04-08 07:46:14.000000000,1.2333333333333334,0.29681987678393196,14.439885897596689,10.597817808205917,0.21784403272423272,90.01720129679742,89.96533366995831,54.6619146965158,False
solaris_urbino_12_electric,Solaris Urbino 12 electric,145,3,9-N1-2-B-034901,line_service,Languedoc,Les coursives,2026-04-08 07:46:44.000000000,2026-04-08 07:47:40.000000000,0.9333333333333333,0.297726462758007,19.139558320157594,13.462178045703666,0.2094116584887237,89.96037335249801,89.91051343381021,54.95964115927381,False
solaris_urbino_12_electric,Solaris Urbino 12 electric,146,3,9-N1-2-B-034901,line_service,Les coursives,La Fontaine,2026-04-08 07:48:10.000000000,2026-04-08 07:48:55.000000000,0.75,0.22794980309080773,18.23598424726462,12.898003526410092,0.16122504408012614,89.90555311634989,89.86716620109272,55.18759096236462,False
solaris_urbino_12_electric,Solaris Urbino 12 electric,147,3,9-N1-2-B-034901,line_service,La Fontaine,Place la Barre,2026-04-08 07:49:25.000000000,2026-04-08 07:50:26.000000000,1.0166666666666666,0.2788940733458619,16.459322361395127,11.808108999529809,0.20008184693647732,89.8622058836324,89.81456734864753,55.46648503571048,False
solaris_urbino_12_electric,Solaris Urbino 12 electric,148,3,9-N1-2-B-034901,line_service,Place la Barre,Sully,2026-04-08 07:50:56.000000000,2026-04-08 07:52:30.000000000,1.5666666666666667,0.5529827646282706,21.178063326189086,14.76158400634712,0.38544136016573033,89.80960703118721,89.7178352787668,56.019467800338745,False
solaris_urbino_12_electric,Solaris Urbino 12 electric,149,3,9-N1-2-B-034901,line_service,Sully,Espace Alliance,2026-04-08 07:53:00.000000000,2026-04-08 07:54:33.000000000,1.55,0.5412636534432308,20.952141423608936,14.61567378448361,0.3775715727658266,89.71287496130648,89.6229769677908,56.560731453781976,False
solaris_urbino_12_electric,Solaris Urbino 12 electric,150,3,9-N1-2-B-034901,line_service,Espace Alliance,Faubourg de Hem,2026-04-08 07:55:03.000000000,2026-04-08 07:55:56.000000000,0.8833333333333333,0.3068484114845754,20.842533610273048,14.545059713261502,0.21413560133412768,89.61801665033049,89.56703198334617,56.867579865266556,False
solaris_urbino_12_electric,Solaris Urbino 12 electric,151,3,9-N1-2-B-034901,line_service,Faubourg de Hem,Egl. St-Firmin,2026-04-08 07:56:26.000000000,2026-04-08 07:57:08.000000000,0.7,0.29644718539430037,25.409758748082893,17.59110789775967,0.2052295921405295,89.56207166588585,89.51320747728097,57.164027050660856,False
solaris_urbino_12_electric,Solaris Urbino 12 electric,152,3,9-N1-2-B-034901,line_service,Egl. St-Firmin,Zoo d'Amiens,2026-04-08 07:57:38.000000000,2026-04-08 07:58:34.000000000,0.9333333333333333,0.3979625757415526,25.58330844052838,17.71133170949966,0.2755096043699947,89.50824715982066,89.44264963497065,57.561989626402415,False
solaris_urbino_12_electric,Solaris Urbino 12 electric,153,3,9-N1-2-B-034901,line_service,Zoo d'Amiens,Jean Jaurès,2026-04-08 07:59:04.000000000,2026-04-08 08:00:00.000000000,0.9333333333333333,0.38776459722543666,24.9277241073495,17.25900345845794,0.268473387131568,89.43768931751033,89.373767082479,57.949754223627856,False
solaris_urbino_12_electric,Solaris Urbino 12 electric,154,3,9-N1-2-B-034901,line_service,Jean Jaurès,Saint-Jacques,2026-04-08 08:00:30.000000000,2026-04-08 08:01:23.000000000,0.8833333333333333,0.3538188673320645,24.032979667838347,16.649496892479902,0.24511759313928747,89.36880676501869,89.31044543331886,58.303573090959915,False
solaris_urbino_12_electric,Solaris Urbino 12 electric,155,3,9-N1-2-B-034901,line_service,Saint-Jacques,M. Culture A,2026-04-08 08:01:53.000000000,2026-04-08 08:02:26.000000000,0.55,0.24280373751186532,26.487680455839854,18.343542843186246,0.16814914272920725,89.30548511585854,89.26544960568492,58.54637682847178,False
solaris_urbino_12_electric,Solaris Urbino 12 electric,156,3,9-N1-2-B-034901,line_service,M. Culture A,Hôtel de Ville,2026-04-08 08:02:56.000000000,2026-04-08 08:04:56.000000000,2.0,0.29674165114956036,8.90224953448681,7.4051695340750365,0.2468389844691679,89.2604892882246,89.20171810144623,58.84311847962134,False
solaris_urbino_12_electric,Solaris Urbino 12 electric,157,3,9-N1-2-B-034901,line_service,Hôtel de Ville,Jacobins,2026-04-08 08:05:26.000000000,2026-04-08 08:06:23.000000000,0.95,0.22829410594169391,14.418575112106984,10.585195099293086,0.1675989224054739,89.19675778398592,89.15685327865128,59.07141258556303,False
solaris_urbino_12_electric,Solaris Urbino 12 electric,158,3,9-N1-2-B-034901,line_service,Jacobins,Emile Zola,2026-04-08 08:06:53.000000000,2026-04-08 08:08:14.000000000,1.35,0.32611241962366005,14.493885316607114,10.6298158571957,0.23917085678690322,89.15189296119095,89.09494751909884,59.397525005186694,False
solaris_urbino_12_electric,Solaris Urbino 12 electric,159,3,9-N1-2-B-034901,line_service,Emile Zola,Gare du Nord B,2026-04-08 08:08:44.000000000,2026-04-08 08:11:26.000000000,2.7,0.35548637357572055,7.899697190571568,6.842679519791913,0.307920578390636,89.08998720163852,89.01667277821218,59.753011378762416,False
solaris_urbino_12_electric,Solaris Urbino 12 electric,160,3,9-N1-2-B-034901,line_service,Gare du Nord B,Caserne Dejean,2026-04-08 08:11:56.000000000,2026-04-08 08:13:29.000000000,1.55,0.3681948881034494,14.252705345939976,10.487049257408216,0.2709154391497123,89.01171246075187,88.94720878476383,60.12120626686586,False
solaris_urbino_12_electric,Solaris Urbino 12 electric,161,3,9-N1-2-B-034901,line_service,Caserne Dejean,Pinceau,2026-04-08 08:13:59.000000000,2026-04-08 08:15:31.000000000,1.5333333333333334,0.35537552735134686,13.905998896357051,10.282474769595455,0.2627743552229949,88.94224846730351,88.87968314463137,60.47658179421721,False
solaris_urbino_12_electric,Solaris Urbino 12 electric,162,3,9-N1-2-B-034901,line_service,Pinceau,L. de Luzarches,2026-04-08 08:16:01.000000000,2026-04-08 08:17:56.000000000,1.9166666666666667,0.44705548624280317,13.994780438905144,10.33478728614811,0.3301390383075091,88.87472282717106,88.7961182942407,60.923637280460014,False
solaris_urbino_12_electric,Solaris Urbino 12 electric,163,3,9-N1-2-B-034901,line_service,L. de Luzarches,Egl. St-Acheul,2026-04-08 08:18:26.000000000,2026-04-08 08:19:06.000000000,0.6666666666666666,0.3248685267650074,29.238167408850664,20.32821859330313,0.22586909548114592,88.79115797678038,88.73737962071344,61.248505807225015,False
solaris_urbino_12_electric,Solaris Urbino 12 electric,164,3,9-N1-2-B-034901,line_service,Egl. St-Acheul,Mercey,2026-04-08 08:19:36.000000000,2026-04-08 08:20:31.000000000,0.9166666666666666,0.45179666905185245,29.572145610666706,20.575864377064864,0.31435348353849096,88.73241930325312,88.65757323574397,61.70030247627687,False
solaris_urbino_12_electric,Solaris Urbino 12 electric,165,3,9-N1-2-B-034901,line_service,Mercey,Sobo,2026-04-08 08:21:01.000000000,2026-04-08 08:22:00.000000000,0.9833333333333333,0.4818036462949089,29.398188587485965,20.446688745559044,0.3350985099966621,88.65261291828364,88.57282755876062,62.18210612257178,False
solaris_urbino_12_electric,Solaris Urbino 12 electric,166,3,9-N1-2-B-034901,line_service,Sobo,Pont de l'Avre,2026-04-08 08:22:30.000000000,2026-04-08 08:23:56.000000000,1.4333333333333333,0.7075852717526405,29.61984858499426,20.611358234859843,0.4923824467216518,88.5678672413003,88.4506333254142,62.88969139432442,False
solaris_urbino_12_electric,Solaris Urbino 12 electric,167,3,9-N1-2-B-034901,line_service,Pont de l'Avre,Cité du Château,2026-04-08 08:24:26.000000000,2026-04-08 08:25:08.000000000,0.7,0.2966141068969825,25.424066305455643,17.60100604348413,0.20534507050731485,88.44567300795389,88.39678132449977,63.186305501221405,False
solaris_urbino_12_electric,Solaris Urbino 12 electric,168,3,9-N1-2-B-034901,line_service,Cité du Château,La Rose Rouge,2026-04-08 08:25:38.000000000,2026-04-08 08:26:26.000000000,0.8,0.3329543642312839,24.97157731734629,17.289107112419597,0.2305214281655946,88.39182100703945,88.3369349527143,63.51925986545269,False
solaris_urbino_12_electric,Solaris Urbino 12 electric,169,3,9-N1-2-B-034901,line_service,La Rose Rouge,Poidevin,2026-04-08 08:26:56.000000000,2026-04-08 08:27:27.000000000,0.5166666666666667,0.2251396338173497,26.145247798143835,18.10302141613429,0.15588712886115635,88.33197463525399,88.2948586521918,63.74439949927004,False
solaris_urbino_12_electric,Solaris Urbino 12 electric,170,3,9-N1-2-B-034901,line_service,Poidevin,M. de Longueau,2026-04-08 08:27:57.000000000,2026-04-08 08:28:41.000000000,0.7333333333333333,0.3145014195772681,25.731934329049206,17.814568253525785,0.21773361198753735,88.28989833473149,88.23805699854398,64.0589009188473,False
solaris_urbino_12_electric,Solaris Urbino 12 electric,171,3,9-N1-2-B-034901,line_service,M. de Longueau,La Fourche,2026-04-08 08:29:11.000000000,2026-04-08 08:29:48.000000000,0.6166666666666667,0.25663398574137214,24.96979320726864,17.287881959235825,0.17768100902547934,88.23309668108367,88.19079167893474,64.31553490458867,False
solaris_urbino_12_electric,Solaris Urbino 12 electric,172,3,9-N1-2-B-034901,line_service,La Fourche,Croix de Fer,2026-04-08 08:30:18.000000000,2026-04-08 08:31:56.000000000,1.6333333333333333,0.6510902221706201,23.91759999810441,16.571542828821517,0.4511142214512525,88.18583136147443,88.07842321350984,64.9666251267593,False
solaris_urbino_12_electric,Solaris Urbino 12 electric,173,3,9-N1-2-B-034901,line_service,Croix de Fer,C. Cial Glisy,2026-04-08 08:32:26.000000000,2026-04-08 08:34:48.000000000,2.3666666666666667,0.70341712703917,17.833110262964873,12.648657874092082,0.4989192828114099,88.07346289604952,87.95467259061823,65.67004225379847,False
solaris_urbino_12_electric,Solaris Urbino 12 electric,174,3,9-N1-2-B-034901,line_service,C. Cial Glisy,Capitaine Nemo,2026-04-08 08:35:18.000000000,2026-04-08 08:35:46.000000000,0.4666666666666667,0.13672688382470435,17.57917077746199,12.492168184754679,0.09716130810364751,87.94971227315791,87.92657862837133,65.80676913762318,False
solaris_urbino_12_electric,Solaris Urbino 12 electric,175,3,9-N1-2-B-034901,line_service,Capitaine Nemo,Pôle J. Verne,2026-04-08 08:36:16.000000000,2026-04-08 08:38:26.000000000,2.1666666666666665,0.3234478124594319,8.957016345030421,7.43600988337268,0.2685225791217912,87.92161831091101,87.85768436350106,66.13021695008261,False
solaris_urbino_12_electric,Solaris Urbino 12 electric,176,3,9-N1-4-B-035101,line_service,Pôle J. Verne,Capitaine Nemo,2026-04-08 08:38:56.000000000,2026-04-08 08:40:07.000000000,1.1833333333333333,0.3340181708930427,16.93613260866132,12.098184498446486,0.23860308316380568,87.85272404604075,87.7959137881446,66.46423512097566,False
solaris_urbino_12_electric,Solaris Urbino 12 electric,177,3,9-N1-4-B-035101,line_service,Capitaine Nemo,C. Cial Glisy,2026-04-08 08:40:37.000000000,2026-04-08 08:40:58.000000000,0.35,0.12291799931516653,21.07165702545712,14.69280128869123,0.08570800751736551,87.79095347068429,87.77054680222777,66.58715312029082,False
solaris_urbino_12_electric,Solaris Urbino 12 electric,178,3,9-N1-4-B-035101,line_service,C. Cial Glisy,Croix de Fer,2026-04-08 08:41:28.000000000,2026-04-08 08:43:55.000000000,2.45,0.6859620842301216,16.79907145053359,12.014623985741244,0.4905971460844341,87.76558648476745,87.64877764046163,67.27311520452095,False
solaris_urbino_12_electric,Solaris Urbino 12 electric,179,3,9-N1-4-B-035101,line_service,Croix de Fer,La Fourche,2026-04-08 08:44:25.000000000,2026-04-08 08:46:13.000000000,1.8,0.7465227463047002,24.88409154349001,17.22907289480432,0.5168721868441296,87.64381732300131,87.52075251660986,68.01963795082565,False
solaris_urbino_12_electric,Solaris Urbino 12 electric,180,3,9-N1-4-B-035101,line_service,La Fourche,M. de Longueau,2026-04-08 08:46:43.000000000,2026-04-08 08:47:15.000000000,0.5333333333333333,0.23645430499839581,26.60110931231953,18.42352454712258,0.1637646626410896,87.51579219914954,87.47680061280643,68.25609225582404,False
solaris_urbino_12_electric,Solaris Urbino 12 electric,181,3,9-N1-4-B-035101,line_service,M. de Longueau,Poidevin,2026-04-08 08:47:45.000000000,2026-04-08 08:48:18.000000000,0.55,0.23823148868252741,25.98888967445754,17.993661455547276,0.16494189667585005,87.47184029534611,87.43256841518519,68.49432374450657,False
solaris_urbino_12_electric,Solaris Urbino 12 electric,182,3,9-N1-4-B-035101,line_service,Poidevin,La Rose Rouge,2026-04-08 08:48:48.000000000,2026-04-08 08:49:27.000000000,0.65,0.2830530932557657,26.127977838993758,18.09092822491121,0.19598505576987146,87.42760809772487,87.38094498920823,68.77737683776233,False
solaris_urbino_12_electric,Solaris Urbino 12 electric,183,3,9-N1-4-B-035101,line_service,La Rose Rouge,Cité du Château,2026-04-08 08:49:57.000000000,2026-04-08 08:50:49.000000000,0.8666666666666667,0.38252636844861737,26.482594738750432,18.339960401880504,0.26491053913827395,87.37598467174791,87.31291073385785,69.15990320621094,False
solaris_urbino_12_electric,Solaris Urbino 12 electric,184,3,9-N1-4-B-035101,line_service,Cité du Château,Pont de l'Avre,2026-04-08 08:51:19.000000000,2026-04-08 08:51:55.000000000,0.6,0.25904003764462646,25.904003764462647,17.93441163158536,0.17934411631585362,87.30795041639753,87.26524943632234,69.41894324385557,False
solaris_urbino_12_electric,Solaris Urbino 12 electric,185,3,9-N1-4-B-035101,line_service,Pont de l'Avre,Sobo,2026-04-08 08:52:25.000000000,2026-04-08 08:54:22.000000000,1.95,0.7786426370279388,23.95823498547504,16.598980534956493,0.539466867386086,87.26028911886202,87.13184462662723,70.19758588088351,False
solaris_urbino_12_electric,Solaris Urbino 12 electric,186,3,9-N1-4-B-035101,line_service,Sobo,Mercey,2026-04-08 08:54:52.000000000,2026-04-08 08:56:07.000000000,1.25,0.49486888000554236,23.753706240266034,16.461059769141364,0.3429387451904451,87.12688430916691,87.04523222697871,70.69245476088905,False
solaris_urbino_12_electric,Solaris Urbino 12 electric,187,3,9-N1-4-B-035101,line_service,Mercey,Egl. St-Acheul,2026-04-08 08:56:37.000000000,2026-04-08 08:57:43.000000000,1.1,0.44351095510688016,24.191506642193463,16.75683990194138,0.307208731535592,87.0402719095184,86.9671269734385,71.13596571599592,False
solaris_urbino_12_electric,Solaris Urbino 12 electric,188,3,9-N1-4-B-035101,line_service,Egl. St-Acheul,L. de Luzarches,2026-04-08 08:58:13.000000000,2026-04-08 08:58:55.000000000,0.7,0.27740496861036323,23.777568738031135,16.477127724915903,0.19223315679068553,86.96216665597818,86.9163968567423,71.41337068460629,False
solaris_urbino_12_electric,Solaris Urbino 12 electric,189,3,9-N1-4-B-035101,line_service,L. de Luzarches,Pinceau,2026-04-08 08:59:25.000000000,2026-04-08 09:00:54.000000000,1.4833333333333334,0.3431323580300078,13.879511111326158,10.266877104496691,0.25382001730561266,86.91143653928198,86.85100320182826,71.7565030426363,False
solaris_urbino_12_electric,Solaris Urbino 12 electric,190,3,9-N1-4-B-035101,line_service,Pinceau,Caserne Dejean,2026-04-08 09:01:24.000000000,2026-04-08 09:03:11.000000000,1.7833333333333334,0.40589661587311254,13.656334739656122,10.135631813257165,0.3012535011162546,86.84604288436795,86.77431586029265,72.1623996585094,False
solaris_urbino_12_electric,Solaris Urbino 12 electric,191,3,9-N1-4-B-035101,line_service,Caserne Dejean,Gare du Nord A,2026-04-08 09:03:41.000000000,2026-04-08 09:05:25.000000000,1.7333333333333334,0.3916364257160486,13.55664550555553,10.077106879742848,0.29111642097034895,86.76935554283233,86.70004210926797,72.55403608422544,False
solaris_urbino_12_electric,Solaris Urbino 12 electric,192,3,9-N1-4-B-035101,line_service,Gare du Nord A,René Goblet,2026-04-08 09:05:55.000000000,2026-04-08 09:08:23.000000000,2.466666666666667,0.3279417105779169,7.976960527570951,6.885894540513471,0.28308677555444267,86.69508179180764,86.62768017858039,72.88197779480336,False
solaris_urbino_12_electric,Solaris Urbino 12 electric,193,3,9-N1-4-B-035101,line_service,René Goblet,P. de Justice,2026-04-08 09:08:53.000000000,2026-04-08 09:09:47.000000000,0.9,0.2252173059067505,15.014487060450033,10.939300990254255,0.16408951485381382,86.62271986112007,86.58365092901202,73.10719510071011,False
solaris_urbino_12_electric,Solaris Urbino 12 electric,194,3,9-N1-4-B-035101,line_service,P. de Justice,Dusevel,2026-04-08 09:10:17.000000000,2026-04-08 09:11:15.000000000,0.9666666666666667,0.2299992746993994,14.275817050307548,10.500713816572745,0.1691781670447831,86.5786906115517,86.53841009558866,73.33719437540951,False
solaris_urbino_12_electric,Solaris Urbino 12 electric,195,3,9-N1-4-B-035101,line_service,Dusevel,Beffroi,2026-04-08 09:11:45.000000000,2026-04-08 09:12:46.000000000,1.0166666666666666,0.2188226139254244,12.914121477566031,9.701347494647,0.16438394365929643,86.53344977812834,86.49431074392376,73.55601698933494,False
solaris_urbino_12_electric,Solaris Urbino 12 electric,196,3,9-N1-4-B-035101,line_service,Beffroi,Place du Marché,2026-04-08 09:13:16.000000000,2026-04-08 09:14:10.000000000,0.9,0.18907722066752727,12.605148044501819,9.52152461055803,0.14282286915837045,86.48935042646343,86.45534498142572,73.74509421000246,False
solaris_urbino_12_electric,Solaris Urbino 12 electric,197,3,9-N1-4-B-035101,line_service,Place du Marché,M. Culture B,2026-04-08 09:14:40.000000000,2026-04-08 09:15:25.000000000,0.75,0.17178613535708173,13.742890828566539,10.186496636242934,0.12733120795303665,86.45038466396541,86.42006770969088,73.91688034535954,False
solaris_urbino_12_electric,Solaris Urbino 12 electric,198,3,9-N1-4-B-035101,line_service,M. Culture B,Saint-Jacques,2026-04-08 09:15:55.000000000,2026-04-08 09:16:43.000000000,0.8,0.2918119105170466,21.885893288778494,15.221936608587479,0.20295915478116638,86.41510739223057,86.36678378394933,74.2086922558766,False
solaris_urbino_12_electric,Solaris Urbino 12 electric,199,3,9-N1-4-B-035101,line_service,Saint-Jacques,Jean Jaurès,2026-04-08 09:17:13.000000000,2026-04-08 09:18:15.000000000,1.0333333333333334,0.3507042974526486,20.36347533596024,14.23775760989092,0.24520582550367695,86.36182346648901,86.30344112708337,74.55939655332925,False
solaris_urbino_12_electric,Solaris Urbino 12 electric,200,3,9-N1-4-B-035101,line_service,Jean Jaurès,Zoo d'Amiens,2026-04-08 09:18:45.000000000,2026-04-08 09:19:57.000000000,1.2,0.40281609573225763,20.14080478661288,14.09564699678853,0.2819129399357706,86.29848080962306,86.23135868106692,74.9622126490615,False
solaris_urbino_12_electric,Solaris Urbino 12 electric,201,3,9-N1-4-B-035101,line_service,Zoo d'Amiens,Egl. St-Firmin,2026-04-08 09:20:27.000000000,2026-04-08 09:21:32.000000000,1.0833333333333333,0.37638436041502576,20.845903038370658,14.547228745279993,0.26265829678977765,86.2263983636066,86.16386067389476,75.33859700947653,False
solaris_urbino_12_electric,Solaris Urbino 12 electric,202,3,9-N1-4-B-035101,line_service,Egl. St-Firmin,Faubourg de Hem,2026-04-08 09:22:02.000000000,2026-04-08 09:22:55.000000000,0.8833333333333333,0.3007481358168622,20.428175263032152,14.279135582892508,0.21022060719258415,86.15890035643443,86.1088478309124,75.63934514529339,False
solaris_urbino_12_electric,Solaris Urbino 12 electric,203,3,9-N1-4-B-035101,line_service,Faubourg de Hem,Espace Alliance,2026-04-08 09:23:25.000000000,2026-04-08 09:24:09.000000000,0.7333333333333333,0.24201898261847898,19.8015531233301,13.880003999248057,0.16964449332414291,86.10388751345208,86.06349596742251,75.88136412791188,False
solaris_urbino_12_electric,Solaris Urbino 12 electric,204,3,9-N1-4-B-035101,line_service,Espace Alliance,Sully,2026-04-08 09:24:39.000000000,2026-04-08 09:26:10.000000000,1.5166666666666666,0.5124653653664172,20.273355113396722,14.180186968253004,0.3584436150308398,86.0585356499622,85.97319193209772,76.39382949327829,False
solaris_urbino_12_electric,Solaris Urbino 12 electric,205,3,9-N1-4-B-035101,line_service,Sully,Place la Barre,2026-04-08 09:26:40.000000000,2026-04-08 09:28:25.000000000,1.75,0.5814235833007191,19.934522856024653,13.964400885694367,0.4072950258327524,85.9682316146374,85.87125660848675,76.97525307657901,False
solaris_urbino_12_electric,Solaris Urbino 12 electric,206,3,9-N1-4-B-035101,line_service,Place la Barre,La Fontaine,2026-04-08 09:28:55.000000000,2026-04-08 09:30:04.000000000,1.15,0.32116148117311843,16.75625119164096,11.988547708117405,0.22978049773891693,85.86629629102643,85.81158664870763,77.29641455775213,False
solaris_urbino_12_electric,Solaris Urbino 12 electric,207,3,9-N1-4-B-035101,line_service,La Fontaine,Les Coursives,2026-04-08 09:30:34.000000000,2026-04-08 09:31:18.000000000,0.7333333333333333,0.23368404358993675,19.11960356644937,13.449643215515678,0.16438452818963606,85.80662633124732,85.76748715786883,77.53009860134206,False
solaris_urbino_12_electric,Solaris Urbino 12 electric,208,3,9-N1-4-B-035101,line_service,Les Coursives,Languedoc,2026-04-08 09:31:48.000000000,2026-04-08 09:32:43.000000000,0.9166666666666666,0.2930331102299119,19.1803490332306,13.487812028090723,0.20606379487360824,85.76252684040851,85.71346403210528,77.82313171157197,False
solaris_urbino_12_electric,Solaris Urbino 12 electric,209,3,9-N1-4-B-035101,line_service,Languedoc,Collège R.Parks,2026-04-08 09:33:13.000000000,2026-04-08 09:34:33.000000000,1.3333333333333333,0.3206006811443548,14.427030651495967,10.590203090054667,0.23533784644565928,85.70850371464496,85.65247089406266,78.14373239271632,False
solaris_urbino_12_electric,Solaris Urbino 12 electric,210,3,9-N1-4-B-035101,line_service,Collège R.Parks,Martinique,2026-04-08 09:35:03.000000000,2026-04-08 09:35:57.000000000,0.9,0.27082614139471256,18.05507609298084,12.7858717133053,0.1917880756995795,85.64751057660234,85.60184674905483,78.41455853411104,False
solaris_urbino_12_electric,Solaris Urbino 12 electric,211,3,9-N1-4-B-035101,line_service,Martinique,Etouvie Quai A,2026-04-08 09:36:27.000000000,2026-04-08 09:38:25.000000000,1.9666666666666666,0.27408690803195346,8.361973465381629,7.101567229865196,0.2327735925344703,85.5968864315945,85.54146414765772,78.688645442143,False
solaris_urbino_12_electric,Solaris Urbino 12 electric,212,4,9-N1-2-B-034901,line_service,Etouvie Quai A,Martinique,2026-04-08 09:38:25.000000000,2026-04-08 09:39:21.000000000,0.9333333333333333,0.2419015249612658,15.550812318938515,11.260068245184677,0.1751566171473172,85.54146414765772,85.49976019119408,78.93054696710426,False
solaris_urbino_12_electric,Solaris Urbino 12 electric,213,4,9-N1-2-B-034901,line_service,Martinique,Collège R.Parks,2026-04-08 09:39:51.000000000,2026-04-08 09:40:58.000000000,1.1166666666666667,0.3307630000086095,17.77234029897006,12.611161213503856,0.23470772258465508,85.49479987373377,85.43891708264218,79.26130996711288,False
solaris_urbino_12_electric,Solaris Urbino 12 electric,214,4,9-N1-2-B-034901,line_service,Collège R.Parks,Languedoc,2026-04-08 09:41:28.000000000,2026-04-08 09:42:42.000000000,1.2333333333333334,0.29681987678393196,14.439885897596689,10.597817808205917,0.21784403272423272,85.43395676518186,85.38208913834276,79.55812984389681,False
solaris_urbino_12_electric,Solaris Urbino 12 electric,215,4,9-N1-2-B-034901,line_service,Languedoc,Les coursives,2026-04-08 09:43:12.000000000,2026-04-08 09:44:08.000000000,0.9333333333333333,0.297726462758007,19.139558320157594,13.462178045703666,0.2094116584887237,85.37712882088243,85.32726890219465,79.85585630665481,False
solaris_urbino_12_electric,Solaris Urbino 12 electric,216,4,9-N1-2-B-034901,line_service,Les coursives,La Fontaine,2026-04-08 09:44:38.000000000,2026-04-08 09:45:23.000000000,0.75,0.22794980309080773,18.23598424726462,12.898003526410092,0.16122504408012614,85.32230858473433,85.28392166947715,80.08380610974562,False
solaris_urbino_12_electric,Solaris Urbino 12 electric,217,4,9-N1-2-B-034901,line_service,La Fontaine,Place la Barre,2026-04-08 09:45:53.000000000,2026-04-08 09:46:54.000000000,1.0166666666666666,0.2788940733458619,16.459322361395127,11.808108999529809,0.20008184693647732,85.27896135201684,85.23132281703197,80.36270018309148,False
solaris_urbino_12_electric,Solaris Urbino 12 electric,218,4,9-N1-2-B-034901,line_service,Place la Barre,Sully,2026-04-08 09:47:24.000000000,2026-04-08 09:48:58.000000000,1.5666666666666667,0.5529827646282706,21.178063326189086,14.76158400634712,0.38544136016573033,85.22636249957165,85.13459074715124,80.91568294771974,False
solaris_urbino_12_electric,Solaris Urbino 12 electric,219,4,9-N1-2-B-034901,line_service,Sully,Espace Alliance,2026-04-08 09:49:28.000000000,2026-04-08 09:51:01.000000000,1.55,0.5412636534432308,20.952141423608936,14.61567378448361,0.3775715727658266,85.12963042969092,85.03973243617524,81.45694660116297,False
solaris_urbino_12_electric,Solaris Urbino 12 electric,220,4,9-N1-2-B-034901,line_service,Espace Alliance,Faubourg de Hem,2026-04-08 09:51:31.000000000,2026-04-08 09:52:24.000000000,0.8833333333333333,0.3068484114845754,20.842533610273048,14.545059713261502,0.21413560133412768,85.03477211871493,84.9837874517306,81.76379501264755,False
solaris_urbino_12_electric,Solaris Urbino 12 electric,221,4,9-N1-2-B-034901,line_service,Faubourg de Hem,Egl. St-Firmin,2026-04-08 09:52:54.000000000,2026-04-08 09:53:36.000000000,0.7,0.29644718539430037,25.409758748082893,17.59110789775967,0.2052295921405295,84.97882713427029,84.92996294566541,82.06024219804185,False
solaris_urbino_12_electric,Solaris Urbino 12 electric,222,4,9-N1-2-B-034901,line_service,Egl. St-Firmin,Zoo d'Amiens,2026-04-08 09:54:06.000000000,2026-04-08 09:55:02.000000000,0.9333333333333333,0.3979625757415526,25.58330844052838,17.71133170949966,0.2755096043699947,84.92500262820509,84.85940510335509,82.4582047737834,False
solaris_urbino_12_electric,Solaris Urbino 12 electric,223,4,9-N1-2-B-034901,line_service,Zoo d'Amiens,Jean Jaurès,2026-04-08 09:55:32.000000000,2026-04-08 09:56:28.000000000,0.9333333333333333,0.38776459722543666,24.9277241073495,17.25900345845794,0.268473387131568,84.85444478589477,84.79052255086344,82.84596937100883,False
solaris_urbino_12_electric,Solaris Urbino 12 electric,224,4,9-N1-2-B-034901,line_service,Jean Jaurès,Saint-Jacques,2026-04-08 09:56:58.000000000,2026-04-08 09:57:51.000000000,0.8833333333333333,0.3538188673320645,24.032979667838347,16.649496892479902,0.24511759313928747,84.78556223340313,84.7272009017033,83.1997882383409,False
solaris_urbino_12_electric,Solaris Urbino 12 electric,225,4,9-N1-2-B-034901,line_service,Saint-Jacques,M. Culture A,2026-04-08 09:58:21.000000000,2026-04-08 09:58:54.000000000,0.55,0.24280373751186532,26.487680455839854,18.343542843186246,0.16814914272920725,84.72224058424298,84.68220507406936,83.44259197585276,False
solaris_urbino_12_electric,Solaris Urbino 12 electric,226,4,9-N1-2-B-034901,line_service,M. Culture A,Hôtel de Ville,2026-04-08 09:59:24.000000000,2026-04-08 10:01:24.000000000,2.0,0.29674165114956036,8.90224953448681,7.4051695340750365,0.2468389844691679,84.67724475660904,84.61847356983067,83.73933362700231,False
solaris_urbino_12_electric,Solaris Urbino 12 electric,227,4,9-N1-2-B-034901,line_service,Hôtel de Ville,Jacobins,2026-04-08 10:01:54.000000000,2026-04-08 10:02:51.000000000,0.95,0.22829410594169391,14.418575112106984,10.585195099293086,0.1675989224054739,84.61351325237035,84.57360874703572,83.96762773294401,False
solaris_urbino_12_electric,Solaris Urbino 12 electric,228,4,9-N1-2-B-034901,line_service,Jacobins,Emile Zola,2026-04-08 10:03:21.000000000,2026-04-08 10:04:42.000000000,1.35,0.32611241962366005,14.493885316607114,10.6298158571957,0.23917085678690322,84.5686484295754,84.51170298748328,84.29374015256766,False
solaris_urbino_12_electric,Solaris Urbino 12 electric,229,4,9-N1-2-B-034901,line_service,Emile Zola,Gare du Nord B,2026-04-08 10:05:12.000000000,2026-04-08 10:07:54.000000000,2.7,0.35548637357572055,7.899697190571568,6.842679519791913,0.307920578390636,84.50674267002296,84.43342824659662,84.6492265261434,False
solaris_urbino_12_electric,Solaris Urbino 12 electric,230,4,9-N1-2-B-034901,line_service,Gare du Nord B,Caserne Dejean,2026-04-08 10:08:24.000000000,2026-04-08 10:09:57.000000000,1.55,0.3681948881034494,14.252705345939976,10.487049257408216,0.2709154391497123,84.4284679291363,84.36396425314828,85.01742141424684,False
solaris_urbino_12_electric,Solaris Urbino 12 electric,231,4,9-N1-2-B-034901,line_service,Caserne Dejean,Pinceau,2026-04-08 10:10:27.000000000,2026-04-08 10:11:59.000000000,1.5333333333333334,0.35537552735134686,13.905998896357051,10.282474769595455,0.2627743552229949,84.35900393568797,84.29643861301582,85.3727969415982,False
solaris_urbino_12_electric,Solaris Urbino 12 electric,232,4,9-N1-2-B-034901,line_service,Pinceau,L. de Luzarches,2026-04-08 10:12:29.000000000,2026-04-08 10:14:24.000000000,1.9166666666666667,0.44705548624280317,13.994780438905144,10.33478728614811,0.3301390383075091,84.2914782955555,84.21287376262515,85.81985242784098,False
solaris_urbino_12_electric,Solaris Urbino 12 electric,233,4,9-N1-2-B-034901,line_service,L. de Luzarches,Egl. St-Acheul,2026-04-08 10:14:54.000000000,2026-04-08 10:15:34.000000000,0.6666666666666666,0.3248685267650074,29.238167408850664,20.32821859330313,0.22586909548114592,84.20791344516482,84.15413508909789,86.144720954606,False
solaris_urbino_12_electric,Solaris Urbino 12 electric,234,4,9-N1-2-B-034901,line_service,Egl. St-Acheul,Mercey,2026-04-08 10:16:04.000000000,2026-04-08 10:16:59.000000000,0.9166666666666666,0.45179666905185245,29.572145610666706,20.575864377064864,0.31435348353849096,84.14917477163758,84.0743287041284,86.59651762365786,False
solaris_urbino_12_electric,Solaris Urbino 12 electric,235,4,9-N1-2-B-034901,line_service,Mercey,Sobo,2026-04-08 10:17:29.000000000,2026-04-08 10:18:28.000000000,0.9833333333333333,0.4818036462949089,29.398188587485965,20.446688745559044,0.3350985099966621,84.06936838666809,83.98958302714507,87.07832126995277,False
solaris_urbino_12_electric,Solaris Urbino 12 electric,236,4,9-N1-2-B-034901,line_service,Sobo,Pont de l'Avre,2026-04-08 10:18:58.000000000,2026-04-08 10:20:24.000000000,1.4333333333333333,0.7075852717526405,29.61984858499426,20.611358234859843,0.4923824467216518,83.98462270968476,83.86738879379864,87.7859065417054,False
solaris_urbino_12_electric,Solaris Urbino 12 electric,237,4,9-N1-2-B-034901,line_service,Pont de l'Avre,Cité du Château,2026-04-08 10:20:54.000000000,2026-04-08 10:21:36.000000000,0.7,0.2966141068969825,25.424066305455643,17.60100604348413,0.20534507050731485,83.86242847633832,83.81353679288421,88.0825206486024,False
solaris_urbino_12_electric,Solaris Urbino 12 electric,238,4,9-N1-2-B-034901,line_service,Cité du Château,La Rose Rouge,2026-04-08 10:22:06.000000000,2026-04-08 10:22:54.000000000,0.8,0.3329543642312839,24.97157731734629,17.289107112419597,0.2305214281655946,83.80857647542389,83.75369042109875,88.41547501283368,False
solaris_urbino_12_electric,Solaris Urbino 12 electric,239,4,9-N1-2-B-034901,line_service,La Rose Rouge,Poidevin,2026-04-08 10:23:24.000000000,2026-04-08 10:23:55.000000000,0.5166666666666667,0.2251396338173497,26.145247798143835,18.10302141613429,0.15588712886115635,83.74873010363842,83.71161412057624,88.64061464665103,False
solaris_urbino_12_electric,Solaris Urbino 12 electric,240,4,9-N1-2-B-034901,line_service,Poidevin,M. de Longueau,2026-04-08 10:24:25.000000000,2026-04-08 10:25:09.000000000,0.7333333333333333,0.3145014195772681,25.731934329049206,17.814568253525785,0.21773361198753735,83.70665380311593,83.65481246692842,88.9551160662283,False
solaris_urbino_12_electric,Solaris Urbino 12 electric,241,4,9-N1-2-B-034901,line_service,M. de Longueau,La Fourche,2026-04-08 10:25:39.000000000,2026-04-08 10:26:16.000000000,0.6166666666666667,0.25663398574137214,24.96979320726864,17.287881959235825,0.17768100902547934,83.6498521494681,83.60754714731918,89.21175005196966,False
solaris_urbino_12_electric,Solaris Urbino 12 electric,242,4,9-N1-2-B-034901,line_service,La Fourche,Croix de Fer,2026-04-08 10:26:46.000000000,2026-04-08 10:28:24.000000000,1.6333333333333333,0.6510902221706201,23.91759999810441,16.571542828821517,0.4511142214512525,83.60258682985886,83.49517868189429,89.86284027414028,False
solaris_urbino_12_electric,Solaris Urbino 12 electric,243,4,9-N1-2-B-034901,line_service,Croix de Fer,C. Cial Glisy,2026-04-08 10:28:54.000000000,2026-04-08 10:31:16.000000000,2.3666666666666667,0.70341712703917,17.833110262964873,12.648657874092082,0.4989192828114099,83.49021836443396,83.37142805900268,90.56625740117946,False
solaris_urbino_12_electric,Solaris Urbino 12 electric,244,4,9-N1-2-B-034901,line_service,C. Cial Glisy,Capitaine Nemo,2026-04-08 10:31:46.000000000,2026-04-08 10:32:14.000000000,0.4666666666666667,0.13672688382470435,17.57917077746199,12.492168184754679,0.09716130810364751,83.36646774154235,83.34333409675577,90.70298428500416,False
solaris_urbino_12_electric,Solaris Urbino 12 electric,245,4,9-N1-2-B-034901,line_service,Capitaine Nemo,Pôle J. Verne,2026-04-08 10:32:44.000000000,2026-04-08 10:34:54.000000000,2.1666666666666665,0.3234478124594319,8.957016345030421,7.43600988337268,0.2685225791217912,83.33837377929547,83.2744398318855,91.0264320974636,False
solaris_urbino_12_electric,Solaris Urbino 12 electric,246,4,9-N1-4-B-035101,line_service,Pôle J. Verne,Capitaine Nemo,2026-04-08 10:35:24.000000000,2026-04-08 10:36:35.000000000,1.1833333333333333,0.3340181708930427,16.93613260866132,12.098184498446486,0.23860308316380568,83.26947951442519,83.21266925652904,91.36045026835664,False
solaris_urbino_12_electric,Solaris Urbino 12 electric,247,4,9-N1-4-B-035101,line_service,Capitaine Nemo,C. Cial Glisy,2026-04-08 10:37:05.000000000,2026-04-08 10:37:26.000000000,0.35,0.12291799931516653,21.07165702545712,14.69280128869123,0.08570800751736551,83.20770893906872,83.18730227061221,91.4833682676718,False
solaris_urbino_12_electric,Solaris Urbino 12 electric,248,4,9-N1-4-B-035101,line_service,C. Cial Glisy,Croix de Fer,2026-04-08 10:37:56.000000000,2026-04-08 10:40:23.000000000,2.45,0.6859620842301216,16.79907145053359,12.014623985741244,0.4905971460844341,83.18234195315189,83.06553310884607,92.16933035190192,False
solaris_urbino_12_electric,Solaris Urbino 12 electric,249,4,9-N1-4-B-035101,line_service,Croix de Fer,La Fourche,2026-04-08 10:40:53.000000000,2026-04-08 10:42:41.000000000,1.8,0.7465227463047002,24.88409154349001,17.22907289480432,0.5168721868441296,83.06057279138577,82.9375079849943,92.91585309820663,False
solaris_urbino_12_electric,Solaris Urbino 12 electric,250,4,9-N1-4-B-035101,line_service,La Fourche,M. de Longueau,2026-04-08 10:43:11.000000000,2026-04-08 10:43:43.000000000,0.5333333333333333,0.23645430499839581,26.60110931231953,18.42352454712258,0.1637646626410896,82.93254766753398,82.89355608119087,93.15230740320501,False
solaris_urbino_12_electric,Solaris Urbino 12 electric,251,4,9-N1-4-B-035101,line_service,M. de Longueau,Poidevin,2026-04-08 10:44:13.000000000,2026-04-08 10:44:46.000000000,0.55,0.23823148868252741,25.98888967445754,17.993661455547276,0.16494189667585005,82.88859576373055,82.84932388356964,93.39053889188756,False
solaris_urbino_12_electric,Solaris Urbino 12 electric,252,4,9-N1-4-B-035101,line_service,Poidevin,La Rose Rouge,2026-04-08 10:45:16.000000000,2026-04-08 10:45:55.000000000,0.65,0.2830530932557657,26.127977838993758,18.09092822491121,0.19598505576987146,82.84436356610931,82.79770045759267,93.67359198514332,False
solaris_urbino_12_electric,Solaris Urbino 12 electric,253,4,9-N1-4-B-035101,line_service,La Rose Rouge,Cité du Château,2026-04-08 10:46:25.000000000,2026-04-08 10:47:17.000000000,0.8666666666666667,0.38252636844861737,26.482594738750432,18.339960401880504,0.26491053913827395,82.79274014013237,82.7296662022423,94.05611835359193,False
solaris_urbino_12_electric,Solaris Urbino 12 electric,254,4,9-N1-4-B-035101,line_service,Cité du Château,Pont de l'Avre,2026-04-08 10:47:47.000000000,2026-04-08 10:48:23.000000000,0.6,0.25904003764462646,25.904003764462647,17.93441163158536,0.17934411631585362,82.72470588478197,82.68200490470677,94.31515839123655,False
solaris_urbino_12_electric,Solaris Urbino 12 electric,255,4,9-N1-4-B-035101,line_service,Pont de l'Avre,Sobo,2026-04-08 10:48:53.000000000,2026-04-08 10:50:50.000000000,1.95,0.7786426370279388,23.95823498547504,16.598980534956493,0.539466867386086,82.67704458724646,82.54860009501166,95.09380102826448,False
solaris_urbino_12_electric,Solaris Urbino 12 electric,256,4,9-N1-4-B-035101,line_service,Sobo,Mercey,2026-04-08 10:51:20.000000000,2026-04-08 10:52:35.000000000,1.25,0.49486888000554236,23.753706240266034,16.461059769141364,0.3429387451904451,82.54363977755136,82.46198769536315,95.58866990827002,False
solaris_urbino_12_electric,Solaris Urbino 12 electric,257,4,9-N1-4-B-035101,line_service,Mercey,Egl. St-Acheul,2026-04-08 10:53:05.000000000,2026-04-08 10:54:11.000000000,1.1,0.44351095510688016,24.191506642193463,16.75683990194138,0.307208731535592,82.45702737790283,82.38388244182293,96.0321808633769,False
solaris_urbino_12_electric,Solaris Urbino 12 electric,258,4,9-N1-4-B-035101,line_service,Egl. St-Acheul,L. de Luzarches,2026-04-08 10:54:41.000000000,2026-04-08 10:55:23.000000000,0.7,0.27740496861036323,23.777568738031135,16.477127724915903,0.19223315679068553,82.37892212436262,82.33315232512673,96.30958583198726,False
solaris_urbino_12_electric,Solaris Urbino 12 electric,259,4,9-N1-4-B-035101,line_service,L. de Luzarches,Pinceau,2026-04-08 10:55:53.000000000,2026-04-08 10:57:22.000000000,1.4833333333333334,0.3431323580300078,13.879511111326158,10.266877104496691,0.25382001730561266,82.32819200766642,82.2677586702127,96.65271819001727,False
solaris_urbino_12_electric,Solaris Urbino 12 electric,260,4,9-N1-4-B-035101,line_service,Pinceau,Caserne Dejean,2026-04-08 10:57:52.000000000,2026-04-08 10:59:39.000000000,1.7833333333333334,0.40589661587311254,13.656334739656122,10.135631813257165,0.3012535011162546,82.26279835275238,82.19107132867708,97.05861480589037,False
solaris_urbino_12_electric,Solaris Urbino 12 electric,261,4,9-N1-4-B-035101,line_service,Caserne Dejean,Gare du Nord A,2026-04-08 11:00:09.000000000,2026-04-08 11:01:53.000000000,1.7333333333333334,0.3916364257160486,13.55664550555553,10.077106879742848,0.29111642097034895,82.18611101121677,82.11679757765239,97.45025123160643,False
solaris_urbino_12_electric,Solaris Urbino 12 electric,262,4,9-N1-4-B-035101,line_service,Gare du Nord A,René Goblet,2026-04-08 11:02:23.000000000,2026-04-08 11:04:51.000000000,2.466666666666667,0.3279417105779169,7.976960527570951,6.885894540513471,0.28308677555444267,82.11183726019209,82.04443564696484,97.77819294218433,False
solaris_urbino_12_electric,Solaris Urbino 12 electric,263,4,9-N1-4-B-035101,line_service,René Goblet,P. de Justice,2026-04-08 11:05:21.000000000,2026-04-08 11:06:15.000000000,0.9,0.2252173059067505,15.014487060450033,10.939300990254255,0.16408951485381382,82.03947532950451,82.00040639739646,98.0034102480911,False
solaris_urbino_12_electric,Solaris Urbino 12 electric,264,4,9-N1-4-B-035101,line_service,P. de Justice,Dusevel,2026-04-08 11:06:45.000000000,2026-04-08 11:07:43.000000000,0.9666666666666667,0.2299992746993994,14.275817050307548,10.500713816572745,0.1691781670447831,81.99544607993614,81.95516556397311,98.2334095227905,False
solaris_urbino_12_electric,Solaris Urbino 12 electric,265,4,9-N1-4-B-035101,line_service,Dusevel,Beffroi,2026-04-08 11:08:13.000000000,2026-04-08 11:09:14.000000000,1.0166666666666666,0.2188226139254244,12.914121477566031,9.701347494647,0.16438394365929643,81.95020524651278,81.9110662123082,98.45223213671592,False
solaris_urbino_12_electric,Solaris Urbino 12 electric,266,4,9-N1-4-B-035101,line_service,Beffroi,Place du Marché,2026-04-08 11:09:44.000000000,2026-04-08 11:10:38.000000000,0.9,0.18907722066752727,12.605148044501819,9.52152461055803,0.14282286915837045,81.90610589484788,81.87210044981018,98.64130935738345,False
solaris_urbino_12_electric,Solaris Urbino 12 electric,267,4,9-N1-4-B-035101,line_service,Place du Marché,M. Culture B,2026-04-08 11:11:08.000000000,2026-04-08 11:11:53.000000000,0.75,0.17178613535708173,13.742890828566539,10.186496636242934,0.12733120795303665,81.86714013234985,81.83682317807532,98.81309549274053,False
solaris_urbino_12_electric,Solaris Urbino 12 electric,268,4,9-N1-4-B-035101,line_service,M. Culture B,Saint-Jacques,2026-04-08 11:12:23.000000000,2026-04-08 11:13:11.000000000,0.8,0.2918119105170466,21.885893288778494,15.221936608587479,0.20295915478116638,81.831862860615,81.78353925233378,99.10490740325757,False
solaris_urbino_12_electric,Solaris Urbino 12 electric,269,4,9-N1-4-B-035101,line_service,Saint-Jacques,Jean Jaurès,2026-04-08 11:13:41.000000000,2026-04-08 11:14:43.000000000,1.0333333333333334,0.3507042974526486,20.36347533596024,14.23775760989092,0.24520582550367695,81.77857893487345,81.72019659546783,99.45561170071024,False
solaris_urbino_12_electric,Solaris Urbino 12 electric,270,4,9-N1-4-B-035101,line_service,Jean Jaurès,Zoo d'Amiens,2026-04-08 11:15:13.000000000,2026-04-08 11:16:25.000000000,1.2,0.40281609573225763,20.14080478661288,14.09564699678853,0.2819129399357706,81.7152362780075,81.64811414945136,99.85842779644248,False
solaris_urbino_12_electric,Solaris Urbino 12 electric,271,4,9-N1-4-B-035101,line_service,Zoo d'Amiens,Egl. St-Firmin,2026-04-08 11:16:55.000000000,2026-04-08 11:18:00.000000000,1.0833333333333333,0.37638436041502576,20.845903038370658,14.547228745279993,0.26265829678977765,81.64315383199104,81.5806161422792,100.23481215685752,False
solaris_urbino_12_electric,Solaris Urbino 12 electric,272,4,9-N1-4-B-035101,line_service,Egl. St-Firmin,Faubourg de Hem,2026-04-08 11:18:30.000000000,2026-04-08 11:19:23.000000000,0.8833333333333333,0.3007481358168622,20.428175263032152,14.279135582892508,0.21022060719258415,81.57565582481888,81.52560329929683,100.53556029267438,False
solaris_urbino_12_electric,Solaris Urbino 12 electric,273,4,9-N1-4-B-035101,line_service,Faubourg de Hem,Espace Alliance,2026-04-08 11:19:53.000000000,2026-04-08 11:20:37.000000000,0.7333333333333333,0.24201898261847898,19.8015531233301,13.880003999248057,0.16964449332414291,81.52064298183652,81.48025143580696,100.77757927529285,False
solaris_urbino_12_electric,Solaris Urbino 12 electric,274,4,9-N1-4-B-035101,line_service,Espace Alliance,Sully,2026-04-08 11:21:07.000000000,2026-04-08 11:22:38.000000000,1.5166666666666666,0.5124653653664172,20.273355113396722,14.180186968253004,0.3584436150308398,81.47529111834663,81.38994740048216,101.29004464065926,False
solaris_urbino_12_electric,Solaris Urbino 12 electric,275,4,9-N1-4-B-035101,line_service,Sully,Place la Barre,2026-04-08 11:23:08.000000000,2026-04-08 11:24:53.000000000,1.75,0.5814235833007191,19.934522856024653,13.964400885694367,0.4072950258327524,81.38498708302184,81.28801207687118,101.87146822396,False
solaris_urbino_12_electric,Solaris Urbino 12 electric,276,4,9-N1-4-B-035101,line_service,Place la Barre,La Fontaine,2026-04-08 11:25:23.000000000,2026-04-08 11:26:32.000000000,1.15,0.32116148117311843,16.75625119164096,11.988547708117405,0.22978049773891693,81.28305175941087,81.22834211709207,102.1926297051331,False
solaris_urbino_12_electric,Solaris Urbino 12 electric,277,4,9-N1-4-B-035101,line_service,La Fontaine,Les Coursives,2026-04-08 11:27:02.000000000,2026-04-08 11:27:46.000000000,0.7333333333333333,0.23368404358993675,19.11960356644937,13.449643215515678,0.16438452818963606,81.22338179963177,81.18424262625328,102.42631374872305,False
solaris_urbino_12_electric,Solaris Urbino 12 electric,278,4,9-N1-4-B-035101,line_service,Les Coursives,Languedoc,2026-04-08 11:28:16.000000000,2026-04-08 11:29:11.000000000,0.9166666666666666,0.2930331102299119,19.1803490332306,13.487812028090723,0.20606379487360824,81.17928230879295,81.13021950048972,102.71934685895295,False
solaris_urbino_12_electric,Solaris Urbino 12 electric,279,4,9-N1-4-B-035101,line_service,Languedoc,Collège R.Parks,2026-04-08 11:29:41.000000000,2026-04-08 11:31:01.000000000,1.3333333333333333,0.3206006811443548,14.427030651495967,10.590203090054667,0.23533784644565928,81.1252591830294,81.0692263624471,103.0399475400973,False
solaris_urbino_12_electric,Solaris Urbino 12 electric,280,4,9-N1-4-B-035101,line_service,Collège R.Parks,Martinique,2026-04-08 11:31:31.000000000,2026-04-08 11:32:25.000000000,0.9,0.27082614139471256,18.05507609298084,12.7858717133053,0.1917880756995795,81.06426604498678,81.01860221743927,103.31077368149202,False
solaris_urbino_12_electric,Solaris Urbino 12 electric,281,4,9-N1-4-B-035101,line_service,Martinique,Etouvie Quai A,2026-04-08 11:32:55.000000000,2026-04-08 11:34:53.000000000,1.9666666666666666,0.27408690803195346,8.361973465381629,7.101567229865196,0.2327735925344703,81.01364189997895,80.95821961604216,103.58486058952397,False
solaris_urbino_12_electric,Solaris Urbino 12 electric,282,5,9-N1-2-B-034901,line_service,Etouvie Quai A,Martinique,2026-04-08 11:34:53.000000000,2026-04-08 11:35:49.000000000,0.9333333333333333,0.2419015249612658,15.550812318938515,11.260068245184677,0.1751566171473172,80.95821961604216,80.91651565957852,103.82676211448525,False
solaris_urbino_12_electric,Solaris Urbino 12 electric,283,5,9-N1-2-B-034901,line_service,Martinique,Collège R.Parks,2026-04-08 11:36:19.000000000,2026-04-08 11:37:26.000000000,1.1166666666666667,0.3307630000086095,17.77234029897006,12.611161213503856,0.23470772258465508,80.9115553421182,80.85567255102661,104.15752511449385,False
solaris_urbino_12_electric,Solaris Urbino 12 electric,284,5,9-N1-2-B-034901,line_service,Collège R.Parks,Languedoc,2026-04-08 11:37:56.000000000,2026-04-08 11:39:10.000000000,1.2333333333333334,0.29681987678393196,14.439885897596689,10.597817808205917,0.21784403272423272,80.8507122335663,80.7988446067272,104.4543449912778,False
solaris_urbino_12_electric,Solaris Urbino 12 electric,285,5,9-N1-2-B-034901,line_service,Languedoc,Les coursives,2026-04-08 11:39:40.000000000,2026-04-08 11:40:36.000000000,0.9333333333333333,0.297726462758007,19.139558320157594,13.462178045703666,0.2094116584887237,80.79388428926688,80.74402437057908,104.75207145403579,False
solaris_urbino_12_electric,Solaris Urbino 12 electric,286,5,9-N1-2-B-034901,line_service,Les coursives,La Fontaine,2026-04-08 11:41:06.000000000,2026-04-08 11:41:51.000000000,0.75,0.22794980309080773,18.23598424726462,12.898003526410092,0.16122504408012614,80.73906405311877,80.70067713786159,104.98002125712661,False
solaris_urbino_12_electric,Solaris Urbino 12 electric,287,5,9-N1-2-B-034901,line_service,La Fontaine,Place la Barre,2026-04-08 11:42:21.000000000,2026-04-08 11:43:22.000000000,1.0166666666666666,0.2788940733458619,16.459322361395127,11.808108999529809,0.20008184693647732,80.69571682040127,80.6480782854164,105.25891533047246,False
solaris_urbino_12_electric,Solaris Urbino 12 electric,288,5,9-N1-2-B-034901,line_service,Place la Barre,Sully,2026-04-08 11:43:52.000000000,2026-04-08 11:45:26.000000000,1.5666666666666667,0.5529827646282706,21.178063326189086,14.76158400634712,0.38544136016573033,80.64311796795609,80.55134621553567,105.81189809510073,False
solaris_urbino_12_electric,Solaris Urbino 12 electric,289,5,9-N1-2-B-034901,line_service,Sully,Espace Alliance,2026-04-08 11:45:56.000000000,2026-04-08 11:47:29.000000000,1.55,0.5412636534432308,20.952141423608936,14.61567378448361,0.3775715727658266,80.54638589807536,80.45648790455968,106.35316174854395,False
solaris_urbino_12_electric,Solaris Urbino 12 electric,290,5,9-N1-2-B-034901,line_service,Espace Alliance,Faubourg de Hem,2026-04-08 11:47:59.000000000,2026-04-08 11:48:52.000000000,0.8833333333333333,0.3068484114845754,20.842533610273048,14.545059713261502,0.21413560133412768,80.45152758709936,80.40054292011504,106.66001016002852,False
solaris_urbino_12_electric,Solaris Urbino 12 electric,291,5,9-N1-2-B-034901,line_service,Faubourg de Hem,Egl. St-Firmin,2026-04-08 11:49:22.000000000,2026-04-08 11:50:04.000000000,0.7,0.29644718539430037,25.409758748082893,17.59110789775967,0.2052295921405295,80.39558260265474,80.34671841404985,106.95645734542282,False
solaris_urbino_12_electric,Solaris Urbino 12 electric,292,5,9-N1-2-B-034901,line_service,Egl. St-Firmin,Zoo d'Amiens,2026-04-08 11:50:34.000000000,2026-04-08 11:51:30.000000000,0.9333333333333333,0.3979625757415526,25.58330844052838,17.71133170949966,0.2755096043699947,80.34175809658953,80.27616057173952,107.35441992116438,False
solaris_urbino_12_electric,Solaris Urbino 12 electric,293,5,9-N1-2-B-034901,line_service,Zoo d'Amiens,Jean Jaurès,2026-04-08 11:52:00.000000000,2026-04-08 11:52:56.000000000,0.9333333333333333,0.38776459722543666,24.9277241073495,17.25900345845794,0.268473387131568,80.27120025427921,80.2072780192479,107.7421845183898,False
solaris_urbino_12_electric,Solaris Urbino 12 electric,294,5,9-N1-2-B-034901,line_service,Jean Jaurès,Saint-Jacques,2026-04-08 11:53:26.000000000,2026-04-08 11:54:19.000000000,0.8833333333333333,0.3538188673320645,24.032979667838347,16.649496892479902,0.24511759313928747,80.20231770178756,80.14395637008774,108.09600338572189,False
solaris_urbino_12_electric,Solaris Urbino 12 electric,295,5,9-N1-2-B-034901,line_service,Saint-Jacques,M. Culture A,2026-04-08 11:54:49.000000000,2026-04-08 11:55:22.000000000,0.55,0.24280373751186532,26.487680455839854,18.343542843186246,0.16814914272920725,80.13899605262742,80.0989605424538,108.33880712323374,False
solaris_urbino_12_electric,Solaris Urbino 12 electric,296,5,9-N1-2-B-034901,line_service,M. Culture A,Hôtel de Ville,2026-04-08 11:55:52.000000000,2026-04-08 11:57:52.000000000,2.0,0.29674165114956036,8.90224953448681,7.4051695340750365,0.2468389844691679,80.0940002249935,80.0352290382151,108.6355487743833,False
solaris_urbino_12_electric,Solaris Urbino 12 electric,297,5,9-N1-2-B-034901,line_service,Hôtel de Ville,Jacobins,2026-04-08 11:58:22.000000000,2026-04-08 11:59:19.000000000,0.95,0.22829410594169391,14.418575112106984,10.585195099293086,0.1675989224054739,80.0302687207548,79.99036421542016,108.86384288032498,False
solaris_urbino_12_electric,Solaris Urbino 12 electric,298,5,9-N1-2-B-034901,line_service,Jacobins,Emile Zola,2026-04-08 11:59:49.000000000,2026-04-08 12:01:10.000000000,1.35,0.32611241962366005,14.493885316607114,10.6298158571957,0.23917085678690322,79.98540389795984,79.92845845586771,109.18995529994865,False
solaris_urbino_12_electric,Solaris Urbino 12 electric,299,5,9-N1-2-B-034901,line_service,Emile Zola,Gare du Nord B,2026-04-08 12:01:40.000000000,2026-04-08 12:04:22.000000000,2.7,0.35548637357572055,7.899697190571568,6.842679519791913,0.307920578390636,79.92349813840741,79.85018371498106,109.54544167352437,False
solaris_urbino_12_electric,Solaris Urbino 12 electric,300,5,9-N1-2-B-034901,line_service,Gare du Nord B,Caserne Dejean,2026-04-08 12:04:52.000000000,2026-04-08 12:06:25.000000000,1.55,0.3681948881034494,14.252705345939976,10.487049257408216,0.2709154391497123,79.84522339752074,79.78071972153272,109.91363656162783,False
solaris_urbino_12_electric,Solaris Urbino 12 electric,301,5,9-N1-2-B-034901,line_service,Caserne Dejean,Pinceau,2026-04-08 12:06:55.000000000,2026-04-08 12:08:27.000000000,1.5333333333333334,0.35537552735134686,13.905998896357051,10.282474769595455,0.2627743552229949,79.7757594040724,79.71319408140026,110.26901208897917,False
solaris_urbino_12_electric,Solaris Urbino 12 electric,302,5,9-N1-2-B-034901,line_service,Pinceau,L. de Luzarches,2026-04-08 12:08:57.000000000,2026-04-08 12:10:52.000000000,1.9166666666666667,0.44705548624280317,13.994780438905144,10.33478728614811,0.3301390383075091,79.70823376393994,79.62962923100959,110.71606757522197,False
solaris_urbino_12_electric,Solaris Urbino 12 electric,303,5,9-N1-2-B-034901,line_service,L. de Luzarches,Egl. St-Acheul,2026-04-08 12:11:22.000000000,2026-04-08 12:12:02.000000000,0.6666666666666666,0.3248685267650074,29.238167408850664,20.32821859330313,0.22586909548114592,79.62466891354927,79.57089055748233,111.04093610198699,False
solaris_urbino_12_electric,Solaris Urbino 12 electric,304,5,9-N1-2-B-034901,line_service,Egl. St-Acheul,Mercey,2026-04-08 12:12:32.000000000,2026-04-08 12:13:27.000000000,0.9166666666666666,0.45179666905185245,29.572145610666706,20.575864377064864,0.31435348353849096,79.56593024002201,79.49108417251284,111.49273277103883,False
solaris_urbino_12_electric,Solaris Urbino 12 electric,305,5,9-N1-2-B-034901,line_service,Mercey,Sobo,2026-04-08 12:13:57.000000000,2026-04-08 12:14:56.000000000,0.9833333333333333,0.4818036462949089,29.398188587485965,20.446688745559044,0.3350985099966621,79.48612385505253,79.40633849552951,111.97453641733374,False
solaris_urbino_12_electric,Solaris Urbino 12 electric,306,5,9-N1-2-B-034901,line_service,Sobo,Pont de l'Avre,2026-04-08 12:15:26.000000000,2026-04-08 12:16:52.000000000,1.4333333333333333,0.7075852717526405,29.61984858499426,20.611358234859843,0.4923824467216518,79.4013781780692,79.28414426218308,112.68212168908639,False
solaris_urbino_12_electric,Solaris Urbino 12 electric,307,5,9-N1-2-B-034901,line_service,Pont de l'Avre,Cité du Château,2026-04-08 12:17:22.000000000,2026-04-08 12:18:04.000000000,0.7,0.2966141068969825,25.424066305455643,17.60100604348413,0.20534507050731485,79.27918394472277,79.23029226126864,112.97873579598337,False
solaris_urbino_12_electric,Solaris Urbino 12 electric,308,5,9-N1-2-B-034901,line_service,Cité du Château,La Rose Rouge,2026-04-08 12:18:34.000000000,2026-04-08 12:19:22.000000000,0.8,0.3329543642312839,24.97157731734629,17.289107112419597,0.2305214281655946,79.22533194380833,79.17044588948318,113.31169016021465,False
solaris_urbino_12_electric,Solaris Urbino 12 electric,309,5,9-N1-2-B-034901,line_service,La Rose Rouge,Poidevin,2026-04-08 12:19:52.000000000,2026-04-08 12:20:23.000000000,0.5166666666666667,0.2251396338173497,26.145247798143835,18.10302141613429,0.15588712886115635,79.16548557202287,79.12836958896068,113.536829794032,False
solaris_urbino_12_electric,Solaris Urbino 12 electric,310,5,9-N1-2-B-034901,line_service,Poidevin,M. de Longueau,2026-04-08 12:20:53.000000000,2026-04-08 12:21:37.000000000,0.7333333333333333,0.3145014195772681,25.731934329049206,17.814568253525785,0.21773361198753735,79.12340927150038,79.07156793531286,113.85133121360927,False
solaris_urbino_12_electric,Solaris Urbino 12 electric,311,5,9-N1-2-B-034901,line_service,M. de Longueau,La Fourche,2026-04-08 12:22:07.000000000,2026-04-08 12:22:44.000000000,0.6166666666666667,0.25663398574137214,24.96979320726864,17.287881959235825,0.17768100902547934,79.06660761785254,79.02430261570362,114.10796519935064,False
solaris_urbino_12_electric,Solaris Urbino 12 electric,312,5,9-N1-2-B-034901,line_service,La Fourche,Croix de Fer,2026-04-08 12:23:14.000000000,2026-04-08 12:24:52.000000000,1.6333333333333333,0.6510902221706201,23.91759999810441,16.571542828821517,0.4511142214512525,79.0193422982433,78.91193415027873,114.75905542152127,False
solaris_urbino_12_electric,Solaris Urbino 12 electric,313,5,9-N1-2-B-034901,line_service,Croix de Fer,C. Cial Glisy,2026-04-08 12:25:22.000000000,2026-04-08 12:27:44.000000000,2.3666666666666667,0.70341712703917,17.833110262964873,12.648657874092082,0.4989192828114099,78.90697383281841,78.78818352738712,115.46247254856043,False
solaris_urbino_12_electric,Solaris Urbino 12 electric,314,5,9-N1-2-B-034901,line_service,C. Cial Glisy,Capitaine Nemo,2026-04-08 12:28:14.000000000,2026-04-08 12:28:42.000000000,0.4666666666666667,0.13672688382470435,17.57917077746199,12.492168184754679,0.09716130810364751,78.7832232099268,78.76008956514022,115.59919943238513,False
solaris_urbino_12_electric,Solaris Urbino 12 electric,315,5,9-N1-2-B-034901,line_service,Capitaine Nemo,Pôle J. Verne,2026-04-08 12:29:12.000000000,2026-04-08 12:31:22.000000000,2.1666666666666665,0.3234478124594319,8.957016345030421,7.43600988337268,0.2685225791217912,78.75512924767989,78.69119530026995,115.92264724484457,False
solaris_urbino_12_electric,Solaris Urbino 12 electric,316,5,9-N1-4-B-035101,line_service,Pôle J. Verne,Capitaine Nemo,2026-04-08 12:31:52.000000000,2026-04-08 12:33:03.000000000,1.1833333333333333,0.3340181708930427,16.93613260866132,12.098184498446486,0.23860308316380568,78.68623498280962,78.62942472491349,116.25666541573761,False
solaris_urbino_12_electric,Solaris Urbino 12 electric,317,5,9-N1-4-B-035101,line_service,Capitaine Nemo,C. Cial Glisy,2026-04-08 12:33:33.000000000,2026-04-08 12:33:54.000000000,0.35,0.12291799931516653,21.07165702545712,14.69280128869123,0.08570800751736551,78.62446440745316,78.60405773899666,116.37958341505278,False
solaris_urbino_12_electric,Solaris Urbino 12 electric,318,5,9-N1-4-B-035101,line_service,C. Cial Glisy,Croix de Fer,2026-04-08 12:34:24.000000000,2026-04-08 12:36:51.000000000,2.45,0.6859620842301216,16.79907145053359,12.014623985741244,0.4905971460844341,78.59909742153633,78.48228857723052,117.0655454992829,False
solaris_urbino_12_electric,Solaris Urbino 12 electric,319,5,9-N1-4-B-035101,line_service,Croix de Fer,La Fourche,2026-04-08 12:37:21.000000000,2026-04-08 12:39:09.000000000,1.8,0.7465227463047002,24.88409154349001,17.22907289480432,0.5168721868441296,78.4773282597702,78.35426345337873,117.81206824558761,False
solaris_urbino_12_electric,Solaris Urbino 12 electric,320,5,9-N1-4-B-035101,line_service,La Fourche,M. de Longueau,2026-04-08 12:39:39.000000000,2026-04-08 12:40:11.000000000,0.5333333333333333,0.23645430499839581,26.60110931231953,18.42352454712258,0.1637646626410896,78.34930313591842,78.3103115495753,118.048522550586,False
solaris_urbino_12_electric,Solaris Urbino 12 electric,321,5,9-N1-4-B-035101,line_service,M. de Longueau,Poidevin,2026-04-08 12:40:41.000000000,2026-04-08 12:41:14.000000000,0.55,0.23823148868252741,25.98888967445754,17.993661455547276,0.16494189667585005,78.30535123211499,78.26607935195408,118.28675403926853,False
solaris_urbino_12_electric,Solaris Urbino 12 electric,322,5,9-N1-4-B-035101,line_service,Poidevin,La Rose Rouge,2026-04-08 12:41:44.000000000,2026-04-08 12:42:23.000000000,0.65,0.2830530932557657,26.127977838993758,18.09092822491121,0.19598505576987146,78.26111903449376,78.21445592597712,118.56980713252429,False
solaris_urbino_12_electric,Solaris Urbino 12 electric,323,5,9-N1-4-B-035101,line_service,La Rose Rouge,Cité du Château,2026-04-08 12:42:53.000000000,2026-04-08 12:43:45.000000000,0.8666666666666667,0.38252636844861737,26.482594738750432,18.339960401880504,0.26491053913827395,78.2094956085168,78.14642167062674,118.95233350097291,False
solaris_urbino_12_electric,Solaris Urbino 12 electric,324,5,9-N1-4-B-035101,line_service,Cité du Château,Pont de l'Avre,2026-04-08 12:44:15.000000000,2026-04-08 12:44:51.000000000,0.6,0.25904003764462646,25.904003764462647,17.93441163158536,0.17934411631585362,78.14146135316642,78.09876037309121,119.21137353861752,False
solaris_urbino_12_electric,Solaris Urbino 12 electric,325,5,9-N1-4-B-035101,line_service,Pont de l'Avre,Sobo,2026-04-08 12:45:21.000000000,2026-04-08 12:47:18.000000000,1.95,0.7786426370279388,23.95823498547504,16.598980534956493,0.539466867386086,78.0938000556309,77.96535556339612,119.99001617564547,False
solaris_urbino_12_electric,Solaris Urbino 12 electric,326,5,9-N1-4-B-035101,line_service,Sobo,Mercey,2026-04-08 12:47:48.000000000,2026-04-08 12:49:03.000000000,1.25,0.49486888000554236,23.753706240266034,16.461059769141364,0.3429387451904451,77.9603952459358,77.8787431637476,120.484885055651,False
solaris_urbino_12_electric,Solaris Urbino 12 electric,327,5,9-N1-4-B-035101,line_service,Mercey,Egl. St-Acheul,2026-04-08 12:49:33.000000000,2026-04-08 12:50:39.000000000,1.1,0.44351095510688016,24.191506642193463,16.75683990194138,0.307208731535592,77.87378284628727,77.80063791020737,120.92839601075788,False
solaris_urbino_12_electric,Solaris Urbino 12 electric,328,5,9-N1-4-B-035101,line_service,Egl. St-Acheul,L. de Luzarches,2026-04-08 12:51:09.000000000,2026-04-08 12:51:51.000000000,0.7,0.27740496861036323,23.777568738031135,16.477127724915903,0.19223315679068553,77.79567759274705,77.74990779351117,121.20580097936825,False
solaris_urbino_12_electric,Solaris Urbino 12 electric,329,5,9-N1-4-B-035101,line_service,L. de Luzarches,Pinceau,2026-04-08 12:52:21.000000000,2026-04-08 12:53:50.000000000,1.4833333333333334,0.3431323580300078,13.879511111326158,10.266877104496691,0.25382001730561266,77.74494747605087,77.68451413859714,121.54893333739825,False
solaris_urbino_12_electric,Solaris Urbino 12 electric,330,5,9-N1-4-B-035101,line_service,Pinceau,Caserne Dejean,2026-04-08 12:54:20.000000000,2026-04-08 12:56:07.000000000,1.7833333333333334,0.40589661587311254,13.656334739656122,10.135631813257165,0.3012535011162546,77.67955382113684,77.60782679706153,121.95482995327136,False
solaris_urbino_12_electric,Solaris Urbino 12 electric,331,5,9-N1-4-B-035101,line_service,Caserne Dejean,Gare du Nord A,2026-04-08 12:56:37.000000000,2026-04-08 12:58:21.000000000,1.7333333333333334,0.3916364257160486,13.55664550555553,10.077106879742848,0.29111642097034895,77.6028664796012,77.53355304603684,122.3464663789874,False
solaris_urbino_12_electric,Solaris Urbino 12 electric,332,5,9-N1-4-B-035101,line_service,Gare du Nord A,René Goblet,2026-04-08 12:58:51.000000000,2026-04-08 13:01:19.000000000,2.466666666666667,0.3279417105779169,7.976960527570951,6.885894540513471,0.28308677555444267,77.52859272857653,77.46119111534928,122.67440808956532,False
solaris_urbino_12_electric,Solaris Urbino 12 electric,333,5,9-N1-4-B-035101,line_service,René Goblet,P. de Justice,2026-04-08 13:01:49.000000000,2026-04-08 13:02:43.000000000,0.9,0.2252173059067505,15.014487060450033,10.939300990254255,0.16408951485381382,77.45623079788896,77.41716186578091,122.89962539547207,False
solaris_urbino_12_electric,Solaris Urbino 12 electric,334,5,9-N1-4-B-035101,line_service,P. de Justice,Dusevel,2026-04-08 13:03:13.000000000,2026-04-08 13:04:11.000000000,0.9666666666666667,0.2299992746993994,14.275817050307548,10.500713816572745,0.1691781670447831,77.41220154832058,77.37192103235755,123.12962467017147,False
solaris_urbino_12_electric,Solaris Urbino 12 electric,335,5,9-N1-4-B-035101,line_service,Dusevel,Beffroi,2026-04-08 13:04:41.000000000,2026-04-08 13:05:42.000000000,1.0166666666666666,0.2188226139254244,12.914121477566031,9.701347494647,0.16438394365929643,77.36696071489723,77.32782168069264,123.34844728409689,False
solaris_urbino_12_electric,Solaris Urbino 12 electric,336,5,9-N1-4-B-035101,line_service,Beffroi,Place du Marché,2026-04-08 13:06:12.000000000,2026-04-08 13:07:06.000000000,0.9,0.18907722066752727,12.605148044501819,9.52152461055803,0.14282286915837045,77.32286136323232,77.28885591819461,123.53752450476443,False
solaris_urbino_12_electric,Solaris Urbino 12 electric,337,5,9-N1-4-B-035101,line_service,Place du Marché,M. Culture B,2026-04-08 13:07:36.000000000,2026-04-08 13:08:21.000000000,0.75,0.17178613535708173,13.742890828566539,10.186496636242934,0.12733120795303665,77.2838956007343,77.25357864645976,123.7093106401215,False
solaris_urbino_12_electric,Solaris Urbino 12 electric,338,5,9-N1-4-B-035101,line_service,M. Culture B,Saint-Jacques,2026-04-08 13:08:51.000000000,2026-04-08 13:09:39.000000000,0.8,0.2918119105170466,21.885893288778494,15.221936608587479,0.20295915478116638,77.24861832899944,77.2002947207182,124.00112255063856,False
solaris_urbino_12_electric,Solaris Urbino 12 electric,339,5,9-N1-4-B-035101,line_service,Saint-Jacques,Jean Jaurès,2026-04-08 13:10:09.000000000,2026-04-08 13:11:11.000000000,1.0333333333333334,0.3507042974526486,20.36347533596024,14.23775760989092,0.24520582550367695,77.1953344032579,77.13695206385225,124.3518268480912,False
solaris_urbino_12_electric,Solaris Urbino 12 electric,340,5,9-N1-4-B-035101,line_service,Jean Jaurès,Zoo d'Amiens,2026-04-08 13:11:41.000000000,2026-04-08 13:12:53.000000000,1.2,0.40281609573225763,20.14080478661288,14.09564699678853,0.2819129399357706,77.13199174639195,77.0648696178358,124.75464294382347,False
solaris_urbino_12_electric,Solaris Urbino 12 electric,341,5,9-N1-4-B-035101,line_service,Zoo d'Amiens,Egl. St-Firmin,2026-04-08 13:13:23.000000000,2026-04-08 13:14:28.000000000,1.0833333333333333,0.37638436041502576,20.845903038370658,14.547228745279993,0.26265829678977765,77.0599093003755,76.99737161066363,125.1310273042385,False
solaris_urbino_12_electric,Solaris Urbino 12 electric,342,5,9-N1-4-B-035101,line_service,Egl. St-Firmin,Faubourg de Hem,2026-04-08 13:14:58.000000000,2026-04-08 13:15:51.000000000,0.8833333333333333,0.3007481358168622,20.428175263032152,14.279135582892508,0.21022060719258415,76.99241129320332,76.94235876768127,125.43177544005535,False
solaris_urbino_12_electric,Solaris Urbino 12 electric,343,5,9-N1-4-B-035101,line_service,Faubourg de Hem,Espace Alliance,2026-04-08 13:16:21.000000000,2026-04-08 13:17:05.000000000,0.7333333333333333,0.24201898261847898,19.8015531233301,13.880003999248057,0.16964449332414291,76.93739845022095,76.8970069041914,125.67379442267384,False
solaris_urbino_12_electric,Solaris Urbino 12 electric,344,5,9-N1-4-B-035101,line_service,Espace Alliance,Sully,2026-04-08 13:17:35.000000000,2026-04-08 13:19:06.000000000,1.5166666666666666,0.5124653653664172,20.273355113396722,14.180186968253004,0.3584436150308398,76.89204658673108,76.8067028688666,126.18625978804025,False
solaris_urbino_12_electric,Solaris Urbino 12 electric,345,5,9-N1-4-B-035101,line_service,Sully,Place la Barre,2026-04-08 13:19:36.000000000,2026-04-08 13:21:21.000000000,1.75,0.5814235833007191,19.934522856024653,13.964400885694367,0.4072950258327524,76.80174255140628,76.70476754525562,126.76768337134098,False
solaris_urbino_12_electric,Solaris Urbino 12 electric,346,5,9-N1-4-B-035101,line_service,Place la Barre,La Fontaine,2026-04-08 13:21:51.000000000,2026-04-08 13:23:00.000000000,1.15,0.32116148117311843,16.75625119164096,11.988547708117405,0.22978049773891693,76.6998072277953,76.64509758547652,127.08884485251409,False
solaris_urbino_12_electric,Solaris Urbino 12 electric,347,5,9-N1-4-B-035101,line_service,La Fontaine,Les Coursives,2026-04-08 13:23:30.000000000,2026-04-08 13:24:14.000000000,0.7333333333333333,0.23368404358993675,19.11960356644937,13.449643215515678,0.16438452818963606,76.64013726801619,76.60099809463772,127.32252889610402,False
solaris_urbino_12_electric,Solaris Urbino 12 electric,348,5,9-N1-4-B-035101,line_service,Les Coursives,Languedoc,2026-04-08 13:24:44.000000000,2026-04-08 13:25:39.000000000,0.9166666666666666,0.2930331102299119,19.1803490332306,13.487812028090723,0.20606379487360824,76.5960377771774,76.54697496887415,127.61556200633393,False
solaris_urbino_12_electric,Solaris Urbino 12 electric,349,5,9-N1-4-B-035101,line_service,Languedoc,Collège R.Parks,2026-04-08 13:26:09.000000000,2026-04-08 13:27:29.000000000,1.3333333333333333,0.3206006811443548,14.427030651495967,10.590203090054667,0.23533784644565928,76.54201465141384,76.48598183083153,127.93616268747829,False
solaris_urbino_12_electric,Solaris Urbino 12 electric,350,5,9-N1-4-B-035101,line_service,Collège R.Parks,Martinique,2026-04-08 13:27:59.000000000,2026-04-08 13:28:53.000000000,0.9,0.27082614139471256,18.05507609298084,12.7858717133053,0.1917880756995795,76.48102151337122,76.4353576858237,128.206988828873,False
solaris_urbino_12_electric,Solaris Urbino 12 electric,351,5,9-N1-4-B-035101,line_service,Martinique,Etouvie Quai A,2026-04-08 13:29:23.000000000,2026-04-08 13:31:21.000000000,1.9666666666666666,0.27408690803195346,8.361973465381629,7.101567229865196,0.2327735925344703,76.43039736836339,76.37497508442661,128.48107573690496,False
solaris_urbino_12_electric,Solaris Urbino 12 electric,352,6,9-N1-2-B-034901,line_service,Etouvie Quai A,Martinique,2026-04-08 13:31:21.000000000,2026-04-08 13:32:17.000000000,0.9333333333333333,0.2419015249612658,15.550812318938515,11.260068245184677,0.1751566171473172,76.37497508442661,76.33327112796296,128.72297726186622,False
solaris_urbino_12_electric,Solaris Urbino 12 electric,353,6,9-N1-2-B-034901,line_service,Martinique,Collège R.Parks,2026-04-08 13:32:47.000000000,2026-04-08 13:33:54.000000000,1.1166666666666667,0.3307630000086095,17.77234029897006,12.611161213503856,0.23470772258465508,76.32831081050264,76.27242801941105,129.05374026187482,False
solaris_urbino_12_electric,Solaris Urbino 12 electric,354,6,9-N1-2-B-034901,line_service,Collège R.Parks,Languedoc,2026-04-08 13:34:24.000000000,2026-04-08 13:35:38.000000000,1.2333333333333334,0.29681987678393196,14.439885897596689,10.597817808205917,0.21784403272423272,76.26746770195074,76.21560007511164,129.35056013865878,False
solaris_urbino_12_electric,Solaris Urbino 12 electric,355,6,9-N1-2-B-034901,line_service,Languedoc,Les coursives,2026-04-08 13:36:08.000000000,2026-04-08 13:37:04.000000000,0.9333333333333333,0.297726462758007,19.139558320157594,13.462178045703666,0.2094116584887237,76.21063975765132,76.16077983896352,129.64828660141677,False
solaris_urbino_12_electric,Solaris Urbino 12 electric,356,6,9-N1-2-B-034901,line_service,Les coursives,La Fontaine,2026-04-08 13:37:34.000000000,2026-04-08 13:38:19.000000000,0.75,0.22794980309080773,18.23598424726462,12.898003526410092,0.16122504408012614,76.15581952150322,76.11743260624604,129.87623640450758,False
solaris_urbino_12_electric,Solaris Urbino 12 electric,357,6,9-N1-2-B-034901,line_service,La Fontaine,Place la Barre,2026-04-08 13:38:49.000000000,2026-04-08 13:39:50.000000000,1.0166666666666666,0.2788940733458619,16.459322361395127,11.808108999529809,0.20008184693647732,76.11247228878571,76.06483375380084,130.15513047785345,False
solaris_urbino_12_electric,Solaris Urbino 12 electric,358,6,9-N1-2-B-034901,line_service,Place la Barre,Sully,2026-04-08 13:40:20.000000000,2026-04-08 13:41:54.000000000,1.5666666666666667,0.5529827646282706,21.178063326189086,14.76158400634712,0.38544136016573033,76.05987343634052,75.96810168392011,130.70811324248172,False
solaris_urbino_12_electric,Solaris Urbino 12 electric,359,6,9-N1-2-B-034901,line_service,Sully,Espace Alliance,2026-04-08 13:42:24.000000000,2026-04-08 13:43:57.000000000,1.55,0.5412636534432308,20.952141423608936,14.61567378448361,0.3775715727658266,75.9631413664598,75.87324337294413,131.24937689592494,False
solaris_urbino_12_electric,Solaris Urbino 12 electric,360,6,9-N1-2-B-034901,line_service,Espace Alliance,Faubourg de Hem,2026-04-08 13:44:27.000000000,2026-04-08 13:45:20.000000000,0.8833333333333333,0.3068484114845754,20.842533610273048,14.545059713261502,0.21413560133412768,75.8682830554838,75.8172983884995,131.5562253074095,False
solaris_urbino_12_electric,Solaris Urbino 12 electric,361,6,9-N1-2-B-034901,line_service,Faubourg de Hem,Egl. St-Firmin,2026-04-08 13:45:50.000000000,2026-04-08 13:46:32.000000000,0.7,0.29644718539430037,25.409758748082893,17.59110789775967,0.2052295921405295,75.81233807103916,75.76347388243428,131.8526724928038,False
solaris_urbino_12_electric,Solaris Urbino 12 electric,362,6,9-N1-2-B-034901,line_service,Egl. St-Firmin,Zoo d'Amiens,2026-04-08 13:47:02.000000000,2026-04-08 13:47:58.000000000,0.9333333333333333,0.3979625757415526,25.58330844052838,17.71133170949966,0.2755096043699947,75.75851356497397,75.69291604012398,132.25063506854536,False
solaris_urbino_12_electric,Solaris Urbino 12 electric,363,6,9-N1-2-B-034901,line_service,Zoo d'Amiens,Jean Jaurès,2026-04-08 13:48:28.000000000,2026-04-08 13:49:24.000000000,0.9333333333333333,0.38776459722543666,24.9277241073495,17.25900345845794,0.268473387131568,75.68795572266365,75.62403348763233,132.63839966577078,False
solaris_urbino_12_electric,Solaris Urbino 12 electric,364,6,9-N1-2-B-034901,line_service,Jean Jaurès,Saint-Jacques,2026-04-08 13:49:54.000000000,2026-04-08 13:50:47.000000000,0.8833333333333333,0.3538188673320645,24.032979667838347,16.649496892479902,0.24511759313928747,75.61907317017202,75.56071183847217,132.99221853310286,False
solaris_urbino_12_electric,Solaris Urbino 12 electric,365,6,9-N1-2-B-034901,line_service,Saint-Jacques,M. Culture A,2026-04-08 13:51:17.000000000,2026-04-08 13:51:50.000000000,0.55,0.24280373751186532,26.487680455839854,18.343542843186246,0.16814914272920725,75.55575152101187,75.51571601083825,133.2350222706147,False
solaris_urbino_12_electric,Solaris Urbino 12 electric,366,6,9-N1-2-B-034901,line_service,M. Culture A,Hôtel de Ville,2026-04-08 13:52:20.000000000,2026-04-08 13:54:20.000000000,2.0,0.29674165114956036,8.90224953448681,7.4051695340750365,0.2468389844691679,75.51075569337793,75.45198450659956,133.53176392176428,False
solaris_urbino_12_electric,Solaris Urbino 12 electric,367,6,9-N1-2-B-034901,line_service,Hôtel de Ville,Jacobins,2026-04-08 13:54:50.000000000,2026-04-08 13:55:47.000000000,0.95,0.22829410594169391,14.418575112106984,10.585195099293086,0.1675989224054739,75.44702418913923,75.4071196838046,133.76005802770595,False
solaris_urbino_12_electric,Solaris Urbino 12 electric,368,6,9-N1-2-B-034901,line_service,Jacobins,Emile Zola,2026-04-08 13:56:17.000000000,2026-04-08 13:57:38.000000000,1.35,0.32611241962366005,14.493885316607114,10.6298158571957,0.23917085678690322,75.40215936634428,75.34521392425216,134.0861704473296,False
solaris_urbino_12_electric,Solaris Urbino 12 electric,369,6,9-N1-2-B-034901,line_service,Emile Zola,Gare du Nord B,2026-04-08 13:58:08.000000000,2026-04-08 14:00:50.000000000,2.7,0.35548637357572055,7.899697190571568,6.842679519791913,0.307920578390636,75.34025360679185,75.26693918336551,134.44165682090534,False
solaris_urbino_12_electric,Solaris Urbino 12 electric,370,6,9-N1-2-B-034901,line_service,Gare du Nord B,Caserne Dejean,2026-04-08 14:01:20.000000000,2026-04-08 14:02:53.000000000,1.55,0.3681948881034494,14.252705345939976,10.487049257408216,0.2709154391497123,75.26197886590518,75.19747518991716,134.8098517090088,False
solaris_urbino_12_electric,Solaris Urbino 12 electric,371,6,9-N1-2-B-034901,line_service,Caserne Dejean,Pinceau,2026-04-08 14:03:23.000000000,2026-04-08 14:04:55.000000000,1.5333333333333334,0.35537552735134686,13.905998896357051,10.282474769595455,0.2627743552229949,75.19251487245684,75.1299495497847,135.16522723636012,False
solaris_urbino_12_electric,Solaris Urbino 12 electric,372,6,9-N1-2-B-034901,line_service,Pinceau,L. de Luzarches,2026-04-08 14:05:25.000000000,2026-04-08 14:07:20.000000000,1.9166666666666667,0.44705548624280317,13.994780438905144,10.33478728614811,0.3301390383075091,75.12498923232438,75.04638469939403,135.61228272260294,False
solaris_urbino_12_electric,Solaris Urbino 12 electric,373,6,9-N1-2-B-034901,line_service,L. de Luzarches,Egl. St-Acheul,2026-04-08 14:07:50.000000000,2026-04-08 14:08:30.000000000,0.6666666666666666,0.3248685267650074,29.238167408850664,20.32821859330313,0.22586909548114592,75.04142438193371,74.98764602586677,135.93715124936796,False
solaris_urbino_12_electric,Solaris Urbino 12 electric,374,6,9-N1-2-B-034901,line_service,Egl. St-Acheul,Mercey,2026-04-08 14:09:00.000000000,2026-04-08 14:09:55.000000000,0.9166666666666666,0.45179666905185245,29.572145610666706,20.575864377064864,0.31435348353849096,74.98268570840645,74.90783964089728,136.3889479184198,False
solaris_urbino_12_electric,Solaris Urbino 12 electric,375,6,9-N1-2-B-034901,line_service,Mercey,Sobo,2026-04-08 14:10:25.000000000,2026-04-08 14:11:24.000000000,0.9833333333333333,0.4818036462949089,29.398188587485965,20.446688745559044,0.3350985099966621,74.90287932343696,74.82309396391395,136.8707515647147,False
solaris_urbino_12_electric,Solaris Urbino 12 electric,376,6,9-N1-2-B-034901,line_service,Sobo,Pont de l'Avre,2026-04-08 14:11:54.000000000,2026-04-08 14:13:20.000000000,1.4333333333333333,0.7075852717526405,29.61984858499426,20.611358234859843,0.4923824467216518,74.81813364645363,74.70089973056753,137.57833683646734,False
solaris_urbino_12_electric,Solaris Urbino 12 electric,377,6,9-N1-2-B-034901,line_service,Pont de l'Avre,Cité du Château,2026-04-08 14:13:50.000000000,2026-04-08 14:14:32.000000000,0.7,0.2966141068969825,25.424066305455643,17.60100604348413,0.20534507050731485,74.69593941310721,74.64704772965308,137.87495094336433,False
solaris_urbino_12_electric,Solaris Urbino 12 electric,378,6,9-N1-2-B-034901,line_service,Cité du Château,La Rose Rouge,2026-04-08 14:15:02.000000000,2026-04-08 14:15:50.000000000,0.8,0.3329543642312839,24.97157731734629,17.289107112419597,0.2305214281655946,74.64208741219277,74.58720135786763,138.2079053075956,False
solaris_urbino_12_electric,Solaris Urbino 12 electric,379,6,9-N1-2-B-034901,line_service,La Rose Rouge,Poidevin,2026-04-08 14:16:20.000000000,2026-04-08 14:16:51.000000000,0.5166666666666667,0.2251396338173497,26.145247798143835,18.10302141613429,0.15588712886115635,74.58224104040731,74.54512505734513,138.43304494141296,False
solaris_urbino_12_electric,Solaris Urbino 12 electric,380,6,9-N1-2-B-034901,line_service,Poidevin,M. de Longueau,2026-04-08 14:17:21.000000000,2026-04-08 14:18:05.000000000,0.7333333333333333,0.3145014195772681,25.731934329049206,17.814568253525785,0.21773361198753735,74.54016473988482,74.48832340369731,138.74754636099024,False
solaris_urbino_12_electric,Solaris Urbino 12 electric,381,6,9-N1-2-B-034901,line_service,M. de Longueau,La Fourche,2026-04-08 14:18:35.000000000,2026-04-08 14:19:12.000000000,0.6166666666666667,0.25663398574137214,24.96979320726864,17.287881959235825,0.17768100902547934,74.48336308623699,74.44105808408807,139.00418034673163,False
solaris_urbino_12_electric,Solaris Urbino 12 electric,382,6,9-N1-2-B-034901,line_service,La Fourche,Croix de Fer,2026-04-08 14:19:42.000000000,2026-04-08 14:21:20.000000000,1.6333333333333333,0.6510902221706201,23.91759999810441,16.571542828821517,0.4511142214512525,74.43609776662774,74.32868961866316,139.65527056890227,False
solaris_urbino_12_electric,Solaris Urbino 12 electric,383,6,9-N1-2-B-034901,line_service,Croix de Fer,C. Cial Glisy,2026-04-08 14:21:50.000000000,2026-04-08 14:24:12.000000000,2.3666666666666667,0.70341712703917,17.833110262964873,12.648657874092082,0.4989192828114099,74.32372930120285,74.20493899577156,140.35868769594143,False
solaris_urbino_12_electric,Solaris Urbino 12 electric,384,6,9-N1-2-B-034901,line_service,C. Cial Glisy,Capitaine Nemo,2026-04-08 14:24:42.000000000,2026-04-08 14:25:10.000000000,0.4666666666666667,0.13672688382470435,17.57917077746199,12.492168184754679,0.09716130810364751,74.19997867831124,74.17684503352466,140.49541457976613,False
solaris_urbino_12_electric,Solaris Urbino 12 electric,385,6,9-N1-2-B-034901,line_service,Capitaine Nemo,Pôle J. Verne,2026-04-08 14:25:40.000000000,2026-04-08 14:27:50.000000000,2.1666666666666665,0.3234478124594319,8.957016345030421,7.43600988337268,0.2685225791217912,74.17188471606434,74.10795076865439,140.81886239222555,False
solaris_urbino_12_electric,Solaris Urbino 12 electric,386,6,9-N1-4-B-035101,line_service,Pôle J. Verne,Capitaine Nemo,2026-04-08 14:28:20.000000000,2026-04-08 14:29:31.000000000,1.1833333333333333,0.3340181708930427,16.93613260866132,12.098184498446486,0.23860308316380568,74.10299045119407,74.04618019329793,141.1528805631186,False
solaris_urbino_12_electric,Solaris Urbino 12 electric,387,6,9-N1-4-B-035101,line_service,Capitaine Nemo,C. Cial Glisy,2026-04-08 14:30:01.000000000,2026-04-08 14:30:22.000000000,0.35,0.12291799931516653,21.07165702545712,14.69280128869123,0.08570800751736551,74.04121987583761,74.0208132073811,141.27579856243378,False
solaris_urbino_12_electric,Solaris Urbino 12 electric,388,6,9-N1-4-B-035101,line_service,C. Cial Glisy,Croix de Fer,2026-04-08 14:30:52.000000000,2026-04-08 14:33:19.000000000,2.45,0.6859620842301216,16.79907145053359,12.014623985741244,0.4905971460844341,74.01585288992078,73.89904404561497,141.9617606466639,False
solaris_urbino_12_electric,Solaris Urbino 12 electric,389,6,9-N1-4-B-035101,line_service,Croix de Fer,La Fourche,2026-04-08 14:33:49.000000000,2026-04-08 14:35:37.000000000,1.8,0.7465227463047002,24.88409154349001,17.22907289480432,0.5168721868441296,73.89408372815464,73.77101892176319,142.70828339296858,False
solaris_urbino_12_electric,Solaris Urbino 12 electric,390,6,9-N1-4-B-035101,line_service,La Fourche,M. de Longueau,2026-04-08 14:36:07.000000000,2026-04-08 14:36:39.000000000,0.5333333333333333,0.23645430499839581,26.60110931231953,18.42352454712258,0.1637646626410896,73.76605860430287,73.72706701795975,142.94473769796699,False
solaris_urbino_12_electric,Solaris Urbino 12 electric,391,6,9-N1-4-B-035101,line_service,M. de Longueau,Poidevin,2026-04-08 14:37:09.000000000,2026-04-08 14:37:42.000000000,0.55,0.23823148868252741,25.98888967445754,17.993661455547276,0.16494189667585005,73.72210670049944,73.68283482033851,143.1829691866495,False
solaris_urbino_12_electric,Solaris Urbino 12 electric,392,6,9-N1-4-B-035101,line_service,Poidevin,La Rose Rouge,2026-04-08 14:38:12.000000000,2026-04-08 14:38:51.000000000,0.65,0.2830530932557657,26.127977838993758,18.09092822491121,0.19598505576987146,73.6778745028782,73.63121139436156,143.46602227990527,False
solaris_urbino_12_electric,Solaris Urbino 12 electric,393,6,9-N1-4-B-035101,line_service,La Rose Rouge,Cité du Château,2026-04-08 14:39:21.000000000,2026-04-08 14:40:13.000000000,0.8666666666666667,0.38252636844861737,26.482594738750432,18.339960401880504,0.26491053913827395,73.62625107690124,73.56317713901117,143.8485486483539,False
solaris_urbino_12_electric,Solaris Urbino 12 electric,394,6,9-N1-4-B-035101,line_service,Cité du Château,Pont de l'Avre,2026-04-08 14:40:43.000000000,2026-04-08 14:41:19.000000000,0.6,0.25904003764462646,25.904003764462647,17.93441163158536,0.17934411631585362,73.55821682155086,73.51551584147566,144.1075886859985,False
solaris_urbino_12_electric,Solaris Urbino 12 electric,395,6,9-N1-4-B-035101,line_service,Pont de l'Avre,Sobo,2026-04-08 14:41:49.000000000,2026-04-08 14:43:46.000000000,1.95,0.7786426370279388,23.95823498547504,16.598980534956493,0.539466867386086,73.51055552401533,73.38211103178055,144.88623132302646,False
solaris_urbino_12_electric,Solaris Urbino 12 electric,396,6,9-N1-4-B-035101,line_service,Sobo,Mercey,2026-04-08 14:44:16.000000000,2026-04-08 14:45:31.000000000,1.25,0.49486888000554236,23.753706240266034,16.461059769141364,0.3429387451904451,73.37715071432024,73.29549863213204,145.38110020303202,False
solaris_urbino_12_electric,Solaris Urbino 12 electric,397,6,9-N1-4-B-035101,line_service,Mercey,Egl. St-Acheul,2026-04-08 14:46:01.000000000,2026-04-08 14:47:07.000000000,1.1,0.44351095510688016,24.191506642193463,16.75683990194138,0.307208731535592,73.29053831467172,73.21739337859182,145.8246111581389,False
solaris_urbino_12_electric,Solaris Urbino 12 electric,398,6,9-N1-4-B-035101,line_service,Egl. St-Acheul,L. de Luzarches,2026-04-08 14:47:37.000000000,2026-04-08 14:48:19.000000000,0.7,0.27740496861036323,23.777568738031135,16.477127724915903,0.19223315679068553,73.21243306113149,73.16666326189562,146.10201612674925,False
solaris_urbino_12_electric,Solaris Urbino 12 electric,399,6,9-N1-4-B-035101,line_service,L. de Luzarches,Pinceau,2026-04-08 14:48:49.000000000,2026-04-08 14:50:18.000000000,1.4833333333333334,0.3431323580300078,13.879511111326158,10.266877104496691,0.25382001730561266,73.1617029444353,73.10126960698159,146.44514848477925,False
solaris_urbino_12_electric,Solaris Urbino 12 electric,400,6,9-N1-4-B-035101,line_service,Pinceau,Caserne Dejean,2026-04-08 14:50:48.000000000,2026-04-08 14:52:35.000000000,1.7833333333333334,0.40589661587311254,13.656334739656122,10.135631813257165,0.3012535011162546,73.09630928952126,73.02458226544597,146.85104510065239,False
solaris_urbino_12_electric,Solaris Urbino 12 electric,401,6,9-N1-4-B-035101,line_service,Caserne Dejean,Gare du Nord A,2026-04-08 14:53:05.000000000,2026-04-08 14:54:49.000000000,1.7333333333333334,0.3916364257160486,13.55664550555553,10.077106879742848,0.29111642097034895,73.01962194798566,72.9503085144213,147.24268152636841,False
solaris_urbino_12_electric,Solaris Urbino 12 electric,402,6,9-N1-4-B-035101,line_service,Gare du Nord A,René Goblet,2026-04-08 14:55:19.000000000,2026-04-08 14:57:47.000000000,2.466666666666667,0.3279417105779169,7.976960527570951,6.885894540513471,0.28308677555444267,72.94534819696096,72.87794658373372,147.57062323694635,False
solaris_urbino_12_electric,Solaris Urbino 12 electric,403,6,9-N1-4-B-035101,line_service,René Goblet,P. de Justice,2026-04-08 14:58:17.000000000,2026-04-08 14:59:11.000000000,0.9,0.2252173059067505,15.014487060450033,10.939300990254255,0.16408951485381382,72.8729862662734,72.83391733416536,147.7958405428531,False
solaris_urbino_12_electric,Solaris Urbino 12 electric,404,6,9-N1-4-B-035101,line_service,P. de Justice,Dusevel,2026-04-08 14:59:41.000000000,2026-04-08 15:00:39.000000000,0.9666666666666667,0.2299992746993994,14.275817050307548,10.500713816572745,0.1691781670447831,72.82895701670503,72.788676500742,148.0258398175525,False
solaris_urbino_12_electric,Solaris Urbino 12 electric,405,6,9-N1-4-B-035101,line_service,Dusevel,Beffroi,2026-04-08 15:01:09.000000000,2026-04-08 15:02:10.000000000,1.0166666666666666,0.2188226139254244,12.914121477566031,9.701347494647,0.16438394365929643,72.78371618328168,72.74457714907709,148.2446624314779,False
solaris_urbino_12_electric,Solaris Urbino 12 electric,406,6,9-N1-4-B-035101,line_service,Beffroi,Place du Marché,2026-04-08 15:02:40.000000000,2026-04-08 15:03:34.000000000,0.9,0.18907722066752727,12.605148044501819,9.52152461055803,0.14282286915837045,72.73961683161676,72.70561138657906,148.43373965214545,False
solaris_urbino_12_electric,Solaris Urbino 12 electric,407,6,9-N1-4-B-035101,line_service,Place du Marché,M. Culture B,2026-04-08 15:04:04.000000000,2026-04-08 15:04:49.000000000,0.75,0.17178613535708173,13.742890828566539,10.186496636242934,0.12733120795303665,72.70065106911875,72.67033411484421,148.60552578750253,False
solaris_urbino_12_electric,Solaris Urbino 12 electric,408,6,9-N1-4-B-035101,line_service,M. Culture B,Saint-Jacques,2026-04-08 15:05:19.000000000,2026-04-08 15:06:07.000000000,0.8,0.2918119105170466,21.885893288778494,15.221936608587479,0.20295915478116638,72.6653737973839,72.61705018910266,148.89733769801958,False
solaris_urbino_12_electric,Solaris Urbino 12 electric,409,6,9-N1-4-B-035101,line_service,Saint-Jacques,Jean Jaurès,2026-04-08 15:06:37.000000000,2026-04-08 15:07:39.000000000,1.0333333333333334,0.3507042974526486,20.36347533596024,14.23775760989092,0.24520582550367695,72.61208987164234,72.5537075322367,149.24804199547222,False
solaris_urbino_12_electric,Solaris Urbino 12 electric,410,6,9-N1-4-B-035101,line_service,Jean Jaurès,Zoo d'Amiens,2026-04-08 15:08:09.000000000,2026-04-08 15:09:21.000000000,1.2,0.40281609573225763,20.14080478661288,14.09564699678853,0.2819129399357706,72.54874721477638,72.48162508622025,149.6508580912045,False
solaris_urbino_12_electric,Solaris Urbino 12 electric,411,6,9-N1-4-B-035101,line_service,Zoo d'Amiens,Egl. St-Firmin,2026-04-08 15:09:51.000000000,2026-04-08 15:10:56.000000000,1.0833333333333333,0.37638436041502576,20.845903038370658,14.547228745279993,0.26265829678977765,72.47666476875993,72.41412707904809,150.02724245161951,False
solaris_urbino_12_electric,Solaris Urbino 12 electric,412,6,9-N1-4-B-035101,line_service,Egl. St-Firmin,Faubourg de Hem,2026-04-08 15:11:26.000000000,2026-04-08 15:12:19.000000000,0.8833333333333333,0.3007481358168622,20.428175263032152,14.279135582892508,0.21022060719258415,72.40916676158777,72.35911423606572,150.32799058743637,False
solaris_urbino_12_electric,Solaris Urbino 12 electric,413,6,9-N1-4-B-035101,line_service,Faubourg de Hem,Espace Alliance,2026-04-08 15:12:49.000000000,2026-04-08 15:13:33.000000000,0.7333333333333333,0.24201898261847898,19.8015531233301,13.880003999248057,0.16964449332414291,72.3541539186054,72.31376237257585,150.57000957005482,False
solaris_urbino_12_electric,Solaris Urbino 12 electric,414,6,9-N1-4-B-035101,line_service,Espace Alliance,Sully,2026-04-08 15:14:03.000000000,2026-04-08 15:15:34.000000000,1.5166666666666666,0.5124653653664172,20.273355113396722,14.180186968253004,0.3584436150308398,72.30880205511554,72.22345833725105,151.08247493542126,False
solaris_urbino_12_electric,Solaris Urbino 12 electric,415,6,9-N1-4-B-035101,line_service,Sully,Place la Barre,2026-04-08 15:16:04.000000000,2026-04-08 15:17:49.000000000,1.75,0.5814235833007191,19.934522856024653,13.964400885694367,0.4072950258327524,72.21849801979073,72.12152301364007,151.663898518722,False
solaris_urbino_12_electric,Solaris Urbino 12 electric,416,6,9-N1-4-B-035101,line_service,Place la Barre,La Fontaine,2026-04-08 15:18:19.000000000,2026-04-08 15:19:28.000000000,1.15,0.32116148117311843,16.75625119164096,11.988547708117405,0.22978049773891693,72.11656269617976,72.06185305386097,151.9850599998951,False
solaris_urbino_12_electric,Solaris Urbino 12 electric,417,6,9-N1-4-B-035101,line_service,La Fontaine,Les Coursives,2026-04-08 15:19:58.000000000,2026-04-08 15:20:42.000000000,0.7333333333333333,0.23368404358993675,19.11960356644937,13.449643215515678,0.16438452818963606,72.05689273640066,72.01775356302217,152.21874404348506,False
solaris_urbino_12_electric,Solaris Urbino 12 electric,418,6,9-N1-4-B-035101,line_service,Les Coursives,Languedoc,2026-04-08 15:21:12.000000000,2026-04-08 15:22:07.000000000,0.9166666666666666,0.2930331102299119,19.1803490332306,13.487812028090723,0.20606379487360824,72.01279324556185,71.96373043725862,152.51177715371497,False
solaris_urbino_12_electric,Solaris Urbino 12 electric,419,6,9-N1-4-B-035101,line_service,Languedoc,Collège R.Parks,2026-04-08 15:22:37.000000000,2026-04-08 15:23:57.000000000,1.3333333333333333,0.3206006811443548,14.427030651495967,10.590203090054667,0.23533784644565928,71.95877011979829,71.902737299216,152.83237783485933,False
solaris_urbino_12_electric,Solaris Urbino 12 electric,420,6,9-N1-4-B-035101,line_service,Collège R.Parks,Martinique,2026-04-08 15:24:27.000000000,2026-04-08 15:25:21.000000000,0.9,0.27082614139471256,18.05507609298084,12.7858717133053,0.1917880756995795,71.89777698175567,71.85211315420815,153.10320397625404,False
solaris_urbino_12_electric,Solaris Urbino 12 electric,421,6,9-N1-4-B-035101,line_service,Martinique,Etouvie Quai A,2026-04-08 15:25:51.000000000,2026-04-08 15:27:49.000000000,1.9666666666666666,0.27408690803195346,8.361973465381629,7.101567229865196,0.2327735925344703,71.84715283674784,71.79173055281106,153.377290884286,False
solaris_urbino_12_electric,Solaris Urbino 12 electric,422,7,9-N1-2-B-034901,line_service,Etouvie Quai A,Martinique,2026-04-08 15:27:49.000000000,2026-04-08 15:28:45.000000000,0.9333333333333333,0.2419015249612658,15.550812318938515,11.260068245184677,0.1751566171473172,71.79173055281106,71.75002659634741,153.61919240924723,False
solaris_urbino_12_electric,Solaris Urbino 12 electric,423,7,9-N1-2-B-034901,line_service,Martinique,Collège R.Parks,2026-04-08 15:29:15.000000000,2026-04-08 15:30:22.000000000,1.1166666666666667,0.3307630000086095,17.77234029897006,12.611161213503856,0.23470772258465508,71.7450662788871,71.6891834877955,153.94995540925586,False
solaris_urbino_12_electric,Solaris Urbino 12 electric,424,7,9-N1-2-B-034901,line_service,Collège R.Parks,Languedoc,2026-04-08 15:30:52.000000000,2026-04-08 15:32:06.000000000,1.2333333333333334,0.29681987678393196,14.439885897596689,10.597817808205917,0.21784403272423272,71.6842231703352,71.63235554349609,154.2467752860398,False
solaris_urbino_12_electric,Solaris Urbino 12 electric,425,7,9-N1-2-B-034901,line_service,Languedoc,Les coursives,2026-04-08 15:32:36.000000000,2026-04-08 15:33:32.000000000,0.9333333333333333,0.297726462758007,19.139558320157594,13.462178045703666,0.2094116584887237,71.62739522603577,71.57753530734799,154.5445017487978,False
solaris_urbino_12_electric,Solaris Urbino 12 electric,426,7,9-N1-2-B-034901,line_service,Les coursives,La Fontaine,2026-04-08 15:34:02.000000000,2026-04-08 15:34:47.000000000,0.75,0.22794980309080773,18.23598424726462,12.898003526410092,0.16122504408012614,71.57257498988767,71.53418807463049,154.7724515518886,False
solaris_urbino_12_electric,Solaris Urbino 12 electric,427,7,9-N1-2-B-034901,line_service,La Fontaine,Place la Barre,2026-04-08 15:35:17.000000000,2026-04-08 15:36:18.000000000,1.0166666666666666,0.2788940733458619,16.459322361395127,11.808108999529809,0.20008184693647732,71.52922775717018,71.4815892221853,155.0513456252345,False
solaris_urbino_12_electric,Solaris Urbino 12 electric,428,7,9-N1-2-B-034901,line_service,Place la Barre,Sully,2026-04-08 15:36:48.000000000,2026-04-08 15:38:22.000000000,1.5666666666666667,0.5529827646282706,21.178063326189086,14.76158400634712,0.38544136016573033,71.47662890472499,71.38485715230458,155.60432838986276,False
solaris_urbino_12_electric,Solaris Urbino 12 electric,429,7,9-N1-2-B-034901,line_service,Sully,Espace Alliance,2026-04-08 15:38:52.000000000,2026-04-08 15:40:25.000000000,1.55,0.5412636534432308,20.952141423608936,14.61567378448361,0.3775715727658266,71.37989683484426,71.28999884132858,156.14559204330598,False
solaris_urbino_12_electric,Solaris Urbino 12 electric,430,7,9-N1-2-B-034901,line_service,Espace Alliance,Faubourg de Hem,2026-04-08 15:40:55.000000000,2026-04-08 15:41:48.000000000,0.8833333333333333,0.3068484114845754,20.842533610273048,14.545059713261502,0.21413560133412768,71.28503852386827,71.23405385688395,156.45244045479055,False
solaris_urbino_12_electric,Solaris Urbino 12 electric,431,7,9-N1-2-B-034901,line_service,Faubourg de Hem,Egl. St-Firmin,2026-04-08 15:42:18.000000000,2026-04-08 15:43:00.000000000,0.7,0.29644718539430037,25.409758748082893,17.59110789775967,0.2052295921405295,71.22909353942363,71.18022935081875,156.74888764018485,False
solaris_urbino_12_electric,Solaris Urbino 12 electric,432,7,9-N1-2-B-034901,line_service,Egl. St-Firmin,Zoo d'Amiens,2026-04-08 15:43:30.000000000,2026-04-08 15:44:26.000000000,0.9333333333333333,0.3979625757415526,25.58330844052838,17.71133170949966,0.2755096043699947,71.17526903335843,71.10967150850843,157.14685021592638,False
solaris_urbino_12_electric,Solaris Urbino 12 electric,433,7,9-N1-2-B-034901,line_service,Zoo d'Amiens,Jean Jaurès,2026-04-08 15:44:56.000000000,2026-04-08 15:45:52.000000000,0.9333333333333333,0.38776459722543666,24.9277241073495,17.25900345845794,0.268473387131568,71.10471119104811,71.04078895601678,157.53461481315182,False
solaris_urbino_12_electric,Solaris Urbino 12 electric,434,7,9-N1-2-B-034901,line_service,Jean Jaurès,Saint-Jacques,2026-04-08 15:46:22.000000000,2026-04-08 15:47:15.000000000,0.8833333333333333,0.3538188673320645,24.032979667838347,16.649496892479902,0.24511759313928747,71.03582863855647,70.97746730685664,157.8884336804839,False
solaris_urbino_12_electric,Solaris Urbino 12 electric,435,7,9-N1-2-B-034901,line_service,Saint-Jacques,M. Culture A,2026-04-08 15:47:45.000000000,2026-04-08 15:48:18.000000000,0.55,0.24280373751186532,26.487680455839854,18.343542843186246,0.16814914272920725,70.97250698939632,70.9324714792227,158.13123741799575,False
solaris_urbino_12_electric,Solaris Urbino 12 electric,436,7,9-N1-2-B-034901,line_service,M. Culture A,Hôtel de Ville,2026-04-08 15:48:48.000000000,2026-04-08 15:50:48.000000000,2.0,0.29674165114956036,8.90224953448681,7.4051695340750365,0.2468389844691679,70.92751116176238,70.86873997498401,158.42797906914532,False
solaris_urbino_12_electric,Solaris Urbino 12 electric,437,7,9-N1-2-B-034901,line_service,Hôtel de Ville,Jacobins,2026-04-08 15:51:18.000000000,2026-04-08 15:52:15.000000000,0.95,0.22829410594169391,14.418575112106984,10.585195099293086,0.1675989224054739,70.8637796575237,70.82387515218906,158.656273175087,False
solaris_urbino_12_electric,Solaris Urbino 12 electric,438,7,9-N1-2-B-034901,line_service,Jacobins,Emile Zola,2026-04-08 15:52:45.000000000,2026-04-08 15:54:06.000000000,1.35,0.32611241962366005,14.493885316607114,10.6298158571957,0.23917085678690322,70.81891483472874,70.76196939263662,158.98238559471065,False
solaris_urbino_12_electric,Solaris Urbino 12 electric,439,7,9-N1-2-B-034901,line_service,Emile Zola,Gare du Nord B,2026-04-08 15:54:36.000000000,2026-04-08 15:57:18.000000000,2.7,0.35548637357572055,7.899697190571568,6.842679519791913,0.307920578390636,70.7570090751763,70.68369465174996,159.33787196828638,False
solaris_urbino_12_electric,Solaris Urbino 12 electric,440,7,9-N1-2-B-034901,line_service,Gare du Nord B,Caserne Dejean,2026-04-08 15:57:48.000000000,2026-04-08 15:59:21.000000000,1.55,0.3681948881034494,14.252705345939976,10.487049257408216,0.2709154391497123,70.67873433428964,70.61423065830162,159.70606685638984,False
solaris_urbino_12_electric,Solaris Urbino 12 electric,441,7,9-N1-2-B-034901,line_service,Caserne Dejean,Pinceau,2026-04-08 15:59:51.000000000,2026-04-08 16:01:23.000000000,1.5333333333333334,0.35537552735134686,13.905998896357051,10.282474769595455,0.2627743552229949,70.6092703408413,70.54670501816916,160.06144238374117,False
solaris_urbino_12_electric,Solaris Urbino 12 electric,442,7,9-N1-2-B-034901,line_service,Pinceau,L. de Luzarches,2026-04-08 16:01:53.000000000,2026-04-08 16:03:48.000000000,1.9166666666666667,0.44705548624280317,13.994780438905144,10.33478728614811,0.3301390383075091,70.54174470070885,70.46314016777848,160.50849786998398,False
solaris_urbino_12_electric,Solaris Urbino 12 electric,443,7,9-N1-2-B-034901,line_service,L. de Luzarches,Egl. St-Acheul,2026-04-08 16:04:18.000000000,2026-04-08 16:04:58.000000000,0.6666666666666666,0.3248685267650074,29.238167408850664,20.32821859330313,0.22586909548114592,70.45817985031816,70.40440149425123,160.83336639674897,False
solaris_urbino_12_electric,Solaris Urbino 12 electric,444,7,9-N1-2-B-034901,line_service,Egl. St-Acheul,Mercey,2026-04-08 16:05:28.000000000,2026-04-08 16:06:23.000000000,0.9166666666666666,0.45179666905185245,29.572145610666706,20.575864377064864,0.31435348353849096,70.3994411767909,70.32459510928174,161.28516306580084,False
solaris_urbino_12_electric,Solaris Urbino 12 electric,445,7,9-N1-2-B-034901,line_service,Mercey,Sobo,2026-04-08 16:06:53.000000000,2026-04-08 16:07:52.000000000,0.9833333333333333,0.4818036462949089,29.398188587485965,20.446688745559044,0.3350985099966621,70.31963479182141,70.2398494322984,161.76696671209575,False
solaris_urbino_12_electric,Solaris Urbino 12 electric,446,7,9-N1-2-B-034901,line_service,Sobo,Pont de l'Avre,2026-04-08 16:08:22.000000000,2026-04-08 16:09:48.000000000,1.4333333333333333,0.7075852717526405,29.61984858499426,20.611358234859843,0.4923824467216518,70.2348891148381,70.11765519895198,162.4745519838484,False
solaris_urbino_12_electric,Solaris Urbino 12 electric,447,7,9-N1-2-B-034901,line_service,Pont de l'Avre,Cité du Château,2026-04-08 16:10:18.000000000,2026-04-08 16:11:00.000000000,0.7,0.2966141068969825,25.424066305455643,17.60100604348413,0.20534507050731485,70.11269488149166,70.06380319803755,162.77116609074537,False
solaris_urbino_12_electric,Solaris Urbino 12 electric,448,7,9-N1-2-B-034901,line_service,Cité du Château,La Rose Rouge,2026-04-08 16:11:30.000000000,2026-04-08 16:12:18.000000000,0.8,0.3329543642312839,24.97157731734629,17.289107112419597,0.2305214281655946,70.05884288057723,70.00395682625208,163.10412045497665,False
solaris_urbino_12_electric,Solaris Urbino 12 electric,449,7,9-N1-2-B-034901,line_service,La Rose Rouge,Poidevin,2026-04-08 16:12:48.000000000,2026-04-08 16:13:19.000000000,0.5166666666666667,0.2251396338173497,26.145247798143835,18.10302141613429,0.15588712886115635,69.99899650879176,69.96188052572958,163.329260088794,False
solaris_urbino_12_electric,Solaris Urbino 12 electric,450,7,9-N1-2-B-034901,line_service,Poidevin,M. de Longueau,2026-04-08 16:13:49.000000000,2026-04-08 16:14:33.000000000,0.7333333333333333,0.3145014195772681,25.731934329049206,17.814568253525785,0.21773361198753735,69.95692020826927,69.90507887208176,163.64376150837128,False
solaris_urbino_12_electric,Solaris Urbino 12 electric,451,7,9-N1-2-B-034901,line_service,M. de Longueau,La Fourche,2026-04-08 16:15:03.000000000,2026-04-08 16:15:40.000000000,0.6166666666666667,0.25663398574137214,24.96979320726864,17.287881959235825,0.17768100902547934,69.90011855462144,69.85781355247252,163.90039549411264,False
solaris_urbino_12_electric,Solaris Urbino 12 electric,452,7,9-N1-2-B-034901,line_service,La Fourche,Croix de Fer,2026-04-08 16:16:10.000000000,2026-04-08 16:17:48.000000000,1.6333333333333333,0.6510902221706201,23.91759999810441,16.571542828821517,0.4511142214512525,69.8528532350122,69.74544508704761,164.55148571628325,False
solaris_urbino_12_electric,Solaris Urbino 12 electric,453,7,9-N1-2-B-034901,line_service,Croix de Fer,C. Cial Glisy,2026-04-08 16:18:18.000000000,2026-04-08 16:20:40.000000000,2.3666666666666667,0.70341712703917,17.833110262964873,12.648657874092082,0.4989192828114099,69.7404847695873,69.62169446415601,165.25490284332244,False
solaris_urbino_12_electric,Solaris Urbino 12 electric,454,7,9-N1-2-B-034901,line_service,C. Cial Glisy,Capitaine Nemo,2026-04-08 16:21:10.000000000,2026-04-08 16:21:38.000000000,0.4666666666666667,0.13672688382470435,17.57917077746199,12.492168184754679,0.09716130810364751,69.6167341466957,69.59360050190912,165.39162972714715,False
solaris_urbino_12_electric,Solaris Urbino 12 electric,455,7,9-N1-2-B-034901,line_service,Capitaine Nemo,Pôle J. Verne,2026-04-08 16:22:08.000000000,2026-04-08 16:24:18.000000000,2.1666666666666665,0.3234478124594319,8.957016345030421,7.43600988337268,0.2685225791217912,69.58864018444879,69.52470623703884,165.71507753960657,False
solaris_urbino_12_electric,Solaris Urbino 12 electric,456,7,9-N1-4-B-035101,line_service,Pôle J. Verne,Capitaine Nemo,2026-04-08 16:24:48.000000000,2026-04-08 16:25:59.000000000,1.1833333333333333,0.3340181708930427,16.93613260866132,12.098184498446486,0.23860308316380568,69.51974591957853,69.46293566168238,166.0490957104996,False
solaris_urbino_12_electric,Solaris Urbino 12 electric,457,7,9-N1-4-B-035101,line_service,Capitaine Nemo,C. Cial Glisy,2026-04-08 16:26:29.000000000,2026-04-08 16:26:50.000000000,0.35,0.12291799931516653,21.07165702545712,14.69280128869123,0.08570800751736551,69.45797534422206,69.43756867576556,166.1720137098148,False
solaris_urbino_12_electric,Solaris Urbino 12 electric,458,7,9-N1-4-B-035101,line_service,C. Cial Glisy,Croix de Fer,2026-04-08 16:27:20.000000000,2026-04-08 16:29:47.000000000,2.45,0.6859620842301216,16.79907145053359,12.014623985741244,0.4905971460844341,69.43260835830523,69.31579951399942,166.8579757940449,False
solaris_urbino_12_electric,Solaris Urbino 12 electric,459,7,9-N1-4-B-035101,line_service,Croix de Fer,La Fourche,2026-04-08 16:30:17.000000000,2026-04-08 16:32:05.000000000,1.8,0.7465227463047002,24.88409154349001,17.22907289480432,0.5168721868441296,69.3108391965391,69.18777439014764,167.6044985403496,False
solaris_urbino_12_electric,Solaris Urbino 12 electric,460,7,9-N1-4-B-035101,line_service,La Fourche,M. de Longueau,2026-04-08 16:32:35.000000000,2026-04-08 16:33:07.000000000,0.5333333333333333,0.23645430499839581,26.60110931231953,18.42352454712258,0.1637646626410896,69.18281407268732,69.1438224863442,167.840952845348,False
solaris_urbino_12_electric,Solaris Urbino 12 electric,461,7,9-N1-4-B-035101,line_service,M. de Longueau,Poidevin,2026-04-08 16:33:37.000000000,2026-04-08 16:34:10.000000000,0.55,0.23823148868252741,25.98888967445754,17.993661455547276,0.16494189667585005,69.13886216888389,69.09959028872296,168.07918433403051,False
solaris_urbino_12_electric,Solaris Urbino 12 electric,462,7,9-N1-4-B-035101,line_service,Poidevin,La Rose Rouge,2026-04-08 16:34:40.000000000,2026-04-08 16:35:19.000000000,0.65,0.2830530932557657,26.127977838993758,18.09092822491121,0.19598505576987146,69.09462997126266,69.04796686274602,168.3622374272863,False
solaris_urbino_12_electric,Solaris Urbino 12 electric,463,7,9-N1-4-B-035101,line_service,La Rose Rouge,Cité du Château,2026-04-08 16:35:49.000000000,2026-04-08 16:36:41.000000000,0.8666666666666667,0.38252636844861737,26.482594738750432,18.339960401880504,0.26491053913827395,69.04300654528569,68.97993260739563,168.7447637957349,False
solaris_urbino_12_electric,Solaris Urbino 12 electric,464,7,9-N1-4-B-035101,line_service,Cité du Château,Pont de l'Avre,2026-04-08 16:37:11.000000000,2026-04-08 16:37:47.000000000,0.6,0.25904003764462646,25.904003764462647,17.93441163158536,0.17934411631585362,68.97497228993532,68.93227130986011,169.00380383337952,False
solaris_urbino_12_electric,Solaris Urbino 12 electric,465,7,9-N1-4-B-035101,line_service,Pont de l'Avre,Sobo,2026-04-08 16:38:17.000000000,2026-04-08 16:40:14.000000000,1.95,0.7786426370279388,23.95823498547504,16.598980534956493,0.539466867386086,68.9273109923998,68.79886650016502,169.78244647040748,False
solaris_urbino_12_electric,Solaris Urbino 12 electric,466,7,9-N1-4-B-035101,line_service,Sobo,Mercey,2026-04-08 16:40:44.000000000,2026-04-08 16:41:59.000000000,1.25,0.49486888000554236,23.753706240266034,16.461059769141364,0.3429387451904451,68.79390618270469,68.7122541005165,170.27731535041303,False
solaris_urbino_12_electric,Solaris Urbino 12 electric,467,7,9-N1-4-B-035101,line_service,Mercey,Egl. St-Acheul,2026-04-08 16:42:29.000000000,2026-04-08 16:43:35.000000000,1.1,0.44351095510688016,24.191506642193463,16.75683990194138,0.307208731535592,68.70729378305617,68.63414884697627,170.7208263055199,False
solaris_urbino_12_electric,Solaris Urbino 12 electric,468,7,9-N1-4-B-035101,line_service,Egl. St-Acheul,L. de Luzarches,2026-04-08 16:44:05.000000000,2026-04-08 16:44:47.000000000,0.7,0.27740496861036323,23.777568738031135,16.477127724915903,0.19223315679068553,68.62918852951596,68.58341873028007,170.99823127413026,False
solaris_urbino_12_electric,Solaris Urbino 12 electric,469,7,9-N1-4-B-035101,line_service,L. de Luzarches,Pinceau,2026-04-08 16:45:17.000000000,2026-04-08 16:46:46.000000000,1.4833333333333334,0.3431323580300078,13.879511111326158,10.266877104496691,0.25382001730561266,68.57845841281976,68.51802507536604,171.34136363216027,False
solaris_urbino_12_electric,Solaris Urbino 12 electric,470,7,9-N1-4-B-035101,line_service,Pinceau,Caserne Dejean,2026-04-08 16:47:16.000000000,2026-04-08 16:49:03.000000000,1.7833333333333334,0.40589661587311254,13.656334739656122,10.135631813257165,0.3012535011162546,68.51306475790572,68.44133773383042,171.7472602480334,False
solaris_urbino_12_electric,Solaris Urbino 12 electric,471,7,9-N1-4-B-035101,line_service,Caserne Dejean,Gare du Nord A,2026-04-08 16:49:33.000000000,2026-04-08 16:51:17.000000000,1.7333333333333334,0.3916364257160486,13.55664550555553,10.077106879742848,0.29111642097034895,68.4363774163701,68.36706398280575,172.13889667374943,False
solaris_urbino_12_electric,Solaris Urbino 12 electric,472,7,9-N1-4-B-035101,line_service,Gare du Nord A,René Goblet,2026-04-08 16:51:47.000000000,2026-04-08 16:54:15.000000000,2.466666666666667,0.3279417105779169,7.976960527570951,6.885894540513471,0.28308677555444267,68.36210366534543,68.29470205211818,172.46683838432736,False
solaris_urbino_12_electric,Solaris Urbino 12 electric,473,7,9-N1-4-B-035101,line_service,René Goblet,P. de Justice,2026-04-08 16:54:45.000000000,2026-04-08 16:55:39.000000000,0.9,0.2252173059067505,15.014487060450033,10.939300990254255,0.16408951485381382,68.28974173465787,68.25067280254981,172.69205569023413,False
solaris_urbino_12_electric,Solaris Urbino 12 electric,474,7,9-N1-4-B-035101,line_service,P. de Justice,Dusevel,2026-04-08 16:56:09.000000000,2026-04-08 16:57:07.000000000,0.9666666666666667,0.2299992746993994,14.275817050307548,10.500713816572745,0.1691781670447831,68.2457124850895,68.20543196912645,172.92205496493352,False
solaris_urbino_12_electric,Solaris Urbino 12 electric,475,7,9-N1-4-B-035101,line_service,Dusevel,Beffroi,2026-04-08 16:57:37.000000000,2026-04-08 16:58:38.000000000,1.0166666666666666,0.2188226139254244,12.914121477566031,9.701347494647,0.16438394365929643,68.20047165166613,68.16133261746154,173.14087757885892,False
solaris_urbino_12_electric,Solaris Urbino 12 electric,476,7,9-N1-4-B-035101,line_service,Beffroi,Place du Marché,2026-04-08 16:59:08.000000000,2026-04-08 17:00:02.000000000,0.9,0.18907722066752727,12.605148044501819,9.52152461055803,0.14282286915837045,68.15637230000122,68.12236685496352,173.32995479952646,False
solaris_urbino_12_electric,Solaris Urbino 12 electric,477,7,9-N1-4-B-035101,line_service,Place du Marché,M. Culture B,2026-04-08 17:00:32.000000000,2026-04-08 17:01:17.000000000,0.75,0.17178613535708173,13.742890828566539,10.186496636242934,0.12733120795303665,68.1174065375032,68.08708958322867,173.50174093488354,False
solaris_urbino_12_electric,Solaris Urbino 12 electric,478,7,9-N1-4-B-035101,line_service,M. Culture B,Saint-Jacques,2026-04-08 17:01:47.000000000,2026-04-08 17:02:35.000000000,0.8,0.2918119105170466,21.885893288778494,15.221936608587479,0.20295915478116638,68.08212926576834,68.03380565748712,173.7935528454006,False
solaris_urbino_12_electric,Solaris Urbino 12 electric,479,7,9-N1-4-B-035101,line_service,Saint-Jacques,Jean Jaurès,2026-04-08 17:03:05.000000000,2026-04-08 17:04:07.000000000,1.0333333333333334,0.3507042974526486,20.36347533596024,14.23775760989092,0.24520582550367695,68.0288453400268,67.97046300062115,174.14425714285323,False
solaris_urbino_12_electric,Solaris Urbino 12 electric,480,7,9-N1-4-B-035101,line_service,Jean Jaurès,Zoo d'Amiens,2026-04-08 17:04:37.000000000,2026-04-08 17:05:49.000000000,1.2,0.40281609573225763,20.14080478661288,14.09564699678853,0.2819129399357706,67.96550268316085,67.8983805546047,174.54707323858548,False
solaris_urbino_12_electric,Solaris Urbino 12 electric,481,7,9-N1-4-B-035101,line_service,Zoo d'Amiens,Egl. St-Firmin,2026-04-08 17:06:19.000000000,2026-04-08 17:07:24.000000000,1.0833333333333333,0.37638436041502576,20.845903038370658,14.547228745279993,0.26265829678977765,67.8934202371444,67.83088254743254,174.9234575990005,False
solaris_urbino_12_electric,Solaris Urbino 12 electric,482,7,9-N1-4-B-035101,line_service,Egl. St-Firmin,Faubourg de Hem,2026-04-08 17:07:54.000000000,2026-04-08 17:08:47.000000000,0.8833333333333333,0.3007481358168622,20.428175263032152,14.279135582892508,0.21022060719258415,67.82592222997222,67.77586970445017,175.22420573481736,False
solaris_urbino_12_electric,Solaris Urbino 12 electric,483,7,9-N1-4-B-035101,line_service,Faubourg de Hem,Espace Alliance,2026-04-08 17:09:17.000000000,2026-04-08 17:10:01.000000000,0.7333333333333333,0.24201898261847898,19.8015531233301,13.880003999248057,0.16964449332414291,67.77090938698987,67.73051784096032,175.46622471743584,False
solaris_urbino_12_electric,Solaris Urbino 12 electric,484,7,9-N1-4-B-035101,line_service,Espace Alliance,Sully,2026-04-08 17:10:31.000000000,2026-04-08 17:12:02.000000000,1.5166666666666666,0.5124653653664172,20.273355113396722,14.180186968253004,0.3584436150308398,67.72555752349999,67.64021380563551,175.97869008280227,False
solaris_urbino_12_electric,Solaris Urbino 12 electric,485,7,9-N1-4-B-035101,line_service,Sully,Place la Barre,2026-04-08 17:12:32.000000000,2026-04-08 17:14:17.000000000,1.75,0.5814235833007191,19.934522856024653,13.964400885694367,0.4072950258327524,67.63525348817518,67.53827848202454,176.56011366610298,False
solaris_urbino_12_electric,Solaris Urbino 12 electric,486,7,9-N1-4-B-035101,line_service,Place la Barre,La Fontaine,2026-04-08 17:14:47.000000000,2026-04-08 17:15:56.000000000,1.15,0.32116148117311843,16.75625119164096,11.988547708117405,0.22978049773891693,67.53331816456421,67.47860852224542,176.8812751472761,False
solaris_urbino_12_electric,Solaris Urbino 12 electric,487,7,9-N1-4-B-035101,line_service,La Fontaine,Les Coursives,2026-04-08 17:16:26.000000000,2026-04-08 17:17:10.000000000,0.7333333333333333,0.23368404358993675,19.11960356644937,13.449643215515678,0.16438452818963606,67.4736482047851,67.43450903140663,177.11495919086607,False
solaris_urbino_12_electric,Solaris Urbino 12 electric,488,7,9-N1-4-B-035101,line_service,Les Coursives,Languedoc,2026-04-08 17:17:40.000000000,2026-04-08 17:18:35.000000000,0.9166666666666666,0.2930331102299119,19.1803490332306,13.487812028090723,0.20606379487360824,67.4295487139463,67.38048590564307,177.407992301096,False
solaris_urbino_12_electric,Solaris Urbino 12 electric,489,7,9-N1-4-B-035101,line_service,Languedoc,Collège R.Parks,2026-04-08 17:19:05.000000000,2026-04-08 17:20:25.000000000,1.3333333333333333,0.3206006811443548,14.427030651495967,10.590203090054667,0.23533784644565928,67.37552558818274,67.31949276760045,177.72859298224034,False
solaris_urbino_12_electric,Solaris Urbino 12 electric,490,7,9-N1-4-B-035101,line_service,Collège R.Parks,Martinique,2026-04-08 17:20:55.000000000,2026-04-08 17:21:49.000000000,0.9,0.27082614139471256,18.05507609298084,12.7858717133053,0.1917880756995795,67.31453245014012,67.2688686225926,177.99941912363505,False
solaris_urbino_12_electric,Solaris Urbino 12 electric,491,7,9-N1-4-B-035101,line_service,Martinique,Etouvie Quai A,2026-04-08 17:22:19.000000000,2026-04-08 17:24:17.000000000,1.9666666666666666,0.27408690803195346,8.361973465381629,7.101567229865196,0.2327735925344703,67.26390830513229,67.20848602119551,178.273506031667,False
solaris_urbino_12_electric,Solaris Urbino 12 electric,492,8,9-N1-2-B-034901,line_service,Etouvie Quai A,Martinique,2026-04-08 17:24:17.000000000,2026-04-08 17:25:13.000000000,0.9333333333333333,0.2419015249612658,15.550812318938515,11.260068245184677,0.1751566171473172,67.20848602119551,67.16678206473188,178.51540755662825,False
solaris_urbino_12_electric,Solaris Urbino 12 electric,493,8,9-N1-2-B-034901,line_service,Martinique,Collège R.Parks,2026-04-08 17:25:43.000000000,2026-04-08 17:26:50.000000000,1.1166666666666667,0.3307630000086095,17.77234029897006,12.611161213503856,0.23470772258465508,67.16182174727155,67.10593895617997,178.84617055663688,False
solaris_urbino_12_electric,Solaris Urbino 12 electric,494,8,9-N1-2-B-034901,line_service,Collège R.Parks,Languedoc,2026-04-08 17:27:20.000000000,2026-04-08 17:28:34.000000000,1.2333333333333334,0.29681987678393196,14.439885897596689,10.597817808205917,0.21784403272423272,67.10097863871965,67.04911101188054,179.1429904334208,False
solaris_urbino_12_electric,Solaris Urbino 12 electric,495,8,9-N1-2-B-034901,line_service,Languedoc,Les coursives,2026-04-08 17:29:04.000000000,2026-04-08 17:30:00.000000000,0.9333333333333333,0.297726462758007,19.139558320157594,13.462178045703666,0.2094116584887237,67.04415069442024,66.99429077573244,179.4407168961788,False
solaris_urbino_12_electric,Solaris Urbino 12 electric,496,8,9-N1-2-B-034901,line_service,Les coursives,La Fontaine,2026-04-08 17:30:30.000000000,2026-04-08 17:31:15.000000000,0.75,0.22794980309080773,18.23598424726462,12.898003526410092,0.16122504408012614,66.98933045827212,66.95094354301494,179.6686666992696,False
solaris_urbino_12_electric,Solaris Urbino 12 electric,497,8,9-N1-2-B-034901,line_service,La Fontaine,Place la Barre,2026-04-08 17:31:45.000000000,2026-04-08 17:32:46.000000000,1.0166666666666666,0.2788940733458619,16.459322361395127,11.808108999529809,0.20008184693647732,66.94598322555464,66.89834469056976,179.94756077261547,False
solaris_urbino_12_electric,Solaris Urbino 12 electric,498,8,9-N1-2-B-034901,line_service,Place la Barre,Sully,2026-04-08 17:33:16.000000000,2026-04-08 17:34:50.000000000,1.5666666666666667,0.5529827646282706,21.178063326189086,14.76158400634712,0.38544136016573033,66.89338437310944,66.80161262068904,180.50054353724377,False
solaris_urbino_12_electric,Solaris Urbino 12 electric,499,8,9-N1-2-B-034901,line_service,Sully,Espace Alliance,2026-04-08 17:35:20.000000000,2026-04-08 17:36:53.000000000,1.55,0.5412636534432308,20.952141423608936,14.61567378448361,0.3775715727658266,66.79665230322871,66.70675430971303,181.041807190687,False
solaris_urbino_12_electric,Solaris Urbino 12 electric,500,8,9-N1-2-B-034901,line_service,Espace Alliance,Faubourg de Hem,2026-04-08 17:37:23.000000000,2026-04-08 17:38:16.000000000,0.8833333333333333,0.3068484114845754,20.842533610273048,14.545059713261502,0.21413560133412768,66.70179399225273,66.6508093252684,181.34865560217156,False
solaris_urbino_12_electric,Solaris Urbino 12 electric,501,8,9-N1-2-B-034901,line_service,Faubourg de Hem,Egl. St-Firmin,2026-04-08 17:38:46.000000000,2026-04-08 17:39:28.000000000,0.7,0.29644718539430037,25.409758748082893,17.59110789775967,0.2052295921405295,66.6458490078081,66.5969848192032,181.64510278756586,False
solaris_urbino_12_electric,Solaris Urbino 12 electric,502,8,9-N1-2-B-034901,line_service,Egl. St-Firmin,Zoo d'Amiens,2026-04-08 17:39:58.000000000,2026-04-08 17:40:54.000000000,0.9333333333333333,0.3979625757415526,25.58330844052838,17.71133170949966,0.2755096043699947,66.59202450174288,66.52642697689288,182.0430653633074,False
solaris_urbino_12_electric,Solaris Urbino 12 electric,503,8,9-N1-2-B-034901,line_service,Zoo d'Amiens,Jean Jaurès,2026-04-08 17:41:24.000000000,2026-04-08 17:42:20.000000000,0.9333333333333333,0.38776459722543666,24.9277241073495,17.25900345845794,0.268473387131568,66.52146665943258,66.45754442440125,182.43082996053283,False
solaris_urbino_12_electric,Solaris Urbino 12 electric,504,8,9-N1-2-B-034901,line_service,Jean Jaurès,Saint-Jacques,2026-04-08 17:42:50.000000000,2026-04-08 17:43:43.000000000,0.8833333333333333,0.3538188673320645,24.032979667838347,16.649496892479902,0.24511759313928747,66.45258410694092,66.3942227752411,182.7846488278649,False
solaris_urbino_12_electric,Solaris Urbino 12 electric,505,8,9-N1-2-B-034901,line_service,Saint-Jacques,M. Culture A,2026-04-08 17:44:13.000000000,2026-04-08 17:44:46.000000000,0.55,0.24280373751186532,26.487680455839854,18.343542843186246,0.16814914272920725,66.38926245778077,66.34922694760715,183.02745256537676,False
solaris_urbino_12_electric,Solaris Urbino 12 electric,506,8,9-N1-2-B-034901,line_service,M. Culture A,Hôtel de Ville,2026-04-08 17:45:16.000000000,2026-04-08 17:47:16.000000000,2.0,0.29674165114956036,8.90224953448681,7.4051695340750365,0.2468389844691679,66.34426663014685,66.28549544336846,183.3241942165263,False
solaris_urbino_12_electric,Solaris Urbino 12 electric,507,8,9-N1-2-B-034901,line_service,Hôtel de Ville,Jacobins,2026-04-08 17:47:46.000000000,2026-04-08 17:48:43.000000000,0.95,0.22829410594169391,14.418575112106984,10.585195099293086,0.1675989224054739,66.28053512590816,66.24063062057351,183.552488322468,False
solaris_urbino_12_electric,Solaris Urbino 12 electric,508,8,9-N1-2-B-034901,line_service,Jacobins,Emile Zola,2026-04-08 17:49:13.000000000,2026-04-08 17:50:34.000000000,1.35,0.32611241962366005,14.493885316607114,10.6298158571957,0.23917085678690322,66.2356703031132,66.17872486102107,183.87860074209166,False
solaris_urbino_12_electric,Solaris Urbino 12 electric,509,8,9-N1-2-B-034901,line_service,Emile Zola,Gare du Nord B,2026-04-08 17:51:04.000000000,2026-04-08 17:53:46.000000000,2.7,0.35548637357572055,7.899697190571568,6.842679519791913,0.307920578390636,66.17376454356076,66.10045012013441,184.2340871156674,False
solaris_urbino_12_electric,Solaris Urbino 12 electric,510,8,9-N1-2-B-034901,line_service,Gare du Nord B,Caserne Dejean,2026-04-08 17:54:16.000000000,2026-04-08 17:55:49.000000000,1.55,0.3681948881034494,14.252705345939976,10.487049257408216,0.2709154391497123,66.09548980267411,66.03098612668607,184.60228200377085,False
solaris_urbino_12_electric,Solaris Urbino 12 electric,511,8,9-N1-2-B-034901,line_service,Caserne Dejean,Pinceau,2026-04-08 17:56:19.000000000,2026-04-08 17:57:51.000000000,1.5333333333333334,0.35537552735134686,13.905998896357051,10.282474769595455,0.2627743552229949,66.02602580922576,65.96346048655361,184.95765753112218,False
solaris_urbino_12_electric,Solaris Urbino 12 electric,512,8,9-N1-2-B-034901,line_service,Pinceau,L. de Luzarches,2026-04-08 17:58:21.000000000,2026-04-08 18:00:16.000000000,1.9166666666666667,0.44705548624280317,13.994780438905144,10.33478728614811,0.3301390383075091,65.9585001690933,65.87989563616293,185.404713017365,False
solaris_urbino_12_electric,Solaris Urbino 12 electric,513,8,9-N1-2-B-034901,line_service,L. de Luzarches,Egl. St-Acheul,2026-04-08 18:00:46.000000000,2026-04-08 18:01:26.000000000,0.6666666666666666,0.3248685267650074,29.238167408850664,20.32821859330313,0.22586909548114592,65.87493531870263,65.82115696263568,185.72958154412999,False
solaris_urbino_12_electric,Solaris Urbino 12 electric,514,8,9-N1-2-B-034901,line_service,Egl. St-Acheul,Mercey,2026-04-08 18:01:56.000000000,2026-04-08 18:02:51.000000000,0.9166666666666666,0.45179666905185245,29.572145610666706,20.575864377064864,0.31435348353849096,65.81619664517535,65.7413505776662,186.18137821318186,False
solaris_urbino_12_electric,Solaris Urbino 12 electric,515,8,9-N1-2-B-034901,line_service,Mercey,Sobo,2026-04-08 18:03:21.000000000,2026-04-08 18:04:20.000000000,0.9833333333333333,0.4818036462949089,29.398188587485965,20.446688745559044,0.3350985099966621,65.73639026020588,65.65660490068286,186.66318185947677,False
solaris_urbino_12_electric,Solaris Urbino 12 electric,516,8,9-N1-2-B-034901,line_service,Sobo,Pont de l'Avre,2026-04-08 18:04:50.000000000,2026-04-08 18:06:16.000000000,1.4333333333333333,0.7075852717526405,29.61984858499426,20.611358234859843,0.4923824467216518,65.65164458322255,65.53441066733643,187.3707671312294,False
solaris_urbino_12_electric,Solaris Urbino 12 electric,517,8,9-N1-2-B-034901,line_service,Pont de l'Avre,Cité du Château,2026-04-08 18:06:46.000000000,2026-04-08 18:07:28.000000000,0.7,0.2966141068969825,25.424066305455643,17.60100604348413,0.20534507050731485,65.52945034987613,65.480558666422,187.66738123812638,False
solaris_urbino_12_electric,Solaris Urbino 12 electric,518,8,9-N1-2-B-034901,line_service,Cité du Château,La Rose Rouge,2026-04-08 18:07:58.000000000,2026-04-08 18:08:46.000000000,0.8,0.3329543642312839,24.97157731734629,17.289107112419597,0.2305214281655946,65.47559834896168,65.42071229463653,188.00033560235767,False
solaris_urbino_12_electric,Solaris Urbino 12 electric,519,8,9-N1-2-B-034901,line_service,La Rose Rouge,Poidevin,2026-04-08 18:09:16.000000000,2026-04-08 18:09:47.000000000,0.5166666666666667,0.2251396338173497,26.145247798143835,18.10302141613429,0.15588712886115635,65.41575197717623,65.37863599411403,188.225475236175,False
solaris_urbino_12_electric,Solaris Urbino 12 electric,520,8,9-N1-2-B-034901,line_service,Poidevin,M. de Longueau,2026-04-08 18:10:17.000000000,2026-04-08 18:11:01.000000000,0.7333333333333333,0.3145014195772681,25.731934329049206,17.814568253525785,0.21773361198753735,65.37367567665373,65.32183434046621,188.53997665575227,False
solaris_urbino_12_electric,Solaris Urbino 12 electric,521,8,9-N1-2-B-034901,line_service,M. de Longueau,La Fourche,2026-04-08 18:11:31.000000000,2026-04-08 18:12:08.000000000,0.6166666666666667,0.25663398574137214,24.96979320726864,17.287881959235825,0.17768100902547934,65.31687402300591,65.27456902085697,188.79661064149366,False
solaris_urbino_12_electric,Solaris Urbino 12 electric,522,8,9-N1-2-B-034901,line_service,La Fourche,Croix de Fer,2026-04-08 18:12:38.000000000,2026-04-08 18:14:16.000000000,1.6333333333333333,0.6510902221706201,23.91759999810441,16.571542828821517,0.4511142214512525,65.26960870339666,65.16220055543208,189.44770086366427,False
solaris_urbino_12_electric,Solaris Urbino 12 electric,523,8,9-N1-2-B-034901,line_service,Croix de Fer,C. Cial Glisy,2026-04-08 18:14:46.000000000,2026-04-08 18:17:08.000000000,2.3666666666666667,0.70341712703917,17.833110262964873,12.648657874092082,0.4989192828114099,65.15724023797176,65.03844993254047,190.15111799070343,False
solaris_urbino_12_electric,Solaris Urbino 12 electric,524,8,9-N1-2-B-034901,line_service,C. Cial Glisy,Capitaine Nemo,2026-04-08 18:17:38.000000000,2026-04-08 18:18:06.000000000,0.4666666666666667,0.13672688382470435,17.57917077746199,12.492168184754679,0.09716130810364751,65.03348961508016,65.01035597029357,190.28784487452816,False
solaris_urbino_12_electric,Solaris Urbino 12 electric,525,8,9-N1-2-B-034901,line_service,Capitaine Nemo,Pôle J. Verne,2026-04-08 18:18:36.000000000,2026-04-08 18:20:46.000000000,2.1666666666666665,0.3234478124594319,8.957016345030421,7.43600988337268,0.2685225791217912,65.00539565283324,64.94146170542331,190.61129268698758,False
solaris_urbino_12_electric,Solaris Urbino 12 electric,526,8,9-N1-4-B-035101,line_service,Pôle J. Verne,Capitaine Nemo,2026-04-08 18:21:16.000000000,2026-04-08 18:22:27.000000000,1.1833333333333333,0.3340181708930427,16.93613260866132,12.098184498446486,0.23860308316380568,64.93650138796298,64.87969113006685,190.94531085788063,False
solaris_urbino_12_electric,Solaris Urbino 12 electric,527,8,9-N1-4-B-035101,line_service,Capitaine Nemo,C. Cial Glisy,2026-04-08 18:22:57.000000000,2026-04-08 18:23:18.000000000,0.35,0.12291799931516653,21.07165702545712,14.69280128869123,0.08570800751736551,64.87473081260651,64.85432414415001,191.06822885719578,False
solaris_urbino_12_electric,Solaris Urbino 12 electric,528,8,9-N1-4-B-035101,line_service,C. Cial Glisy,Croix de Fer,2026-04-08 18:23:48.000000000,2026-04-08 18:26:15.000000000,2.45,0.6859620842301216,16.79907145053359,12.014623985741244,0.4905971460844341,64.8493638266897,64.73255498238387,191.75419094142592,False
solaris_urbino_12_electric,Solaris Urbino 12 electric,529,8,9-N1-4-B-035101,line_service,Croix de Fer,La Fourche,2026-04-08 18:26:45.000000000,2026-04-08 18:28:33.000000000,1.8,0.7465227463047002,24.88409154349001,17.22907289480432,0.5168721868441296,64.72759466492356,64.6045298585321,192.5007136877306,False
solaris_urbino_12_electric,Solaris Urbino 12 electric,530,8,9-N1-4-B-035101,line_service,La Fourche,M. de Longueau,2026-04-08 18:29:03.000000000,2026-04-08 18:29:35.000000000,0.5333333333333333,0.23645430499839581,26.60110931231953,18.42352454712258,0.1637646626410896,64.59956954107179,64.56057795472867,192.73716799272898,False
solaris_urbino_12_electric,Solaris Urbino 12 electric,531,8,9-N1-4-B-035101,line_service,M. de Longueau,Poidevin,2026-04-08 18:30:05.000000000,2026-04-08 18:30:38.000000000,0.55,0.23823148868252741,25.98888967445754,17.993661455547276,0.16494189667585005,64.55561763726834,64.51634575710743,192.97539948141153,False
solaris_urbino_12_electric,Solaris Urbino 12 electric,532,8,9-N1-4-B-035101,line_service,Poidevin,La Rose Rouge,2026-04-08 18:31:08.000000000,2026-04-08 18:31:47.000000000,0.65,0.2830530932557657,26.127977838993758,18.09092822491121,0.19598505576987146,64.51138543964711,64.46472233113047,193.25845257466727,False
solaris_urbino_12_electric,Solaris Urbino 12 electric,533,8,9-N1-4-B-035101,line_service,La Rose Rouge,Cité du Château,2026-04-08 18:32:17.000000000,2026-04-08 18:33:09.000000000,0.8666666666666667,0.38252636844861737,26.482594738750432,18.339960401880504,0.26491053913827395,64.45976201367016,64.39668807578009,193.64097894311593,False
solaris_urbino_12_electric,Solaris Urbino 12 electric,534,8,9-N1-4-B-035101,line_service,Cité du Château,Pont de l'Avre,2026-04-08 18:33:39.000000000,2026-04-08 18:34:15.000000000,0.6,0.25904003764462646,25.904003764462647,17.93441163158536,0.17934411631585362,64.39172775831977,64.34902677824456,193.90001898076054,False
solaris_urbino_12_electric,Solaris Urbino 12 electric,535,8,9-N1-4-B-035101,line_service,Pont de l'Avre,Sobo,2026-04-08 18:34:45.000000000,2026-04-08 18:36:42.000000000,1.95,0.7786426370279388,23.95823498547504,16.598980534956493,0.539466867386086,64.34406646078425,64.21562196854947,194.6786616177885,False
solaris_urbino_12_electric,Solaris Urbino 12 electric,536,8,9-N1-4-B-035101,line_service,Sobo,Mercey,2026-04-08 18:37:12.000000000,2026-04-08 18:38:27.000000000,1.25,0.49486888000554236,23.753706240266034,16.461059769141364,0.3429387451904451,64.21066165108915,64.12900956890095,195.17353049779405,False
solaris_urbino_12_electric,Solaris Urbino 12 electric,537,8,9-N1-4-B-035101,line_service,Mercey,Egl. St-Acheul,2026-04-08 18:38:57.000000000,2026-04-08 18:40:03.000000000,1.1,0.44351095510688016,24.191506642193463,16.75683990194138,0.307208731535592,64.12404925144062,64.05090431536073,195.6170414529009,False
solaris_urbino_12_electric,Solaris Urbino 12 electric,538,8,9-N1-4-B-035101,line_service,Egl. St-Acheul,L. de Luzarches,2026-04-08 18:40:33.000000000,2026-04-08 18:41:15.000000000,0.7,0.27740496861036323,23.777568738031135,16.477127724915903,0.19223315679068553,64.04594399790041,64.00017419866452,195.89444642151128,False
solaris_urbino_12_electric,Solaris Urbino 12 electric,539,8,9-N1-4-B-035101,line_service,L. de Luzarches,Pinceau,2026-04-08 18:41:45.000000000,2026-04-08 18:43:14.000000000,1.4833333333333334,0.3431323580300078,13.879511111326158,10.266877104496691,0.25382001730561266,63.995213881204215,63.9347805437505,196.23757877954128,False
solaris_urbino_12_electric,Solaris Urbino 12 electric,540,8,9-N1-4-B-035101,line_service,Pinceau,Caserne Dejean,2026-04-08 18:43:44.000000000,2026-04-08 18:45:31.000000000,1.7833333333333334,0.40589661587311254,13.656334739656122,10.135631813257165,0.3012535011162546,63.92982022629018,63.85809320221488,196.64347539541438,False
solaris_urbino_12_electric,Solaris Urbino 12 electric,541,8,9-N1-4-B-035101,line_service,Caserne Dejean,Gare du Nord A,2026-04-08 18:46:01.000000000,2026-04-08 18:47:45.000000000,1.7333333333333334,0.3916364257160486,13.55664550555553,10.077106879742848,0.29111642097034895,63.853132884754565,63.7838194511902,197.03511182113044,False
solaris_urbino_12_electric,Solaris Urbino 12 electric,542,8,9-N1-4-B-035101,line_service,Gare du Nord A,René Goblet,2026-04-08 18:48:15.000000000,2026-04-08 18:50:43.000000000,2.466666666666667,0.3279417105779169,7.976960527570951,6.885894540513471,0.28308677555444267,63.77885913372988,63.711457520502634,197.36305353170837,False
solaris_urbino_12_electric,Solaris Urbino 12 electric,543,8,9-N1-4-B-035101,line_service,René Goblet,P. de Justice,2026-04-08 18:51:13.000000000,2026-04-08 18:52:07.000000000,0.9,0.2252173059067505,15.014487060450033,10.939300990254255,0.16408951485381382,63.70649720304232,63.667428270934266,197.58827083761514,False
solaris_urbino_12_electric,Solaris Urbino 12 electric,544,8,9-N1-4-B-035101,line_service,P. de Justice,Dusevel,2026-04-08 18:52:37.000000000,2026-04-08 18:53:35.000000000,0.9666666666666667,0.2299992746993994,14.275817050307548,10.500713816572745,0.1691781670447831,63.66246795347395,63.62218743751091,197.81827011231454,False
solaris_urbino_12_electric,Solaris Urbino 12 electric,545,8,9-N1-4-B-035101,line_service,Dusevel,Beffroi,2026-04-08 18:54:05.000000000,2026-04-08 18:55:06.000000000,1.0166666666666666,0.2188226139254244,12.914121477566031,9.701347494647,0.16438394365929643,63.61722712005059,63.578088085846,198.03709272623993,False
solaris_urbino_12_electric,Solaris Urbino 12 electric,546,8,9-N1-4-B-035101,line_service,Beffroi,Place du Marché,2026-04-08 18:55:36.000000000,2026-04-08 18:56:30.000000000,0.9,0.18907722066752727,12.605148044501819,9.52152461055803,0.14282286915837045,63.57312776838568,63.539122323347975,198.22616994690748,False
solaris_urbino_12_electric,Solaris Urbino 12 electric,547,8,9-N1-4-B-035101,line_service,Place du Marché,M. Culture B,2026-04-08 18:57:00.000000000,2026-04-08 18:57:45.000000000,0.75,0.17178613535708173,13.742890828566539,10.186496636242934,0.12733120795303665,63.53416200588766,63.50384505161312,198.39795608226456,False
solaris_urbino_12_electric,Solaris Urbino 12 electric,548,8,9-N1-4-B-035101,line_service,M. Culture B,Saint-Jacques,2026-04-08 18:58:15.000000000,2026-04-08 18:59:03.000000000,0.8,0.2918119105170466,21.885893288778494,15.221936608587479,0.20295915478116638,63.4988847341528,63.45056112587157,198.68976799278158,False
solaris_urbino_12_electric,Solaris Urbino 12 electric,549,8,9-N1-4-B-035101,line_service,Saint-Jacques,Jean Jaurès,2026-04-08 18:59:33.000000000,2026-04-08 19:00:35.000000000,1.0333333333333334,0.3507042974526486,20.36347533596024,14.23775760989092,0.24520582550367695,63.44560080841126,63.38721846900562,199.04047229023422,False
solaris_urbino_12_electric,Solaris Urbino 12 electric,550,8,9-N1-4-B-035101,line_service,Jean Jaurès,Zoo d'Amiens,2026-04-08 19:01:05.000000000,2026-04-08 19:02:17.000000000,1.2,0.40281609573225763,20.14080478661288,14.09564699678853,0.2819129399357706,63.3822581515453,63.315136022989165,199.4432883859665,False
solaris_urbino_12_electric,Solaris Urbino 12 electric,551,8,9-N1-4-B-035101,line_service,Zoo d'Amiens,Egl. St-Firmin,2026-04-08 19:02:47.000000000,2026-04-08 19:03:52.000000000,1.0833333333333333,0.37638436041502576,20.845903038370658,14.547228745279993,0.26265829678977765,63.31017570552885,63.247638015816996,199.8196727463815,False
solaris_urbino_12_electric,Solaris Urbino 12 electric,552,8,9-N1-4-B-035101,line_service,Egl. St-Firmin,Faubourg de Hem,2026-04-08 19:04:22.000000000,2026-04-08 19:05:15.000000000,0.8833333333333333,0.3007481358168622,20.428175263032152,14.279135582892508,0.21022060719258415,63.24267769835668,63.19262517283464,200.12042088219837,False
solaris_urbino_12_electric,Solaris Urbino 12 electric,553,8,9-N1-4-B-035101,line_service,Faubourg de Hem,Espace Alliance,2026-04-08 19:05:45.000000000,2026-04-08 19:06:29.000000000,0.7333333333333333,0.24201898261847898,19.8015531233301,13.880003999248057,0.16964449332414291,63.18766485537432,63.14727330934476,200.36243986481685,False
solaris_urbino_12_electric,Solaris Urbino 12 electric,554,8,9-N1-4-B-035101,line_service,Espace Alliance,Sully,2026-04-08 19:06:59.000000000,2026-04-08 19:08:30.000000000,1.5166666666666666,0.5124653653664172,20.273355113396722,14.180186968253004,0.3584436150308398,63.142312991884445,63.05696927401996,200.87490523018326,False
solaris_urbino_12_electric,Solaris Urbino 12 electric,555,8,9-N1-4-B-035101,line_service,Sully,Place la Barre,2026-04-08 19:09:00.000000000,2026-04-08 19:10:45.000000000,1.75,0.5814235833007191,19.934522856024653,13.964400885694367,0.4072950258327524,63.052008956559646,62.95503395040899,201.456328813484,False
solaris_urbino_12_electric,Solaris Urbino 12 electric,556,8,9-N1-4-B-035101,line_service,Place la Barre,La Fontaine,2026-04-08 19:11:15.000000000,2026-04-08 19:12:24.000000000,1.15,0.32116148117311843,16.75625119164096,11.988547708117405,0.22978049773891693,62.95007363294867,62.89536399062988,201.77749029465713,False
solaris_urbino_12_electric,Solaris Urbino 12 electric,557,8,9-N1-4-B-035101,line_service,La Fontaine,Les Coursives,2026-04-08 19:12:54.000000000,2026-04-08 19:13:38.000000000,0.7333333333333333,0.23368404358993675,19.11960356644937,13.449643215515678,0.16438452818963606,62.890403673169565,62.851264499791085,202.0111743382471,False
solaris_urbino_12_electric,Solaris Urbino 12 electric,558,8,9-N1-4-B-035101,line_service,Les Coursives,Languedoc,2026-04-08 19:14:08.000000000,2026-04-08 19:15:03.000000000,0.9166666666666666,0.2930331102299119,19.1803490332306,13.487812028090723,0.20606379487360824,62.84630418233076,62.79724137402752,202.30420744847697,False
solaris_urbino_12_electric,Solaris Urbino 12 electric,559,8,9-N1-4-B-035101,line_service,Languedoc,Collège R.Parks,2026-04-08 19:15:33.000000000,2026-04-08 19:16:53.000000000,1.3333333333333333,0.3206006811443548,14.427030651495967,10.590203090054667,0.23533784644565928,62.792281056567205,62.7362482359849,202.62480812962136,False
solaris_urbino_12_electric,Solaris Urbino 12 electric,560,8,9-N1-4-B-035101,line_service,Collège R.Parks,Martinique,2026-04-08 19:17:23.000000000,2026-04-08 19:18:17.000000000,0.9,0.27082614139471256,18.05507609298084,12.7858717133053,0.1917880756995795,62.731287918524586,62.685624090977065,202.89563427101606,False
solaris_urbino_12_electric,Solaris Urbino 12 electric,561,8,9-N1-4-B-035101,line_service,Martinique,Etouvie Quai A,2026-04-08 19:18:47.000000000,2026-04-08 19:20:45.000000000,1.9666666666666666,0.27408690803195346,8.361973465381629,7.101567229865196,0.2327735925344703,62.68066377351675,62.62524148957997,203.169721179048,False
solaris_urbino_12_electric,Solaris Urbino 12 electric,562,9,DEPOT_IN,depot_deadhead,Etouvie Quai A,Depot,2026-04-08 19:20:45.000000001,2026-04-08 19:26:18.333333334,5.555555555555555,4.0,43.2,32.151270399999994,2.9769694814814813,62.62524148957997,61.91643923208438,207.169721179048,True
