BusModelId,BusModelName,SegmentIndex,Cycle,TripID,SegmentType,StartStop,EndStop,StartTime,EndTime,TravelTime_min,Distance_km,Speed_km_h,AveragePower_kW,EnergyUsed_kWh,SoC_Start_pct,SoC_End_pct,CumulativeDistance_km,IsDepotSegment
mercedes_ecitaro,Mercedes-Benz eCitaro,1,0,DEPOT_OUT,depot_deadhead,Depot,Etouvie Quai A,2026-04-08 03:43:27.666666667,2026-04-08 03:49:01.000000000,5.555555555555555,4.0,43.2,31.7477392,2.939605481481481,100.0,99.47034135468802,4.0,True
mercedes_ecitaro,Mercedes-Benz eCitaro,2,1,9-N1-2-B-034901,line_service,Etouvie Quai A,Martinique,2026-04-08 03:49:01.000000000,2026-04-08 03:49:57.000000000,0.9333333333333333,0.2419015249612658,15.550812318938515,11.05682101919863,0.17199499363197868,99.47034135468802,99.43935126574532,4.241901524961266,False
mercedes_ecitaro,Mercedes-Benz eCitaro,3,1,9-N1-2-B-034901,line_service,Martinique,Collège R.Parks,2026-04-08 03:50:27.000000000,2026-04-08 03:51:34.000000000,1.1166666666666667,0.3307630000086095,17.77234029897006,12.381899008765696,0.2304408982186949,99.43559751199157,99.39407662942965,4.572664524969875,False
mercedes_ecitaro,Mercedes-Benz eCitaro,4,1,9-N1-2-B-034901,line_service,Collège R.Parks,Languedoc,2026-04-08 03:52:04.000000000,2026-04-08 03:53:18.000000000,1.2333333333333334,0.29681987678393196,14.439885897596689,10.407985877821334,0.2139419319329941,99.39032287567589,99.3517747798321,4.869484401753807,False
mercedes_ecitaro,Mercedes-Benz eCitaro,5,1,9-N1-2-B-034901,line_service,Languedoc,Les coursives,2026-04-08 03:53:48.000000000,2026-04-08 03:54:44.000000000,0.9333333333333333,0.297726462758007,19.139558320157594,13.217496071507208,0.2056054944456677,99.34802102607836,99.3109749910431,5.167210864511814,False
mercedes_ecitaro,Mercedes-Benz eCitaro,6,1,9-N1-2-B-034901,line_service,Les coursives,La Fontaine,2026-04-08 03:55:14.000000000,2026-04-08 03:55:59.000000000,0.75,0.22794980309080773,18.23598424726462,12.663459214121442,0.15829324017651802,99.30722123728934,99.27869993275303,5.395160667602622,False
mercedes_ecitaro,Mercedes-Benz eCitaro,7,1,9-N1-2-B-034901,line_service,La Fontaine,Place la Barre,2026-04-08 03:56:29.000000000,2026-04-08 03:57:30.000000000,1.0166666666666666,0.2788940733458619,16.459322361395127,11.5940864387973,0.19645535354628757,99.27494617899927,99.23954881799995,5.674054740948485,False
mercedes_ecitaro,Mercedes-Benz eCitaro,8,1,9-N1-2-B-034901,line_service,Place la Barre,Sully,2026-04-08 03:58:00.000000000,2026-04-08 03:59:34.000000000,1.5666666666666667,0.5529827646282706,21.178063326189086,14.494837120605796,0.37847630259359577,99.23579506424619,99.16760113585096,6.227037505576755,False
mercedes_ecitaro,Mercedes-Benz eCitaro,9,1,9-N1-2-B-034901,line_service,Sully,Espace Alliance,2026-04-08 04:00:04.000000000,2026-04-08 04:01:37.000000000,1.55,0.5412636534432308,20.952141423608936,14.351314697241989,0.37074229634541805,99.1638473820972,99.09704696834126,6.768301159019986,False
mercedes_ecitaro,Mercedes-Benz eCitaro,10,1,9-N1-2-B-034901,line_service,Espace Alliance,Faubourg de Hem,2026-04-08 04:02:07.000000000,2026-04-08 04:03:00.000000000,0.8833333333333333,0.3068484114845754,20.842533610273048,14.281864401781007,0.21026078147066482,99.09329321458752,99.05540838909731,7.075149570504561,False
mercedes_ecitaro,Mercedes-Benz eCitaro,11,1,9-N1-2-B-034901,line_service,Faubourg de Hem,Egl. St-Firmin,2026-04-08 04:03:30.000000000,2026-04-08 04:04:12.000000000,0.7,0.29644718539430037,25.409758748082893,17.282560219061118,0.20162986922237972,99.05165463534355,99.01532492917735,7.371596755898861,False
mercedes_ecitaro,Mercedes-Benz eCitaro,12,1,9-N1-2-B-034901,line_service,Egl. St-Firmin,Zoo d'Amiens,2026-04-08 04:04:42.000000000,2026-04-08 04:05:38.000000000,0.9333333333333333,0.3979625757415526,25.58330844052838,17.401196362585694,0.270685276751333,99.0115711754236,98.96279905348642,7.769559331640414,False
mercedes_ecitaro,Mercedes-Benz eCitaro,13,1,9-N1-2-B-034901,line_service,Zoo d'Amiens,Jean Jaurès,2026-04-08 04:06:08.000000000,2026-04-08 04:07:04.000000000,0.9333333333333333,0.38776459722543666,24.9277241073495,16.954920605978714,0.26374320942633556,98.95904529973267,98.91152400073693,8.15732392886585,False
mercedes_ecitaro,Mercedes-Benz eCitaro,14,1,9-N1-2-B-034901,line_service,Jean Jaurès,Saint-Jacques,2026-04-08 04:07:34.000000000,2026-04-08 04:08:27.000000000,0.8833333333333333,0.3538188673320645,24.032979667838347,16.353911877036154,0.24076592485636555,98.90777024698318,98.86438899926131,8.511142796197916,False
mercedes_ecitaro,Mercedes-Benz eCitaro,15,1,9-N1-2-B-034901,line_service,Saint-Jacques,M. Culture A,2026-04-08 04:08:57.000000000,2026-04-08 04:09:30.000000000,0.55,0.24280373751186532,26.487680455839854,18.025307499846743,0.16523198541526182,98.86063524550755,98.83086371660391,8.753946533709781,False
mercedes_ecitaro,Mercedes-Benz eCitaro,16,1,9-N1-2-B-034901,line_service,M. Culture A,Hôtel de Ville,2026-04-08 04:10:00.000000000,2026-04-08 04:12:00.000000000,2.0,0.29674165114956036,8.90224953448681,7.285495885312494,0.24284986284374976,98.82710996285016,98.78335323080624,9.050688184859341,False
mercedes_ecitaro,Mercedes-Benz eCitaro,17,1,9-N1-2-B-034901,line_service,Hôtel de Ville,Jacobins,2026-04-08 04:12:30.000000000,2026-04-08 04:13:27.000000000,0.95,0.22829410594169391,14.418575112106984,10.39562297288138,0.16459736373728853,98.77959947705249,98.74994229439712,9.278982290801036,False
mercedes_ecitaro,Mercedes-Benz eCitaro,18,1,9-N1-2-B-034901,line_service,Jacobins,Emile Zola,2026-04-08 04:13:57.000000000,2026-04-08 04:15:18.000000000,1.35,0.32611241962366005,14.493885316607114,10.43932601398859,0.23488483531474327,98.74618854064336,98.70386694869475,9.605094710424694,False
mercedes_ecitaro,Mercedes-Benz eCitaro,19,1,9-N1-2-B-034901,line_service,Emile Zola,Gare du Nord B,2026-04-08 04:15:48.000000000,2026-04-08 04:18:30.000000000,2.7,0.35548637357572055,7.899697190571568,6.736177798628873,0.3031280009382993,98.70011319494101,98.64549553711429,9.960581084000417,False
mercedes_ecitaro,Mercedes-Benz eCitaro,20,1,9-N1-2-B-034901,line_service,Gare du Nord B,Caserne Dejean,2026-04-08 04:19:00.000000000,2026-04-08 04:20:33.000000000,1.55,0.3681948881034494,14.252705345939976,10.299502354459811,0.2660704774902118,98.64174178336053,98.59380115678572,10.328775972103866,False
mercedes_ecitaro,Mercedes-Benz eCitaro,21,1,9-N1-2-B-034901,line_service,Caserne Dejean,Pinceau,2026-04-08 04:21:03.000000000,2026-04-08 04:22:35.000000000,1.5333333333333334,0.35537552735134686,13.905998896357051,10.099178424665343,0.2580901152970032,98.59004740303196,98.54354467955503,10.684151499455213,False
mercedes_ecitaro,Mercedes-Benz eCitaro,22,1,9-N1-2-B-034901,line_service,Pinceau,L. de Luzarches,2026-04-08 04:23:05.000000000,2026-04-08 04:25:00.000000000,1.9166666666666667,0.44705548624280317,13.994780438905144,10.150400279848174,0.3242488978284834,98.53979092580127,98.48136770096731,11.131206985698016,False
mercedes_ecitaro,Mercedes-Benz eCitaro,23,1,9-N1-2-B-034901,line_service,L. de Luzarches,Egl. St-Acheul,2026-04-08 04:25:30.000000000,2026-04-08 04:26:10.000000000,0.6666666666666666,0.3248685267650074,29.238167408850664,19.98722484585692,0.2220802760650769,98.47761394721356,98.43759948305768,11.456075512463023,False
mercedes_ecitaro,Mercedes-Benz eCitaro,24,1,9-N1-2-B-034901,line_service,Egl. St-Acheul,Mercey,2026-04-08 04:26:40.000000000,2026-04-08 04:27:35.000000000,0.9166666666666666,0.45179666905185245,29.572145610666706,20.23230889370291,0.30910471920935007,98.43384572930394,98.37815118530224,11.907872181514877,False
mercedes_ecitaro,Mercedes-Benz eCitaro,25,1,9-N1-2-B-034901,line_service,Mercey,Sobo,2026-04-08 04:28:05.000000000,2026-04-08 04:29:04.000000000,0.9833333333333333,0.4818036462949089,29.398188587485965,20.10446194015695,0.32948979290812774,98.3743974315485,98.31502990129478,12.389675827809786,False
mercedes_ecitaro,Mercedes-Benz eCitaro,26,1,9-N1-2-B-034901,line_service,Sobo,Pont de l'Avre,2026-04-08 04:29:34.000000000,2026-04-08 04:31:00.000000000,1.4333333333333333,0.7075852717526405,29.61984858499426,20.267440548072262,0.4841666353150596,98.31127614754102,98.22403891595273,13.097261099562427,False
mercedes_ecitaro,Mercedes-Benz eCitaro,27,1,9-N1-2-B-034901,line_service,Pont de l'Avre,Cité du Château,2026-04-08 04:31:30.000000000,2026-04-08 04:32:12.000000000,0.7,0.2966141068969825,25.424066305455643,17.29232707664838,0.20174381589423113,98.22028516219898,98.18393492510091,13.39387520645941,False
mercedes_ecitaro,Mercedes-Benz eCitaro,28,1,9-N1-2-B-034901,line_service,Cité du Château,La Rose Rouge,2026-04-08 04:32:42.000000000,2026-04-08 04:33:30.000000000,0.8,0.3329543642312839,24.97157731734629,16.984614749484873,0.22646152999313165,98.18018117134716,98.13937729206911,13.726829570690693,False
mercedes_ecitaro,Mercedes-Benz eCitaro,29,1,9-N1-2-B-034901,line_service,La Rose Rouge,Poidevin,2026-04-08 04:34:00.000000000,2026-04-08 04:34:31.000000000,0.5166666666666667,0.2251396338173497,26.145247798143835,17.787818516889004,0.1531728816732109,98.13562353831537,98.10802482089677,13.951969204508043,False
mercedes_ecitaro,Mercedes-Benz eCitaro,30,1,9-N1-2-B-034901,line_service,Poidevin,M. de Longueau,2026-04-08 04:35:01.000000000,2026-04-08 04:35:45.000000000,0.7333333333333333,0.3145014195772681,25.731934329049206,17.50308167993473,0.21392655386586892,98.10427106714302,98.06572574212214,14.26647062408531,False
mercedes_ecitaro,Mercedes-Benz eCitaro,31,1,9-N1-2-B-034901,line_service,M. de Longueau,La Fourche,2026-04-08 04:36:15.000000000,2026-04-08 04:36:52.000000000,0.6166666666666667,0.25663398574137214,24.96979320726864,16.983406243795105,0.17455167528344973,98.06197198836838,98.03052123606506,14.523104609826682,False
mercedes_ecitaro,Mercedes-Benz eCitaro,32,1,9-N1-2-B-034901,line_service,La Fourche,Croix de Fer,2026-04-08 04:37:22.000000000,2026-04-08 04:39:00.000000000,1.6333333333333333,0.6510902221706201,23.91759999810441,16.27707312975203,0.44309810186547194,98.0267674823113,97.94692998647969,15.174194831997301,False
mercedes_ecitaro,Mercedes-Benz eCitaro,33,1,9-N1-2-B-034901,line_service,Croix de Fer,C. Cial Glisy,2026-04-08 04:39:30.000000000,2026-04-08 04:41:52.000000000,2.3666666666666667,0.70341712703917,17.833110262964873,12.418700315873616,0.48984873468168155,97.94317623272593,97.85491519944996,15.877611959036473,False
mercedes_ecitaro,Mercedes-Benz eCitaro,34,1,9-N1-2-B-034901,line_service,C. Cial Glisy,Capitaine Nemo,2026-04-08 04:42:22.000000000,2026-04-08 04:42:50.000000000,0.4666666666666667,0.13672688382470435,17.57917077746199,12.265122289306849,0.0953953955834977,97.8511614456962,97.8339730861316,16.014338842861175,False
mercedes_ecitaro,Mercedes-Benz eCitaro,35,1,9-N1-2-B-034901,line_service,Capitaine Nemo,Pôle J. Verne,2026-04-08 04:43:20.000000000,2026-04-08 04:45:30.000000000,2.1666666666666665,0.3234478124594319,8.957016345030421,7.3156201106816745,0.26417517066350493,97.83021933237785,97.78262020252858,16.337786655320606,False
mercedes_ecitaro,Mercedes-Benz eCitaro,36,1,9-N1-4-B-035101,line_service,Pôle J. Verne,Capitaine Nemo,2026-04-08 04:46:00.000000000,2026-04-08 04:47:11.000000000,1.1833333333333333,0.3340181708930427,16.93613260866132,11.878580971251235,0.23427201359967714,97.77886644877482,97.73665527515325,16.671804826213652,False
mercedes_ecitaro,Mercedes-Benz eCitaro,37,1,9-N1-4-B-035101,line_service,Capitaine Nemo,C. Cial Glisy,2026-04-08 04:47:41.000000000,2026-04-08 04:48:02.000000000,0.35,0.12291799931516653,21.07165702545712,14.427177180198683,0.08415853355115899,97.7329015213995,97.71773782166056,16.79472282552882,False
mercedes_ecitaro,Mercedes-Benz eCitaro,38,1,9-N1-4-B-035101,line_service,C. Cial Glisy,Croix de Fer,2026-04-08 04:48:32.000000000,2026-04-08 04:50:59.000000000,2.45,0.6859620842301216,16.79907145053359,11.79661936587016,0.4816952907730316,97.71398406790681,97.62719212362337,17.48068490975894,False
mercedes_ecitaro,Mercedes-Benz eCitaro,39,1,9-N1-4-B-035101,line_service,Croix de Fer,La Fourche,2026-04-08 04:51:29.000000000,2026-04-08 04:53:17.000000000,1.8,0.7465227463047002,24.88409154349001,16.92539814763343,0.5077619444290029,97.62343836986962,97.53194973123377,18.22720765606364,False
mercedes_ecitaro,Mercedes-Benz eCitaro,40,1,9-N1-4-B-035101,line_service,La Fourche,M. de Longueau,2026-04-08 04:53:47.000000000,2026-04-08 04:54:19.000000000,0.5333333333333333,0.23645430499839581,26.60110931231953,18.10429412886066,0.16092705892320586,97.52819597748001,97.49920011100735,18.463661961062037,False
mercedes_ecitaro,Mercedes-Benz eCitaro,41,1,9-N1-4-B-035101,line_service,M. de Longueau,Poidevin,2026-04-08 04:54:49.000000000,2026-04-08 04:55:22.000000000,0.55,0.23823148868252741,25.98888967445754,17.679857275640913,0.1620653583600417,97.49544635725361,97.46624539178333,18.701893449744563,False
mercedes_ecitaro,Mercedes-Benz eCitaro,42,1,9-N1-4-B-035101,line_service,Poidevin,La Rose Rouge,2026-04-08 04:55:52.000000000,2026-04-08 04:56:31.000000000,0.65,0.2830530932557657,26.127977838993758,17.775879384511274,0.1925720266655388,97.46249163802958,97.42779397556731,18.98494654300033,False
mercedes_ecitaro,Mercedes-Benz eCitaro,43,1,9-N1-4-B-035101,line_service,La Rose Rouge,Cité du Château,2026-04-08 04:57:01.000000000,2026-04-08 04:57:53.000000000,0.8666666666666667,0.38252636844861737,26.482594738750432,18.021769783997197,0.26031445243551504,97.42404022181356,97.37713671687023,19.367472911448946,False
mercedes_ecitaro,Mercedes-Benz eCitaro,44,1,9-N1-4-B-035101,line_service,Cité du Château,Pont de l'Avre,2026-04-08 04:58:23.000000000,2026-04-08 04:58:59.000000000,0.6,0.25904003764462646,25.904003764462647,17.621370476656775,0.17621370476656775,97.37338296311647,97.34163274604141,19.626512949093573,False
mercedes_ecitaro,Mercedes-Benz eCitaro,45,1,9-N1-4-B-035101,line_service,Pont de l'Avre,Sobo,2026-04-08 04:59:29.000000000,2026-04-08 05:01:26.000000000,1.95,0.7786426370279388,23.95823498547504,16.30411753685129,0.529883819947667,97.33787899228766,97.24240443013493,20.405155586121513,False
mercedes_ecitaro,Mercedes-Benz eCitaro,46,1,9-N1-4-B-035101,line_service,Sobo,Mercey,2026-04-08 05:01:56.000000000,2026-04-08 05:03:11.000000000,1.25,0.49486888000554236,23.753706240266034,16.168181881260054,0.3368371225262511,97.23865067638117,97.17795930295303,20.900024466127057,False
mercedes_ecitaro,Mercedes-Benz eCitaro,47,1,9-N1-4-B-035101,line_service,Mercey,Egl. St-Acheul,2026-04-08 05:03:41.000000000,2026-04-08 05:04:47.000000000,1.1,0.44351095510688016,24.191506642193463,16.459729677939862,0.3017617107622308,97.17420554919927,97.11983406978266,21.343535421233938,False
mercedes_ecitaro,Mercedes-Benz eCitaro,48,1,9-N1-4-B-035101,line_service,Egl. St-Acheul,L. de Luzarches,2026-04-08 05:05:17.000000000,2026-04-08 05:05:59.000000000,0.7,0.27740496861036323,23.777568738031135,16.184017525487164,0.18881353779735024,97.1160803160289,97.08205985876812,21.6209403898443,False
mercedes_ecitaro,Mercedes-Benz eCitaro,49,1,9-N1-4-B-035101,line_service,L. de Luzarches,Pinceau,2026-04-08 05:06:29.000000000,2026-04-08 05:07:58.000000000,1.4833333333333334,0.3431323580300078,13.879511111326158,10.083906448902566,0.249296576097869,97.07830610501436,97.03338780301475,21.96407274787431,False
mercedes_ecitaro,Mercedes-Benz eCitaro,50,1,9-N1-4-B-035101,line_service,Pinceau,Caserne Dejean,2026-04-08 05:08:28.000000000,2026-04-08 05:10:15.000000000,1.7833333333333334,0.40589661587311254,13.656334739656122,9.955410597282219,0.29589692608588813,97.02963404926099,96.97631928780407,22.369969363747423,False
mercedes_ecitaro,Mercedes-Benz eCitaro,51,1,9-N1-4-B-035101,line_service,Caserne Dejean,Gare du Nord A,2026-04-08 05:10:45.000000000,2026-04-08 05:12:29.000000000,1.7333333333333334,0.3916364257160486,13.55664550555553,9.898116829554354,0.2859455972982369,96.97256553405032,96.9210438048074,22.761605789463474,False
mercedes_ecitaro,Mercedes-Benz eCitaro,52,1,9-N1-4-B-035101,line_service,Gare du Nord A,René Goblet,2026-04-08 05:12:59.000000000,2026-04-08 05:15:27.000000000,2.466666666666667,0.3279417105779169,7.976960527570951,6.7783736367491745,0.2786664717330216,96.91729005105364,96.86707987596661,23.08954750004139,False
mercedes_ecitaro,Mercedes-Benz eCitaro,53,1,9-N1-4-B-035101,line_service,René Goblet,P. de Justice,2026-04-08 05:15:57.000000000,2026-04-08 05:16:51.000000000,0.9,0.2252173059067505,15.014487060450033,10.742498468974079,0.16113747703461115,96.86332612221285,96.83429234256698,23.31476480594814,False
mercedes_ecitaro,Mercedes-Benz eCitaro,54,1,9-N1-4-B-035101,line_service,P. de Justice,Dusevel,2026-04-08 05:17:21.000000000,2026-04-08 05:18:19.000000000,0.9666666666666667,0.2299992746993994,14.275817050307548,10.312884400903368,0.1661520264589987,96.83053858881323,96.80060128674855,23.54476408064754,False
mercedes_ecitaro,Mercedes-Benz eCitaro,55,1,9-N1-4-B-035101,line_service,Dusevel,Beffroi,2026-04-08 05:18:49.000000000,2026-04-08 05:19:50.000000000,1.0166666666666666,0.2188226139254244,12.914121477566031,9.530336567981031,0.1614862585130119,96.79684753299479,96.7677509098393,23.763586694572965,False
mercedes_ecitaro,Mercedes-Benz eCitaro,56,1,9-N1-4-B-035101,line_service,Beffroi,Place du Marché,2026-04-08 05:20:20.000000000,2026-04-08 05:21:14.000000000,0.9,0.18907722066752727,12.605148044501819,9.35437701167304,0.14031565517509562,96.76399715608554,96.73871505605399,23.952663915240493,False
mercedes_ecitaro,Mercedes-Benz eCitaro,57,1,9-N1-4-B-035101,line_service,Place du Marché,M. Culture B,2026-04-08 05:21:44.000000000,2026-04-08 05:22:29.000000000,0.75,0.17178613535708173,13.742890828566539,10.005207964905962,0.12506509956132453,96.73496130230023,96.71242705012702,24.124450050597574,False
mercedes_ecitaro,Mercedes-Benz eCitaro,58,1,9-N1-4-B-035101,line_service,M. Culture B,Saint-Jacques,2026-04-08 05:22:59.000000000,2026-04-08 05:23:47.000000000,0.8,0.2918119105170466,21.885893288778494,14.947805699382515,0.1993040759917669,96.70867329637326,96.67276265205042,24.41626196111462,False
mercedes_ecitaro,Mercedes-Benz eCitaro,59,1,9-N1-4-B-035101,line_service,Saint-Jacques,Jean Jaurès,2026-04-08 05:24:17.000000000,2026-04-08 05:25:19.000000000,1.0333333333333334,0.3507042974526486,20.36347533596024,13.979689002432178,0.24076131059744307,96.66900889829667,96.62562848197281,24.76696625856727,False
mercedes_ecitaro,Mercedes-Benz eCitaro,60,1,9-N1-4-B-035101,line_service,Jean Jaurès,Zoo d'Amiens,2026-04-08 05:25:49.000000000,2026-04-08 05:27:01.000000000,1.2,0.40281609573225763,20.14080478661288,13.839983331209853,0.276799666624197,96.62187472821905,96.5720009144129,25.169782354299528,False
mercedes_ecitaro,Mercedes-Benz eCitaro,61,1,9-N1-4-B-035101,line_service,Zoo d'Amiens,Egl. St-Firmin,2026-04-08 05:27:31.000000000,2026-04-08 05:28:36.000000000,1.0833333333333333,0.37638436041502576,20.845903038370658,14.283997606969104,0.25790551234805326,96.56824716065914,96.5217776989748,25.546166714714552,False
mercedes_ecitaro,Mercedes-Benz eCitaro,62,1,9-N1-4-B-035101,line_service,Egl. St-Firmin,Faubourg de Hem,2026-04-08 05:29:06.000000000,2026-04-08 05:29:59.000000000,0.8833333333333333,0.3007481358168622,20.428175263032152,14.020370787798544,0.20641101437592305,96.51802394522105,96.48083277145962,25.846914850531416,False
mercedes_ecitaro,Mercedes-Benz eCitaro,63,1,9-N1-4-B-035101,line_service,Faubourg de Hem,Espace Alliance,2026-04-08 05:30:29.000000000,2026-04-08 05:31:13.000000000,0.7333333333333333,0.24201898261847898,19.8015531233301,13.628030793913387,0.16656482081449694,96.47707901770588,96.44706733827984,26.088933833149895,False
mercedes_ecitaro,Mercedes-Benz eCitaro,64,1,9-N1-4-B-035101,line_service,Espace Alliance,Sully,2026-04-08 05:31:43.000000000,2026-04-08 05:33:14.000000000,1.5166666666666666,0.5124653653664172,20.273355113396722,13.923090033058784,0.35194477583565265,96.44331358452608,96.37990011140253,26.60139919851631,False
mercedes_ecitaro,Mercedes-Benz eCitaro,65,1,9-N1-4-B-035101,line_service,Sully,Place la Barre,2026-04-08 05:33:44.000000000,2026-04-08 05:35:29.000000000,1.75,0.5814235833007191,19.934522856024653,13.710977433876819,0.3999035084880738,96.37614635764878,96.30409167143472,27.18282278181703,False
mercedes_ecitaro,Mercedes-Benz eCitaro,66,1,9-N1-4-B-035101,line_service,Place la Barre,La Fontaine,2026-04-08 05:35:59.000000000,2026-04-08 05:37:08.000000000,1.15,0.32116148117311843,16.75625119164096,11.771043507106238,0.2256116672195362,96.30033791768096,96.2596871668306,27.50398426299015,False
mercedes_ecitaro,Mercedes-Benz eCitaro,67,1,9-N1-4-B-035101,line_service,La Fontaine,Les Coursives,2026-04-08 05:37:38.000000000,2026-04-08 05:38:22.000000000,0.7333333333333333,0.23368404358993675,19.11960356644937,13.205182837280407,0.1613966791223161,96.25593341307685,96.2268529303521,27.737668306580087,False
mercedes_ecitaro,Mercedes-Benz eCitaro,68,1,9-N1-4-B-035101,line_service,Les Coursives,Languedoc,2026-04-08 05:38:52.000000000,2026-04-08 05:39:47.000000000,0.9166666666666666,0.2930331102299119,19.1803490332306,13.242677402966896,0.20231868254532756,96.22309917659835,96.18664535992352,28.03070141681,False
mercedes_ecitaro,Mercedes-Benz eCitaro,69,1,9-N1-4-B-035101,line_service,Languedoc,Collège R.Parks,2026-04-08 05:40:17.000000000,2026-04-08 05:41:37.000000000,1.3333333333333333,0.3206006811443548,14.427030651495967,10.40052786970044,0.23112284154889867,96.18289160616976,96.14124785093573,28.351302097954353,False
mercedes_ecitaro,Mercedes-Benz eCitaro,70,1,9-N1-4-B-035101,line_service,Collège R.Parks,Martinique,2026-04-08 05:42:07.000000000,2026-04-08 05:43:01.000000000,0.9,0.27082614139471256,18.05507609298084,12.553382066466641,0.18830073099699965,96.13749409718197,96.10356603754288,28.622128239349067,False
mercedes_ecitaro,Mercedes-Benz eCitaro,71,1,9-N1-4-B-035101,line_service,Martinique,Etouvie Quai A,2026-04-08 05:43:31.000000000,2026-04-08 05:45:29.000000000,1.9666666666666666,0.27408690803195346,8.361973465381629,6.988977513860954,0.22908315184322015,96.09981228378912,96.05853604021377,28.896215147381017,False
mercedes_ecitaro,Mercedes-Benz eCitaro,72,2,9-N1-2-B-034901,line_service,Etouvie Quai A,Martinique,2026-04-08 05:45:29.000000000,2026-04-08 05:46:25.000000000,0.9333333333333333,0.2419015249612658,15.550812318938515,11.05682101919863,0.17199499363197868,96.05853604021377,96.02754595127107,29.138116672342285,False
mercedes_ecitaro,Mercedes-Benz eCitaro,73,2,9-N1-2-B-034901,line_service,Martinique,Collège R.Parks,2026-04-08 05:46:55.000000000,2026-04-08 05:48:02.000000000,1.1166666666666667,0.3307630000086095,17.77234029897006,12.381899008765696,0.2304408982186949,96.02379219751731,95.98227131495538,29.468879672350898,False
mercedes_ecitaro,Mercedes-Benz eCitaro,74,2,9-N1-2-B-034901,line_service,Collège R.Parks,Languedoc,2026-04-08 05:48:32.000000000,2026-04-08 05:49:46.000000000,1.2333333333333334,0.29681987678393196,14.439885897596689,10.407985877821334,0.2139419319329941,95.97851756120163,95.93996946535785,29.76569954913483,False
mercedes_ecitaro,Mercedes-Benz eCitaro,75,2,9-N1-2-B-034901,line_service,Languedoc,Les coursives,2026-04-08 05:50:16.000000000,2026-04-08 05:51:12.000000000,0.9333333333333333,0.297726462758007,19.139558320157594,13.217496071507208,0.2056054944456677,95.93621571160409,95.89916967656883,30.063426011892837,False
mercedes_ecitaro,Mercedes-Benz eCitaro,76,2,9-N1-2-B-034901,line_service,Les coursives,La Fontaine,2026-04-08 05:51:42.000000000,2026-04-08 05:52:27.000000000,0.75,0.22794980309080773,18.23598424726462,12.663459214121442,0.15829324017651802,95.89541592281509,95.86689461827878,30.291375814983642,False
mercedes_ecitaro,Mercedes-Benz eCitaro,77,2,9-N1-2-B-034901,line_service,La Fontaine,Place la Barre,2026-04-08 05:52:57.000000000,2026-04-08 05:53:58.000000000,1.0166666666666666,0.2788940733458619,16.459322361395127,11.5940864387973,0.19645535354628757,95.86314086452502,95.82774350352568,30.570269888329506,False
mercedes_ecitaro,Mercedes-Benz eCitaro,78,2,9-N1-2-B-034901,line_service,Place la Barre,Sully,2026-04-08 05:54:28.000000000,2026-04-08 05:56:02.000000000,1.5666666666666667,0.5529827646282706,21.178063326189086,14.494837120605796,0.37847630259359577,95.82398974977194,95.7557958213767,31.123252652957778,False
mercedes_ecitaro,Mercedes-Benz eCitaro,79,2,9-N1-2-B-034901,line_service,Sully,Espace Alliance,2026-04-08 05:56:32.000000000,2026-04-08 05:58:05.000000000,1.55,0.5412636534432308,20.952141423608936,14.351314697241989,0.37074229634541805,95.75204206762294,95.68524165386701,31.66451630640101,False
mercedes_ecitaro,Mercedes-Benz eCitaro,80,2,9-N1-2-B-034901,line_service,Espace Alliance,Faubourg de Hem,2026-04-08 05:58:35.000000000,2026-04-08 05:59:28.000000000,0.8833333333333333,0.3068484114845754,20.842533610273048,14.281864401781007,0.21026078147066482,95.68148790011325,95.64360307462304,31.97136471788558,False
mercedes_ecitaro,Mercedes-Benz eCitaro,81,2,9-N1-2-B-034901,line_service,Faubourg de Hem,Egl. St-Firmin,2026-04-08 05:59:58.000000000,2026-04-08 06:00:40.000000000,0.7,0.29644718539430037,25.409758748082893,17.282560219061118,0.20162986922237972,95.63984932086929,95.60351961470309,32.267811903279885,False
mercedes_ecitaro,Mercedes-Benz eCitaro,82,2,9-N1-2-B-034901,line_service,Egl. St-Firmin,Zoo d'Amiens,2026-04-08 06:01:10.000000000,2026-04-08 06:02:06.000000000,0.9333333333333333,0.3979625757415526,25.58330844052838,17.401196362585694,0.270685276751333,95.59976586094933,95.55099373901216,32.66577447902144,False
mercedes_ecitaro,Mercedes-Benz eCitaro,83,2,9-N1-2-B-034901,line_service,Zoo d'Amiens,Jean Jaurès,2026-04-08 06:02:36.000000000,2026-04-08 06:03:32.000000000,0.9333333333333333,0.38776459722543666,24.9277241073495,16.954920605978714,0.26374320942633556,95.54723998525841,95.49971868626267,33.05353907624687,False
mercedes_ecitaro,Mercedes-Benz eCitaro,84,2,9-N1-2-B-034901,line_service,Jean Jaurès,Saint-Jacques,2026-04-08 06:04:02.000000000,2026-04-08 06:04:55.000000000,0.8833333333333333,0.3538188673320645,24.032979667838347,16.353911877036154,0.24076592485636555,95.49596493250891,95.45258368478704,33.40735794357894,False
mercedes_ecitaro,Mercedes-Benz eCitaro,85,2,9-N1-2-B-034901,line_service,Saint-Jacques,M. Culture A,2026-04-08 06:05:25.000000000,2026-04-08 06:05:58.000000000,0.55,0.24280373751186532,26.487680455839854,18.025307499846743,0.16523198541526182,95.4488299310333,95.41905840212965,33.6501616810908,False
mercedes_ecitaro,Mercedes-Benz eCitaro,86,2,9-N1-2-B-034901,line_service,M. Culture A,Hôtel de Ville,2026-04-08 06:06:28.000000000,2026-04-08 06:08:28.000000000,2.0,0.29674165114956036,8.90224953448681,7.285495885312494,0.24284986284374976,95.4153046483759,95.37154791633198,33.94690333224036,False
mercedes_ecitaro,Mercedes-Benz eCitaro,87,2,9-N1-2-B-034901,line_service,Hôtel de Ville,Jacobins,2026-04-08 06:08:58.000000000,2026-04-08 06:09:55.000000000,0.95,0.22829410594169391,14.418575112106984,10.39562297288138,0.16459736373728853,95.36779416257822,95.33813697992285,34.17519743818205,False
mercedes_ecitaro,Mercedes-Benz eCitaro,88,2,9-N1-2-B-034901,line_service,Jacobins,Emile Zola,2026-04-08 06:10:25.000000000,2026-04-08 06:11:46.000000000,1.35,0.32611241962366005,14.493885316607114,10.43932601398859,0.23488483531474327,95.3343832261691,95.29206163422049,34.501309857805715,False
mercedes_ecitaro,Mercedes-Benz eCitaro,89,2,9-N1-2-B-034901,line_service,Emile Zola,Gare du Nord B,2026-04-08 06:12:16.000000000,2026-04-08 06:14:58.000000000,2.7,0.35548637357572055,7.899697190571568,6.736177798628873,0.3031280009382993,95.28830788046675,95.23369022264002,34.85679623138144,False
mercedes_ecitaro,Mercedes-Benz eCitaro,90,2,9-N1-2-B-034901,line_service,Gare du Nord B,Caserne Dejean,2026-04-08 06:15:28.000000000,2026-04-08 06:17:01.000000000,1.55,0.3681948881034494,14.252705345939976,10.299502354459811,0.2660704774902118,95.22993646888627,95.18199584231145,35.22499111948488,False
mercedes_ecitaro,Mercedes-Benz eCitaro,91,2,9-N1-2-B-034901,line_service,Caserne Dejean,Pinceau,2026-04-08 06:17:31.000000000,2026-04-08 06:19:03.000000000,1.5333333333333334,0.35537552735134686,13.905998896357051,10.099178424665343,0.2580901152970032,95.1782420885577,95.13173936508076,35.580366646836225,False
mercedes_ecitaro,Mercedes-Benz eCitaro,92,2,9-N1-2-B-034901,line_service,Pinceau,L. de Luzarches,2026-04-08 06:19:33.000000000,2026-04-08 06:21:28.000000000,1.9166666666666667,0.44705548624280317,13.994780438905144,10.150400279848174,0.3242488978284834,95.127985611327,95.06956238649305,36.02742213307903,False
mercedes_ecitaro,Mercedes-Benz eCitaro,93,2,9-N1-2-B-034901,line_service,L. de Luzarches,Egl. St-Acheul,2026-04-08 06:21:58.000000000,2026-04-08 06:22:38.000000000,0.6666666666666666,0.3248685267650074,29.238167408850664,19.98722484585692,0.2220802760650769,95.06580863273929,95.02579416858342,36.35229065984404,False
mercedes_ecitaro,Mercedes-Benz eCitaro,94,2,9-N1-2-B-034901,line_service,Egl. St-Acheul,Mercey,2026-04-08 06:23:08.000000000,2026-04-08 06:24:03.000000000,0.9166666666666666,0.45179666905185245,29.572145610666706,20.23230889370291,0.30910471920935007,95.02204041482968,94.96634587082798,36.80408732889589,False
mercedes_ecitaro,Mercedes-Benz eCitaro,95,2,9-N1-2-B-034901,line_service,Mercey,Sobo,2026-04-08 06:24:33.000000000,2026-04-08 06:25:32.000000000,0.9833333333333333,0.4818036462949089,29.398188587485965,20.10446194015695,0.32948979290812774,94.96259211707424,94.90322458682051,37.2858909751908,False
mercedes_ecitaro,Mercedes-Benz eCitaro,96,2,9-N1-2-B-034901,line_service,Sobo,Pont de l'Avre,2026-04-08 06:26:02.000000000,2026-04-08 06:27:28.000000000,1.4333333333333333,0.7075852717526405,29.61984858499426,20.267440548072262,0.4841666353150596,94.89947083306676,94.81223360147847,37.993476246943445,False
mercedes_ecitaro,Mercedes-Benz eCitaro,97,2,9-N1-2-B-034901,line_service,Pont de l'Avre,Cité du Château,2026-04-08 06:27:58.000000000,2026-04-08 06:28:40.000000000,0.7,0.2966141068969825,25.424066305455643,17.29232707664838,0.20174381589423113,94.80847984772471,94.77212961062665,38.29009035384043,False
mercedes_ecitaro,Mercedes-Benz eCitaro,98,2,9-N1-2-B-034901,line_service,Cité du Château,La Rose Rouge,2026-04-08 06:29:10.000000000,2026-04-08 06:29:58.000000000,0.8,0.3329543642312839,24.97157731734629,16.984614749484873,0.22646152999313165,94.7683758568729,94.72757197759485,38.62304471807171,False
mercedes_ecitaro,Mercedes-Benz eCitaro,99,2,9-N1-2-B-034901,line_service,La Rose Rouge,Poidevin,2026-04-08 06:30:28.000000000,2026-04-08 06:30:59.000000000,0.5166666666666667,0.2251396338173497,26.145247798143835,17.787818516889004,0.1531728816732109,94.72381822384109,94.69621950642251,38.84818435188906,False
mercedes_ecitaro,Mercedes-Benz eCitaro,100,2,9-N1-2-B-034901,line_service,Poidevin,M. de Longueau,2026-04-08 06:31:29.000000000,2026-04-08 06:32:13.000000000,0.7333333333333333,0.3145014195772681,25.731934329049206,17.50308167993473,0.21392655386586892,94.69246575266875,94.65392042764788,39.16268577146633,False
mercedes_ecitaro,Mercedes-Benz eCitaro,101,2,9-N1-2-B-034901,line_service,M. de Longueau,La Fourche,2026-04-08 06:32:43.000000000,2026-04-08 06:33:20.000000000,0.6166666666666667,0.25663398574137214,24.96979320726864,16.983406243795105,0.17455167528344973,94.65016667389412,94.61871592159079,39.419319757207695,False
mercedes_ecitaro,Mercedes-Benz eCitaro,102,2,9-N1-2-B-034901,line_service,La Fourche,Croix de Fer,2026-04-08 06:33:50.000000000,2026-04-08 06:35:28.000000000,1.6333333333333333,0.6510902221706201,23.91759999810441,16.27707312975203,0.44309810186547194,94.61496216783704,94.53512467200542,40.07040997937832,False
mercedes_ecitaro,Mercedes-Benz eCitaro,103,2,9-N1-2-B-034901,line_service,Croix de Fer,C. Cial Glisy,2026-04-08 06:35:58.000000000,2026-04-08 06:38:20.000000000,2.3666666666666667,0.70341712703917,17.833110262964873,12.418700315873616,0.48984873468168155,94.53137091825167,94.44310988497568,40.773827106417485,False
mercedes_ecitaro,Mercedes-Benz eCitaro,104,2,9-N1-2-B-034901,line_service,C. Cial Glisy,Capitaine Nemo,2026-04-08 06:38:50.000000000,2026-04-08 06:39:18.000000000,0.4666666666666667,0.13672688382470435,17.57917077746199,12.265122289306849,0.0953953955834977,94.43935613122194,94.42216777165734,40.910553990242185,False
mercedes_ecitaro,Mercedes-Benz eCitaro,105,2,9-N1-2-B-034901,line_service,Capitaine Nemo,Pôle J. Verne,2026-04-08 06:39:48.000000000,2026-04-08 06:41:58.000000000,2.1666666666666665,0.3234478124594319,8.957016345030421,7.3156201106816745,0.26417517066350493,94.41841401790359,94.37081488805431,41.23400180270162,False
mercedes_ecitaro,Mercedes-Benz eCitaro,106,2,9-N1-4-B-035101,line_service,Pôle J. Verne,Capitaine Nemo,2026-04-08 06:42:28.000000000,2026-04-08 06:43:39.000000000,1.1833333333333333,0.3340181708930427,16.93613260866132,11.878580971251235,0.23427201359967714,94.36706113430056,94.32484996067899,41.56801997359466,False
mercedes_ecitaro,Mercedes-Benz eCitaro,107,2,9-N1-4-B-035101,line_service,Capitaine Nemo,C. Cial Glisy,2026-04-08 06:44:09.000000000,2026-04-08 06:44:30.000000000,0.35,0.12291799931516653,21.07165702545712,14.427177180198683,0.08415853355115899,94.32109620692523,94.30593250718628,41.69093797290983,False
mercedes_ecitaro,Mercedes-Benz eCitaro,108,2,9-N1-4-B-035101,line_service,C. Cial Glisy,Croix de Fer,2026-04-08 06:45:00.000000000,2026-04-08 06:47:27.000000000,2.45,0.6859620842301216,16.79907145053359,11.79661936587016,0.4816952907730316,94.30217875343254,94.21538680914911,42.37690005713995,False
mercedes_ecitaro,Mercedes-Benz eCitaro,109,2,9-N1-4-B-035101,line_service,Croix de Fer,La Fourche,2026-04-08 06:47:57.000000000,2026-04-08 06:49:45.000000000,1.8,0.7465227463047002,24.88409154349001,16.92539814763343,0.5077619444290029,94.21163305539535,94.1201444167595,43.12342280344465,False
mercedes_ecitaro,Mercedes-Benz eCitaro,110,2,9-N1-4-B-035101,line_service,La Fourche,M. de Longueau,2026-04-08 06:50:15.000000000,2026-04-08 06:50:47.000000000,0.5333333333333333,0.23645430499839581,26.60110931231953,18.10429412886066,0.16092705892320586,94.11639066300575,94.08739479653309,43.35987710844305,False
mercedes_ecitaro,Mercedes-Benz eCitaro,111,2,9-N1-4-B-035101,line_service,M. de Longueau,Poidevin,2026-04-08 06:51:17.000000000,2026-04-08 06:51:50.000000000,0.55,0.23823148868252741,25.98888967445754,17.679857275640913,0.1620653583600417,94.08364104277933,94.05444007730907,43.598108597125574,False
mercedes_ecitaro,Mercedes-Benz eCitaro,112,2,9-N1-4-B-035101,line_service,Poidevin,La Rose Rouge,2026-04-08 06:52:20.000000000,2026-04-08 06:52:59.000000000,0.65,0.2830530932557657,26.127977838993758,17.775879384511274,0.1925720266655388,94.05068632355531,94.01598866109305,43.88116169038134,False
mercedes_ecitaro,Mercedes-Benz eCitaro,113,2,9-N1-4-B-035101,line_service,La Rose Rouge,Cité du Château,2026-04-08 06:53:29.000000000,2026-04-08 06:54:21.000000000,0.8666666666666667,0.38252636844861737,26.482594738750432,18.021769783997197,0.26031445243551504,94.01223490733929,93.96533140239596,44.26368805882996,False
mercedes_ecitaro,Mercedes-Benz eCitaro,114,2,9-N1-4-B-035101,line_service,Cité du Château,Pont de l'Avre,2026-04-08 06:54:51.000000000,2026-04-08 06:55:27.000000000,0.6,0.25904003764462646,25.904003764462647,17.621370476656775,0.17621370476656775,93.9615776486422,93.92982743156715,44.52272809647459,False
mercedes_ecitaro,Mercedes-Benz eCitaro,115,2,9-N1-4-B-035101,line_service,Pont de l'Avre,Sobo,2026-04-08 06:55:57.000000000,2026-04-08 06:57:54.000000000,1.95,0.7786426370279388,23.95823498547504,16.30411753685129,0.529883819947667,93.92607367781339,93.83059911566066,45.30137073350252,False
mercedes_ecitaro,Mercedes-Benz eCitaro,116,2,9-N1-4-B-035101,line_service,Sobo,Mercey,2026-04-08 06:58:24.000000000,2026-04-08 06:59:39.000000000,1.25,0.49486888000554236,23.753706240266034,16.168181881260054,0.3368371225262511,93.8268453619069,93.76615398847875,45.796239613508064,False
mercedes_ecitaro,Mercedes-Benz eCitaro,117,2,9-N1-4-B-035101,line_service,Mercey,Egl. St-Acheul,2026-04-08 07:00:09.000000000,2026-04-08 07:01:15.000000000,1.1,0.44351095510688016,24.191506642193463,16.459729677939862,0.3017617107622308,93.76240023472499,93.70802875530838,46.239750568614944,False
mercedes_ecitaro,Mercedes-Benz eCitaro,118,2,9-N1-4-B-035101,line_service,Egl. St-Acheul,L. de Luzarches,2026-04-08 07:01:45.000000000,2026-04-08 07:02:27.000000000,0.7,0.27740496861036323,23.777568738031135,16.184017525487164,0.18881353779735024,93.70427500155462,93.67025454429384,46.51715553722531,False
mercedes_ecitaro,Mercedes-Benz eCitaro,119,2,9-N1-4-B-035101,line_service,L. de Luzarches,Pinceau,2026-04-08 07:02:57.000000000,2026-04-08 07:04:26.000000000,1.4833333333333334,0.3431323580300078,13.879511111326158,10.083906448902566,0.249296576097869,93.66650079054008,93.62158248854047,46.86028789525531,False
mercedes_ecitaro,Mercedes-Benz eCitaro,120,2,9-N1-4-B-035101,line_service,Pinceau,Caserne Dejean,2026-04-08 07:04:56.000000000,2026-04-08 07:06:43.000000000,1.7833333333333334,0.40589661587311254,13.656334739656122,9.955410597282219,0.29589692608588813,93.61782873478673,93.56451397332981,47.26618451112843,False
mercedes_ecitaro,Mercedes-Benz eCitaro,121,2,9-N1-4-B-035101,line_service,Caserne Dejean,Gare du Nord A,2026-04-08 07:07:13.000000000,2026-04-08 07:08:57.000000000,1.7333333333333334,0.3916364257160486,13.55664550555553,9.898116829554354,0.2859455972982369,93.56076021957605,93.50923849033312,47.65782093684447,False
mercedes_ecitaro,Mercedes-Benz eCitaro,122,2,9-N1-4-B-035101,line_service,Gare du Nord A,René Goblet,2026-04-08 07:09:27.000000000,2026-04-08 07:11:55.000000000,2.466666666666667,0.3279417105779169,7.976960527570951,6.7783736367491745,0.2786664717330216,93.50548473657938,93.45527456149235,47.98576264742239,False
mercedes_ecitaro,Mercedes-Benz eCitaro,123,2,9-N1-4-B-035101,line_service,René Goblet,P. de Justice,2026-04-08 07:12:25.000000000,2026-04-08 07:13:19.000000000,0.9,0.2252173059067505,15.014487060450033,10.742498468974079,0.16113747703461115,93.45152080773859,93.4224870280927,48.21097995332914,False
mercedes_ecitaro,Mercedes-Benz eCitaro,124,2,9-N1-4-B-035101,line_service,P. de Justice,Dusevel,2026-04-08 07:13:49.000000000,2026-04-08 07:14:47.000000000,0.9666666666666667,0.2299992746993994,14.275817050307548,10.312884400903368,0.1661520264589987,93.41873327433896,93.38879597227427,48.44097922802853,False
mercedes_ecitaro,Mercedes-Benz eCitaro,125,2,9-N1-4-B-035101,line_service,Dusevel,Beffroi,2026-04-08 07:15:17.000000000,2026-04-08 07:16:18.000000000,1.0166666666666666,0.2188226139254244,12.914121477566031,9.530336567981031,0.1614862585130119,93.38504221852052,93.35594559536503,48.65980184195396,False
mercedes_ecitaro,Mercedes-Benz eCitaro,126,2,9-N1-4-B-035101,line_service,Beffroi,Place du Marché,2026-04-08 07:16:48.000000000,2026-04-08 07:17:42.000000000,0.9,0.18907722066752727,12.605148044501819,9.35437701167304,0.14031565517509562,93.35219184161127,93.32690974157973,48.848879062621485,False
mercedes_ecitaro,Mercedes-Benz eCitaro,127,2,9-N1-4-B-035101,line_service,Place du Marché,M. Culture B,2026-04-08 07:18:12.000000000,2026-04-08 07:18:57.000000000,0.75,0.17178613535708173,13.742890828566539,10.005207964905962,0.12506509956132453,93.32315598782597,93.30062173565275,49.020665197978566,False
mercedes_ecitaro,Mercedes-Benz eCitaro,128,2,9-N1-4-B-035101,line_service,M. Culture B,Saint-Jacques,2026-04-08 07:19:27.000000000,2026-04-08 07:20:15.000000000,0.8,0.2918119105170466,21.885893288778494,14.947805699382515,0.1993040759917669,93.296867981899,93.26095733757616,49.312477108495614,False
mercedes_ecitaro,Mercedes-Benz eCitaro,129,2,9-N1-4-B-035101,line_service,Saint-Jacques,Jean Jaurès,2026-04-08 07:20:45.000000000,2026-04-08 07:21:47.000000000,1.0333333333333334,0.3507042974526486,20.36347533596024,13.979689002432178,0.24076131059744307,93.2572035838224,93.21382316749855,49.663181405948265,False
mercedes_ecitaro,Mercedes-Benz eCitaro,130,2,9-N1-4-B-035101,line_service,Jean Jaurès,Zoo d'Amiens,2026-04-08 07:22:17.000000000,2026-04-08 07:23:29.000000000,1.2,0.40281609573225763,20.14080478661288,13.839983331209853,0.276799666624197,93.21006941374479,93.16019559993863,50.06599750168052,False
mercedes_ecitaro,Mercedes-Benz eCitaro,131,2,9-N1-4-B-035101,line_service,Zoo d'Amiens,Egl. St-Firmin,2026-04-08 07:23:59.000000000,2026-04-08 07:25:04.000000000,1.0833333333333333,0.37638436041502576,20.845903038370658,14.283997606969104,0.25790551234805326,93.15644184618488,93.10997238450054,50.442381862095544,False
mercedes_ecitaro,Mercedes-Benz eCitaro,132,2,9-N1-4-B-035101,line_service,Egl. St-Firmin,Faubourg de Hem,2026-04-08 07:25:34.000000000,2026-04-08 07:26:27.000000000,0.8833333333333333,0.3007481358168622,20.428175263032152,14.020370787798544,0.20641101437592305,93.10621863074678,93.06902745698535,50.743129997912405,False
mercedes_ecitaro,Mercedes-Benz eCitaro,133,2,9-N1-4-B-035101,line_service,Faubourg de Hem,Espace Alliance,2026-04-08 07:26:57.000000000,2026-04-08 07:27:41.000000000,0.7333333333333333,0.24201898261847898,19.8015531233301,13.628030793913387,0.16656482081449694,93.06527370323161,93.03526202380557,50.98514898053088,False
mercedes_ecitaro,Mercedes-Benz eCitaro,134,2,9-N1-4-B-035101,line_service,Espace Alliance,Sully,2026-04-08 07:28:11.000000000,2026-04-08 07:29:42.000000000,1.5166666666666666,0.5124653653664172,20.273355113396722,13.923090033058784,0.35194477583565265,93.03150827005182,92.96809479692827,51.4976143458973,False
mercedes_ecitaro,Mercedes-Benz eCitaro,135,2,9-N1-4-B-035101,line_service,Sully,Place la Barre,2026-04-08 07:30:12.000000000,2026-04-08 07:31:57.000000000,1.75,0.5814235833007191,19.934522856024653,13.710977433876819,0.3999035084880738,92.96434104317453,92.89228635696045,52.079037929198016,False
mercedes_ecitaro,Mercedes-Benz eCitaro,136,2,9-N1-4-B-035101,line_service,Place la Barre,La Fontaine,2026-04-08 07:32:27.000000000,2026-04-08 07:33:36.000000000,1.15,0.32116148117311843,16.75625119164096,11.771043507106238,0.2256116672195362,92.8885326032067,92.84788185235634,52.40019941037113,False
mercedes_ecitaro,Mercedes-Benz eCitaro,137,2,9-N1-4-B-035101,line_service,La Fontaine,Les Coursives,2026-04-08 07:34:06.000000000,2026-04-08 07:34:50.000000000,0.7333333333333333,0.23368404358993675,19.11960356644937,13.205182837280407,0.1613966791223161,92.84412809860258,92.81504761587784,52.63388345396107,False
mercedes_ecitaro,Mercedes-Benz eCitaro,138,2,9-N1-4-B-035101,line_service,Les Coursives,Languedoc,2026-04-08 07:35:20.000000000,2026-04-08 07:36:15.000000000,0.9166666666666666,0.2930331102299119,19.1803490332306,13.242677402966896,0.20231868254532756,92.81129386212409,92.77484004544925,52.926916564190975,False
mercedes_ecitaro,Mercedes-Benz eCitaro,139,2,9-N1-4-B-035101,line_service,Languedoc,Collège R.Parks,2026-04-08 07:36:45.000000000,2026-04-08 07:38:05.000000000,1.3333333333333333,0.3206006811443548,14.427030651495967,10.40052786970044,0.23112284154889867,92.7710862916955,92.72944253646146,53.24751724533533,False
mercedes_ecitaro,Mercedes-Benz eCitaro,140,2,9-N1-4-B-035101,line_service,Collège R.Parks,Martinique,2026-04-08 07:38:35.000000000,2026-04-08 07:39:29.000000000,0.9,0.27082614139471256,18.05507609298084,12.553382066466641,0.18830073099699965,92.7256887827077,92.69176072306861,53.51834338673004,False
mercedes_ecitaro,Mercedes-Benz eCitaro,141,2,9-N1-4-B-035101,line_service,Martinique,Etouvie Quai A,2026-04-08 07:39:59.000000000,2026-04-08 07:41:57.000000000,1.9666666666666666,0.27408690803195346,8.361973465381629,6.988977513860954,0.22908315184322015,92.68800696931486,92.6467307257395,53.79243029476199,False
mercedes_ecitaro,Mercedes-Benz eCitaro,142,3,9-N1-2-B-034901,line_service,Etouvie Quai A,Martinique,2026-04-08 07:41:57.000000000,2026-04-08 07:42:53.000000000,0.9333333333333333,0.2419015249612658,15.550812318938515,11.05682101919863,0.17199499363197868,92.6467307257395,92.6157406367968,54.034331819723256,False
mercedes_ecitaro,Mercedes-Benz eCitaro,143,3,9-N1-2-B-034901,line_service,Martinique,Collège R.Parks,2026-04-08 07:43:23.000000000,2026-04-08 07:44:30.000000000,1.1166666666666667,0.3307630000086095,17.77234029897006,12.381899008765696,0.2304408982186949,92.61198688304304,92.57046600048112,54.365094819731866,False
mercedes_ecitaro,Mercedes-Benz eCitaro,144,3,9-N1-2-B-034901,line_service,Collège R.Parks,Languedoc,2026-04-08 07:45:00.000000000,2026-04-08 07:46:14.000000000,1.2333333333333334,0.29681987678393196,14.439885897596689,10.407985877821334,0.2139419319329941,92.56671224672738,92.52816415088358,54.6619146965158,False
mercedes_ecitaro,Mercedes-Benz eCitaro,145,3,9-N1-2-B-034901,line_service,Languedoc,Les coursives,2026-04-08 07:46:44.000000000,2026-04-08 07:47:40.000000000,0.9333333333333333,0.297726462758007,19.139558320157594,13.217496071507208,0.2056054944456677,92.52441039712984,92.48736436209458,54.95964115927381,False
mercedes_ecitaro,Mercedes-Benz eCitaro,146,3,9-N1-2-B-034901,line_service,Les coursives,La Fontaine,2026-04-08 07:48:10.000000000,2026-04-08 07:48:55.000000000,0.75,0.22794980309080773,18.23598424726462,12.663459214121442,0.15829324017651802,92.48361060834083,92.45508930380451,55.18759096236462,False
mercedes_ecitaro,Mercedes-Benz eCitaro,147,3,9-N1-2-B-034901,line_service,La Fontaine,Place la Barre,2026-04-08 07:49:25.000000000,2026-04-08 07:50:26.000000000,1.0166666666666666,0.2788940733458619,16.459322361395127,11.5940864387973,0.19645535354628757,92.45133555005077,92.41593818905143,55.46648503571048,False
mercedes_ecitaro,Mercedes-Benz eCitaro,148,3,9-N1-2-B-034901,line_service,Place la Barre,Sully,2026-04-08 07:50:56.000000000,2026-04-08 07:52:30.000000000,1.5666666666666667,0.5529827646282706,21.178063326189086,14.494837120605796,0.37847630259359577,92.41218443529768,92.34399050690244,56.019467800338745,False
mercedes_ecitaro,Mercedes-Benz eCitaro,149,3,9-N1-2-B-034901,line_service,Sully,Espace Alliance,2026-04-08 07:53:00.000000000,2026-04-08 07:54:33.000000000,1.55,0.5412636534432308,20.952141423608936,14.351314697241989,0.37074229634541805,92.34023675314869,92.27343633939276,56.560731453781976,False
mercedes_ecitaro,Mercedes-Benz eCitaro,150,3,9-N1-2-B-034901,line_service,Espace Alliance,Faubourg de Hem,2026-04-08 07:55:03.000000000,2026-04-08 07:55:56.000000000,0.8833333333333333,0.3068484114845754,20.842533610273048,14.281864401781007,0.21026078147066482,92.269682585639,92.2317977601488,56.867579865266556,False
mercedes_ecitaro,Mercedes-Benz eCitaro,151,3,9-N1-2-B-034901,line_service,Faubourg de Hem,Egl. St-Firmin,2026-04-08 07:56:26.000000000,2026-04-08 07:57:08.000000000,0.7,0.29644718539430037,25.409758748082893,17.282560219061118,0.20162986922237972,92.22804400639504,92.19171430022884,57.164027050660856,False
mercedes_ecitaro,Mercedes-Benz eCitaro,152,3,9-N1-2-B-034901,line_service,Egl. St-Firmin,Zoo d'Amiens,2026-04-08 07:57:38.000000000,2026-04-08 07:58:34.000000000,0.9333333333333333,0.3979625757415526,25.58330844052838,17.401196362585694,0.270685276751333,92.18796054647508,92.1391884245379,57.561989626402415,False
mercedes_ecitaro,Mercedes-Benz eCitaro,153,3,9-N1-2-B-034901,line_service,Zoo d'Amiens,Jean Jaurès,2026-04-08 07:59:04.000000000,2026-04-08 08:00:00.000000000,0.9333333333333333,0.38776459722543666,24.9277241073495,16.954920605978714,0.26374320942633556,92.13543467078416,92.08791337178842,57.949754223627856,False
mercedes_ecitaro,Mercedes-Benz eCitaro,154,3,9-N1-2-B-034901,line_service,Jean Jaurès,Saint-Jacques,2026-04-08 08:00:30.000000000,2026-04-08 08:01:23.000000000,0.8833333333333333,0.3538188673320645,24.032979667838347,16.353911877036154,0.24076592485636555,92.08415961803468,92.04077837031281,58.303573090959915,False
mercedes_ecitaro,Mercedes-Benz eCitaro,155,3,9-N1-2-B-034901,line_service,Saint-Jacques,M. Culture A,2026-04-08 08:01:53.000000000,2026-04-08 08:02:26.000000000,0.55,0.24280373751186532,26.487680455839854,18.025307499846743,0.16523198541526182,92.03702461655905,92.0072530876554,58.54637682847178,False
mercedes_ecitaro,Mercedes-Benz eCitaro,156,3,9-N1-2-B-034901,line_service,M. Culture A,Hôtel de Ville,2026-04-08 08:02:56.000000000,2026-04-08 08:04:56.000000000,2.0,0.29674165114956036,8.90224953448681,7.285495885312494,0.24284986284374976,92.00349933390164,91.95974260185773,58.84311847962134,False
mercedes_ecitaro,Mercedes-Benz eCitaro,157,3,9-N1-2-B-034901,line_service,Hôtel de Ville,Jacobins,2026-04-08 08:05:26.000000000,2026-04-08 08:06:23.000000000,0.95,0.22829410594169391,14.418575112106984,10.39562297288138,0.16459736373728853,91.95598884810397,91.9263316654486,59.07141258556303,False
mercedes_ecitaro,Mercedes-Benz eCitaro,158,3,9-N1-2-B-034901,line_service,Jacobins,Emile Zola,2026-04-08 08:06:53.000000000,2026-04-08 08:08:14.000000000,1.35,0.32611241962366005,14.493885316607114,10.43932601398859,0.23488483531474327,91.92257791169486,91.88025631974625,59.397525005186694,False
mercedes_ecitaro,Mercedes-Benz eCitaro,159,3,9-N1-2-B-034901,line_service,Emile Zola,Gare du Nord B,2026-04-08 08:08:44.000000000,2026-04-08 08:11:26.000000000,2.7,0.35548637357572055,7.899697190571568,6.736177798628873,0.3031280009382993,91.8765025659925,91.82188490816577,59.753011378762416,False
mercedes_ecitaro,Mercedes-Benz eCitaro,160,3,9-N1-2-B-034901,line_service,Gare du Nord B,Caserne Dejean,2026-04-08 08:11:56.000000000,2026-04-08 08:13:29.000000000,1.55,0.3681948881034494,14.252705345939976,10.299502354459811,0.2660704774902118,91.81813115441203,91.77019052783722,60.12120626686586,False
mercedes_ecitaro,Mercedes-Benz eCitaro,161,3,9-N1-2-B-034901,line_service,Caserne Dejean,Pinceau,2026-04-08 08:13:59.000000000,2026-04-08 08:15:31.000000000,1.5333333333333334,0.35537552735134686,13.905998896357051,10.099178424665343,0.2580901152970032,91.76643677408346,91.71993405060653,60.47658179421721,False
mercedes_ecitaro,Mercedes-Benz eCitaro,162,3,9-N1-2-B-034901,line_service,Pinceau,L. de Luzarches,2026-04-08 08:16:01.000000000,2026-04-08 08:17:56.000000000,1.9166666666666667,0.44705548624280317,13.994780438905144,10.150400279848174,0.3242488978284834,91.71618029685277,91.65775707201881,60.923637280460014,False
mercedes_ecitaro,Mercedes-Benz eCitaro,163,3,9-N1-2-B-034901,line_service,L. de Luzarches,Egl. St-Acheul,2026-04-08 08:18:26.000000000,2026-04-08 08:19:06.000000000,0.6666666666666666,0.3248685267650074,29.238167408850664,19.98722484585692,0.2220802760650769,91.65400331826505,91.61398885410918,61.248505807225015,False
mercedes_ecitaro,Mercedes-Benz eCitaro,164,3,9-N1-2-B-034901,line_service,Egl. St-Acheul,Mercey,2026-04-08 08:19:36.000000000,2026-04-08 08:20:31.000000000,0.9166666666666666,0.45179666905185245,29.572145610666706,20.23230889370291,0.30910471920935007,91.61023510035542,91.55454055635374,61.70030247627687,False
mercedes_ecitaro,Mercedes-Benz eCitaro,165,3,9-N1-2-B-034901,line_service,Mercey,Sobo,2026-04-08 08:21:01.000000000,2026-04-08 08:22:00.000000000,0.9833333333333333,0.4818036462949089,29.398188587485965,20.10446194015695,0.32948979290812774,91.55078680259999,91.49141927234628,62.18210612257178,False
mercedes_ecitaro,Mercedes-Benz eCitaro,166,3,9-N1-2-B-034901,line_service,Sobo,Pont de l'Avre,2026-04-08 08:22:30.000000000,2026-04-08 08:23:56.000000000,1.4333333333333333,0.7075852717526405,29.61984858499426,20.267440548072262,0.4841666353150596,91.48766551859252,91.40042828700422,62.88969139432442,False
mercedes_ecitaro,Mercedes-Benz eCitaro,167,3,9-N1-2-B-034901,line_service,Pont de l'Avre,Cité du Château,2026-04-08 08:24:26.000000000,2026-04-08 08:25:08.000000000,0.7,0.2966141068969825,25.424066305455643,17.29232707664838,0.20174381589423113,91.39667453325046,91.36032429615241,63.186305501221405,False
mercedes_ecitaro,Mercedes-Benz eCitaro,168,3,9-N1-2-B-034901,line_service,Cité du Château,La Rose Rouge,2026-04-08 08:25:38.000000000,2026-04-08 08:26:26.000000000,0.8,0.3329543642312839,24.97157731734629,16.984614749484873,0.22646152999313165,91.35657054239866,91.31576666312061,63.51925986545269,False
mercedes_ecitaro,Mercedes-Benz eCitaro,169,3,9-N1-2-B-034901,line_service,La Rose Rouge,Poidevin,2026-04-08 08:26:56.000000000,2026-04-08 08:27:27.000000000,0.5166666666666667,0.2251396338173497,26.145247798143835,17.787818516889004,0.1531728816732109,91.31201290936686,91.28441419194826,63.74439949927004,False
mercedes_ecitaro,Mercedes-Benz eCitaro,170,3,9-N1-2-B-034901,line_service,Poidevin,M. de Longueau,2026-04-08 08:27:57.000000000,2026-04-08 08:28:41.000000000,0.7333333333333333,0.3145014195772681,25.731934329049206,17.50308167993473,0.21392655386586892,91.28066043819452,91.24211511317364,64.0589009188473,False
mercedes_ecitaro,Mercedes-Benz eCitaro,171,3,9-N1-2-B-034901,line_service,M. de Longueau,La Fourche,2026-04-08 08:29:11.000000000,2026-04-08 08:29:48.000000000,0.6166666666666667,0.25663398574137214,24.96979320726864,16.983406243795105,0.17455167528344973,91.23836135941988,91.20691060711655,64.31553490458867,False
mercedes_ecitaro,Mercedes-Benz eCitaro,172,3,9-N1-2-B-034901,line_service,La Fourche,Croix de Fer,2026-04-08 08:30:18.000000000,2026-04-08 08:31:56.000000000,1.6333333333333333,0.6510902221706201,23.91759999810441,16.27707312975203,0.44309810186547194,91.2031568533628,91.12331935753119,64.9666251267593,False
mercedes_ecitaro,Mercedes-Benz eCitaro,173,3,9-N1-2-B-034901,line_service,Croix de Fer,C. Cial Glisy,2026-04-08 08:32:26.000000000,2026-04-08 08:34:48.000000000,2.3666666666666667,0.70341712703917,17.833110262964873,12.418700315873616,0.48984873468168155,91.11956560377743,91.03130457050145,65.67004225379847,False
mercedes_ecitaro,Mercedes-Benz eCitaro,174,3,9-N1-2-B-034901,line_service,C. Cial Glisy,Capitaine Nemo,2026-04-08 08:35:18.000000000,2026-04-08 08:35:46.000000000,0.4666666666666667,0.13672688382470435,17.57917077746199,12.265122289306849,0.0953953955834977,91.0275508167477,91.0103624571831,65.80676913762318,False
mercedes_ecitaro,Mercedes-Benz eCitaro,175,3,9-N1-2-B-034901,line_service,Capitaine Nemo,Pôle J. Verne,2026-04-08 08:36:16.000000000,2026-04-08 08:38:26.000000000,2.1666666666666665,0.3234478124594319,8.957016345030421,7.3156201106816745,0.26417517066350493,91.00660870342935,90.95900957358008,66.13021695008261,False
mercedes_ecitaro,Mercedes-Benz eCitaro,176,3,9-N1-4-B-035101,line_service,Pôle J. Verne,Capitaine Nemo,2026-04-08 08:38:56.000000000,2026-04-08 08:40:07.000000000,1.1833333333333333,0.3340181708930427,16.93613260866132,11.878580971251235,0.23427201359967714,90.95525581982632,90.91304464620475,66.46423512097566,False
mercedes_ecitaro,Mercedes-Benz eCitaro,177,3,9-N1-4-B-035101,line_service,Capitaine Nemo,C. Cial Glisy,2026-04-08 08:40:37.000000000,2026-04-08 08:40:58.000000000,0.35,0.12291799931516653,21.07165702545712,14.427177180198683,0.08415853355115899,90.909290892451,90.89412719271206,66.58715312029082,False
mercedes_ecitaro,Mercedes-Benz eCitaro,178,3,9-N1-4-B-035101,line_service,C. Cial Glisy,Croix de Fer,2026-04-08 08:41:28.000000000,2026-04-08 08:43:55.000000000,2.45,0.6859620842301216,16.79907145053359,11.79661936587016,0.4816952907730316,90.8903734389583,90.80358149467487,67.27311520452095,False
mercedes_ecitaro,Mercedes-Benz eCitaro,179,3,9-N1-4-B-035101,line_service,Croix de Fer,La Fourche,2026-04-08 08:44:25.000000000,2026-04-08 08:46:13.000000000,1.8,0.7465227463047002,24.88409154349001,16.92539814763343,0.5077619444290029,90.79982774092112,90.70833910228527,68.01963795082565,False
mercedes_ecitaro,Mercedes-Benz eCitaro,180,3,9-N1-4-B-035101,line_service,La Fourche,M. de Longueau,2026-04-08 08:46:43.000000000,2026-04-08 08:47:15.000000000,0.5333333333333333,0.23645430499839581,26.60110931231953,18.10429412886066,0.16092705892320586,90.70458534853151,90.67558948205885,68.25609225582404,False
mercedes_ecitaro,Mercedes-Benz eCitaro,181,3,9-N1-4-B-035101,line_service,M. de Longueau,Poidevin,2026-04-08 08:47:45.000000000,2026-04-08 08:48:18.000000000,0.55,0.23823148868252741,25.98888967445754,17.679857275640913,0.1620653583600417,90.67183572830511,90.64263476283483,68.49432374450657,False
mercedes_ecitaro,Mercedes-Benz eCitaro,182,3,9-N1-4-B-035101,line_service,Poidevin,La Rose Rouge,2026-04-08 08:48:48.000000000,2026-04-08 08:49:27.000000000,0.65,0.2830530932557657,26.127977838993758,17.775879384511274,0.1925720266655388,90.63888100908108,90.60418334661881,68.77737683776233,False
mercedes_ecitaro,Mercedes-Benz eCitaro,183,3,9-N1-4-B-035101,line_service,La Rose Rouge,Cité du Château,2026-04-08 08:49:57.000000000,2026-04-08 08:50:49.000000000,0.8666666666666667,0.38252636844861737,26.482594738750432,18.021769783997197,0.26031445243551504,90.60042959286507,90.55352608792172,69.15990320621094,False
mercedes_ecitaro,Mercedes-Benz eCitaro,184,3,9-N1-4-B-035101,line_service,Cité du Château,Pont de l'Avre,2026-04-08 08:51:19.000000000,2026-04-08 08:51:55.000000000,0.6,0.25904003764462646,25.904003764462647,17.621370476656775,0.17621370476656775,90.54977233416797,90.51802211709291,69.41894324385557,False
mercedes_ecitaro,Mercedes-Benz eCitaro,185,3,9-N1-4-B-035101,line_service,Pont de l'Avre,Sobo,2026-04-08 08:52:25.000000000,2026-04-08 08:54:22.000000000,1.95,0.7786426370279388,23.95823498547504,16.30411753685129,0.529883819947667,90.51426836333917,90.41879380118644,70.19758588088351,False
mercedes_ecitaro,Mercedes-Benz eCitaro,186,3,9-N1-4-B-035101,line_service,Sobo,Mercey,2026-04-08 08:54:52.000000000,2026-04-08 08:56:07.000000000,1.25,0.49486888000554236,23.753706240266034,16.168181881260054,0.3368371225262511,90.41504004743268,90.35434867400453,70.69245476088905,False
mercedes_ecitaro,Mercedes-Benz eCitaro,187,3,9-N1-4-B-035101,line_service,Mercey,Egl. St-Acheul,2026-04-08 08:56:37.000000000,2026-04-08 08:57:43.000000000,1.1,0.44351095510688016,24.191506642193463,16.459729677939862,0.3017617107622308,90.35059492025077,90.29622344083415,71.13596571599592,False
mercedes_ecitaro,Mercedes-Benz eCitaro,188,3,9-N1-4-B-035101,line_service,Egl. St-Acheul,L. de Luzarches,2026-04-08 08:58:13.000000000,2026-04-08 08:58:55.000000000,0.7,0.27740496861036323,23.777568738031135,16.184017525487164,0.18881353779735024,90.2924696870804,90.25844922981962,71.41337068460629,False
mercedes_ecitaro,Mercedes-Benz eCitaro,189,3,9-N1-4-B-035101,line_service,L. de Luzarches,Pinceau,2026-04-08 08:59:25.000000000,2026-04-08 09:00:54.000000000,1.4833333333333334,0.3431323580300078,13.879511111326158,10.083906448902566,0.249296576097869,90.25469547606586,90.20977717406625,71.7565030426363,False
mercedes_ecitaro,Mercedes-Benz eCitaro,190,3,9-N1-4-B-035101,line_service,Pinceau,Caserne Dejean,2026-04-08 09:01:24.000000000,2026-04-08 09:03:11.000000000,1.7833333333333334,0.40589661587311254,13.656334739656122,9.955410597282219,0.29589692608588813,90.20602342031249,90.15270865885557,72.1623996585094,False
mercedes_ecitaro,Mercedes-Benz eCitaro,191,3,9-N1-4-B-035101,line_service,Caserne Dejean,Gare du Nord A,2026-04-08 09:03:41.000000000,2026-04-08 09:05:25.000000000,1.7333333333333334,0.3916364257160486,13.55664550555553,9.898116829554354,0.2859455972982369,90.14895490510182,90.0974331758589,72.55403608422544,False
mercedes_ecitaro,Mercedes-Benz eCitaro,192,3,9-N1-4-B-035101,line_service,Gare du Nord A,René Goblet,2026-04-08 09:05:55.000000000,2026-04-08 09:08:23.000000000,2.466666666666667,0.3279417105779169,7.976960527570951,6.7783736367491745,0.2786664717330216,90.09367942210514,90.04346924701811,72.88197779480336,False
mercedes_ecitaro,Mercedes-Benz eCitaro,193,3,9-N1-4-B-035101,line_service,René Goblet,P. de Justice,2026-04-08 09:08:53.000000000,2026-04-08 09:09:47.000000000,0.9,0.2252173059067505,15.014487060450033,10.742498468974079,0.16113747703461115,90.03971549326435,90.01068171361848,73.10719510071011,False
mercedes_ecitaro,Mercedes-Benz eCitaro,194,3,9-N1-4-B-035101,line_service,P. de Justice,Dusevel,2026-04-08 09:10:17.000000000,2026-04-08 09:11:15.000000000,0.9666666666666667,0.2299992746993994,14.275817050307548,10.312884400903368,0.1661520264589987,90.00692795986473,89.97699065780004,73.33719437540951,False
mercedes_ecitaro,Mercedes-Benz eCitaro,195,3,9-N1-4-B-035101,line_service,Dusevel,Beffroi,2026-04-08 09:11:45.000000000,2026-04-08 09:12:46.000000000,1.0166666666666666,0.2188226139254244,12.914121477566031,9.530336567981031,0.1614862585130119,89.97323690404629,89.94414028089079,73.55601698933494,False
mercedes_ecitaro,Mercedes-Benz eCitaro,196,3,9-N1-4-B-035101,line_service,Beffroi,Place du Marché,2026-04-08 09:13:16.000000000,2026-04-08 09:14:10.000000000,0.9,0.18907722066752727,12.605148044501819,9.35437701167304,0.14031565517509562,89.94038652713704,89.91510442710549,73.74509421000246,False
mercedes_ecitaro,Mercedes-Benz eCitaro,197,3,9-N1-4-B-035101,line_service,Place du Marché,M. Culture B,2026-04-08 09:14:40.000000000,2026-04-08 09:15:25.000000000,0.75,0.17178613535708173,13.742890828566539,10.005207964905962,0.12506509956132453,89.91135067335173,89.88881642117853,73.91688034535954,False
mercedes_ecitaro,Mercedes-Benz eCitaro,198,3,9-N1-4-B-035101,line_service,M. Culture B,Saint-Jacques,2026-04-08 09:15:55.000000000,2026-04-08 09:16:43.000000000,0.8,0.2918119105170466,21.885893288778494,14.947805699382515,0.1993040759917669,89.88506266742478,89.84915202310194,74.2086922558766,False
mercedes_ecitaro,Mercedes-Benz eCitaro,199,3,9-N1-4-B-035101,line_service,Saint-Jacques,Jean Jaurès,2026-04-08 09:17:13.000000000,2026-04-08 09:18:15.000000000,1.0333333333333334,0.3507042974526486,20.36347533596024,13.979689002432178,0.24076131059744307,89.84539826934818,89.80201785302431,74.55939655332925,False
mercedes_ecitaro,Mercedes-Benz eCitaro,200,3,9-N1-4-B-035101,line_service,Jean Jaurès,Zoo d'Amiens,2026-04-08 09:18:45.000000000,2026-04-08 09:19:57.000000000,1.2,0.40281609573225763,20.14080478661288,13.839983331209853,0.276799666624197,89.79826409927057,89.7483902854644,74.9622126490615,False
mercedes_ecitaro,Mercedes-Benz eCitaro,201,3,9-N1-4-B-035101,line_service,Zoo d'Amiens,Egl. St-Firmin,2026-04-08 09:20:27.000000000,2026-04-08 09:21:32.000000000,1.0833333333333333,0.37638436041502576,20.845903038370658,14.283997606969104,0.25790551234805326,89.74463653171065,89.69816707002632,75.33859700947653,False
mercedes_ecitaro,Mercedes-Benz eCitaro,202,3,9-N1-4-B-035101,line_service,Egl. St-Firmin,Faubourg de Hem,2026-04-08 09:22:02.000000000,2026-04-08 09:22:55.000000000,0.8833333333333333,0.3007481358168622,20.428175263032152,14.020370787798544,0.20641101437592305,89.69441331627256,89.65722214251113,75.63934514529339,False
mercedes_ecitaro,Mercedes-Benz eCitaro,203,3,9-N1-4-B-035101,line_service,Faubourg de Hem,Espace Alliance,2026-04-08 09:23:25.000000000,2026-04-08 09:24:09.000000000,0.7333333333333333,0.24201898261847898,19.8015531233301,13.628030793913387,0.16656482081449694,89.65346838875737,89.62345670933135,75.88136412791188,False
mercedes_ecitaro,Mercedes-Benz eCitaro,204,3,9-N1-4-B-035101,line_service,Espace Alliance,Sully,2026-04-08 09:24:39.000000000,2026-04-08 09:26:10.000000000,1.5166666666666666,0.5124653653664172,20.273355113396722,13.923090033058784,0.35194477583565265,89.6197029555776,89.55628948245405,76.39382949327829,False
mercedes_ecitaro,Mercedes-Benz eCitaro,205,3,9-N1-4-B-035101,line_service,Sully,Place la Barre,2026-04-08 09:26:40.000000000,2026-04-08 09:28:25.000000000,1.75,0.5814235833007191,19.934522856024653,13.710977433876819,0.3999035084880738,89.55253572870029,89.48048104248623,76.97525307657901,False
mercedes_ecitaro,Mercedes-Benz eCitaro,206,3,9-N1-4-B-035101,line_service,Place la Barre,La Fontaine,2026-04-08 09:28:55.000000000,2026-04-08 09:30:04.000000000,1.15,0.32116148117311843,16.75625119164096,11.771043507106238,0.2256116672195362,89.47672728873248,89.43607653788212,77.29641455775213,False
mercedes_ecitaro,Mercedes-Benz eCitaro,207,3,9-N1-4-B-035101,line_service,La Fontaine,Les Coursives,2026-04-08 09:30:34.000000000,2026-04-08 09:31:18.000000000,0.7333333333333333,0.23368404358993675,19.11960356644937,13.205182837280407,0.1613966791223161,89.43232278412836,89.40324230140361,77.53009860134206,False
mercedes_ecitaro,Mercedes-Benz eCitaro,208,3,9-N1-4-B-035101,line_service,Les Coursives,Languedoc,2026-04-08 09:31:48.000000000,2026-04-08 09:32:43.000000000,0.9166666666666666,0.2930331102299119,19.1803490332306,13.242677402966896,0.20231868254532756,89.39948854764987,89.36303473097503,77.82313171157197,False
mercedes_ecitaro,Mercedes-Benz eCitaro,209,3,9-N1-4-B-035101,line_service,Languedoc,Collège R.Parks,2026-04-08 09:33:13.000000000,2026-04-08 09:34:33.000000000,1.3333333333333333,0.3206006811443548,14.427030651495967,10.40052786970044,0.23112284154889867,89.35928097722127,89.31763722198724,78.14373239271632,False
mercedes_ecitaro,Mercedes-Benz eCitaro,210,3,9-N1-4-B-035101,line_service,Collège R.Parks,Martinique,2026-04-08 09:35:03.000000000,2026-04-08 09:35:57.000000000,0.9,0.27082614139471256,18.05507609298084,12.553382066466641,0.18830073099699965,89.31388346823348,89.27995540859439,78.41455853411104,False
mercedes_ecitaro,Mercedes-Benz eCitaro,211,3,9-N1-4-B-035101,line_service,Martinique,Etouvie Quai A,2026-04-08 09:36:27.000000000,2026-04-08 09:38:25.000000000,1.9666666666666666,0.27408690803195346,8.361973465381629,6.988977513860954,0.22908315184322015,89.27620165484063,89.23492541126528,78.688645442143,False
mercedes_ecitaro,Mercedes-Benz eCitaro,212,4,9-N1-2-B-034901,line_service,Etouvie Quai A,Martinique,2026-04-08 09:38:25.000000000,2026-04-08 09:39:21.000000000,0.9333333333333333,0.2419015249612658,15.550812318938515,11.05682101919863,0.17199499363197868,89.23492541126528,89.20393532232258,78.93054696710426,False
mercedes_ecitaro,Mercedes-Benz eCitaro,213,4,9-N1-2-B-034901,line_service,Martinique,Collège R.Parks,2026-04-08 09:39:51.000000000,2026-04-08 09:40:58.000000000,1.1166666666666667,0.3307630000086095,17.77234029897006,12.381899008765696,0.2304408982186949,89.20018156856882,89.1586606860069,79.26130996711288,False
mercedes_ecitaro,Mercedes-Benz eCitaro,214,4,9-N1-2-B-034901,line_service,Collège R.Parks,Languedoc,2026-04-08 09:41:28.000000000,2026-04-08 09:42:42.000000000,1.2333333333333334,0.29681987678393196,14.439885897596689,10.407985877821334,0.2139419319329941,89.15490693225314,89.11635883640936,79.55812984389681,False
mercedes_ecitaro,Mercedes-Benz eCitaro,215,4,9-N1-2-B-034901,line_service,Languedoc,Les coursives,2026-04-08 09:43:12.000000000,2026-04-08 09:44:08.000000000,0.9333333333333333,0.297726462758007,19.139558320157594,13.217496071507208,0.2056054944456677,89.1126050826556,89.07555904762036,79.85585630665481,False
mercedes_ecitaro,Mercedes-Benz eCitaro,216,4,9-N1-2-B-034901,line_service,Les coursives,La Fontaine,2026-04-08 09:44:38.000000000,2026-04-08 09:45:23.000000000,0.75,0.22794980309080773,18.23598424726462,12.663459214121442,0.15829324017651802,89.0718052938666,89.04328398933029,80.08380610974562,False
mercedes_ecitaro,Mercedes-Benz eCitaro,217,4,9-N1-2-B-034901,line_service,La Fontaine,Place la Barre,2026-04-08 09:45:53.000000000,2026-04-08 09:46:54.000000000,1.0166666666666666,0.2788940733458619,16.459322361395127,11.5940864387973,0.19645535354628757,89.03953023557654,89.00413287457721,80.36270018309148,False
mercedes_ecitaro,Mercedes-Benz eCitaro,218,4,9-N1-2-B-034901,line_service,Place la Barre,Sully,2026-04-08 09:47:24.000000000,2026-04-08 09:48:58.000000000,1.5666666666666667,0.5529827646282706,21.178063326189086,14.494837120605796,0.37847630259359577,89.00037912082345,88.93218519242821,80.91568294771974,False
mercedes_ecitaro,Mercedes-Benz eCitaro,219,4,9-N1-2-B-034901,line_service,Sully,Espace Alliance,2026-04-08 09:49:28.000000000,2026-04-08 09:51:01.000000000,1.55,0.5412636534432308,20.952141423608936,14.351314697241989,0.37074229634541805,88.92843143867445,88.86163102491852,81.45694660116297,False
mercedes_ecitaro,Mercedes-Benz eCitaro,220,4,9-N1-2-B-034901,line_service,Espace Alliance,Faubourg de Hem,2026-04-08 09:51:31.000000000,2026-04-08 09:52:24.000000000,0.8833333333333333,0.3068484114845754,20.842533610273048,14.281864401781007,0.21026078147066482,88.85787727116477,88.81999244567456,81.76379501264755,False
mercedes_ecitaro,Mercedes-Benz eCitaro,221,4,9-N1-2-B-034901,line_service,Faubourg de Hem,Egl. St-Firmin,2026-04-08 09:52:54.000000000,2026-04-08 09:53:36.000000000,0.7,0.29644718539430037,25.409758748082893,17.282560219061118,0.20162986922237972,88.8162386919208,88.77990898575462,82.06024219804185,False
mercedes_ecitaro,Mercedes-Benz eCitaro,222,4,9-N1-2-B-034901,line_service,Egl. St-Firmin,Zoo d'Amiens,2026-04-08 09:54:06.000000000,2026-04-08 09:55:02.000000000,0.9333333333333333,0.3979625757415526,25.58330844052838,17.401196362585694,0.270685276751333,88.77615523200086,88.72738311006368,82.4582047737834,False
mercedes_ecitaro,Mercedes-Benz eCitaro,223,4,9-N1-2-B-034901,line_service,Zoo d'Amiens,Jean Jaurès,2026-04-08 09:55:32.000000000,2026-04-08 09:56:28.000000000,0.9333333333333333,0.38776459722543666,24.9277241073495,16.954920605978714,0.26374320942633556,88.72362935630993,88.6761080573142,82.84596937100883,False
mercedes_ecitaro,Mercedes-Benz eCitaro,224,4,9-N1-2-B-034901,line_service,Jean Jaurès,Saint-Jacques,2026-04-08 09:56:58.000000000,2026-04-08 09:57:51.000000000,0.8833333333333333,0.3538188673320645,24.032979667838347,16.353911877036154,0.24076592485636555,88.67235430356044,88.62897305583857,83.1997882383409,False
mercedes_ecitaro,Mercedes-Benz eCitaro,225,4,9-N1-2-B-034901,line_service,Saint-Jacques,M. Culture A,2026-04-08 09:58:21.000000000,2026-04-08 09:58:54.000000000,0.55,0.24280373751186532,26.487680455839854,18.025307499846743,0.16523198541526182,88.62521930208482,88.59544777318118,83.44259197585276,False
mercedes_ecitaro,Mercedes-Benz eCitaro,226,4,9-N1-2-B-034901,line_service,M. Culture A,Hôtel de Ville,2026-04-08 09:59:24.000000000,2026-04-08 10:01:24.000000000,2.0,0.29674165114956036,8.90224953448681,7.285495885312494,0.24284986284374976,88.59169401942742,88.5479372873835,83.73933362700231,False
mercedes_ecitaro,Mercedes-Benz eCitaro,227,4,9-N1-2-B-034901,line_service,Hôtel de Ville,Jacobins,2026-04-08 10:01:54.000000000,2026-04-08 10:02:51.000000000,0.95,0.22829410594169391,14.418575112106984,10.39562297288138,0.16459736373728853,88.54418353362975,88.51452635097438,83.96762773294401,False
mercedes_ecitaro,Mercedes-Benz eCitaro,228,4,9-N1-2-B-034901,line_service,Jacobins,Emile Zola,2026-04-08 10:03:21.000000000,2026-04-08 10:04:42.000000000,1.35,0.32611241962366005,14.493885316607114,10.43932601398859,0.23488483531474327,88.51077259722062,88.46845100527203,84.29374015256766,False
mercedes_ecitaro,Mercedes-Benz eCitaro,229,4,9-N1-2-B-034901,line_service,Emile Zola,Gare du Nord B,2026-04-08 10:05:12.000000000,2026-04-08 10:07:54.000000000,2.7,0.35548637357572055,7.899697190571568,6.736177798628873,0.3031280009382993,88.46469725151827,88.41007959369155,84.6492265261434,False
mercedes_ecitaro,Mercedes-Benz eCitaro,230,4,9-N1-2-B-034901,line_service,Gare du Nord B,Caserne Dejean,2026-04-08 10:08:24.000000000,2026-04-08 10:09:57.000000000,1.55,0.3681948881034494,14.252705345939976,10.299502354459811,0.2660704774902118,88.4063258399378,88.35838521336298,85.01742141424684,False
mercedes_ecitaro,Mercedes-Benz eCitaro,231,4,9-N1-2-B-034901,line_service,Caserne Dejean,Pinceau,2026-04-08 10:10:27.000000000,2026-04-08 10:11:59.000000000,1.5333333333333334,0.35537552735134686,13.905998896357051,10.099178424665343,0.2580901152970032,88.35463145960924,88.30812873613229,85.3727969415982,False
mercedes_ecitaro,Mercedes-Benz eCitaro,232,4,9-N1-2-B-034901,line_service,Pinceau,L. de Luzarches,2026-04-08 10:12:29.000000000,2026-04-08 10:14:24.000000000,1.9166666666666667,0.44705548624280317,13.994780438905144,10.150400279848174,0.3242488978284834,88.30437498237853,88.24595175754457,85.81985242784098,False
mercedes_ecitaro,Mercedes-Benz eCitaro,233,4,9-N1-2-B-034901,line_service,L. de Luzarches,Egl. St-Acheul,2026-04-08 10:14:54.000000000,2026-04-08 10:15:34.000000000,0.6666666666666666,0.3248685267650074,29.238167408850664,19.98722484585692,0.2220802760650769,88.24219800379083,88.20218353963496,86.144720954606,False
mercedes_ecitaro,Mercedes-Benz eCitaro,234,4,9-N1-2-B-034901,line_service,Egl. St-Acheul,Mercey,2026-04-08 10:16:04.000000000,2026-04-08 10:16:59.000000000,0.9166666666666666,0.45179666905185245,29.572145610666706,20.23230889370291,0.30910471920935007,88.1984297858812,88.14273524187952,86.59651762365786,False
mercedes_ecitaro,Mercedes-Benz eCitaro,235,4,9-N1-2-B-034901,line_service,Mercey,Sobo,2026-04-08 10:17:29.000000000,2026-04-08 10:18:28.000000000,0.9833333333333333,0.4818036462949089,29.398188587485965,20.10446194015695,0.32948979290812774,88.13898148812576,88.07961395787206,87.07832126995277,False
mercedes_ecitaro,Mercedes-Benz eCitaro,236,4,9-N1-2-B-034901,line_service,Sobo,Pont de l'Avre,2026-04-08 10:18:58.000000000,2026-04-08 10:20:24.000000000,1.4333333333333333,0.7075852717526405,29.61984858499426,20.267440548072262,0.4841666353150596,88.0758602041183,87.98862297253,87.7859065417054,False
mercedes_ecitaro,Mercedes-Benz eCitaro,237,4,9-N1-2-B-034901,line_service,Pont de l'Avre,Cité du Château,2026-04-08 10:20:54.000000000,2026-04-08 10:21:36.000000000,0.7,0.2966141068969825,25.424066305455643,17.29232707664838,0.20174381589423113,87.98486921877624,87.94851898167818,88.0825206486024,False
mercedes_ecitaro,Mercedes-Benz eCitaro,238,4,9-N1-2-B-034901,line_service,Cité du Château,La Rose Rouge,2026-04-08 10:22:06.000000000,2026-04-08 10:22:54.000000000,0.8,0.3329543642312839,24.97157731734629,16.984614749484873,0.22646152999313165,87.94476522792444,87.90396134864639,88.41547501283368,False
mercedes_ecitaro,Mercedes-Benz eCitaro,239,4,9-N1-2-B-034901,line_service,La Rose Rouge,Poidevin,2026-04-08 10:23:24.000000000,2026-04-08 10:23:55.000000000,0.5166666666666667,0.2251396338173497,26.145247798143835,17.787818516889004,0.1531728816732109,87.90020759489263,87.87260887747404,88.64061464665103,False
mercedes_ecitaro,Mercedes-Benz eCitaro,240,4,9-N1-2-B-034901,line_service,Poidevin,M. de Longueau,2026-04-08 10:24:25.000000000,2026-04-08 10:25:09.000000000,0.7333333333333333,0.3145014195772681,25.731934329049206,17.50308167993473,0.21392655386586892,87.86885512372028,87.8303097986994,88.9551160662283,False
mercedes_ecitaro,Mercedes-Benz eCitaro,241,4,9-N1-2-B-034901,line_service,M. de Longueau,La Fourche,2026-04-08 10:25:39.000000000,2026-04-08 10:26:16.000000000,0.6166666666666667,0.25663398574137214,24.96979320726864,16.983406243795105,0.17455167528344973,87.82655604494565,87.79510529264233,89.21175005196966,False
mercedes_ecitaro,Mercedes-Benz eCitaro,242,4,9-N1-2-B-034901,line_service,La Fourche,Croix de Fer,2026-04-08 10:26:46.000000000,2026-04-08 10:28:24.000000000,1.6333333333333333,0.6510902221706201,23.91759999810441,16.27707312975203,0.44309810186547194,87.79135153888858,87.71151404305695,89.86284027414028,False
mercedes_ecitaro,Mercedes-Benz eCitaro,243,4,9-N1-2-B-034901,line_service,Croix de Fer,C. Cial Glisy,2026-04-08 10:28:54.000000000,2026-04-08 10:31:16.000000000,2.3666666666666667,0.70341712703917,17.833110262964873,12.418700315873616,0.48984873468168155,87.70776028930321,87.61949925602723,90.56625740117946,False
mercedes_ecitaro,Mercedes-Benz eCitaro,244,4,9-N1-2-B-034901,line_service,C. Cial Glisy,Capitaine Nemo,2026-04-08 10:31:46.000000000,2026-04-08 10:32:14.000000000,0.4666666666666667,0.13672688382470435,17.57917077746199,12.265122289306849,0.0953953955834977,87.61574550227347,87.59855714270888,90.70298428500416,False
mercedes_ecitaro,Mercedes-Benz eCitaro,245,4,9-N1-2-B-034901,line_service,Capitaine Nemo,Pôle J. Verne,2026-04-08 10:32:44.000000000,2026-04-08 10:34:54.000000000,2.1666666666666665,0.3234478124594319,8.957016345030421,7.3156201106816745,0.26417517066350493,87.59480338895513,87.54720425910584,91.0264320974636,False
mercedes_ecitaro,Mercedes-Benz eCitaro,246,4,9-N1-4-B-035101,line_service,Pôle J. Verne,Capitaine Nemo,2026-04-08 10:35:24.000000000,2026-04-08 10:36:35.000000000,1.1833333333333333,0.3340181708930427,16.93613260866132,11.878580971251235,0.23427201359967714,87.5434505053521,87.50123933173053,91.36045026835664,False
mercedes_ecitaro,Mercedes-Benz eCitaro,247,4,9-N1-4-B-035101,line_service,Capitaine Nemo,C. Cial Glisy,2026-04-08 10:37:05.000000000,2026-04-08 10:37:26.000000000,0.35,0.12291799931516653,21.07165702545712,14.427177180198683,0.08415853355115899,87.49748557797678,87.48232187823783,91.4833682676718,False
mercedes_ecitaro,Mercedes-Benz eCitaro,248,4,9-N1-4-B-035101,line_service,C. Cial Glisy,Croix de Fer,2026-04-08 10:37:56.000000000,2026-04-08 10:40:23.000000000,2.45,0.6859620842301216,16.79907145053359,11.79661936587016,0.4816952907730316,87.47856812448407,87.39177618020064,92.16933035190192,False
mercedes_ecitaro,Mercedes-Benz eCitaro,249,4,9-N1-4-B-035101,line_service,Croix de Fer,La Fourche,2026-04-08 10:40:53.000000000,2026-04-08 10:42:41.000000000,1.8,0.7465227463047002,24.88409154349001,16.92539814763343,0.5077619444290029,87.3880224264469,87.29653378781103,92.91585309820663,False
mercedes_ecitaro,Mercedes-Benz eCitaro,250,4,9-N1-4-B-035101,line_service,La Fourche,M. de Longueau,2026-04-08 10:43:11.000000000,2026-04-08 10:43:43.000000000,0.5333333333333333,0.23645430499839581,26.60110931231953,18.10429412886066,0.16092705892320586,87.29278003405727,87.26378416758463,93.15230740320501,False
mercedes_ecitaro,Mercedes-Benz eCitaro,251,4,9-N1-4-B-035101,line_service,M. de Longueau,Poidevin,2026-04-08 10:44:13.000000000,2026-04-08 10:44:46.000000000,0.55,0.23823148868252741,25.98888967445754,17.679857275640913,0.1620653583600417,87.26003041383088,87.2308294483606,93.39053889188756,False
mercedes_ecitaro,Mercedes-Benz eCitaro,252,4,9-N1-4-B-035101,line_service,Poidevin,La Rose Rouge,2026-04-08 10:45:16.000000000,2026-04-08 10:45:55.000000000,0.65,0.2830530932557657,26.127977838993758,17.775879384511274,0.1925720266655388,87.22707569460684,87.19237803214457,93.67359198514332,False
mercedes_ecitaro,Mercedes-Benz eCitaro,253,4,9-N1-4-B-035101,line_service,La Rose Rouge,Cité du Château,2026-04-08 10:46:25.000000000,2026-04-08 10:47:17.000000000,0.8666666666666667,0.38252636844861737,26.482594738750432,18.021769783997197,0.26031445243551504,87.18862427839082,87.14172077344749,94.05611835359193,False
mercedes_ecitaro,Mercedes-Benz eCitaro,254,4,9-N1-4-B-035101,line_service,Cité du Château,Pont de l'Avre,2026-04-08 10:47:47.000000000,2026-04-08 10:48:23.000000000,0.6,0.25904003764462646,25.904003764462647,17.621370476656775,0.17621370476656775,87.13796701969373,87.10621680261868,94.31515839123655,False
mercedes_ecitaro,Mercedes-Benz eCitaro,255,4,9-N1-4-B-035101,line_service,Pont de l'Avre,Sobo,2026-04-08 10:48:53.000000000,2026-04-08 10:50:50.000000000,1.95,0.7786426370279388,23.95823498547504,16.30411753685129,0.529883819947667,87.10246304886492,87.00698848671219,95.09380102826448,False
mercedes_ecitaro,Mercedes-Benz eCitaro,256,4,9-N1-4-B-035101,line_service,Sobo,Mercey,2026-04-08 10:51:20.000000000,2026-04-08 10:52:35.000000000,1.25,0.49486888000554236,23.753706240266034,16.168181881260054,0.3368371225262511,87.00323473295843,86.94254335953028,95.58866990827002,False
mercedes_ecitaro,Mercedes-Benz eCitaro,257,4,9-N1-4-B-035101,line_service,Mercey,Egl. St-Acheul,2026-04-08 10:53:05.000000000,2026-04-08 10:54:11.000000000,1.1,0.44351095510688016,24.191506642193463,16.459729677939862,0.3017617107622308,86.93878960577652,86.8844181263599,96.0321808633769,False
mercedes_ecitaro,Mercedes-Benz eCitaro,258,4,9-N1-4-B-035101,line_service,Egl. St-Acheul,L. de Luzarches,2026-04-08 10:54:41.000000000,2026-04-08 10:55:23.000000000,0.7,0.27740496861036323,23.777568738031135,16.184017525487164,0.18881353779735024,86.88066437260615,86.84664391534537,96.30958583198726,False
mercedes_ecitaro,Mercedes-Benz eCitaro,259,4,9-N1-4-B-035101,line_service,L. de Luzarches,Pinceau,2026-04-08 10:55:53.000000000,2026-04-08 10:57:22.000000000,1.4833333333333334,0.3431323580300078,13.879511111326158,10.083906448902566,0.249296576097869,86.84289016159161,86.797971859592,96.65271819001727,False
mercedes_ecitaro,Mercedes-Benz eCitaro,260,4,9-N1-4-B-035101,line_service,Pinceau,Caserne Dejean,2026-04-08 10:57:52.000000000,2026-04-08 10:59:39.000000000,1.7833333333333334,0.40589661587311254,13.656334739656122,9.955410597282219,0.29589692608588813,86.79421810583824,86.74090334438132,97.05861480589037,False
mercedes_ecitaro,Mercedes-Benz eCitaro,261,4,9-N1-4-B-035101,line_service,Caserne Dejean,Gare du Nord A,2026-04-08 11:00:09.000000000,2026-04-08 11:01:53.000000000,1.7333333333333334,0.3916364257160486,13.55664550555553,9.898116829554354,0.2859455972982369,86.73714959062758,86.68562786138465,97.45025123160643,False
mercedes_ecitaro,Mercedes-Benz eCitaro,262,4,9-N1-4-B-035101,line_service,Gare du Nord A,René Goblet,2026-04-08 11:02:23.000000000,2026-04-08 11:04:51.000000000,2.466666666666667,0.3279417105779169,7.976960527570951,6.7783736367491745,0.2786664717330216,86.68187410763089,86.63166393254386,97.77819294218433,False
mercedes_ecitaro,Mercedes-Benz eCitaro,263,4,9-N1-4-B-035101,line_service,René Goblet,P. de Justice,2026-04-08 11:05:21.000000000,2026-04-08 11:06:15.000000000,0.9,0.2252173059067505,15.014487060450033,10.742498468974079,0.16113747703461115,86.6279101787901,86.59887639914423,98.0034102480911,False
mercedes_ecitaro,Mercedes-Benz eCitaro,264,4,9-N1-4-B-035101,line_service,P. de Justice,Dusevel,2026-04-08 11:06:45.000000000,2026-04-08 11:07:43.000000000,0.9666666666666667,0.2299992746993994,14.275817050307548,10.312884400903368,0.1661520264589987,86.59512264539048,86.5651853433258,98.2334095227905,False
mercedes_ecitaro,Mercedes-Benz eCitaro,265,4,9-N1-4-B-035101,line_service,Dusevel,Beffroi,2026-04-08 11:08:13.000000000,2026-04-08 11:09:14.000000000,1.0166666666666666,0.2188226139254244,12.914121477566031,9.530336567981031,0.1614862585130119,86.56143158957204,86.53233496641654,98.45223213671592,False
mercedes_ecitaro,Mercedes-Benz eCitaro,266,4,9-N1-4-B-035101,line_service,Beffroi,Place du Marché,2026-04-08 11:09:44.000000000,2026-04-08 11:10:38.000000000,0.9,0.18907722066752727,12.605148044501819,9.35437701167304,0.14031565517509562,86.52858121266279,86.50329911263124,98.64130935738345,False
mercedes_ecitaro,Mercedes-Benz eCitaro,267,4,9-N1-4-B-035101,line_service,Place du Marché,M. Culture B,2026-04-08 11:11:08.000000000,2026-04-08 11:11:53.000000000,0.75,0.17178613535708173,13.742890828566539,10.005207964905962,0.12506509956132453,86.49954535887748,86.47701110670427,98.81309549274053,False
mercedes_ecitaro,Mercedes-Benz eCitaro,268,4,9-N1-4-B-035101,line_service,M. Culture B,Saint-Jacques,2026-04-08 11:12:23.000000000,2026-04-08 11:13:11.000000000,0.8,0.2918119105170466,21.885893288778494,14.947805699382515,0.1993040759917669,86.47325735295051,86.43734670862767,99.10490740325757,False
mercedes_ecitaro,Mercedes-Benz eCitaro,269,4,9-N1-4-B-035101,line_service,Saint-Jacques,Jean Jaurès,2026-04-08 11:13:41.000000000,2026-04-08 11:14:43.000000000,1.0333333333333334,0.3507042974526486,20.36347533596024,13.979689002432178,0.24076131059744307,86.43359295487392,86.39021253855006,99.45561170071024,False
mercedes_ecitaro,Mercedes-Benz eCitaro,270,4,9-N1-4-B-035101,line_service,Jean Jaurès,Zoo d'Amiens,2026-04-08 11:15:13.000000000,2026-04-08 11:16:25.000000000,1.2,0.40281609573225763,20.14080478661288,13.839983331209853,0.276799666624197,86.3864587847963,86.33658497099015,99.85842779644248,False
mercedes_ecitaro,Mercedes-Benz eCitaro,271,4,9-N1-4-B-035101,line_service,Zoo d'Amiens,Egl. St-Firmin,2026-04-08 11:16:55.000000000,2026-04-08 11:18:00.000000000,1.0833333333333333,0.37638436041502576,20.845903038370658,14.283997606969104,0.25790551234805326,86.33283121723639,86.28636175555205,100.23481215685752,False
mercedes_ecitaro,Mercedes-Benz eCitaro,272,4,9-N1-4-B-035101,line_service,Egl. St-Firmin,Faubourg de Hem,2026-04-08 11:18:30.000000000,2026-04-08 11:19:23.000000000,0.8833333333333333,0.3007481358168622,20.428175263032152,14.020370787798544,0.20641101437592305,86.2826080017983,86.24541682803687,100.53556029267438,False
mercedes_ecitaro,Mercedes-Benz eCitaro,273,4,9-N1-4-B-035101,line_service,Faubourg de Hem,Espace Alliance,2026-04-08 11:19:53.000000000,2026-04-08 11:20:37.000000000,0.7333333333333333,0.24201898261847898,19.8015531233301,13.628030793913387,0.16656482081449694,86.24166307428311,86.21165139485709,100.77757927529285,False
mercedes_ecitaro,Mercedes-Benz eCitaro,274,4,9-N1-4-B-035101,line_service,Espace Alliance,Sully,2026-04-08 11:21:07.000000000,2026-04-08 11:22:38.000000000,1.5166666666666666,0.5124653653664172,20.273355113396722,13.923090033058784,0.35194477583565265,86.20789764110333,86.14448416797978,101.29004464065926,False
mercedes_ecitaro,Mercedes-Benz eCitaro,275,4,9-N1-4-B-035101,line_service,Sully,Place la Barre,2026-04-08 11:23:08.000000000,2026-04-08 11:24:53.000000000,1.75,0.5814235833007191,19.934522856024653,13.710977433876819,0.3999035084880738,86.14073041422603,86.06867572801197,101.87146822396,False
mercedes_ecitaro,Mercedes-Benz eCitaro,276,4,9-N1-4-B-035101,line_service,Place la Barre,La Fontaine,2026-04-08 11:25:23.000000000,2026-04-08 11:26:32.000000000,1.15,0.32116148117311843,16.75625119164096,11.771043507106238,0.2256116672195362,86.06492197425821,86.02427122340785,102.1926297051331,False
mercedes_ecitaro,Mercedes-Benz eCitaro,277,4,9-N1-4-B-035101,line_service,La Fontaine,Les Coursives,2026-04-08 11:27:02.000000000,2026-04-08 11:27:46.000000000,0.7333333333333333,0.23368404358993675,19.11960356644937,13.205182837280407,0.1613966791223161,86.0205174696541,85.99143698692934,102.42631374872305,False
mercedes_ecitaro,Mercedes-Benz eCitaro,278,4,9-N1-4-B-035101,line_service,Les Coursives,Languedoc,2026-04-08 11:28:16.000000000,2026-04-08 11:29:11.000000000,0.9166666666666666,0.2930331102299119,19.1803490332306,13.242677402966896,0.20231868254532756,85.98768323317559,85.95122941650077,102.71934685895295,False
mercedes_ecitaro,Mercedes-Benz eCitaro,279,4,9-N1-4-B-035101,line_service,Languedoc,Collège R.Parks,2026-04-08 11:29:41.000000000,2026-04-08 11:31:01.000000000,1.3333333333333333,0.3206006811443548,14.427030651495967,10.40052786970044,0.23112284154889867,85.94747566274701,85.90583190751298,103.0399475400973,False
mercedes_ecitaro,Mercedes-Benz eCitaro,280,4,9-N1-4-B-035101,line_service,Collège R.Parks,Martinique,2026-04-08 11:31:31.000000000,2026-04-08 11:32:25.000000000,0.9,0.27082614139471256,18.05507609298084,12.553382066466641,0.18830073099699965,85.90207815375922,85.86815009412011,103.31077368149202,False
mercedes_ecitaro,Mercedes-Benz eCitaro,281,4,9-N1-4-B-035101,line_service,Martinique,Etouvie Quai A,2026-04-08 11:32:55.000000000,2026-04-08 11:34:53.000000000,1.9666666666666666,0.27408690803195346,8.361973465381629,6.988977513860954,0.22908315184322015,85.86439634036637,85.823120096791,103.58486058952397,False
mercedes_ecitaro,Mercedes-Benz eCitaro,282,5,9-N1-2-B-034901,line_service,Etouvie Quai A,Martinique,2026-04-08 11:34:53.000000000,2026-04-08 11:35:49.000000000,0.9333333333333333,0.2419015249612658,15.550812318938515,11.05682101919863,0.17199499363197868,85.823120096791,85.7921300078483,103.82676211448525,False
mercedes_ecitaro,Mercedes-Benz eCitaro,283,5,9-N1-2-B-034901,line_service,Martinique,Collège R.Parks,2026-04-08 11:36:19.000000000,2026-04-08 11:37:26.000000000,1.1166666666666667,0.3307630000086095,17.77234029897006,12.381899008765696,0.2304408982186949,85.78837625409456,85.74685537153263,104.15752511449385,False
mercedes_ecitaro,Mercedes-Benz eCitaro,284,5,9-N1-2-B-034901,line_service,Collège R.Parks,Languedoc,2026-04-08 11:37:56.000000000,2026-04-08 11:39:10.000000000,1.2333333333333334,0.29681987678393196,14.439885897596689,10.407985877821334,0.2139419319329941,85.74310161777888,85.70455352193508,104.4543449912778,False
mercedes_ecitaro,Mercedes-Benz eCitaro,285,5,9-N1-2-B-034901,line_service,Languedoc,Les coursives,2026-04-08 11:39:40.000000000,2026-04-08 11:40:36.000000000,0.9333333333333333,0.297726462758007,19.139558320157594,13.217496071507208,0.2056054944456677,85.70079976818134,85.66375373314608,104.75207145403579,False
mercedes_ecitaro,Mercedes-Benz eCitaro,286,5,9-N1-2-B-034901,line_service,Les coursives,La Fontaine,2026-04-08 11:41:06.000000000,2026-04-08 11:41:51.000000000,0.75,0.22794980309080773,18.23598424726462,12.663459214121442,0.15829324017651802,85.65999997939232,85.63147867485601,104.98002125712661,False
mercedes_ecitaro,Mercedes-Benz eCitaro,287,5,9-N1-2-B-034901,line_service,La Fontaine,Place la Barre,2026-04-08 11:42:21.000000000,2026-04-08 11:43:22.000000000,1.0166666666666666,0.2788940733458619,16.459322361395127,11.5940864387973,0.19645535354628757,85.62772492110226,85.59232756010293,105.25891533047246,False
mercedes_ecitaro,Mercedes-Benz eCitaro,288,5,9-N1-2-B-034901,line_service,Place la Barre,Sully,2026-04-08 11:43:52.000000000,2026-04-08 11:45:26.000000000,1.5666666666666667,0.5529827646282706,21.178063326189086,14.494837120605796,0.37847630259359577,85.58857380634917,85.52037987795393,105.81189809510073,False
mercedes_ecitaro,Mercedes-Benz eCitaro,289,5,9-N1-2-B-034901,line_service,Sully,Espace Alliance,2026-04-08 11:45:56.000000000,2026-04-08 11:47:29.000000000,1.55,0.5412636534432308,20.952141423608936,14.351314697241989,0.37074229634541805,85.51662612420017,85.44982571044424,106.35316174854395,False
mercedes_ecitaro,Mercedes-Benz eCitaro,290,5,9-N1-2-B-034901,line_service,Espace Alliance,Faubourg de Hem,2026-04-08 11:47:59.000000000,2026-04-08 11:48:52.000000000,0.8833333333333333,0.3068484114845754,20.842533610273048,14.281864401781007,0.21026078147066482,85.44607195669049,85.40818713120028,106.66001016002852,False
mercedes_ecitaro,Mercedes-Benz eCitaro,291,5,9-N1-2-B-034901,line_service,Faubourg de Hem,Egl. St-Firmin,2026-04-08 11:49:22.000000000,2026-04-08 11:50:04.000000000,0.7,0.29644718539430037,25.409758748082893,17.282560219061118,0.20162986922237972,85.40443337744652,85.36810367128034,106.95645734542282,False
mercedes_ecitaro,Mercedes-Benz eCitaro,292,5,9-N1-2-B-034901,line_service,Egl. St-Firmin,Zoo d'Amiens,2026-04-08 11:50:34.000000000,2026-04-08 11:51:30.000000000,0.9333333333333333,0.3979625757415526,25.58330844052838,17.401196362585694,0.270685276751333,85.36434991752658,85.3155777955894,107.35441992116438,False
mercedes_ecitaro,Mercedes-Benz eCitaro,293,5,9-N1-2-B-034901,line_service,Zoo d'Amiens,Jean Jaurès,2026-04-08 11:52:00.000000000,2026-04-08 11:52:56.000000000,0.9333333333333333,0.38776459722543666,24.9277241073495,16.954920605978714,0.26374320942633556,85.31182404183565,85.2643027428399,107.7421845183898,False
mercedes_ecitaro,Mercedes-Benz eCitaro,294,5,9-N1-2-B-034901,line_service,Jean Jaurès,Saint-Jacques,2026-04-08 11:53:26.000000000,2026-04-08 11:54:19.000000000,0.8833333333333333,0.3538188673320645,24.032979667838347,16.353911877036154,0.24076592485636555,85.26054898908616,85.21716774136428,108.09600338572189,False
mercedes_ecitaro,Mercedes-Benz eCitaro,295,5,9-N1-2-B-034901,line_service,Saint-Jacques,M. Culture A,2026-04-08 11:54:49.000000000,2026-04-08 11:55:22.000000000,0.55,0.24280373751186532,26.487680455839854,18.025307499846743,0.16523198541526182,85.21341398761054,85.18364245870688,108.33880712323374,False
mercedes_ecitaro,Mercedes-Benz eCitaro,296,5,9-N1-2-B-034901,line_service,M. Culture A,Hôtel de Ville,2026-04-08 11:55:52.000000000,2026-04-08 11:57:52.000000000,2.0,0.29674165114956036,8.90224953448681,7.285495885312494,0.24284986284374976,85.17988870495313,85.13613197290921,108.6355487743833,False
mercedes_ecitaro,Mercedes-Benz eCitaro,297,5,9-N1-2-B-034901,line_service,Hôtel de Ville,Jacobins,2026-04-08 11:58:22.000000000,2026-04-08 11:59:19.000000000,0.95,0.22829410594169391,14.418575112106984,10.39562297288138,0.16459736373728853,85.13237821915546,85.10272103650009,108.86384288032498,False
mercedes_ecitaro,Mercedes-Benz eCitaro,298,5,9-N1-2-B-034901,line_service,Jacobins,Emile Zola,2026-04-08 11:59:49.000000000,2026-04-08 12:01:10.000000000,1.35,0.32611241962366005,14.493885316607114,10.43932601398859,0.23488483531474327,85.09896728274633,85.05664569079772,109.18995529994865,False
mercedes_ecitaro,Mercedes-Benz eCitaro,299,5,9-N1-2-B-034901,line_service,Emile Zola,Gare du Nord B,2026-04-08 12:01:40.000000000,2026-04-08 12:04:22.000000000,2.7,0.35548637357572055,7.899697190571568,6.736177798628873,0.3031280009382993,85.05289193704397,84.99827427921726,109.54544167352437,False
mercedes_ecitaro,Mercedes-Benz eCitaro,300,5,9-N1-2-B-034901,line_service,Gare du Nord B,Caserne Dejean,2026-04-08 12:04:52.000000000,2026-04-08 12:06:25.000000000,1.55,0.3681948881034494,14.252705345939976,10.299502354459811,0.2660704774902118,84.9945205254635,84.94657989888869,109.91363656162783,False
mercedes_ecitaro,Mercedes-Benz eCitaro,301,5,9-N1-2-B-034901,line_service,Caserne Dejean,Pinceau,2026-04-08 12:06:55.000000000,2026-04-08 12:08:27.000000000,1.5333333333333334,0.35537552735134686,13.905998896357051,10.099178424665343,0.2580901152970032,84.94282614513493,84.896323421658,110.26901208897917,False
mercedes_ecitaro,Mercedes-Benz eCitaro,302,5,9-N1-2-B-034901,line_service,Pinceau,L. de Luzarches,2026-04-08 12:08:57.000000000,2026-04-08 12:10:52.000000000,1.9166666666666667,0.44705548624280317,13.994780438905144,10.150400279848174,0.3242488978284834,84.89256966790424,84.83414644307028,110.71606757522197,False
mercedes_ecitaro,Mercedes-Benz eCitaro,303,5,9-N1-2-B-034901,line_service,L. de Luzarches,Egl. St-Acheul,2026-04-08 12:11:22.000000000,2026-04-08 12:12:02.000000000,0.6666666666666666,0.3248685267650074,29.238167408850664,19.98722484585692,0.2220802760650769,84.83039268931653,84.79037822516065,111.04093610198699,False
mercedes_ecitaro,Mercedes-Benz eCitaro,304,5,9-N1-2-B-034901,line_service,Egl. St-Acheul,Mercey,2026-04-08 12:12:32.000000000,2026-04-08 12:13:27.000000000,0.9166666666666666,0.45179666905185245,29.572145610666706,20.23230889370291,0.30910471920935007,84.7866244714069,84.73092992740521,111.49273277103883,False
mercedes_ecitaro,Mercedes-Benz eCitaro,305,5,9-N1-2-B-034901,line_service,Mercey,Sobo,2026-04-08 12:13:57.000000000,2026-04-08 12:14:56.000000000,0.9833333333333333,0.4818036462949089,29.398188587485965,20.10446194015695,0.32948979290812774,84.72717617365146,84.66780864339773,111.97453641733374,False
mercedes_ecitaro,Mercedes-Benz eCitaro,306,5,9-N1-2-B-034901,line_service,Sobo,Pont de l'Avre,2026-04-08 12:15:26.000000000,2026-04-08 12:16:52.000000000,1.4333333333333333,0.7075852717526405,29.61984858499426,20.267440548072262,0.4841666353150596,84.66405488964398,84.57681765805569,112.68212168908639,False
mercedes_ecitaro,Mercedes-Benz eCitaro,307,5,9-N1-2-B-034901,line_service,Pont de l'Avre,Cité du Château,2026-04-08 12:17:22.000000000,2026-04-08 12:18:04.000000000,0.7,0.2966141068969825,25.424066305455643,17.29232707664838,0.20174381589423113,84.57306390430193,84.53671366720387,112.97873579598337,False
mercedes_ecitaro,Mercedes-Benz eCitaro,308,5,9-N1-2-B-034901,line_service,Cité du Château,La Rose Rouge,2026-04-08 12:18:34.000000000,2026-04-08 12:19:22.000000000,0.8,0.3329543642312839,24.97157731734629,16.984614749484873,0.22646152999313165,84.53295991345011,84.49215603417207,113.31169016021465,False
mercedes_ecitaro,Mercedes-Benz eCitaro,309,5,9-N1-2-B-034901,line_service,La Rose Rouge,Poidevin,2026-04-08 12:19:52.000000000,2026-04-08 12:20:23.000000000,0.5166666666666667,0.2251396338173497,26.145247798143835,17.787818516889004,0.1531728816732109,84.48840228041831,84.46080356299973,113.536829794032,False
mercedes_ecitaro,Mercedes-Benz eCitaro,310,5,9-N1-2-B-034901,line_service,Poidevin,M. de Longueau,2026-04-08 12:20:53.000000000,2026-04-08 12:21:37.000000000,0.7333333333333333,0.3145014195772681,25.731934329049206,17.50308167993473,0.21392655386586892,84.45704980924597,84.4185044842251,113.85133121360927,False
mercedes_ecitaro,Mercedes-Benz eCitaro,311,5,9-N1-2-B-034901,line_service,M. de Longueau,La Fourche,2026-04-08 12:22:07.000000000,2026-04-08 12:22:44.000000000,0.6166666666666667,0.25663398574137214,24.96979320726864,16.983406243795105,0.17455167528344973,84.41475073047134,84.38329997816801,114.10796519935064,False
mercedes_ecitaro,Mercedes-Benz eCitaro,312,5,9-N1-2-B-034901,line_service,La Fourche,Croix de Fer,2026-04-08 12:23:14.000000000,2026-04-08 12:24:52.000000000,1.6333333333333333,0.6510902221706201,23.91759999810441,16.27707312975203,0.44309810186547194,84.37954622441426,84.29970872858264,114.75905542152127,False
mercedes_ecitaro,Mercedes-Benz eCitaro,313,5,9-N1-2-B-034901,line_service,Croix de Fer,C. Cial Glisy,2026-04-08 12:25:22.000000000,2026-04-08 12:27:44.000000000,2.3666666666666667,0.70341712703917,17.833110262964873,12.418700315873616,0.48984873468168155,84.29595497482889,84.2076939415529,115.46247254856043,False
mercedes_ecitaro,Mercedes-Benz eCitaro,314,5,9-N1-2-B-034901,line_service,C. Cial Glisy,Capitaine Nemo,2026-04-08 12:28:14.000000000,2026-04-08 12:28:42.000000000,0.4666666666666667,0.13672688382470435,17.57917077746199,12.265122289306849,0.0953953955834977,84.20394018779915,84.18675182823456,115.59919943238513,False
mercedes_ecitaro,Mercedes-Benz eCitaro,315,5,9-N1-2-B-034901,line_service,Capitaine Nemo,Pôle J. Verne,2026-04-08 12:29:12.000000000,2026-04-08 12:31:22.000000000,2.1666666666666665,0.3234478124594319,8.957016345030421,7.3156201106816745,0.26417517066350493,84.1829980744808,84.13539894463152,115.92264724484457,False
mercedes_ecitaro,Mercedes-Benz eCitaro,316,5,9-N1-4-B-035101,line_service,Pôle J. Verne,Capitaine Nemo,2026-04-08 12:31:52.000000000,2026-04-08 12:33:03.000000000,1.1833333333333333,0.3340181708930427,16.93613260866132,11.878580971251235,0.23427201359967714,84.13164519087778,84.08943401725621,116.25666541573761,False
mercedes_ecitaro,Mercedes-Benz eCitaro,317,5,9-N1-4-B-035101,line_service,Capitaine Nemo,C. Cial Glisy,2026-04-08 12:33:33.000000000,2026-04-08 12:33:54.000000000,0.35,0.12291799931516653,21.07165702545712,14.427177180198683,0.08415853355115899,84.08568026350245,84.0705165637635,116.37958341505278,False
mercedes_ecitaro,Mercedes-Benz eCitaro,318,5,9-N1-4-B-035101,line_service,C. Cial Glisy,Croix de Fer,2026-04-08 12:34:24.000000000,2026-04-08 12:36:51.000000000,2.45,0.6859620842301216,16.79907145053359,11.79661936587016,0.4816952907730316,84.06676281000975,83.97997086572632,117.0655454992829,False
mercedes_ecitaro,Mercedes-Benz eCitaro,319,5,9-N1-4-B-035101,line_service,Croix de Fer,La Fourche,2026-04-08 12:37:21.000000000,2026-04-08 12:39:09.000000000,1.8,0.7465227463047002,24.88409154349001,16.92539814763343,0.5077619444290029,83.97621711197256,83.88472847333671,117.81206824558761,False
mercedes_ecitaro,Mercedes-Benz eCitaro,320,5,9-N1-4-B-035101,line_service,La Fourche,M. de Longueau,2026-04-08 12:39:39.000000000,2026-04-08 12:40:11.000000000,0.5333333333333333,0.23645430499839581,26.60110931231953,18.10429412886066,0.16092705892320586,83.88097471958295,83.8519788531103,118.048522550586,False
mercedes_ecitaro,Mercedes-Benz eCitaro,321,5,9-N1-4-B-035101,line_service,M. de Longueau,Poidevin,2026-04-08 12:40:41.000000000,2026-04-08 12:41:14.000000000,0.55,0.23823148868252741,25.98888967445754,17.679857275640913,0.1620653583600417,83.84822509935654,83.81902413388627,118.28675403926853,False
mercedes_ecitaro,Mercedes-Benz eCitaro,322,5,9-N1-4-B-035101,line_service,Poidevin,La Rose Rouge,2026-04-08 12:41:44.000000000,2026-04-08 12:42:23.000000000,0.65,0.2830530932557657,26.127977838993758,17.775879384511274,0.1925720266655388,83.81527038013252,83.78057271767025,118.56980713252429,False
mercedes_ecitaro,Mercedes-Benz eCitaro,323,5,9-N1-4-B-035101,line_service,La Rose Rouge,Cité du Château,2026-04-08 12:42:53.000000000,2026-04-08 12:43:45.000000000,0.8666666666666667,0.38252636844861737,26.482594738750432,18.021769783997197,0.26031445243551504,83.7768189639165,83.72991545897317,118.95233350097291,False
mercedes_ecitaro,Mercedes-Benz eCitaro,324,5,9-N1-4-B-035101,line_service,Cité du Château,Pont de l'Avre,2026-04-08 12:44:15.000000000,2026-04-08 12:44:51.000000000,0.6,0.25904003764462646,25.904003764462647,17.621370476656775,0.17621370476656775,83.72616170521941,83.69441148814435,119.21137353861752,False
mercedes_ecitaro,Mercedes-Benz eCitaro,325,5,9-N1-4-B-035101,line_service,Pont de l'Avre,Sobo,2026-04-08 12:45:21.000000000,2026-04-08 12:47:18.000000000,1.95,0.7786426370279388,23.95823498547504,16.30411753685129,0.529883819947667,83.6906577343906,83.59518317223787,119.99001617564547,False
mercedes_ecitaro,Mercedes-Benz eCitaro,326,5,9-N1-4-B-035101,line_service,Sobo,Mercey,2026-04-08 12:47:48.000000000,2026-04-08 12:49:03.000000000,1.25,0.49486888000554236,23.753706240266034,16.168181881260054,0.3368371225262511,83.59142941848411,83.53073804505595,120.484885055651,False
mercedes_ecitaro,Mercedes-Benz eCitaro,327,5,9-N1-4-B-035101,line_service,Mercey,Egl. St-Acheul,2026-04-08 12:49:33.000000000,2026-04-08 12:50:39.000000000,1.1,0.44351095510688016,24.191506642193463,16.459729677939862,0.3017617107622308,83.5269842913022,83.47261281188558,120.92839601075788,False
mercedes_ecitaro,Mercedes-Benz eCitaro,328,5,9-N1-4-B-035101,line_service,Egl. St-Acheul,L. de Luzarches,2026-04-08 12:51:09.000000000,2026-04-08 12:51:51.000000000,0.7,0.27740496861036323,23.777568738031135,16.184017525487164,0.18881353779735024,83.46885905813183,83.43483860087105,121.20580097936825,False
mercedes_ecitaro,Mercedes-Benz eCitaro,329,5,9-N1-4-B-035101,line_service,L. de Luzarches,Pinceau,2026-04-08 12:52:21.000000000,2026-04-08 12:53:50.000000000,1.4833333333333334,0.3431323580300078,13.879511111326158,10.083906448902566,0.249296576097869,83.43108484711729,83.38616654511767,121.54893333739825,False
mercedes_ecitaro,Mercedes-Benz eCitaro,330,5,9-N1-4-B-035101,line_service,Pinceau,Caserne Dejean,2026-04-08 12:54:20.000000000,2026-04-08 12:56:07.000000000,1.7833333333333334,0.40589661587311254,13.656334739656122,9.955410597282219,0.29589692608588813,83.38241279136392,83.329098029907,121.95482995327136,False
mercedes_ecitaro,Mercedes-Benz eCitaro,331,5,9-N1-4-B-035101,line_service,Caserne Dejean,Gare du Nord A,2026-04-08 12:56:37.000000000,2026-04-08 12:58:21.000000000,1.7333333333333334,0.3916364257160486,13.55664550555553,9.898116829554354,0.2859455972982369,83.32534427615325,83.27382254691032,122.3464663789874,False
mercedes_ecitaro,Mercedes-Benz eCitaro,332,5,9-N1-4-B-035101,line_service,Gare du Nord A,René Goblet,2026-04-08 12:58:51.000000000,2026-04-08 13:01:19.000000000,2.466666666666667,0.3279417105779169,7.976960527570951,6.7783736367491745,0.2786664717330216,83.27006879315657,83.21985861806954,122.67440808956532,False
mercedes_ecitaro,Mercedes-Benz eCitaro,333,5,9-N1-4-B-035101,line_service,René Goblet,P. de Justice,2026-04-08 13:01:49.000000000,2026-04-08 13:02:43.000000000,0.9,0.2252173059067505,15.014487060450033,10.742498468974079,0.16113747703461115,83.21610486431578,83.18707108466991,122.89962539547207,False
mercedes_ecitaro,Mercedes-Benz eCitaro,334,5,9-N1-4-B-035101,line_service,P. de Justice,Dusevel,2026-04-08 13:03:13.000000000,2026-04-08 13:04:11.000000000,0.9666666666666667,0.2299992746993994,14.275817050307548,10.312884400903368,0.1661520264589987,83.18331733091615,83.15338002885147,123.12962467017147,False
mercedes_ecitaro,Mercedes-Benz eCitaro,335,5,9-N1-4-B-035101,line_service,Dusevel,Beffroi,2026-04-08 13:04:41.000000000,2026-04-08 13:05:42.000000000,1.0166666666666666,0.2188226139254244,12.914121477566031,9.530336567981031,0.1614862585130119,83.14962627509772,83.12052965194222,123.34844728409689,False
mercedes_ecitaro,Mercedes-Benz eCitaro,336,5,9-N1-4-B-035101,line_service,Beffroi,Place du Marché,2026-04-08 13:06:12.000000000,2026-04-08 13:07:06.000000000,0.9,0.18907722066752727,12.605148044501819,9.35437701167304,0.14031565517509562,83.11677589818846,83.0914937981569,123.53752450476443,False
mercedes_ecitaro,Mercedes-Benz eCitaro,337,5,9-N1-4-B-035101,line_service,Place du Marché,M. Culture B,2026-04-08 13:07:36.000000000,2026-04-08 13:08:21.000000000,0.75,0.17178613535708173,13.742890828566539,10.005207964905962,0.12506509956132453,83.08774004440316,83.06520579222995,123.7093106401215,False
mercedes_ecitaro,Mercedes-Benz eCitaro,338,5,9-N1-4-B-035101,line_service,M. Culture B,Saint-Jacques,2026-04-08 13:08:51.000000000,2026-04-08 13:09:39.000000000,0.8,0.2918119105170466,21.885893288778494,14.947805699382515,0.1993040759917669,83.06145203847619,83.02554139415335,124.00112255063856,False
mercedes_ecitaro,Mercedes-Benz eCitaro,339,5,9-N1-4-B-035101,line_service,Saint-Jacques,Jean Jaurès,2026-04-08 13:10:09.000000000,2026-04-08 13:11:11.000000000,1.0333333333333334,0.3507042974526486,20.36347533596024,13.979689002432178,0.24076131059744307,83.0217876403996,82.97840722407574,124.3518268480912,False
mercedes_ecitaro,Mercedes-Benz eCitaro,340,5,9-N1-4-B-035101,line_service,Jean Jaurès,Zoo d'Amiens,2026-04-08 13:11:41.000000000,2026-04-08 13:12:53.000000000,1.2,0.40281609573225763,20.14080478661288,13.839983331209853,0.276799666624197,82.97465347032198,82.92477965651582,124.75464294382347,False
mercedes_ecitaro,Mercedes-Benz eCitaro,341,5,9-N1-4-B-035101,line_service,Zoo d'Amiens,Egl. St-Firmin,2026-04-08 13:13:23.000000000,2026-04-08 13:14:28.000000000,1.0833333333333333,0.37638436041502576,20.845903038370658,14.283997606969104,0.25790551234805326,82.92102590276207,82.87455644107773,125.1310273042385,False
mercedes_ecitaro,Mercedes-Benz eCitaro,342,5,9-N1-4-B-035101,line_service,Egl. St-Firmin,Faubourg de Hem,2026-04-08 13:14:58.000000000,2026-04-08 13:15:51.000000000,0.8833333333333333,0.3007481358168622,20.428175263032152,14.020370787798544,0.20641101437592305,82.87080268732397,82.83361151356254,125.43177544005535,False
mercedes_ecitaro,Mercedes-Benz eCitaro,343,5,9-N1-4-B-035101,line_service,Faubourg de Hem,Espace Alliance,2026-04-08 13:16:21.000000000,2026-04-08 13:17:05.000000000,0.7333333333333333,0.24201898261847898,19.8015531233301,13.628030793913387,0.16656482081449694,82.82985775980879,82.79984608038276,125.67379442267384,False
mercedes_ecitaro,Mercedes-Benz eCitaro,344,5,9-N1-4-B-035101,line_service,Espace Alliance,Sully,2026-04-08 13:17:35.000000000,2026-04-08 13:19:06.000000000,1.5166666666666666,0.5124653653664172,20.273355113396722,13.923090033058784,0.35194477583565265,82.79609232662901,82.73267885350546,126.18625978804025,False
mercedes_ecitaro,Mercedes-Benz eCitaro,345,5,9-N1-4-B-035101,line_service,Sully,Place la Barre,2026-04-08 13:19:36.000000000,2026-04-08 13:21:21.000000000,1.75,0.5814235833007191,19.934522856024653,13.710977433876819,0.3999035084880738,82.7289250997517,82.65687041353763,126.76768337134098,False
mercedes_ecitaro,Mercedes-Benz eCitaro,346,5,9-N1-4-B-035101,line_service,Place la Barre,La Fontaine,2026-04-08 13:21:51.000000000,2026-04-08 13:23:00.000000000,1.15,0.32116148117311843,16.75625119164096,11.771043507106238,0.2256116672195362,82.65311665978388,82.61246590893352,127.08884485251409,False
mercedes_ecitaro,Mercedes-Benz eCitaro,347,5,9-N1-4-B-035101,line_service,La Fontaine,Les Coursives,2026-04-08 13:23:30.000000000,2026-04-08 13:24:14.000000000,0.7333333333333333,0.23368404358993675,19.11960356644937,13.205182837280407,0.1613966791223161,82.60871215517976,82.57963167245502,127.32252889610402,False
mercedes_ecitaro,Mercedes-Benz eCitaro,348,5,9-N1-4-B-035101,line_service,Les Coursives,Languedoc,2026-04-08 13:24:44.000000000,2026-04-08 13:25:39.000000000,0.9166666666666666,0.2930331102299119,19.1803490332306,13.242677402966896,0.20231868254532756,82.57587791870127,82.53942410202643,127.61556200633393,False
mercedes_ecitaro,Mercedes-Benz eCitaro,349,5,9-N1-4-B-035101,line_service,Languedoc,Collège R.Parks,2026-04-08 13:26:09.000000000,2026-04-08 13:27:29.000000000,1.3333333333333333,0.3206006811443548,14.427030651495967,10.40052786970044,0.23112284154889867,82.53567034827267,82.49402659303864,127.93616268747829,False
mercedes_ecitaro,Mercedes-Benz eCitaro,350,5,9-N1-4-B-035101,line_service,Collège R.Parks,Martinique,2026-04-08 13:27:59.000000000,2026-04-08 13:28:53.000000000,0.9,0.27082614139471256,18.05507609298084,12.553382066466641,0.18830073099699965,82.49027283928488,82.45634477964579,128.206988828873,False
mercedes_ecitaro,Mercedes-Benz eCitaro,351,5,9-N1-4-B-035101,line_service,Martinique,Etouvie Quai A,2026-04-08 13:29:23.000000000,2026-04-08 13:31:21.000000000,1.9666666666666666,0.27408690803195346,8.361973465381629,6.988977513860954,0.22908315184322015,82.45259102589203,82.41131478231668,128.48107573690496,False
mercedes_ecitaro,Mercedes-Benz eCitaro,352,6,9-N1-2-B-034901,line_service,Etouvie Quai A,Martinique,2026-04-08 13:31:21.000000000,2026-04-08 13:32:17.000000000,0.9333333333333333,0.2419015249612658,15.550812318938515,11.05682101919863,0.17199499363197868,82.41131478231668,82.38032469337398,128.72297726186622,False
mercedes_ecitaro,Mercedes-Benz eCitaro,353,6,9-N1-2-B-034901,line_service,Martinique,Collège R.Parks,2026-04-08 13:32:47.000000000,2026-04-08 13:33:54.000000000,1.1166666666666667,0.3307630000086095,17.77234029897006,12.381899008765696,0.2304408982186949,82.37657093962022,82.3350500570583,129.05374026187482,False
mercedes_ecitaro,Mercedes-Benz eCitaro,354,6,9-N1-2-B-034901,line_service,Collège R.Parks,Languedoc,2026-04-08 13:34:24.000000000,2026-04-08 13:35:38.000000000,1.2333333333333334,0.29681987678393196,14.439885897596689,10.407985877821334,0.2139419319329941,82.33129630330455,82.29274820746076,129.35056013865878,False
mercedes_ecitaro,Mercedes-Benz eCitaro,355,6,9-N1-2-B-034901,line_service,Languedoc,Les coursives,2026-04-08 13:36:08.000000000,2026-04-08 13:37:04.000000000,0.9333333333333333,0.297726462758007,19.139558320157594,13.217496071507208,0.2056054944456677,82.288994453707,82.25194841867176,129.64828660141677,False
mercedes_ecitaro,Mercedes-Benz eCitaro,356,6,9-N1-2-B-034901,line_service,Les coursives,La Fontaine,2026-04-08 13:37:34.000000000,2026-04-08 13:38:19.000000000,0.75,0.22794980309080773,18.23598424726462,12.663459214121442,0.15829324017651802,82.248194664918,82.21967336038169,129.87623640450758,False
mercedes_ecitaro,Mercedes-Benz eCitaro,357,6,9-N1-2-B-034901,line_service,La Fontaine,Place la Barre,2026-04-08 13:38:49.000000000,2026-04-08 13:39:50.000000000,1.0166666666666666,0.2788940733458619,16.459322361395127,11.5940864387973,0.19645535354628757,82.21591960662793,82.18052224562861,130.15513047785345,False
mercedes_ecitaro,Mercedes-Benz eCitaro,358,6,9-N1-2-B-034901,line_service,Place la Barre,Sully,2026-04-08 13:40:20.000000000,2026-04-08 13:41:54.000000000,1.5666666666666667,0.5529827646282706,21.178063326189086,14.494837120605796,0.37847630259359577,82.17676849187485,82.1085745634796,130.70811324248172,False
mercedes_ecitaro,Mercedes-Benz eCitaro,359,6,9-N1-2-B-034901,line_service,Sully,Espace Alliance,2026-04-08 13:42:24.000000000,2026-04-08 13:43:57.000000000,1.55,0.5412636534432308,20.952141423608936,14.351314697241989,0.37074229634541805,82.10482080972585,82.03802039596992,131.24937689592494,False
mercedes_ecitaro,Mercedes-Benz eCitaro,360,6,9-N1-2-B-034901,line_service,Espace Alliance,Faubourg de Hem,2026-04-08 13:44:27.000000000,2026-04-08 13:45:20.000000000,0.8833333333333333,0.3068484114845754,20.842533610273048,14.281864401781007,0.21026078147066482,82.03426664221617,81.99638181672596,131.5562253074095,False
mercedes_ecitaro,Mercedes-Benz eCitaro,361,6,9-N1-2-B-034901,line_service,Faubourg de Hem,Egl. St-Firmin,2026-04-08 13:45:50.000000000,2026-04-08 13:46:32.000000000,0.7,0.29644718539430037,25.409758748082893,17.282560219061118,0.20162986922237972,81.9926280629722,81.956298356806,131.8526724928038,False
mercedes_ecitaro,Mercedes-Benz eCitaro,362,6,9-N1-2-B-034901,line_service,Egl. St-Firmin,Zoo d'Amiens,2026-04-08 13:47:02.000000000,2026-04-08 13:47:58.000000000,0.9333333333333333,0.3979625757415526,25.58330844052838,17.401196362585694,0.270685276751333,81.95254460305225,81.90377248111508,132.25063506854536,False
mercedes_ecitaro,Mercedes-Benz eCitaro,363,6,9-N1-2-B-034901,line_service,Zoo d'Amiens,Jean Jaurès,2026-04-08 13:48:28.000000000,2026-04-08 13:49:24.000000000,0.9333333333333333,0.38776459722543666,24.9277241073495,16.954920605978714,0.26374320942633556,81.90001872736133,81.85249742836558,132.63839966577078,False
mercedes_ecitaro,Mercedes-Benz eCitaro,364,6,9-N1-2-B-034901,line_service,Jean Jaurès,Saint-Jacques,2026-04-08 13:49:54.000000000,2026-04-08 13:50:47.000000000,0.8833333333333333,0.3538188673320645,24.032979667838347,16.353911877036154,0.24076592485636555,81.84874367461182,81.80536242688996,132.99221853310286,False
mercedes_ecitaro,Mercedes-Benz eCitaro,365,6,9-N1-2-B-034901,line_service,Saint-Jacques,M. Culture A,2026-04-08 13:51:17.000000000,2026-04-08 13:51:50.000000000,0.55,0.24280373751186532,26.487680455839854,18.025307499846743,0.16523198541526182,81.8016086731362,81.77183714423255,133.2350222706147,False
mercedes_ecitaro,Mercedes-Benz eCitaro,366,6,9-N1-2-B-034901,line_service,M. Culture A,Hôtel de Ville,2026-04-08 13:52:20.000000000,2026-04-08 13:54:20.000000000,2.0,0.29674165114956036,8.90224953448681,7.285495885312494,0.24284986284374976,81.76808339047881,81.72432665843488,133.53176392176428,False
mercedes_ecitaro,Mercedes-Benz eCitaro,367,6,9-N1-2-B-034901,line_service,Hôtel de Ville,Jacobins,2026-04-08 13:54:50.000000000,2026-04-08 13:55:47.000000000,0.95,0.22829410594169391,14.418575112106984,10.39562297288138,0.16459736373728853,81.72057290468112,81.69091572202575,133.76005802770595,False
mercedes_ecitaro,Mercedes-Benz eCitaro,368,6,9-N1-2-B-034901,line_service,Jacobins,Emile Zola,2026-04-08 13:56:17.000000000,2026-04-08 13:57:38.000000000,1.35,0.32611241962366005,14.493885316607114,10.43932601398859,0.23488483531474327,81.68716196827201,81.6448403763234,134.0861704473296,False
mercedes_ecitaro,Mercedes-Benz eCitaro,369,6,9-N1-2-B-034901,line_service,Emile Zola,Gare du Nord B,2026-04-08 13:58:08.000000000,2026-04-08 14:00:50.000000000,2.7,0.35548637357572055,7.899697190571568,6.736177798628873,0.3031280009382993,81.64108662256965,81.58646896474292,134.44165682090534,False
mercedes_ecitaro,Mercedes-Benz eCitaro,370,6,9-N1-2-B-034901,line_service,Gare du Nord B,Caserne Dejean,2026-04-08 14:01:20.000000000,2026-04-08 14:02:53.000000000,1.55,0.3681948881034494,14.252705345939976,10.299502354459811,0.2660704774902118,81.58271521098918,81.53477458441436,134.8098517090088,False
mercedes_ecitaro,Mercedes-Benz eCitaro,371,6,9-N1-2-B-034901,line_service,Caserne Dejean,Pinceau,2026-04-08 14:03:23.000000000,2026-04-08 14:04:55.000000000,1.5333333333333334,0.35537552735134686,13.905998896357051,10.099178424665343,0.2580901152970032,81.53102083066061,81.48451810718367,135.16522723636012,False
mercedes_ecitaro,Mercedes-Benz eCitaro,372,6,9-N1-2-B-034901,line_service,Pinceau,L. de Luzarches,2026-04-08 14:05:25.000000000,2026-04-08 14:07:20.000000000,1.9166666666666667,0.44705548624280317,13.994780438905144,10.150400279848174,0.3242488978284834,81.48076435342992,81.42234112859595,135.61228272260294,False
mercedes_ecitaro,Mercedes-Benz eCitaro,373,6,9-N1-2-B-034901,line_service,L. de Luzarches,Egl. St-Acheul,2026-04-08 14:07:50.000000000,2026-04-08 14:08:30.000000000,0.6666666666666666,0.3248685267650074,29.238167408850664,19.98722484585692,0.2220802760650769,81.41858737484219,81.37857291068633,135.93715124936796,False
mercedes_ecitaro,Mercedes-Benz eCitaro,374,6,9-N1-2-B-034901,line_service,Egl. St-Acheul,Mercey,2026-04-08 14:09:00.000000000,2026-04-08 14:09:55.000000000,0.9166666666666666,0.45179666905185245,29.572145610666706,20.23230889370291,0.30910471920935007,81.37481915693257,81.31912461293089,136.3889479184198,False
mercedes_ecitaro,Mercedes-Benz eCitaro,375,6,9-N1-2-B-034901,line_service,Mercey,Sobo,2026-04-08 14:10:25.000000000,2026-04-08 14:11:24.000000000,0.9833333333333333,0.4818036462949089,29.398188587485965,20.10446194015695,0.32948979290812774,81.31537085917714,81.25600332892341,136.8707515647147,False
mercedes_ecitaro,Mercedes-Benz eCitaro,376,6,9-N1-2-B-034901,line_service,Sobo,Pont de l'Avre,2026-04-08 14:11:54.000000000,2026-04-08 14:13:20.000000000,1.4333333333333333,0.7075852717526405,29.61984858499426,20.267440548072262,0.4841666353150596,81.25224957516966,81.16501234358137,137.57833683646734,False
mercedes_ecitaro,Mercedes-Benz eCitaro,377,6,9-N1-2-B-034901,line_service,Pont de l'Avre,Cité du Château,2026-04-08 14:13:50.000000000,2026-04-08 14:14:32.000000000,0.7,0.2966141068969825,25.424066305455643,17.29232707664838,0.20174381589423113,81.16125858982761,81.12490835272955,137.87495094336433,False
mercedes_ecitaro,Mercedes-Benz eCitaro,378,6,9-N1-2-B-034901,line_service,Cité du Château,La Rose Rouge,2026-04-08 14:15:02.000000000,2026-04-08 14:15:50.000000000,0.8,0.3329543642312839,24.97157731734629,16.984614749484873,0.22646152999313165,81.12115459897579,81.08035071969775,138.2079053075956,False
mercedes_ecitaro,Mercedes-Benz eCitaro,379,6,9-N1-2-B-034901,line_service,La Rose Rouge,Poidevin,2026-04-08 14:16:20.000000000,2026-04-08 14:16:51.000000000,0.5166666666666667,0.2251396338173497,26.145247798143835,17.787818516889004,0.1531728816732109,81.07659696594399,81.0489982485254,138.43304494141296,False
mercedes_ecitaro,Mercedes-Benz eCitaro,380,6,9-N1-2-B-034901,line_service,Poidevin,M. de Longueau,2026-04-08 14:17:21.000000000,2026-04-08 14:18:05.000000000,0.7333333333333333,0.3145014195772681,25.731934329049206,17.50308167993473,0.21392655386586892,81.04524449477165,81.00669916975076,138.74754636099024,False
mercedes_ecitaro,Mercedes-Benz eCitaro,381,6,9-N1-2-B-034901,line_service,M. de Longueau,La Fourche,2026-04-08 14:18:35.000000000,2026-04-08 14:19:12.000000000,0.6166666666666667,0.25663398574137214,24.96979320726864,16.983406243795105,0.17455167528344973,81.002945415997,80.97149466369369,139.00418034673163,False
mercedes_ecitaro,Mercedes-Benz eCitaro,382,6,9-N1-2-B-034901,line_service,La Fourche,Croix de Fer,2026-04-08 14:19:42.000000000,2026-04-08 14:21:20.000000000,1.6333333333333333,0.6510902221706201,23.91759999810441,16.27707312975203,0.44309810186547194,80.96774090993993,80.88790341410831,139.65527056890227,False
mercedes_ecitaro,Mercedes-Benz eCitaro,383,6,9-N1-2-B-034901,line_service,Croix de Fer,C. Cial Glisy,2026-04-08 14:21:50.000000000,2026-04-08 14:24:12.000000000,2.3666666666666667,0.70341712703917,17.833110262964873,12.418700315873616,0.48984873468168155,80.88414966035455,80.79588862707858,140.35868769594143,False
mercedes_ecitaro,Mercedes-Benz eCitaro,384,6,9-N1-2-B-034901,line_service,C. Cial Glisy,Capitaine Nemo,2026-04-08 14:24:42.000000000,2026-04-08 14:25:10.000000000,0.4666666666666667,0.13672688382470435,17.57917077746199,12.265122289306849,0.0953953955834977,80.79213487332483,80.77494651376023,140.49541457976613,False
mercedes_ecitaro,Mercedes-Benz eCitaro,385,6,9-N1-2-B-034901,line_service,Capitaine Nemo,Pôle J. Verne,2026-04-08 14:25:40.000000000,2026-04-08 14:27:50.000000000,2.1666666666666665,0.3234478124594319,8.957016345030421,7.3156201106816745,0.26417517066350493,80.77119276000647,80.7235936301572,140.81886239222555,False
mercedes_ecitaro,Mercedes-Benz eCitaro,386,6,9-N1-4-B-035101,line_service,Pôle J. Verne,Capitaine Nemo,2026-04-08 14:28:20.000000000,2026-04-08 14:29:31.000000000,1.1833333333333333,0.3340181708930427,16.93613260866132,11.878580971251235,0.23427201359967714,80.71983987640344,80.67762870278187,141.1528805631186,False
mercedes_ecitaro,Mercedes-Benz eCitaro,387,6,9-N1-4-B-035101,line_service,Capitaine Nemo,C. Cial Glisy,2026-04-08 14:30:01.000000000,2026-04-08 14:30:22.000000000,0.35,0.12291799931516653,21.07165702545712,14.427177180198683,0.08415853355115899,80.67387494902812,80.65871124928918,141.27579856243378,False
mercedes_ecitaro,Mercedes-Benz eCitaro,388,6,9-N1-4-B-035101,line_service,C. Cial Glisy,Croix de Fer,2026-04-08 14:30:52.000000000,2026-04-08 14:33:19.000000000,2.45,0.6859620842301216,16.79907145053359,11.79661936587016,0.4816952907730316,80.65495749553543,80.568165551252,141.9617606466639,False
mercedes_ecitaro,Mercedes-Benz eCitaro,389,6,9-N1-4-B-035101,line_service,Croix de Fer,La Fourche,2026-04-08 14:33:49.000000000,2026-04-08 14:35:37.000000000,1.8,0.7465227463047002,24.88409154349001,16.92539814763343,0.5077619444290029,80.56441179749824,80.47292315886239,142.70828339296858,False
mercedes_ecitaro,Mercedes-Benz eCitaro,390,6,9-N1-4-B-035101,line_service,La Fourche,M. de Longueau,2026-04-08 14:36:07.000000000,2026-04-08 14:36:39.000000000,0.5333333333333333,0.23645430499839581,26.60110931231953,18.10429412886066,0.16092705892320586,80.46916940510863,80.44017353863597,142.94473769796699,False
mercedes_ecitaro,Mercedes-Benz eCitaro,391,6,9-N1-4-B-035101,line_service,M. de Longueau,Poidevin,2026-04-08 14:37:09.000000000,2026-04-08 14:37:42.000000000,0.55,0.23823148868252741,25.98888967445754,17.679857275640913,0.1620653583600417,80.43641978488222,80.40721881941195,143.1829691866495,False
mercedes_ecitaro,Mercedes-Benz eCitaro,392,6,9-N1-4-B-035101,line_service,Poidevin,La Rose Rouge,2026-04-08 14:38:12.000000000,2026-04-08 14:38:51.000000000,0.65,0.2830530932557657,26.127977838993758,17.775879384511274,0.1925720266655388,80.4034650656582,80.36876740319593,143.46602227990527,False
mercedes_ecitaro,Mercedes-Benz eCitaro,393,6,9-N1-4-B-035101,line_service,La Rose Rouge,Cité du Château,2026-04-08 14:39:21.000000000,2026-04-08 14:40:13.000000000,0.8666666666666667,0.38252636844861737,26.482594738750432,18.021769783997197,0.26031445243551504,80.36501364944218,80.31811014449883,143.8485486483539,False
mercedes_ecitaro,Mercedes-Benz eCitaro,394,6,9-N1-4-B-035101,line_service,Cité du Château,Pont de l'Avre,2026-04-08 14:40:43.000000000,2026-04-08 14:41:19.000000000,0.6,0.25904003764462646,25.904003764462647,17.621370476656775,0.17621370476656775,80.31435639074508,80.28260617367002,144.1075886859985,False
mercedes_ecitaro,Mercedes-Benz eCitaro,395,6,9-N1-4-B-035101,line_service,Pont de l'Avre,Sobo,2026-04-08 14:41:49.000000000,2026-04-08 14:43:46.000000000,1.95,0.7786426370279388,23.95823498547504,16.30411753685129,0.529883819947667,80.27885241991628,80.18337785776353,144.88623132302646,False
mercedes_ecitaro,Mercedes-Benz eCitaro,396,6,9-N1-4-B-035101,line_service,Sobo,Mercey,2026-04-08 14:44:16.000000000,2026-04-08 14:45:31.000000000,1.25,0.49486888000554236,23.753706240266034,16.168181881260054,0.3368371225262511,80.17962410400978,80.11893273058163,145.38110020303202,False
mercedes_ecitaro,Mercedes-Benz eCitaro,397,6,9-N1-4-B-035101,line_service,Mercey,Egl. St-Acheul,2026-04-08 14:46:01.000000000,2026-04-08 14:47:07.000000000,1.1,0.44351095510688016,24.191506642193463,16.459729677939862,0.3017617107622308,80.11517897682788,80.06080749741126,145.8246111581389,False
mercedes_ecitaro,Mercedes-Benz eCitaro,398,6,9-N1-4-B-035101,line_service,Egl. St-Acheul,L. de Luzarches,2026-04-08 14:47:37.000000000,2026-04-08 14:48:19.000000000,0.7,0.27740496861036323,23.777568738031135,16.184017525487164,0.18881353779735024,80.0570537436575,80.02303328639672,146.10201612674925,False
mercedes_ecitaro,Mercedes-Benz eCitaro,399,6,9-N1-4-B-035101,line_service,L. de Luzarches,Pinceau,2026-04-08 14:48:49.000000000,2026-04-08 14:50:18.000000000,1.4833333333333334,0.3431323580300078,13.879511111326158,10.083906448902566,0.249296576097869,80.01927953264297,79.97436123064335,146.44514848477925,False
mercedes_ecitaro,Mercedes-Benz eCitaro,400,6,9-N1-4-B-035101,line_service,Pinceau,Caserne Dejean,2026-04-08 14:50:48.000000000,2026-04-08 14:52:35.000000000,1.7833333333333334,0.40589661587311254,13.656334739656122,9.955410597282219,0.29589692608588813,79.9706074768896,79.91729271543268,146.85104510065239,False
mercedes_ecitaro,Mercedes-Benz eCitaro,401,6,9-N1-4-B-035101,line_service,Caserne Dejean,Gare du Nord A,2026-04-08 14:53:05.000000000,2026-04-08 14:54:49.000000000,1.7333333333333334,0.3916364257160486,13.55664550555553,9.898116829554354,0.2859455972982369,79.91353896167892,79.86201723243599,147.24268152636841,False
mercedes_ecitaro,Mercedes-Benz eCitaro,402,6,9-N1-4-B-035101,line_service,Gare du Nord A,René Goblet,2026-04-08 14:55:19.000000000,2026-04-08 14:57:47.000000000,2.466666666666667,0.3279417105779169,7.976960527570951,6.7783736367491745,0.2786664717330216,79.85826347868225,79.80805330359522,147.57062323694635,False
mercedes_ecitaro,Mercedes-Benz eCitaro,403,6,9-N1-4-B-035101,line_service,René Goblet,P. de Justice,2026-04-08 14:58:17.000000000,2026-04-08 14:59:11.000000000,0.9,0.2252173059067505,15.014487060450033,10.742498468974079,0.16113747703461115,79.80429954984146,79.77526577019557,147.7958405428531,False
mercedes_ecitaro,Mercedes-Benz eCitaro,404,6,9-N1-4-B-035101,line_service,P. de Justice,Dusevel,2026-04-08 14:59:41.000000000,2026-04-08 15:00:39.000000000,0.9666666666666667,0.2299992746993994,14.275817050307548,10.312884400903368,0.1661520264589987,79.77151201644182,79.74157471437714,148.0258398175525,False
mercedes_ecitaro,Mercedes-Benz eCitaro,405,6,9-N1-4-B-035101,line_service,Dusevel,Beffroi,2026-04-08 15:01:09.000000000,2026-04-08 15:02:10.000000000,1.0166666666666666,0.2188226139254244,12.914121477566031,9.530336567981031,0.1614862585130119,79.7378209606234,79.70872433746788,148.2446624314779,False
mercedes_ecitaro,Mercedes-Benz eCitaro,406,6,9-N1-4-B-035101,line_service,Beffroi,Place du Marché,2026-04-08 15:02:40.000000000,2026-04-08 15:03:34.000000000,0.9,0.18907722066752727,12.605148044501819,9.35437701167304,0.14031565517509562,79.70497058371413,79.67968848368258,148.43373965214545,False
mercedes_ecitaro,Mercedes-Benz eCitaro,407,6,9-N1-4-B-035101,line_service,Place du Marché,M. Culture B,2026-04-08 15:04:04.000000000,2026-04-08 15:04:49.000000000,0.75,0.17178613535708173,13.742890828566539,10.005207964905962,0.12506509956132453,79.67593472992883,79.65340047775562,148.60552578750253,False
mercedes_ecitaro,Mercedes-Benz eCitaro,408,6,9-N1-4-B-035101,line_service,M. Culture B,Saint-Jacques,2026-04-08 15:05:19.000000000,2026-04-08 15:06:07.000000000,0.8,0.2918119105170466,21.885893288778494,14.947805699382515,0.1993040759917669,79.64964672400187,79.61373607967903,148.89733769801958,False
mercedes_ecitaro,Mercedes-Benz eCitaro,409,6,9-N1-4-B-035101,line_service,Saint-Jacques,Jean Jaurès,2026-04-08 15:06:37.000000000,2026-04-08 15:07:39.000000000,1.0333333333333334,0.3507042974526486,20.36347533596024,13.979689002432178,0.24076131059744307,79.60998232592527,79.56660190960142,149.24804199547222,False
mercedes_ecitaro,Mercedes-Benz eCitaro,410,6,9-N1-4-B-035101,line_service,Jean Jaurès,Zoo d'Amiens,2026-04-08 15:08:09.000000000,2026-04-08 15:09:21.000000000,1.2,0.40281609573225763,20.14080478661288,13.839983331209853,0.276799666624197,79.56284815584766,79.51297434204149,149.6508580912045,False
mercedes_ecitaro,Mercedes-Benz eCitaro,411,6,9-N1-4-B-035101,line_service,Zoo d'Amiens,Egl. St-Firmin,2026-04-08 15:09:51.000000000,2026-04-08 15:10:56.000000000,1.0833333333333333,0.37638436041502576,20.845903038370658,14.283997606969104,0.25790551234805326,79.50922058828775,79.46275112660341,150.02724245161951,False
mercedes_ecitaro,Mercedes-Benz eCitaro,412,6,9-N1-4-B-035101,line_service,Egl. St-Firmin,Faubourg de Hem,2026-04-08 15:11:26.000000000,2026-04-08 15:12:19.000000000,0.8833333333333333,0.3007481358168622,20.428175263032152,14.020370787798544,0.20641101437592305,79.45899737284965,79.42180619908822,150.32799058743637,False
mercedes_ecitaro,Mercedes-Benz eCitaro,413,6,9-N1-4-B-035101,line_service,Faubourg de Hem,Espace Alliance,2026-04-08 15:12:49.000000000,2026-04-08 15:13:33.000000000,0.7333333333333333,0.24201898261847898,19.8015531233301,13.628030793913387,0.16656482081449694,79.41805244533447,79.38804076590843,150.57000957005482,False
mercedes_ecitaro,Mercedes-Benz eCitaro,414,6,9-N1-4-B-035101,line_service,Espace Alliance,Sully,2026-04-08 15:14:03.000000000,2026-04-08 15:15:34.000000000,1.5166666666666666,0.5124653653664172,20.273355113396722,13.923090033058784,0.35194477583565265,79.38428701215469,79.32087353903114,151.08247493542126,False
mercedes_ecitaro,Mercedes-Benz eCitaro,415,6,9-N1-4-B-035101,line_service,Sully,Place la Barre,2026-04-08 15:16:04.000000000,2026-04-08 15:17:49.000000000,1.75,0.5814235833007191,19.934522856024653,13.710977433876819,0.3999035084880738,79.31711978527738,79.24506509906331,151.663898518722,False
mercedes_ecitaro,Mercedes-Benz eCitaro,416,6,9-N1-4-B-035101,line_service,Place la Barre,La Fontaine,2026-04-08 15:18:19.000000000,2026-04-08 15:19:28.000000000,1.15,0.32116148117311843,16.75625119164096,11.771043507106238,0.2256116672195362,79.24131134530955,79.2006605944592,151.9850599998951,False
mercedes_ecitaro,Mercedes-Benz eCitaro,417,6,9-N1-4-B-035101,line_service,La Fontaine,Les Coursives,2026-04-08 15:19:58.000000000,2026-04-08 15:20:42.000000000,0.7333333333333333,0.23368404358993675,19.11960356644937,13.205182837280407,0.1613966791223161,79.19690684070544,79.1678263579807,152.21874404348506,False
mercedes_ecitaro,Mercedes-Benz eCitaro,418,6,9-N1-4-B-035101,line_service,Les Coursives,Languedoc,2026-04-08 15:21:12.000000000,2026-04-08 15:22:07.000000000,0.9166666666666666,0.2930331102299119,19.1803490332306,13.242677402966896,0.20231868254532756,79.16407260422694,79.12761878755211,152.51177715371497,False
mercedes_ecitaro,Mercedes-Benz eCitaro,419,6,9-N1-4-B-035101,line_service,Languedoc,Collège R.Parks,2026-04-08 15:22:37.000000000,2026-04-08 15:23:57.000000000,1.3333333333333333,0.3206006811443548,14.427030651495967,10.40052786970044,0.23112284154889867,79.12386503379835,79.08222127856432,152.83237783485933,False
mercedes_ecitaro,Mercedes-Benz eCitaro,420,6,9-N1-4-B-035101,line_service,Collège R.Parks,Martinique,2026-04-08 15:24:27.000000000,2026-04-08 15:25:21.000000000,0.9,0.27082614139471256,18.05507609298084,12.553382066466641,0.18830073099699965,79.07846752481056,79.04453946517147,153.10320397625404,False
mercedes_ecitaro,Mercedes-Benz eCitaro,421,6,9-N1-4-B-035101,line_service,Martinique,Etouvie Quai A,2026-04-08 15:25:51.000000000,2026-04-08 15:27:49.000000000,1.9666666666666666,0.27408690803195346,8.361973465381629,6.988977513860954,0.22908315184322015,79.04078571141771,78.99950946784236,153.377290884286,False
mercedes_ecitaro,Mercedes-Benz eCitaro,422,7,9-N1-2-B-034901,line_service,Etouvie Quai A,Martinique,2026-04-08 15:27:49.000000000,2026-04-08 15:28:45.000000000,0.9333333333333333,0.2419015249612658,15.550812318938515,11.05682101919863,0.17199499363197868,78.99950946784236,78.96851937889966,153.61919240924723,False
mercedes_ecitaro,Mercedes-Benz eCitaro,423,7,9-N1-2-B-034901,line_service,Martinique,Collège R.Parks,2026-04-08 15:29:15.000000000,2026-04-08 15:30:22.000000000,1.1166666666666667,0.3307630000086095,17.77234029897006,12.381899008765696,0.2304408982186949,78.9647656251459,78.92324474258398,153.94995540925586,False
mercedes_ecitaro,Mercedes-Benz eCitaro,424,7,9-N1-2-B-034901,line_service,Collège R.Parks,Languedoc,2026-04-08 15:30:52.000000000,2026-04-08 15:32:06.000000000,1.2333333333333334,0.29681987678393196,14.439885897596689,10.407985877821334,0.2139419319329941,78.91949098883022,78.88094289298644,154.2467752860398,False
mercedes_ecitaro,Mercedes-Benz eCitaro,425,7,9-N1-2-B-034901,line_service,Languedoc,Les coursives,2026-04-08 15:32:36.000000000,2026-04-08 15:33:32.000000000,0.9333333333333333,0.297726462758007,19.139558320157594,13.217496071507208,0.2056054944456677,78.87718913923268,78.84014310419744,154.5445017487978,False
mercedes_ecitaro,Mercedes-Benz eCitaro,426,7,9-N1-2-B-034901,line_service,Les coursives,La Fontaine,2026-04-08 15:34:02.000000000,2026-04-08 15:34:47.000000000,0.75,0.22794980309080773,18.23598424726462,12.663459214121442,0.15829324017651802,78.83638935044368,78.80786804590737,154.7724515518886,False
mercedes_ecitaro,Mercedes-Benz eCitaro,427,7,9-N1-2-B-034901,line_service,La Fontaine,Place la Barre,2026-04-08 15:35:17.000000000,2026-04-08 15:36:18.000000000,1.0166666666666666,0.2788940733458619,16.459322361395127,11.5940864387973,0.19645535354628757,78.80411429215361,78.76871693115427,155.0513456252345,False
mercedes_ecitaro,Mercedes-Benz eCitaro,428,7,9-N1-2-B-034901,line_service,Place la Barre,Sully,2026-04-08 15:36:48.000000000,2026-04-08 15:38:22.000000000,1.5666666666666667,0.5529827646282706,21.178063326189086,14.494837120605796,0.37847630259359577,78.76496317740052,78.69676924900529,155.60432838986276,False
mercedes_ecitaro,Mercedes-Benz eCitaro,429,7,9-N1-2-B-034901,line_service,Sully,Espace Alliance,2026-04-08 15:38:52.000000000,2026-04-08 15:40:25.000000000,1.55,0.5412636534432308,20.952141423608936,14.351314697241989,0.37074229634541805,78.69301549525153,78.62621508149559,156.14559204330598,False
mercedes_ecitaro,Mercedes-Benz eCitaro,430,7,9-N1-2-B-034901,line_service,Espace Alliance,Faubourg de Hem,2026-04-08 15:40:55.000000000,2026-04-08 15:41:48.000000000,0.8833333333333333,0.3068484114845754,20.842533610273048,14.281864401781007,0.21026078147066482,78.62246132774183,78.58457650225162,156.45244045479055,False
mercedes_ecitaro,Mercedes-Benz eCitaro,431,7,9-N1-2-B-034901,line_service,Faubourg de Hem,Egl. St-Firmin,2026-04-08 15:42:18.000000000,2026-04-08 15:43:00.000000000,0.7,0.29644718539430037,25.409758748082893,17.282560219061118,0.20162986922237972,78.58082274849788,78.54449304233168,156.74888764018485,False
mercedes_ecitaro,Mercedes-Benz eCitaro,432,7,9-N1-2-B-034901,line_service,Egl. St-Firmin,Zoo d'Amiens,2026-04-08 15:43:30.000000000,2026-04-08 15:44:26.000000000,0.9333333333333333,0.3979625757415526,25.58330844052838,17.401196362585694,0.270685276751333,78.54073928857792,78.49196716664075,157.14685021592638,False
mercedes_ecitaro,Mercedes-Benz eCitaro,433,7,9-N1-2-B-034901,line_service,Zoo d'Amiens,Jean Jaurès,2026-04-08 15:44:56.000000000,2026-04-08 15:45:52.000000000,0.9333333333333333,0.38776459722543666,24.9277241073495,16.954920605978714,0.26374320942633556,78.48821341288699,78.44069211389126,157.53461481315182,False
mercedes_ecitaro,Mercedes-Benz eCitaro,434,7,9-N1-2-B-034901,line_service,Jean Jaurès,Saint-Jacques,2026-04-08 15:46:22.000000000,2026-04-08 15:47:15.000000000,0.8833333333333333,0.3538188673320645,24.032979667838347,16.353911877036154,0.24076592485636555,78.4369383601375,78.39355711241564,157.8884336804839,False
mercedes_ecitaro,Mercedes-Benz eCitaro,435,7,9-N1-2-B-034901,line_service,Saint-Jacques,M. Culture A,2026-04-08 15:47:45.000000000,2026-04-08 15:48:18.000000000,0.55,0.24280373751186532,26.487680455839854,18.025307499846743,0.16523198541526182,78.38980335866188,78.36003182975823,158.13123741799575,False
mercedes_ecitaro,Mercedes-Benz eCitaro,436,7,9-N1-2-B-034901,line_service,M. Culture A,Hôtel de Ville,2026-04-08 15:48:48.000000000,2026-04-08 15:50:48.000000000,2.0,0.29674165114956036,8.90224953448681,7.285495885312494,0.24284986284374976,78.35627807600447,78.31252134396055,158.42797906914532,False
mercedes_ecitaro,Mercedes-Benz eCitaro,437,7,9-N1-2-B-034901,line_service,Hôtel de Ville,Jacobins,2026-04-08 15:51:18.000000000,2026-04-08 15:52:15.000000000,0.95,0.22829410594169391,14.418575112106984,10.39562297288138,0.16459736373728853,78.3087675902068,78.27911040755143,158.656273175087,False
mercedes_ecitaro,Mercedes-Benz eCitaro,438,7,9-N1-2-B-034901,line_service,Jacobins,Emile Zola,2026-04-08 15:52:45.000000000,2026-04-08 15:54:06.000000000,1.35,0.32611241962366005,14.493885316607114,10.43932601398859,0.23488483531474327,78.27535665379767,78.23303506184908,158.98238559471065,False
mercedes_ecitaro,Mercedes-Benz eCitaro,439,7,9-N1-2-B-034901,line_service,Emile Zola,Gare du Nord B,2026-04-08 15:54:36.000000000,2026-04-08 15:57:18.000000000,2.7,0.35548637357572055,7.899697190571568,6.736177798628873,0.3031280009382993,78.22928130809532,78.1746636502686,159.33787196828638,False
mercedes_ecitaro,Mercedes-Benz eCitaro,440,7,9-N1-2-B-034901,line_service,Gare du Nord B,Caserne Dejean,2026-04-08 15:57:48.000000000,2026-04-08 15:59:21.000000000,1.55,0.3681948881034494,14.252705345939976,10.299502354459811,0.2660704774902118,78.17090989651484,78.12296926994003,159.70606685638984,False
mercedes_ecitaro,Mercedes-Benz eCitaro,441,7,9-N1-2-B-034901,line_service,Caserne Dejean,Pinceau,2026-04-08 15:59:51.000000000,2026-04-08 16:01:23.000000000,1.5333333333333334,0.35537552735134686,13.905998896357051,10.099178424665343,0.2580901152970032,78.11921551618627,78.07271279270934,160.06144238374117,False
mercedes_ecitaro,Mercedes-Benz eCitaro,442,7,9-N1-2-B-034901,line_service,Pinceau,L. de Luzarches,2026-04-08 16:01:53.000000000,2026-04-08 16:03:48.000000000,1.9166666666666667,0.44705548624280317,13.994780438905144,10.150400279848174,0.3242488978284834,78.06895903895558,78.01053581412162,160.50849786998398,False
mercedes_ecitaro,Mercedes-Benz eCitaro,443,7,9-N1-2-B-034901,line_service,L. de Luzarches,Egl. St-Acheul,2026-04-08 16:04:18.000000000,2026-04-08 16:04:58.000000000,0.6666666666666666,0.3248685267650074,29.238167408850664,19.98722484585692,0.2220802760650769,78.00678206036787,77.96676759621201,160.83336639674897,False
mercedes_ecitaro,Mercedes-Benz eCitaro,444,7,9-N1-2-B-034901,line_service,Egl. St-Acheul,Mercey,2026-04-08 16:05:28.000000000,2026-04-08 16:06:23.000000000,0.9166666666666666,0.45179666905185245,29.572145610666706,20.23230889370291,0.30910471920935007,77.96301384245825,77.90731929845657,161.28516306580084,False
mercedes_ecitaro,Mercedes-Benz eCitaro,445,7,9-N1-2-B-034901,line_service,Mercey,Sobo,2026-04-08 16:06:53.000000000,2026-04-08 16:07:52.000000000,0.9833333333333333,0.4818036462949089,29.398188587485965,20.10446194015695,0.32948979290812774,77.90356554470281,77.84419801444909,161.76696671209575,False
mercedes_ecitaro,Mercedes-Benz eCitaro,446,7,9-N1-2-B-034901,line_service,Sobo,Pont de l'Avre,2026-04-08 16:08:22.000000000,2026-04-08 16:09:48.000000000,1.4333333333333333,0.7075852717526405,29.61984858499426,20.267440548072262,0.4841666353150596,77.84044426069534,77.75320702910703,162.4745519838484,False
mercedes_ecitaro,Mercedes-Benz eCitaro,447,7,9-N1-2-B-034901,line_service,Pont de l'Avre,Cité du Château,2026-04-08 16:10:18.000000000,2026-04-08 16:11:00.000000000,0.7,0.2966141068969825,25.424066305455643,17.29232707664838,0.20174381589423113,77.74945327535329,77.71310303825521,162.77116609074537,False
mercedes_ecitaro,Mercedes-Benz eCitaro,448,7,9-N1-2-B-034901,line_service,Cité du Château,La Rose Rouge,2026-04-08 16:11:30.000000000,2026-04-08 16:12:18.000000000,0.8,0.3329543642312839,24.97157731734629,16.984614749484873,0.22646152999313165,77.70934928450147,77.66854540522343,163.10412045497665,False
mercedes_ecitaro,Mercedes-Benz eCitaro,449,7,9-N1-2-B-034901,line_service,La Rose Rouge,Poidevin,2026-04-08 16:12:48.000000000,2026-04-08 16:13:19.000000000,0.5166666666666667,0.2251396338173497,26.145247798143835,17.787818516889004,0.1531728816732109,77.66479165146967,77.63719293405107,163.329260088794,False
mercedes_ecitaro,Mercedes-Benz eCitaro,450,7,9-N1-2-B-034901,line_service,Poidevin,M. de Longueau,2026-04-08 16:13:49.000000000,2026-04-08 16:14:33.000000000,0.7333333333333333,0.3145014195772681,25.731934329049206,17.50308167993473,0.21392655386586892,77.63343918029732,77.59489385527644,163.64376150837128,False
mercedes_ecitaro,Mercedes-Benz eCitaro,451,7,9-N1-2-B-034901,line_service,M. de Longueau,La Fourche,2026-04-08 16:15:03.000000000,2026-04-08 16:15:40.000000000,0.6166666666666667,0.25663398574137214,24.96979320726864,16.983406243795105,0.17455167528344973,77.59114010152268,77.55968934921935,163.90039549411264,False
mercedes_ecitaro,Mercedes-Benz eCitaro,452,7,9-N1-2-B-034901,line_service,La Fourche,Croix de Fer,2026-04-08 16:16:10.000000000,2026-04-08 16:17:48.000000000,1.6333333333333333,0.6510902221706201,23.91759999810441,16.27707312975203,0.44309810186547194,77.5559355954656,77.47609809963399,164.55148571628325,False
mercedes_ecitaro,Mercedes-Benz eCitaro,453,7,9-N1-2-B-034901,line_service,Croix de Fer,C. Cial Glisy,2026-04-08 16:18:18.000000000,2026-04-08 16:20:40.000000000,2.3666666666666667,0.70341712703917,17.833110262964873,12.418700315873616,0.48984873468168155,77.47234434588023,77.38408331260425,165.25490284332244,False
mercedes_ecitaro,Mercedes-Benz eCitaro,454,7,9-N1-2-B-034901,line_service,C. Cial Glisy,Capitaine Nemo,2026-04-08 16:21:10.000000000,2026-04-08 16:21:38.000000000,0.4666666666666667,0.13672688382470435,17.57917077746199,12.265122289306849,0.0953953955834977,77.38032955885049,77.3631411992859,165.39162972714715,False
mercedes_ecitaro,Mercedes-Benz eCitaro,455,7,9-N1-2-B-034901,line_service,Capitaine Nemo,Pôle J. Verne,2026-04-08 16:22:08.000000000,2026-04-08 16:24:18.000000000,2.1666666666666665,0.3234478124594319,8.957016345030421,7.3156201106816745,0.26417517066350493,77.35938744553215,77.31178831568288,165.71507753960657,False
mercedes_ecitaro,Mercedes-Benz eCitaro,456,7,9-N1-4-B-035101,line_service,Pôle J. Verne,Capitaine Nemo,2026-04-08 16:24:48.000000000,2026-04-08 16:25:59.000000000,1.1833333333333333,0.3340181708930427,16.93613260866132,11.878580971251235,0.23427201359967714,77.30803456192912,77.26582338830755,166.0490957104996,False
mercedes_ecitaro,Mercedes-Benz eCitaro,457,7,9-N1-4-B-035101,line_service,Capitaine Nemo,C. Cial Glisy,2026-04-08 16:26:29.000000000,2026-04-08 16:26:50.000000000,0.35,0.12291799931516653,21.07165702545712,14.427177180198683,0.08415853355115899,77.2620696345538,77.24690593481485,166.1720137098148,False
mercedes_ecitaro,Mercedes-Benz eCitaro,458,7,9-N1-4-B-035101,line_service,C. Cial Glisy,Croix de Fer,2026-04-08 16:27:20.000000000,2026-04-08 16:29:47.000000000,2.45,0.6859620842301216,16.79907145053359,11.79661936587016,0.4816952907730316,77.24315218106109,77.15636023677766,166.8579757940449,False
mercedes_ecitaro,Mercedes-Benz eCitaro,459,7,9-N1-4-B-035101,line_service,Croix de Fer,La Fourche,2026-04-08 16:30:17.000000000,2026-04-08 16:32:05.000000000,1.8,0.7465227463047002,24.88409154349001,16.92539814763343,0.5077619444290029,77.1526064830239,77.06111784438805,167.6044985403496,False
mercedes_ecitaro,Mercedes-Benz eCitaro,460,7,9-N1-4-B-035101,line_service,La Fourche,M. de Longueau,2026-04-08 16:32:35.000000000,2026-04-08 16:33:07.000000000,0.5333333333333333,0.23645430499839581,26.60110931231953,18.10429412886066,0.16092705892320586,77.05736409063431,77.02836822416165,167.840952845348,False
mercedes_ecitaro,Mercedes-Benz eCitaro,461,7,9-N1-4-B-035101,line_service,M. de Longueau,Poidevin,2026-04-08 16:33:37.000000000,2026-04-08 16:34:10.000000000,0.55,0.23823148868252741,25.98888967445754,17.679857275640913,0.1620653583600417,77.0246144704079,76.99541350493762,168.07918433403051,False
mercedes_ecitaro,Mercedes-Benz eCitaro,462,7,9-N1-4-B-035101,line_service,Poidevin,La Rose Rouge,2026-04-08 16:34:40.000000000,2026-04-08 16:35:19.000000000,0.65,0.2830530932557657,26.127977838993758,17.775879384511274,0.1925720266655388,76.99165975118386,76.95696208872161,168.3622374272863,False
mercedes_ecitaro,Mercedes-Benz eCitaro,463,7,9-N1-4-B-035101,line_service,La Rose Rouge,Cité du Château,2026-04-08 16:35:49.000000000,2026-04-08 16:36:41.000000000,0.8666666666666667,0.38252636844861737,26.482594738750432,18.021769783997197,0.26031445243551504,76.95320833496785,76.90630483002451,168.7447637957349,False
mercedes_ecitaro,Mercedes-Benz eCitaro,464,7,9-N1-4-B-035101,line_service,Cité du Château,Pont de l'Avre,2026-04-08 16:37:11.000000000,2026-04-08 16:37:47.000000000,0.6,0.25904003764462646,25.904003764462647,17.621370476656775,0.17621370476656775,76.90255107627075,76.8708008591957,169.00380383337952,False
mercedes_ecitaro,Mercedes-Benz eCitaro,465,7,9-N1-4-B-035101,line_service,Pont de l'Avre,Sobo,2026-04-08 16:38:17.000000000,2026-04-08 16:40:14.000000000,1.95,0.7786426370279388,23.95823498547504,16.30411753685129,0.529883819947667,76.86704710544194,76.77157254328921,169.78244647040748,False
mercedes_ecitaro,Mercedes-Benz eCitaro,466,7,9-N1-4-B-035101,line_service,Sobo,Mercey,2026-04-08 16:40:44.000000000,2026-04-08 16:41:59.000000000,1.25,0.49486888000554236,23.753706240266034,16.168181881260054,0.3368371225262511,76.76781878953545,76.70712741610731,170.27731535041303,False
mercedes_ecitaro,Mercedes-Benz eCitaro,467,7,9-N1-4-B-035101,line_service,Mercey,Egl. St-Acheul,2026-04-08 16:42:29.000000000,2026-04-08 16:43:35.000000000,1.1,0.44351095510688016,24.191506642193463,16.459729677939862,0.3017617107622308,76.70337366235356,76.64900218293693,170.7208263055199,False
mercedes_ecitaro,Mercedes-Benz eCitaro,468,7,9-N1-4-B-035101,line_service,Egl. St-Acheul,L. de Luzarches,2026-04-08 16:44:05.000000000,2026-04-08 16:44:47.000000000,0.7,0.27740496861036323,23.777568738031135,16.184017525487164,0.18881353779735024,76.64524842918317,76.61122797192239,170.99823127413026,False
mercedes_ecitaro,Mercedes-Benz eCitaro,469,7,9-N1-4-B-035101,line_service,L. de Luzarches,Pinceau,2026-04-08 16:45:17.000000000,2026-04-08 16:46:46.000000000,1.4833333333333334,0.3431323580300078,13.879511111326158,10.083906448902566,0.249296576097869,76.60747421816865,76.56255591616902,171.34136363216027,False
mercedes_ecitaro,Mercedes-Benz eCitaro,470,7,9-N1-4-B-035101,line_service,Pinceau,Caserne Dejean,2026-04-08 16:47:16.000000000,2026-04-08 16:49:03.000000000,1.7833333333333334,0.40589661587311254,13.656334739656122,9.955410597282219,0.29589692608588813,76.55880216241528,76.50548740095834,171.7472602480334,False
mercedes_ecitaro,Mercedes-Benz eCitaro,471,7,9-N1-4-B-035101,line_service,Caserne Dejean,Gare du Nord A,2026-04-08 16:49:33.000000000,2026-04-08 16:51:17.000000000,1.7333333333333334,0.3916364257160486,13.55664550555553,9.898116829554354,0.2859455972982369,76.5017336472046,76.45021191796167,172.13889667374943,False
mercedes_ecitaro,Mercedes-Benz eCitaro,472,7,9-N1-4-B-035101,line_service,Gare du Nord A,René Goblet,2026-04-08 16:51:47.000000000,2026-04-08 16:54:15.000000000,2.466666666666667,0.3279417105779169,7.976960527570951,6.7783736367491745,0.2786664717330216,76.44645816420791,76.3962479891209,172.46683838432736,False
mercedes_ecitaro,Mercedes-Benz eCitaro,473,7,9-N1-4-B-035101,line_service,René Goblet,P. de Justice,2026-04-08 16:54:45.000000000,2026-04-08 16:55:39.000000000,0.9,0.2252173059067505,15.014487060450033,10.742498468974079,0.16113747703461115,76.39249423536714,76.36346045572125,172.69205569023413,False
mercedes_ecitaro,Mercedes-Benz eCitaro,474,7,9-N1-4-B-035101,line_service,P. de Justice,Dusevel,2026-04-08 16:56:09.000000000,2026-04-08 16:57:07.000000000,0.9666666666666667,0.2299992746993994,14.275817050307548,10.312884400903368,0.1661520264589987,76.3597067019675,76.32976939990282,172.92205496493352,False
mercedes_ecitaro,Mercedes-Benz eCitaro,475,7,9-N1-4-B-035101,line_service,Dusevel,Beffroi,2026-04-08 16:57:37.000000000,2026-04-08 16:58:38.000000000,1.0166666666666666,0.2188226139254244,12.914121477566031,9.530336567981031,0.1614862585130119,76.32601564614906,76.29691902299356,173.14087757885892,False
mercedes_ecitaro,Mercedes-Benz eCitaro,476,7,9-N1-4-B-035101,line_service,Beffroi,Place du Marché,2026-04-08 16:59:08.000000000,2026-04-08 17:00:02.000000000,0.9,0.18907722066752727,12.605148044501819,9.35437701167304,0.14031565517509562,76.29316526923981,76.26788316920826,173.32995479952646,False
mercedes_ecitaro,Mercedes-Benz eCitaro,477,7,9-N1-4-B-035101,line_service,Place du Marché,M. Culture B,2026-04-08 17:00:32.000000000,2026-04-08 17:01:17.000000000,0.75,0.17178613535708173,13.742890828566539,10.005207964905962,0.12506509956132453,76.2641294154545,76.24159516328129,173.50174093488354,False
mercedes_ecitaro,Mercedes-Benz eCitaro,478,7,9-N1-4-B-035101,line_service,M. Culture B,Saint-Jacques,2026-04-08 17:01:47.000000000,2026-04-08 17:02:35.000000000,0.8,0.2918119105170466,21.885893288778494,14.947805699382515,0.1993040759917669,76.23784140952753,76.20193076520471,173.7935528454006,False
mercedes_ecitaro,Mercedes-Benz eCitaro,479,7,9-N1-4-B-035101,line_service,Saint-Jacques,Jean Jaurès,2026-04-08 17:03:05.000000000,2026-04-08 17:04:07.000000000,1.0333333333333334,0.3507042974526486,20.36347533596024,13.979689002432178,0.24076131059744307,76.19817701145095,76.15479659512708,174.14425714285323,False
mercedes_ecitaro,Mercedes-Benz eCitaro,480,7,9-N1-4-B-035101,line_service,Jean Jaurès,Zoo d'Amiens,2026-04-08 17:04:37.000000000,2026-04-08 17:05:49.000000000,1.2,0.40281609573225763,20.14080478661288,13.839983331209853,0.276799666624197,76.15104284137333,76.10116902756717,174.54707323858548,False
mercedes_ecitaro,Mercedes-Benz eCitaro,481,7,9-N1-4-B-035101,line_service,Zoo d'Amiens,Egl. St-Firmin,2026-04-08 17:06:19.000000000,2026-04-08 17:07:24.000000000,1.0833333333333333,0.37638436041502576,20.845903038370658,14.283997606969104,0.25790551234805326,76.09741527381341,76.05094581212907,174.9234575990005,False
mercedes_ecitaro,Mercedes-Benz eCitaro,482,7,9-N1-4-B-035101,line_service,Egl. St-Firmin,Faubourg de Hem,2026-04-08 17:07:54.000000000,2026-04-08 17:08:47.000000000,0.8833333333333333,0.3007481358168622,20.428175263032152,14.020370787798544,0.20641101437592305,76.04719205837532,76.0100008846139,175.22420573481736,False
mercedes_ecitaro,Mercedes-Benz eCitaro,483,7,9-N1-4-B-035101,line_service,Faubourg de Hem,Espace Alliance,2026-04-08 17:09:17.000000000,2026-04-08 17:10:01.000000000,0.7333333333333333,0.24201898261847898,19.8015531233301,13.628030793913387,0.16656482081449694,76.00624713086015,75.9762354514341,175.46622471743584,False
mercedes_ecitaro,Mercedes-Benz eCitaro,484,7,9-N1-4-B-035101,line_service,Espace Alliance,Sully,2026-04-08 17:10:31.000000000,2026-04-08 17:12:02.000000000,1.5166666666666666,0.5124653653664172,20.273355113396722,13.923090033058784,0.35194477583565265,75.97248169768035,75.90906822455682,175.97869008280227,False
mercedes_ecitaro,Mercedes-Benz eCitaro,485,7,9-N1-4-B-035101,line_service,Sully,Place la Barre,2026-04-08 17:12:32.000000000,2026-04-08 17:14:17.000000000,1.75,0.5814235833007191,19.934522856024653,13.710977433876819,0.3999035084880738,75.90531447080306,75.83325978458899,176.56011366610298,False
mercedes_ecitaro,Mercedes-Benz eCitaro,486,7,9-N1-4-B-035101,line_service,Place la Barre,La Fontaine,2026-04-08 17:14:47.000000000,2026-04-08 17:15:56.000000000,1.15,0.32116148117311843,16.75625119164096,11.771043507106238,0.2256116672195362,75.82950603083523,75.78885527998487,176.8812751472761,False
mercedes_ecitaro,Mercedes-Benz eCitaro,487,7,9-N1-4-B-035101,line_service,La Fontaine,Les Coursives,2026-04-08 17:16:26.000000000,2026-04-08 17:17:10.000000000,0.7333333333333333,0.23368404358993675,19.11960356644937,13.205182837280407,0.1613966791223161,75.78510152623112,75.75602104350637,177.11495919086607,False
mercedes_ecitaro,Mercedes-Benz eCitaro,488,7,9-N1-4-B-035101,line_service,Les Coursives,Languedoc,2026-04-08 17:17:40.000000000,2026-04-08 17:18:35.000000000,0.9166666666666666,0.2930331102299119,19.1803490332306,13.242677402966896,0.20231868254532756,75.75226728975261,75.71581347307779,177.407992301096,False
mercedes_ecitaro,Mercedes-Benz eCitaro,489,7,9-N1-4-B-035101,line_service,Languedoc,Collège R.Parks,2026-04-08 17:19:05.000000000,2026-04-08 17:20:25.000000000,1.3333333333333333,0.3206006811443548,14.427030651495967,10.40052786970044,0.23112284154889867,75.71205971932403,75.67041596409,177.72859298224034,False
mercedes_ecitaro,Mercedes-Benz eCitaro,490,7,9-N1-4-B-035101,line_service,Collège R.Parks,Martinique,2026-04-08 17:20:55.000000000,2026-04-08 17:21:49.000000000,0.9,0.27082614139471256,18.05507609298084,12.553382066466641,0.18830073099699965,75.66666221033624,75.63273415069713,177.99941912363505,False
mercedes_ecitaro,Mercedes-Benz eCitaro,491,7,9-N1-4-B-035101,line_service,Martinique,Etouvie Quai A,2026-04-08 17:22:19.000000000,2026-04-08 17:24:17.000000000,1.9666666666666666,0.27408690803195346,8.361973465381629,6.988977513860954,0.22908315184322015,75.62898039694338,75.58770415336804,178.273506031667,False
mercedes_ecitaro,Mercedes-Benz eCitaro,492,8,9-N1-2-B-034901,line_service,Etouvie Quai A,Martinique,2026-04-08 17:24:17.000000000,2026-04-08 17:25:13.000000000,0.9333333333333333,0.2419015249612658,15.550812318938515,11.05682101919863,0.17199499363197868,75.58770415336804,75.55671406442534,178.51540755662825,False
mercedes_ecitaro,Mercedes-Benz eCitaro,493,8,9-N1-2-B-034901,line_service,Martinique,Collège R.Parks,2026-04-08 17:25:43.000000000,2026-04-08 17:26:50.000000000,1.1166666666666667,0.3307630000086095,17.77234029897006,12.381899008765696,0.2304408982186949,75.55296031067158,75.51143942810965,178.84617055663688,False
mercedes_ecitaro,Mercedes-Benz eCitaro,494,8,9-N1-2-B-034901,line_service,Collège R.Parks,Languedoc,2026-04-08 17:27:20.000000000,2026-04-08 17:28:34.000000000,1.2333333333333334,0.29681987678393196,14.439885897596689,10.407985877821334,0.2139419319329941,75.5076856743559,75.46913757851212,179.1429904334208,False
mercedes_ecitaro,Mercedes-Benz eCitaro,495,8,9-N1-2-B-034901,line_service,Languedoc,Les coursives,2026-04-08 17:29:04.000000000,2026-04-08 17:30:00.000000000,0.9333333333333333,0.297726462758007,19.139558320157594,13.217496071507208,0.2056054944456677,75.46538382475836,75.4283377897231,179.4407168961788,False
mercedes_ecitaro,Mercedes-Benz eCitaro,496,8,9-N1-2-B-034901,line_service,Les coursives,La Fontaine,2026-04-08 17:30:30.000000000,2026-04-08 17:31:15.000000000,0.75,0.22794980309080773,18.23598424726462,12.663459214121442,0.15829324017651802,75.42458403596935,75.39606273143303,179.6686666992696,False
mercedes_ecitaro,Mercedes-Benz eCitaro,497,8,9-N1-2-B-034901,line_service,La Fontaine,Place la Barre,2026-04-08 17:31:45.000000000,2026-04-08 17:32:46.000000000,1.0166666666666666,0.2788940733458619,16.459322361395127,11.5940864387973,0.19645535354628757,75.39230897767928,75.35691161667995,179.94756077261547,False
mercedes_ecitaro,Mercedes-Benz eCitaro,498,8,9-N1-2-B-034901,line_service,Place la Barre,Sully,2026-04-08 17:33:16.000000000,2026-04-08 17:34:50.000000000,1.5666666666666667,0.5529827646282706,21.178063326189086,14.494837120605796,0.37847630259359577,75.3531578629262,75.28496393453095,180.50054353724377,False
mercedes_ecitaro,Mercedes-Benz eCitaro,499,8,9-N1-2-B-034901,line_service,Sully,Espace Alliance,2026-04-08 17:35:20.000000000,2026-04-08 17:36:53.000000000,1.55,0.5412636534432308,20.952141423608936,14.351314697241989,0.37074229634541805,75.28121018077721,75.21440976702127,181.041807190687,False
mercedes_ecitaro,Mercedes-Benz eCitaro,500,8,9-N1-2-B-034901,line_service,Espace Alliance,Faubourg de Hem,2026-04-08 17:37:23.000000000,2026-04-08 17:38:16.000000000,0.8833333333333333,0.3068484114845754,20.842533610273048,14.281864401781007,0.21026078147066482,75.21065601326751,75.1727711877773,181.34865560217156,False
mercedes_ecitaro,Mercedes-Benz eCitaro,501,8,9-N1-2-B-034901,line_service,Faubourg de Hem,Egl. St-Firmin,2026-04-08 17:38:46.000000000,2026-04-08 17:39:28.000000000,0.7,0.29644718539430037,25.409758748082893,17.282560219061118,0.20162986922237972,75.16901743402354,75.13268772785736,181.64510278756586,False
mercedes_ecitaro,Mercedes-Benz eCitaro,502,8,9-N1-2-B-034901,line_service,Egl. St-Firmin,Zoo d'Amiens,2026-04-08 17:39:58.000000000,2026-04-08 17:40:54.000000000,0.9333333333333333,0.3979625757415526,25.58330844052838,17.401196362585694,0.270685276751333,75.1289339741036,75.08016185216643,182.0430653633074,False
mercedes_ecitaro,Mercedes-Benz eCitaro,503,8,9-N1-2-B-034901,line_service,Zoo d'Amiens,Jean Jaurès,2026-04-08 17:41:24.000000000,2026-04-08 17:42:20.000000000,0.9333333333333333,0.38776459722543666,24.9277241073495,16.954920605978714,0.26374320942633556,75.07640809841267,75.02888679941694,182.43082996053283,False
mercedes_ecitaro,Mercedes-Benz eCitaro,504,8,9-N1-2-B-034901,line_service,Jean Jaurès,Saint-Jacques,2026-04-08 17:42:50.000000000,2026-04-08 17:43:43.000000000,0.8833333333333333,0.3538188673320645,24.032979667838347,16.353911877036154,0.24076592485636555,75.02513304566318,74.98175179794131,182.7846488278649,False
mercedes_ecitaro,Mercedes-Benz eCitaro,505,8,9-N1-2-B-034901,line_service,Saint-Jacques,M. Culture A,2026-04-08 17:44:13.000000000,2026-04-08 17:44:46.000000000,0.55,0.24280373751186532,26.487680455839854,18.025307499846743,0.16523198541526182,74.97799804418756,74.9482265152839,183.02745256537676,False
mercedes_ecitaro,Mercedes-Benz eCitaro,506,8,9-N1-2-B-034901,line_service,M. Culture A,Hôtel de Ville,2026-04-08 17:45:16.000000000,2026-04-08 17:47:16.000000000,2.0,0.29674165114956036,8.90224953448681,7.285495885312494,0.24284986284374976,74.94447276153015,74.90071602948623,183.3241942165263,False
mercedes_ecitaro,Mercedes-Benz eCitaro,507,8,9-N1-2-B-034901,line_service,Hôtel de Ville,Jacobins,2026-04-08 17:47:46.000000000,2026-04-08 17:48:43.000000000,0.95,0.22829410594169391,14.418575112106984,10.39562297288138,0.16459736373728853,74.89696227573248,74.8673050930771,183.552488322468,False
mercedes_ecitaro,Mercedes-Benz eCitaro,508,8,9-N1-2-B-034901,line_service,Jacobins,Emile Zola,2026-04-08 17:49:13.000000000,2026-04-08 17:50:34.000000000,1.35,0.32611241962366005,14.493885316607114,10.43932601398859,0.23488483531474327,74.86355133932335,74.82122974737476,183.87860074209166,False
mercedes_ecitaro,Mercedes-Benz eCitaro,509,8,9-N1-2-B-034901,line_service,Emile Zola,Gare du Nord B,2026-04-08 17:51:04.000000000,2026-04-08 17:53:46.000000000,2.7,0.35548637357572055,7.899697190571568,6.736177798628873,0.3031280009382993,74.817475993621,74.76285833579428,184.2340871156674,False
mercedes_ecitaro,Mercedes-Benz eCitaro,510,8,9-N1-2-B-034901,line_service,Gare du Nord B,Caserne Dejean,2026-04-08 17:54:16.000000000,2026-04-08 17:55:49.000000000,1.55,0.3681948881034494,14.252705345939976,10.299502354459811,0.2660704774902118,74.75910458204052,74.71116395546571,184.60228200377085,False
mercedes_ecitaro,Mercedes-Benz eCitaro,511,8,9-N1-2-B-034901,line_service,Caserne Dejean,Pinceau,2026-04-08 17:56:19.000000000,2026-04-08 17:57:51.000000000,1.5333333333333334,0.35537552735134686,13.905998896357051,10.099178424665343,0.2580901152970032,74.70741020171195,74.66090747823502,184.95765753112218,False
mercedes_ecitaro,Mercedes-Benz eCitaro,512,8,9-N1-2-B-034901,line_service,Pinceau,L. de Luzarches,2026-04-08 17:58:21.000000000,2026-04-08 18:00:16.000000000,1.9166666666666667,0.44705548624280317,13.994780438905144,10.150400279848174,0.3242488978284834,74.65715372448126,74.5987304996473,185.404713017365,False
mercedes_ecitaro,Mercedes-Benz eCitaro,513,8,9-N1-2-B-034901,line_service,L. de Luzarches,Egl. St-Acheul,2026-04-08 18:00:46.000000000,2026-04-08 18:01:26.000000000,0.6666666666666666,0.3248685267650074,29.238167408850664,19.98722484585692,0.2220802760650769,74.59497674589355,74.55496228173769,185.72958154412999,False
mercedes_ecitaro,Mercedes-Benz eCitaro,514,8,9-N1-2-B-034901,line_service,Egl. St-Acheul,Mercey,2026-04-08 18:01:56.000000000,2026-04-08 18:02:51.000000000,0.9166666666666666,0.45179666905185245,29.572145610666706,20.23230889370291,0.30910471920935007,74.55120852798393,74.49551398398225,186.18137821318186,False
mercedes_ecitaro,Mercedes-Benz eCitaro,515,8,9-N1-2-B-034901,line_service,Mercey,Sobo,2026-04-08 18:03:21.000000000,2026-04-08 18:04:20.000000000,0.9833333333333333,0.4818036462949089,29.398188587485965,20.10446194015695,0.32948979290812774,74.4917602302285,74.43239269997477,186.66318185947677,False
mercedes_ecitaro,Mercedes-Benz eCitaro,516,8,9-N1-2-B-034901,line_service,Sobo,Pont de l'Avre,2026-04-08 18:04:50.000000000,2026-04-08 18:06:16.000000000,1.4333333333333333,0.7075852717526405,29.61984858499426,20.267440548072262,0.4841666353150596,74.42863894622101,74.34140171463272,187.3707671312294,False
mercedes_ecitaro,Mercedes-Benz eCitaro,517,8,9-N1-2-B-034901,line_service,Pont de l'Avre,Cité du Château,2026-04-08 18:06:46.000000000,2026-04-08 18:07:28.000000000,0.7,0.2966141068969825,25.424066305455643,17.29232707664838,0.20174381589423113,74.33764796087897,74.3012977237809,187.66738123812638,False
mercedes_ecitaro,Mercedes-Benz eCitaro,518,8,9-N1-2-B-034901,line_service,Cité du Château,La Rose Rouge,2026-04-08 18:07:58.000000000,2026-04-08 18:08:46.000000000,0.8,0.3329543642312839,24.97157731734629,16.984614749484873,0.22646152999313165,74.29754397002715,74.2567400907491,188.00033560235767,False
mercedes_ecitaro,Mercedes-Benz eCitaro,519,8,9-N1-2-B-034901,line_service,La Rose Rouge,Poidevin,2026-04-08 18:09:16.000000000,2026-04-08 18:09:47.000000000,0.5166666666666667,0.2251396338173497,26.145247798143835,17.787818516889004,0.1531728816732109,74.25298633699535,74.22538761957675,188.225475236175,False
mercedes_ecitaro,Mercedes-Benz eCitaro,520,8,9-N1-2-B-034901,line_service,Poidevin,M. de Longueau,2026-04-08 18:10:17.000000000,2026-04-08 18:11:01.000000000,0.7333333333333333,0.3145014195772681,25.731934329049206,17.50308167993473,0.21392655386586892,74.22163386582301,74.18308854080212,188.53997665575227,False
mercedes_ecitaro,Mercedes-Benz eCitaro,521,8,9-N1-2-B-034901,line_service,M. de Longueau,La Fourche,2026-04-08 18:11:31.000000000,2026-04-08 18:12:08.000000000,0.6166666666666667,0.25663398574137214,24.96979320726864,16.983406243795105,0.17455167528344973,74.17933478704836,74.14788403474505,188.79661064149366,False
mercedes_ecitaro,Mercedes-Benz eCitaro,522,8,9-N1-2-B-034901,line_service,La Fourche,Croix de Fer,2026-04-08 18:12:38.000000000,2026-04-08 18:14:16.000000000,1.6333333333333333,0.6510902221706201,23.91759999810441,16.27707312975203,0.44309810186547194,74.14413028099129,74.06429278515968,189.44770086366427,False
mercedes_ecitaro,Mercedes-Benz eCitaro,523,8,9-N1-2-B-034901,line_service,Croix de Fer,C. Cial Glisy,2026-04-08 18:14:46.000000000,2026-04-08 18:17:08.000000000,2.3666666666666667,0.70341712703917,17.833110262964873,12.418700315873616,0.48984873468168155,74.06053903140592,73.97227799812994,190.15111799070343,False
mercedes_ecitaro,Mercedes-Benz eCitaro,524,8,9-N1-2-B-034901,line_service,C. Cial Glisy,Capitaine Nemo,2026-04-08 18:17:38.000000000,2026-04-08 18:18:06.000000000,0.4666666666666667,0.13672688382470435,17.57917077746199,12.265122289306849,0.0953953955834977,73.96852424437618,73.95133588481158,190.28784487452816,False
mercedes_ecitaro,Mercedes-Benz eCitaro,525,8,9-N1-2-B-034901,line_service,Capitaine Nemo,Pôle J. Verne,2026-04-08 18:18:36.000000000,2026-04-08 18:20:46.000000000,2.1666666666666665,0.3234478124594319,8.957016345030421,7.3156201106816745,0.26417517066350493,73.94758213105784,73.89998300120855,190.61129268698758,False
mercedes_ecitaro,Mercedes-Benz eCitaro,526,8,9-N1-4-B-035101,line_service,Pôle J. Verne,Capitaine Nemo,2026-04-08 18:21:16.000000000,2026-04-08 18:22:27.000000000,1.1833333333333333,0.3340181708930427,16.93613260866132,11.878580971251235,0.23427201359967714,73.89622924745481,73.85401807383323,190.94531085788063,False
mercedes_ecitaro,Mercedes-Benz eCitaro,527,8,9-N1-4-B-035101,line_service,Capitaine Nemo,C. Cial Glisy,2026-04-08 18:22:57.000000000,2026-04-08 18:23:18.000000000,0.35,0.12291799931516653,21.07165702545712,14.427177180198683,0.08415853355115899,73.85026432007948,73.83510062034054,191.06822885719578,False
mercedes_ecitaro,Mercedes-Benz eCitaro,528,8,9-N1-4-B-035101,line_service,C. Cial Glisy,Croix de Fer,2026-04-08 18:23:48.000000000,2026-04-08 18:26:15.000000000,2.45,0.6859620842301216,16.79907145053359,11.79661936587016,0.4816952907730316,73.83134686658678,73.74455492230337,191.75419094142592,False
mercedes_ecitaro,Mercedes-Benz eCitaro,529,8,9-N1-4-B-035101,line_service,Croix de Fer,La Fourche,2026-04-08 18:26:45.000000000,2026-04-08 18:28:33.000000000,1.8,0.7465227463047002,24.88409154349001,16.92539814763343,0.5077619444290029,73.74080116854961,73.64931252991374,192.5007136877306,False
mercedes_ecitaro,Mercedes-Benz eCitaro,530,8,9-N1-4-B-035101,line_service,La Fourche,M. de Longueau,2026-04-08 18:29:03.000000000,2026-04-08 18:29:35.000000000,0.5333333333333333,0.23645430499839581,26.60110931231953,18.10429412886066,0.16092705892320586,73.64555877615999,73.61656290968735,192.73716799272898,False
mercedes_ecitaro,Mercedes-Benz eCitaro,531,8,9-N1-4-B-035101,line_service,M. de Longueau,Poidevin,2026-04-08 18:30:05.000000000,2026-04-08 18:30:38.000000000,0.55,0.23823148868252741,25.98888967445754,17.679857275640913,0.1620653583600417,73.61280915593359,73.58360819046331,192.97539948141153,False
mercedes_ecitaro,Mercedes-Benz eCitaro,532,8,9-N1-4-B-035101,line_service,Poidevin,La Rose Rouge,2026-04-08 18:31:08.000000000,2026-04-08 18:31:47.000000000,0.65,0.2830530932557657,26.127977838993758,17.775879384511274,0.1925720266655388,73.57985443670955,73.5451567742473,193.25845257466727,False
mercedes_ecitaro,Mercedes-Benz eCitaro,533,8,9-N1-4-B-035101,line_service,La Rose Rouge,Cité du Château,2026-04-08 18:32:17.000000000,2026-04-08 18:33:09.000000000,0.8666666666666667,0.38252636844861737,26.482594738750432,18.021769783997197,0.26031445243551504,73.54140302049355,73.49449951555022,193.64097894311593,False
mercedes_ecitaro,Mercedes-Benz eCitaro,534,8,9-N1-4-B-035101,line_service,Cité du Château,Pont de l'Avre,2026-04-08 18:33:39.000000000,2026-04-08 18:34:15.000000000,0.6,0.25904003764462646,25.904003764462647,17.621370476656775,0.17621370476656775,73.49074576179646,73.4589955447214,193.90001898076054,False
mercedes_ecitaro,Mercedes-Benz eCitaro,535,8,9-N1-4-B-035101,line_service,Pont de l'Avre,Sobo,2026-04-08 18:34:45.000000000,2026-04-08 18:36:42.000000000,1.95,0.7786426370279388,23.95823498547504,16.30411753685129,0.529883819947667,73.45524179096765,73.35976722881492,194.6786616177885,False
mercedes_ecitaro,Mercedes-Benz eCitaro,536,8,9-N1-4-B-035101,line_service,Sobo,Mercey,2026-04-08 18:37:12.000000000,2026-04-08 18:38:27.000000000,1.25,0.49486888000554236,23.753706240266034,16.168181881260054,0.3368371225262511,73.35601347506116,73.295322101633,195.17353049779405,False
mercedes_ecitaro,Mercedes-Benz eCitaro,537,8,9-N1-4-B-035101,line_service,Mercey,Egl. St-Acheul,2026-04-08 18:38:57.000000000,2026-04-08 18:40:03.000000000,1.1,0.44351095510688016,24.191506642193463,16.459729677939862,0.3017617107622308,73.29156834787926,73.23719686846263,195.6170414529009,False
mercedes_ecitaro,Mercedes-Benz eCitaro,538,8,9-N1-4-B-035101,line_service,Egl. St-Acheul,L. de Luzarches,2026-04-08 18:40:33.000000000,2026-04-08 18:41:15.000000000,0.7,0.27740496861036323,23.777568738031135,16.184017525487164,0.18881353779735024,73.23344311470888,73.1994226574481,195.89444642151128,False
mercedes_ecitaro,Mercedes-Benz eCitaro,539,8,9-N1-4-B-035101,line_service,L. de Luzarches,Pinceau,2026-04-08 18:41:45.000000000,2026-04-08 18:43:14.000000000,1.4833333333333334,0.3431323580300078,13.879511111326158,10.083906448902566,0.249296576097869,73.19566890369434,73.15075060169472,196.23757877954128,False
mercedes_ecitaro,Mercedes-Benz eCitaro,540,8,9-N1-4-B-035101,line_service,Pinceau,Caserne Dejean,2026-04-08 18:43:44.000000000,2026-04-08 18:45:31.000000000,1.7833333333333334,0.40589661587311254,13.656334739656122,9.955410597282219,0.29589692608588813,73.14699684794097,73.09368208648405,196.64347539541438,False
mercedes_ecitaro,Mercedes-Benz eCitaro,541,8,9-N1-4-B-035101,line_service,Caserne Dejean,Gare du Nord A,2026-04-08 18:46:01.000000000,2026-04-08 18:47:45.000000000,1.7333333333333334,0.3916364257160486,13.55664550555553,9.898116829554354,0.2859455972982369,73.0899283327303,73.03840660348737,197.03511182113044,False
mercedes_ecitaro,Mercedes-Benz eCitaro,542,8,9-N1-4-B-035101,line_service,Gare du Nord A,René Goblet,2026-04-08 18:48:15.000000000,2026-04-08 18:50:43.000000000,2.466666666666667,0.3279417105779169,7.976960527570951,6.7783736367491745,0.2786664717330216,73.03465284973362,72.98444267464659,197.36305353170837,False
mercedes_ecitaro,Mercedes-Benz eCitaro,543,8,9-N1-4-B-035101,line_service,René Goblet,P. de Justice,2026-04-08 18:51:13.000000000,2026-04-08 18:52:07.000000000,0.9,0.2252173059067505,15.014487060450033,10.742498468974079,0.16113747703461115,72.98068892089283,72.95165514124696,197.58827083761514,False
mercedes_ecitaro,Mercedes-Benz eCitaro,544,8,9-N1-4-B-035101,line_service,P. de Justice,Dusevel,2026-04-08 18:52:37.000000000,2026-04-08 18:53:35.000000000,0.9666666666666667,0.2299992746993994,14.275817050307548,10.312884400903368,0.1661520264589987,72.9479013874932,72.91796408542851,197.81827011231454,False
mercedes_ecitaro,Mercedes-Benz eCitaro,545,8,9-N1-4-B-035101,line_service,Dusevel,Beffroi,2026-04-08 18:54:05.000000000,2026-04-08 18:55:06.000000000,1.0166666666666666,0.2188226139254244,12.914121477566031,9.530336567981031,0.1614862585130119,72.91421033167477,72.88511370851926,198.03709272623993,False
mercedes_ecitaro,Mercedes-Benz eCitaro,546,8,9-N1-4-B-035101,line_service,Beffroi,Place du Marché,2026-04-08 18:55:36.000000000,2026-04-08 18:56:30.000000000,0.9,0.18907722066752727,12.605148044501819,9.35437701167304,0.14031565517509562,72.88135995476551,72.85607785473395,198.22616994690748,False
mercedes_ecitaro,Mercedes-Benz eCitaro,547,8,9-N1-4-B-035101,line_service,Place du Marché,M. Culture B,2026-04-08 18:57:00.000000000,2026-04-08 18:57:45.000000000,0.75,0.17178613535708173,13.742890828566539,10.005207964905962,0.12506509956132453,72.85232410098021,72.829789848807,198.39795608226456,False
mercedes_ecitaro,Mercedes-Benz eCitaro,548,8,9-N1-4-B-035101,line_service,M. Culture B,Saint-Jacques,2026-04-08 18:58:15.000000000,2026-04-08 18:59:03.000000000,0.8,0.2918119105170466,21.885893288778494,14.947805699382515,0.1993040759917669,72.82603609505324,72.7901254507304,198.68976799278158,False
mercedes_ecitaro,Mercedes-Benz eCitaro,549,8,9-N1-4-B-035101,line_service,Saint-Jacques,Jean Jaurès,2026-04-08 18:59:33.000000000,2026-04-08 19:00:35.000000000,1.0333333333333334,0.3507042974526486,20.36347533596024,13.979689002432178,0.24076131059744307,72.78637169697664,72.74299128065277,199.04047229023422,False
mercedes_ecitaro,Mercedes-Benz eCitaro,550,8,9-N1-4-B-035101,line_service,Jean Jaurès,Zoo d'Amiens,2026-04-08 19:01:05.000000000,2026-04-08 19:02:17.000000000,1.2,0.40281609573225763,20.14080478661288,13.839983331209853,0.276799666624197,72.73923752689902,72.68936371309286,199.4432883859665,False
mercedes_ecitaro,Mercedes-Benz eCitaro,551,8,9-N1-4-B-035101,line_service,Zoo d'Amiens,Egl. St-Firmin,2026-04-08 19:02:47.000000000,2026-04-08 19:03:52.000000000,1.0833333333333333,0.37638436041502576,20.845903038370658,14.283997606969104,0.25790551234805326,72.6856099593391,72.63914049765478,199.8196727463815,False
mercedes_ecitaro,Mercedes-Benz eCitaro,552,8,9-N1-4-B-035101,line_service,Egl. St-Firmin,Faubourg de Hem,2026-04-08 19:04:22.000000000,2026-04-08 19:05:15.000000000,0.8833333333333333,0.3007481358168622,20.428175263032152,14.020370787798544,0.20641101437592305,72.63538674390102,72.5981955701396,200.12042088219837,False
mercedes_ecitaro,Mercedes-Benz eCitaro,553,8,9-N1-4-B-035101,line_service,Faubourg de Hem,Espace Alliance,2026-04-08 19:05:45.000000000,2026-04-08 19:06:29.000000000,0.7333333333333333,0.24201898261847898,19.8015531233301,13.628030793913387,0.16656482081449694,72.59444181638584,72.5644301369598,200.36243986481685,False
mercedes_ecitaro,Mercedes-Benz eCitaro,554,8,9-N1-4-B-035101,line_service,Espace Alliance,Sully,2026-04-08 19:06:59.000000000,2026-04-08 19:08:30.000000000,1.5166666666666666,0.5124653653664172,20.273355113396722,13.923090033058784,0.35194477583565265,72.56067638320604,72.49726291008251,200.87490523018326,False
mercedes_ecitaro,Mercedes-Benz eCitaro,555,8,9-N1-4-B-035101,line_service,Sully,Place la Barre,2026-04-08 19:09:00.000000000,2026-04-08 19:10:45.000000000,1.75,0.5814235833007191,19.934522856024653,13.710977433876819,0.3999035084880738,72.49350915632876,72.4214544701147,201.456328813484,False
mercedes_ecitaro,Mercedes-Benz eCitaro,556,8,9-N1-4-B-035101,line_service,Place la Barre,La Fontaine,2026-04-08 19:11:15.000000000,2026-04-08 19:12:24.000000000,1.15,0.32116148117311843,16.75625119164096,11.771043507106238,0.2256116672195362,72.41770071636094,72.37704996551057,201.77749029465713,False
mercedes_ecitaro,Mercedes-Benz eCitaro,557,8,9-N1-4-B-035101,line_service,La Fontaine,Les Coursives,2026-04-08 19:12:54.000000000,2026-04-08 19:13:38.000000000,0.7333333333333333,0.23368404358993675,19.11960356644937,13.205182837280407,0.1613966791223161,72.37329621175681,72.34421572903207,202.0111743382471,False
mercedes_ecitaro,Mercedes-Benz eCitaro,558,8,9-N1-4-B-035101,line_service,Les Coursives,Languedoc,2026-04-08 19:14:08.000000000,2026-04-08 19:15:03.000000000,0.9166666666666666,0.2930331102299119,19.1803490332306,13.242677402966896,0.20231868254532756,72.34046197527832,72.30400815860348,202.30420744847697,False
mercedes_ecitaro,Mercedes-Benz eCitaro,559,8,9-N1-4-B-035101,line_service,Languedoc,Collège R.Parks,2026-04-08 19:15:33.000000000,2026-04-08 19:16:53.000000000,1.3333333333333333,0.3206006811443548,14.427030651495967,10.40052786970044,0.23112284154889867,72.30025440484972,72.25861064961569,202.62480812962136,False
mercedes_ecitaro,Mercedes-Benz eCitaro,560,8,9-N1-4-B-035101,line_service,Collège R.Parks,Martinique,2026-04-08 19:17:23.000000000,2026-04-08 19:18:17.000000000,0.9,0.27082614139471256,18.05507609298084,12.553382066466641,0.18830073099699965,72.25485689586193,72.22092883622284,202.89563427101606,False
mercedes_ecitaro,Mercedes-Benz eCitaro,561,8,9-N1-4-B-035101,line_service,Martinique,Etouvie Quai A,2026-04-08 19:18:47.000000000,2026-04-08 19:20:45.000000000,1.9666666666666666,0.27408690803195346,8.361973465381629,6.988977513860954,0.22908315184322015,72.21717508246908,72.17589883889373,203.169721179048,False
mercedes_ecitaro,Mercedes-Benz eCitaro,562,9,DEPOT_IN,depot_deadhead,Etouvie Quai A,Depot,2026-04-08 19:20:45.000000001,2026-04-08 19:26:18.333333334,5.555555555555555,4.0,43.2,31.7477392,2.939605481481481,72.17589883889373,71.64624019358175,207.169721179048,True
