Stop,Alpha,Distance,Velocity,deltaT,TripID,StartStopName,EndStopName,Cycle,PointID,Time,Total_Distance,Power,PowerC,BusModelId,BusModelName,SoC,BatteryCapacity_kWh,TimeHour,StartTimeHour,Distance_km,CumulativeDistance_km,Speed_km_h,Power_kW,ChargePower_kW,NetPower_kW,EnergyUsed_kWh,EnergyCharged_kWh,IsDepotSegment
0,0.0,0.0,0.0,0.0,9-N1-2-B-034901,Depot,Depot,0,0,0.0,0.0,2500.0,0.0,mercedes_ecitaro,Mercedes-Benz eCitaro,100.0,555.0,2026-04-08 03:43:27.666666667,2026-04-08 03:43:27.666666667,0.0,0.0,0.0,2.5,0.0,2.5,0.0,0.0,False
1,0.0,4000.0,12.0,333.3333333333333,DEPOT_OUT,Depot,Etouvie Quai A,0,1,333.3333333333333,4000.0,31747.7392,0.0,mercedes_ecitaro,Mercedes-Benz eCitaro,99.47034135468802,555.0,2026-04-08 03:49:01.000000000,2026-04-08 03:43:27.666666667,4.0,4.0,43.2,31.7477392,0.0,31.7477392,2.939605481481481,0.0,True
1,0.0,241.9015249612658,4.319670088594032,56.0,9-N1-2-B-034901,Etouvie Quai A,Martinique,1,2,389.3333333333333,4241.901524961266,11056.821019198629,0.0,mercedes_ecitaro,Mercedes-Benz eCitaro,99.43935126574532,555.0,2026-04-08 03:49:57.000000000,2026-04-08 03:49:01.000000000,0.2419015249612658,4.241901524961266,15.550812318938515,11.05682101919863,0.0,11.05682101919863,0.17199499363197868,0.0,False
0,0.0,0.0,0.0,30.0,9-N1-2-B-034901,Martinique,Martinique,1,3,419.3333333333333,4241.901524961266,2500.0,0.0,mercedes_ecitaro,Mercedes-Benz eCitaro,99.43559751199157,555.0,2026-04-08 03:50:27.000000000,2026-04-08 03:49:57.000000000,0.0,4.241901524961266,0.0,2.5,0.0,2.5,0.020833333333333332,0.0,False
1,0.0,330.7630000086095,4.9367611941583505,67.0,9-N1-2-B-034901,Martinique,Collège R.Parks,1,4,486.3333333333333,4572.664524969875,12381.899008765697,0.0,mercedes_ecitaro,Mercedes-Benz eCitaro,99.39407662942965,555.0,2026-04-08 03:51:34.000000000,2026-04-08 03:50:27.000000000,0.3307630000086095,4.572664524969875,17.77234029897006,12.381899008765696,0.0,12.381899008765696,0.2304408982186949,0.0,False
0,0.0,0.0,0.0,30.0,9-N1-2-B-034901,Collège R.Parks,Collège R.Parks,1,5,516.3333333333333,4572.664524969875,2500.0,0.0,mercedes_ecitaro,Mercedes-Benz eCitaro,99.39032287567589,555.0,2026-04-08 03:52:04.000000000,2026-04-08 03:51:34.000000000,0.0,4.572664524969875,0.0,2.5,0.0,2.5,0.020833333333333332,0.0,False
1,0.0,296.81987678393193,4.01107941599908,74.0,9-N1-2-B-034901,Collège R.Parks,Languedoc,1,6,590.3333333333333,4869.484401753807,10407.985877821335,0.0,mercedes_ecitaro,Mercedes-Benz eCitaro,99.3517747798321,555.0,2026-04-08 03:53:18.000000000,2026-04-08 03:52:04.000000000,0.29681987678393196,4.869484401753807,14.439885897596689,10.407985877821334,0.0,10.407985877821334,0.2139419319329941,0.0,False
0,0.0,0.0,0.0,30.0,9-N1-2-B-034901,Languedoc,Languedoc,1,7,620.3333333333333,4869.484401753807,2500.0,0.0,mercedes_ecitaro,Mercedes-Benz eCitaro,99.34802102607836,555.0,2026-04-08 03:53:48.000000000,2026-04-08 03:53:18.000000000,0.0,4.869484401753807,0.0,2.5,0.0,2.5,0.020833333333333332,0.0,False
1,0.0,297.726462758007,5.316543977821554,56.0,9-N1-2-B-034901,Languedoc,Les coursives,1,8,676.3333333333333,5167.210864511814,13217.496071507208,0.0,mercedes_ecitaro,Mercedes-Benz eCitaro,99.3109749910431,555.0,2026-04-08 03:54:44.000000000,2026-04-08 03:53:48.000000000,0.297726462758007,5.167210864511814,19.139558320157594,13.217496071507208,0.0,13.217496071507208,0.2056054944456677,0.0,False
0,0.0,0.0,0.0,30.0,9-N1-2-B-034901,Les coursives,Les coursives,1,9,706.3333333333333,5167.210864511814,2500.0,0.0,mercedes_ecitaro,Mercedes-Benz eCitaro,99.30722123728934,555.0,2026-04-08 03:55:14.000000000,2026-04-08 03:54:44.000000000,0.0,5.167210864511814,0.0,2.5,0.0,2.5,0.020833333333333332,0.0,False
1,0.0,227.94980309080773,5.065551179795728,45.0,9-N1-2-B-034901,Les coursives,La Fontaine,1,10,751.3333333333333,5395.160667602622,12663.459214121442,0.0,mercedes_ecitaro,Mercedes-Benz eCitaro,99.27869993275303,555.0,2026-04-08 03:55:59.000000000,2026-04-08 03:55:14.000000000,0.22794980309080773,5.395160667602622,18.23598424726462,12.663459214121442,0.0,12.663459214121442,0.15829324017651802,0.0,False
0,0.0,0.0,0.0,30.0,9-N1-2-B-034901,La Fontaine,La Fontaine,1,11,781.3333333333333,5395.160667602622,2500.0,0.0,mercedes_ecitaro,Mercedes-Benz eCitaro,99.27494617899927,555.0,2026-04-08 03:56:29.000000000,2026-04-08 03:55:59.000000000,0.0,5.395160667602622,0.0,2.5,0.0,2.5,0.020833333333333332,0.0,False
1,0.0,278.8940733458619,4.572033989276425,61.0,9-N1-2-B-034901,La Fontaine,Place la Barre,1,12,842.3333333333333,5674.054740948484,11594.0864387973,0.0,mercedes_ecitaro,Mercedes-Benz eCitaro,99.23954881799995,555.0,2026-04-08 03:57:30.000000000,2026-04-08 03:56:29.000000000,0.2788940733458619,5.674054740948485,16.459322361395127,11.5940864387973,0.0,11.5940864387973,0.19645535354628757,0.0,False
0,0.0,0.0,0.0,30.0,9-N1-2-B-034901,Place la Barre,Place la Barre,1,13,872.3333333333333,5674.054740948484,2500.0,0.0,mercedes_ecitaro,Mercedes-Benz eCitaro,99.23579506424619,555.0,2026-04-08 03:58:00.000000000,2026-04-08 03:57:30.000000000,0.0,5.674054740948485,0.0,2.5,0.0,2.5,0.020833333333333332,0.0,False
1,0.0,552.9827646282706,5.882795368385858,94.0,9-N1-2-B-034901,Place la Barre,Sully,1,14,966.3333333333333,6227.0375055767545,14494.837120605796,0.0,mercedes_ecitaro,Mercedes-Benz eCitaro,99.16760113585096,555.0,2026-04-08 03:59:34.000000000,2026-04-08 03:58:00.000000000,0.5529827646282706,6.227037505576755,21.178063326189086,14.494837120605796,0.0,14.494837120605796,0.37847630259359577,0.0,False
0,0.0,0.0,0.0,30.0,9-N1-2-B-034901,Sully,Sully,1,15,996.3333333333333,6227.0375055767545,2500.0,0.0,mercedes_ecitaro,Mercedes-Benz eCitaro,99.1638473820972,555.0,2026-04-08 04:00:04.000000000,2026-04-08 03:59:34.000000000,0.0,6.227037505576755,0.0,2.5,0.0,2.5,0.020833333333333332,0.0,False
1,0.0,541.2636534432309,5.820039284335816,93.0,9-N1-2-B-034901,Sully,Espace Alliance,1,16,1089.3333333333333,6768.301159019986,14351.314697241989,0.0,mercedes_ecitaro,Mercedes-Benz eCitaro,99.09704696834126,555.0,2026-04-08 04:01:37.000000000,2026-04-08 04:00:04.000000000,0.5412636534432308,6.768301159019986,20.952141423608936,14.351314697241989,0.0,14.351314697241989,0.37074229634541805,0.0,False
0,0.0,0.0,0.0,30.0,9-N1-2-B-034901,Espace Alliance,Espace Alliance,1,17,1119.3333333333333,6768.301159019986,2500.0,0.0,mercedes_ecitaro,Mercedes-Benz eCitaro,99.09329321458752,555.0,2026-04-08 04:02:07.000000000,2026-04-08 04:01:37.000000000,0.0,6.768301159019986,0.0,2.5,0.0,2.5,0.020833333333333332,0.0,False
1,0.0,306.8484114845754,5.789592669520291,53.0,9-N1-2-B-034901,Espace Alliance,Faubourg de Hem,1,18,1172.3333333333333,7075.149570504561,14281.864401781007,0.0,mercedes_ecitaro,Mercedes-Benz eCitaro,99.05540838909731,555.0,2026-04-08 04:03:00.000000000,2026-04-08 04:02:07.000000000,0.3068484114845754,7.075149570504561,20.842533610273048,14.281864401781007,0.0,14.281864401781007,0.21026078147066482,0.0,False
0,0.0,0.0,0.0,30.0,9-N1-2-B-034901,Faubourg de Hem,Faubourg de Hem,1,19,1202.3333333333333,7075.149570504561,2500.0,0.0,mercedes_ecitaro,Mercedes-Benz eCitaro,99.05165463534355,555.0,2026-04-08 04:03:30.000000000,2026-04-08 04:03:00.000000000,0.0,7.075149570504561,0.0,2.5,0.0,2.5,0.020833333333333332,0.0,False
1,0.0,296.4471853943004,7.058266318911914,42.0,9-N1-2-B-034901,Faubourg de Hem,Egl. St-Firmin,1,20,1244.3333333333333,7371.596755898861,17282.560219061117,0.0,mercedes_ecitaro,Mercedes-Benz eCitaro,99.01532492917735,555.0,2026-04-08 04:04:12.000000000,2026-04-08 04:03:30.000000000,0.29644718539430037,7.371596755898861,25.409758748082893,17.282560219061118,0.0,17.282560219061118,0.20162986922237972,0.0,False
0,0.0,0.0,0.0,30.0,9-N1-2-B-034901,Egl. St-Firmin,Egl. St-Firmin,1,21,1274.3333333333333,7371.596755898861,2500.0,0.0,mercedes_ecitaro,Mercedes-Benz eCitaro,99.0115711754236,555.0,2026-04-08 04:04:42.000000000,2026-04-08 04:04:12.000000000,0.0,7.371596755898861,0.0,2.5,0.0,2.5,0.020833333333333332,0.0,False
1,0.0,397.9625757415526,7.106474566813439,56.0,9-N1-2-B-034901,Egl. St-Firmin,Zoo d'Amiens,1,22,1330.3333333333333,7769.559331640414,17401.196362585695,0.0,mercedes_ecitaro,Mercedes-Benz eCitaro,98.96279905348642,555.0,2026-04-08 04:05:38.000000000,2026-04-08 04:04:42.000000000,0.3979625757415526,7.769559331640414,25.58330844052838,17.401196362585694,0.0,17.401196362585694,0.270685276751333,0.0,False
0,0.0,0.0,0.0,30.0,9-N1-2-B-034901,Zoo d'Amiens,Zoo d'Amiens,1,23,1360.3333333333333,7769.559331640414,2500.0,0.0,mercedes_ecitaro,Mercedes-Benz eCitaro,98.95904529973267,555.0,2026-04-08 04:06:08.000000000,2026-04-08 04:05:38.000000000,0.0,7.769559331640414,0.0,2.5,0.0,2.5,0.020833333333333332,0.0,False
1,0.0,387.76459722543666,6.924367807597084,56.0,9-N1-2-B-034901,Zoo d'Amiens,Jean Jaurès,1,24,1416.3333333333333,8157.323928865851,16954.920605978714,0.0,mercedes_ecitaro,Mercedes-Benz eCitaro,98.91152400073693,555.0,2026-04-08 04:07:04.000000000,2026-04-08 04:06:08.000000000,0.38776459722543666,8.15732392886585,24.9277241073495,16.954920605978714,0.0,16.954920605978714,0.26374320942633556,0.0,False
0,0.0,0.0,0.0,30.0,9-N1-2-B-034901,Jean Jaurès,Jean Jaurès,1,25,1446.3333333333333,8157.323928865851,2500.0,0.0,mercedes_ecitaro,Mercedes-Benz eCitaro,98.90777024698318,555.0,2026-04-08 04:07:34.000000000,2026-04-08 04:07:04.000000000,0.0,8.15732392886585,0.0,2.5,0.0,2.5,0.020833333333333332,0.0,False
1,0.0,353.81886733206454,6.675827685510652,53.0,9-N1-2-B-034901,Jean Jaurès,Saint-Jacques,1,26,1499.3333333333333,8511.142796197915,16353.911877036153,0.0,mercedes_ecitaro,Mercedes-Benz eCitaro,98.86438899926131,555.0,2026-04-08 04:08:27.000000000,2026-04-08 04:07:34.000000000,0.3538188673320645,8.511142796197916,24.032979667838347,16.353911877036154,0.0,16.353911877036154,0.24076592485636555,0.0,False
0,0.0,0.0,0.0,30.0,9-N1-2-B-034901,Saint-Jacques,Saint-Jacques,1,27,1529.3333333333333,8511.142796197915,2500.0,0.0,mercedes_ecitaro,Mercedes-Benz eCitaro,98.86063524550755,555.0,2026-04-08 04:08:57.000000000,2026-04-08 04:08:27.000000000,0.0,8.511142796197916,0.0,2.5,0.0,2.5,0.020833333333333332,0.0,False
1,0.0,242.8037375118653,7.35768901551107,33.0,9-N1-2-B-034901,Saint-Jacques,M. Culture A,1,28,1562.3333333333333,8753.94653370978,18025.307499846742,0.0,mercedes_ecitaro,Mercedes-Benz eCitaro,98.83086371660391,555.0,2026-04-08 04:09:30.000000000,2026-04-08 04:08:57.000000000,0.24280373751186532,8.753946533709781,26.487680455839854,18.025307499846743,0.0,18.025307499846743,0.16523198541526182,0.0,False
0,0.0,0.0,0.0,30.0,9-N1-2-B-034901,M. Culture A,M. Culture A,1,29,1592.3333333333333,8753.94653370978,2500.0,0.0,mercedes_ecitaro,Mercedes-Benz eCitaro,98.82710996285016,555.0,2026-04-08 04:10:00.000000000,2026-04-08 04:09:30.000000000,0.0,8.753946533709781,0.0,2.5,0.0,2.5,0.020833333333333332,0.0,False
1,0.0,296.74165114956037,2.472847092913003,120.0,9-N1-2-B-034901,M. Culture A,Hôtel de Ville,1,30,1712.3333333333333,9050.688184859342,7285.495885312494,0.0,mercedes_ecitaro,Mercedes-Benz eCitaro,98.78335323080624,555.0,2026-04-08 04:12:00.000000000,2026-04-08 04:10:00.000000000,0.29674165114956036,9.050688184859341,8.90224953448681,7.285495885312494,0.0,7.285495885312494,0.24284986284374976,0.0,False
0,0.0,0.0,0.0,30.0,9-N1-2-B-034901,Hôtel de Ville,Hôtel de Ville,1,31,1742.3333333333333,9050.688184859342,2500.0,0.0,mercedes_ecitaro,Mercedes-Benz eCitaro,98.77959947705249,555.0,2026-04-08 04:12:30.000000000,2026-04-08 04:12:00.000000000,0.0,9.050688184859341,0.0,2.5,0.0,2.5,0.020833333333333332,0.0,False
1,0.0,228.2941059416939,4.005159753363051,57.0,9-N1-2-B-034901,Hôtel de Ville,Jacobins,1,32,1799.3333333333333,9278.982290801036,10395.62297288138,0.0,mercedes_ecitaro,Mercedes-Benz eCitaro,98.74994229439712,555.0,2026-04-08 04:13:27.000000000,2026-04-08 04:12:30.000000000,0.22829410594169391,9.278982290801036,14.418575112106984,10.39562297288138,0.0,10.39562297288138,0.16459736373728853,0.0,False
0,0.0,0.0,0.0,30.0,9-N1-2-B-034901,Jacobins,Jacobins,1,33,1829.3333333333333,9278.982290801036,2500.0,0.0,mercedes_ecitaro,Mercedes-Benz eCitaro,98.74618854064336,555.0,2026-04-08 04:13:57.000000000,2026-04-08 04:13:27.000000000,0.0,9.278982290801036,0.0,2.5,0.0,2.5,0.020833333333333332,0.0,False
1,0.0,326.11241962366006,4.026079254613087,81.0,9-N1-2-B-034901,Jacobins,Emile Zola,1,34,1910.3333333333333,9605.094710424695,10439.32601398859,0.0,mercedes_ecitaro,Mercedes-Benz eCitaro,98.70386694869475,555.0,2026-04-08 04:15:18.000000000,2026-04-08 04:13:57.000000000,0.32611241962366005,9.605094710424694,14.493885316607114,10.43932601398859,0.0,10.43932601398859,0.23488483531474327,0.0,False
0,0.0,0.0,0.0,30.0,9-N1-2-B-034901,Emile Zola,Emile Zola,1,35,1940.3333333333333,9605.094710424695,2500.0,0.0,mercedes_ecitaro,Mercedes-Benz eCitaro,98.70011319494101,555.0,2026-04-08 04:15:48.000000000,2026-04-08 04:15:18.000000000,0.0,9.605094710424694,0.0,2.5,0.0,2.5,0.020833333333333332,0.0,False
1,0.0,355.48637357572056,2.1943603307143245,162.0,9-N1-2-B-034901,Emile Zola,Gare du Nord B,1,36,2102.333333333333,9960.581084000416,6736.177798628873,0.0,mercedes_ecitaro,Mercedes-Benz eCitaro,98.64549553711429,555.0,2026-04-08 04:18:30.000000000,2026-04-08 04:15:48.000000000,0.35548637357572055,9.960581084000417,7.899697190571568,6.736177798628873,0.0,6.736177798628873,0.3031280009382993,0.0,False
0,0.0,0.0,0.0,30.0,9-N1-2-B-034901,Gare du Nord B,Gare du Nord B,1,37,2132.333333333333,9960.581084000416,2500.0,0.0,mercedes_ecitaro,Mercedes-Benz eCitaro,98.64174178336053,555.0,2026-04-08 04:19:00.000000000,2026-04-08 04:18:30.000000000,0.0,9.960581084000417,0.0,2.5,0.0,2.5,0.020833333333333332,0.0,False
1,0.0,368.1948881034494,3.95908481831666,93.0,9-N1-2-B-034901,Gare du Nord B,Caserne Dejean,1,38,2225.333333333333,10328.775972103866,10299.502354459812,0.0,mercedes_ecitaro,Mercedes-Benz eCitaro,98.59380115678572,555.0,2026-04-08 04:20:33.000000000,2026-04-08 04:19:00.000000000,0.3681948881034494,10.328775972103866,14.252705345939976,10.299502354459811,0.0,10.299502354459811,0.2660704774902118,0.0,False
0,0.0,0.0,0.0,30.0,9-N1-2-B-034901,Caserne Dejean,Caserne Dejean,1,39,2255.333333333333,10328.775972103866,2500.0,0.0,mercedes_ecitaro,Mercedes-Benz eCitaro,98.59004740303196,555.0,2026-04-08 04:21:03.000000000,2026-04-08 04:20:33.000000000,0.0,10.328775972103866,0.0,2.5,0.0,2.5,0.020833333333333332,0.0,False
1,0.0,355.3755273513469,3.862777471210292,92.0,9-N1-2-B-034901,Caserne Dejean,Pinceau,1,40,2347.333333333333,10684.151499455213,10099.178424665342,0.0,mercedes_ecitaro,Mercedes-Benz eCitaro,98.54354467955503,555.0,2026-04-08 04:22:35.000000000,2026-04-08 04:21:03.000000000,0.35537552735134686,10.684151499455213,13.905998896357051,10.099178424665343,0.0,10.099178424665343,0.2580901152970032,0.0,False
0,0.0,0.0,0.0,30.0,9-N1-2-B-034901,Pinceau,Pinceau,1,41,2377.333333333333,10684.151499455213,2500.0,0.0,mercedes_ecitaro,Mercedes-Benz eCitaro,98.53979092580127,555.0,2026-04-08 04:23:05.000000000,2026-04-08 04:22:35.000000000,0.0,10.684151499455213,0.0,2.5,0.0,2.5,0.020833333333333332,0.0,False
1,0.0,447.05548624280317,3.8874390108069843,115.0,9-N1-2-B-034901,Pinceau,L. de Luzarches,1,42,2492.333333333333,11131.206985698016,10150.400279848174,0.0,mercedes_ecitaro,Mercedes-Benz eCitaro,98.48136770096731,555.0,2026-04-08 04:25:00.000000000,2026-04-08 04:23:05.000000000,0.44705548624280317,11.131206985698016,13.994780438905144,10.150400279848174,0.0,10.150400279848174,0.3242488978284834,0.0,False
0,0.0,0.0,0.0,30.0,9-N1-2-B-034901,L. de Luzarches,L. de Luzarches,1,43,2522.333333333333,11131.206985698016,2500.0,0.0,mercedes_ecitaro,Mercedes-Benz eCitaro,98.47761394721356,555.0,2026-04-08 04:25:30.000000000,2026-04-08 04:25:00.000000000,0.0,11.131206985698016,0.0,2.5,0.0,2.5,0.020833333333333332,0.0,False
1,0.0,324.8685267650074,8.121713169125185,40.0,9-N1-2-B-034901,L. de Luzarches,Egl. St-Acheul,1,44,2562.333333333333,11456.075512463023,19987.224845856923,0.0,mercedes_ecitaro,Mercedes-Benz eCitaro,98.43759948305768,555.0,2026-04-08 04:26:10.000000000,2026-04-08 04:25:30.000000000,0.3248685267650074,11.456075512463023,29.238167408850664,19.98722484585692,0.0,19.98722484585692,0.2220802760650769,0.0,False
0,0.0,0.0,0.0,30.0,9-N1-2-B-034901,Egl. St-Acheul,Egl. St-Acheul,1,45,2592.333333333333,11456.075512463023,2500.0,0.0,mercedes_ecitaro,Mercedes-Benz eCitaro,98.43384572930394,555.0,2026-04-08 04:26:40.000000000,2026-04-08 04:26:10.000000000,0.0,11.456075512463023,0.0,2.5,0.0,2.5,0.020833333333333332,0.0,False
1,0.0,451.79666905185246,8.214484891851862,55.0,9-N1-2-B-034901,Egl. St-Acheul,Mercey,1,46,2647.333333333333,11907.872181514877,20232.30889370291,0.0,mercedes_ecitaro,Mercedes-Benz eCitaro,98.37815118530224,555.0,2026-04-08 04:27:35.000000000,2026-04-08 04:26:40.000000000,0.45179666905185245,11.907872181514877,29.572145610666706,20.23230889370291,0.0,20.23230889370291,0.30910471920935007,0.0,False
0,0.0,0.0,0.0,30.0,9-N1-2-B-034901,Mercey,Mercey,1,47,2677.333333333333,11907.872181514877,2500.0,0.0,mercedes_ecitaro,Mercedes-Benz eCitaro,98.3743974315485,555.0,2026-04-08 04:28:05.000000000,2026-04-08 04:27:35.000000000,0.0,11.907872181514877,0.0,2.5,0.0,2.5,0.020833333333333332,0.0,False
1,0.0,481.8036462949089,8.166163496523879,59.0,9-N1-2-B-034901,Mercey,Sobo,1,48,2736.333333333333,12389.675827809786,20104.461940156947,0.0,mercedes_ecitaro,Mercedes-Benz eCitaro,98.31502990129478,555.0,2026-04-08 04:29:04.000000000,2026-04-08 04:28:05.000000000,0.4818036462949089,12.389675827809786,29.398188587485965,20.10446194015695,0.0,20.10446194015695,0.32948979290812774,0.0,False
0,0.0,0.0,0.0,30.0,9-N1-2-B-034901,Sobo,Sobo,1,49,2766.333333333333,12389.675827809786,2500.0,0.0,mercedes_ecitaro,Mercedes-Benz eCitaro,98.31127614754102,555.0,2026-04-08 04:29:34.000000000,2026-04-08 04:29:04.000000000,0.0,12.389675827809786,0.0,2.5,0.0,2.5,0.020833333333333332,0.0,False
1,0.0,707.5852717526406,8.22773571805396,86.0,9-N1-2-B-034901,Sobo,Pont de l'Avre,1,50,2852.333333333333,13097.261099562427,20267.440548072263,0.0,mercedes_ecitaro,Mercedes-Benz eCitaro,98.22403891595273,555.0,2026-04-08 04:31:00.000000000,2026-04-08 04:29:34.000000000,0.7075852717526405,13.097261099562427,29.61984858499426,20.267440548072262,0.0,20.267440548072262,0.4841666353150596,0.0,False
0,0.0,0.0,0.0,30.0,9-N1-2-B-034901,Pont de l'Avre,Pont de l'Avre,1,51,2882.333333333333,13097.261099562427,2500.0,0.0,mercedes_ecitaro,Mercedes-Benz eCitaro,98.22028516219898,555.0,2026-04-08 04:31:30.000000000,2026-04-08 04:31:00.000000000,0.0,13.097261099562427,0.0,2.5,0.0,2.5,0.020833333333333332,0.0,False
1,0.0,296.6141068969825,7.062240640404345,42.0,9-N1-2-B-034901,Pont de l'Avre,Cité du Château,1,52,2924.333333333333,13393.87520645941,17292.32707664838,0.0,mercedes_ecitaro,Mercedes-Benz eCitaro,98.18393492510091,555.0,2026-04-08 04:32:12.000000000,2026-04-08 04:31:30.000000000,0.2966141068969825,13.39387520645941,25.424066305455643,17.29232707664838,0.0,17.29232707664838,0.20174381589423113,0.0,False
0,0.0,0.0,0.0,30.0,9-N1-2-B-034901,Cité du Château,Cité du Château,1,53,2954.333333333333,13393.87520645941,2500.0,0.0,mercedes_ecitaro,Mercedes-Benz eCitaro,98.18018117134716,555.0,2026-04-08 04:32:42.000000000,2026-04-08 04:32:12.000000000,0.0,13.39387520645941,0.0,2.5,0.0,2.5,0.020833333333333332,0.0,False
1,0.0,332.9543642312839,6.936549254818414,48.0,9-N1-2-B-034901,Cité du Château,La Rose Rouge,1,54,3002.333333333333,13726.829570690694,16984.614749484874,0.0,mercedes_ecitaro,Mercedes-Benz eCitaro,98.13937729206911,555.0,2026-04-08 04:33:30.000000000,2026-04-08 04:32:42.000000000,0.3329543642312839,13.726829570690693,24.97157731734629,16.984614749484873,0.0,16.984614749484873,0.22646152999313165,0.0,False
0,0.0,0.0,0.0,30.0,9-N1-2-B-034901,La Rose Rouge,La Rose Rouge,1,55,3032.333333333333,13726.829570690694,2500.0,0.0,mercedes_ecitaro,Mercedes-Benz eCitaro,98.13562353831537,555.0,2026-04-08 04:34:00.000000000,2026-04-08 04:33:30.000000000,0.0,13.726829570690693,0.0,2.5,0.0,2.5,0.020833333333333332,0.0,False
1,0.0,225.1396338173497,7.262568832817732,31.0,9-N1-2-B-034901,La Rose Rouge,Poidevin,1,56,3063.333333333333,13951.969204508043,17787.818516889005,0.0,mercedes_ecitaro,Mercedes-Benz eCitaro,98.10802482089677,555.0,2026-04-08 04:34:31.000000000,2026-04-08 04:34:00.000000000,0.2251396338173497,13.951969204508043,26.145247798143835,17.787818516889004,0.0,17.787818516889004,0.1531728816732109,0.0,False
0,0.0,0.0,0.0,30.0,9-N1-2-B-034901,Poidevin,Poidevin,1,57,3093.333333333333,13951.969204508043,2500.0,0.0,mercedes_ecitaro,Mercedes-Benz eCitaro,98.10427106714302,555.0,2026-04-08 04:35:01.000000000,2026-04-08 04:34:31.000000000,0.0,13.951969204508043,0.0,2.5,0.0,2.5,0.020833333333333332,0.0,False
1,0.0,314.5014195772681,7.147759535847002,44.0,9-N1-2-B-034901,Poidevin,M. de Longueau,1,58,3137.333333333333,14266.47062408531,17503.08167993473,0.0,mercedes_ecitaro,Mercedes-Benz eCitaro,98.06572574212214,555.0,2026-04-08 04:35:45.000000000,2026-04-08 04:35:01.000000000,0.3145014195772681,14.26647062408531,25.731934329049206,17.50308167993473,0.0,17.50308167993473,0.21392655386586892,0.0,False
0,0.0,0.0,0.0,30.0,9-N1-2-B-034901,M. de Longueau,M. de Longueau,1,59,3167.333333333333,14266.47062408531,2500.0,0.0,mercedes_ecitaro,Mercedes-Benz eCitaro,98.06197198836838,555.0,2026-04-08 04:36:15.000000000,2026-04-08 04:35:45.000000000,0.0,14.26647062408531,0.0,2.5,0.0,2.5,0.020833333333333332,0.0,False
1,0.0,256.63398574137216,6.936053668685734,37.0,9-N1-2-B-034901,M. de Longueau,La Fourche,1,60,3204.333333333333,14523.104609826682,16983.406243795107,0.0,mercedes_ecitaro,Mercedes-Benz eCitaro,98.03052123606506,555.0,2026-04-08 04:36:52.000000000,2026-04-08 04:36:15.000000000,0.25663398574137214,14.523104609826682,24.96979320726864,16.983406243795105,0.0,16.983406243795105,0.17455167528344973,0.0,False
0,0.0,0.0,0.0,30.0,9-N1-2-B-034901,La Fourche,La Fourche,1,61,3234.333333333333,14523.104609826682,2500.0,0.0,mercedes_ecitaro,Mercedes-Benz eCitaro,98.0267674823113,555.0,2026-04-08 04:37:22.000000000,2026-04-08 04:36:52.000000000,0.0,14.523104609826682,0.0,2.5,0.0,2.5,0.020833333333333332,0.0,False
1,0.0,651.0902221706201,6.643777777251225,98.0,9-N1-2-B-034901,La Fourche,Croix de Fer,1,62,3332.333333333333,15174.194831997302,16277.07312975203,0.0,mercedes_ecitaro,Mercedes-Benz eCitaro,97.94692998647969,555.0,2026-04-08 04:39:00.000000000,2026-04-08 04:37:22.000000000,0.6510902221706201,15.174194831997301,23.91759999810441,16.27707312975203,0.0,16.27707312975203,0.44309810186547194,0.0,False
0,0.0,0.0,0.0,30.0,9-N1-2-B-034901,Croix de Fer,Croix de Fer,1,63,3362.333333333333,15174.194831997302,2500.0,0.0,mercedes_ecitaro,Mercedes-Benz eCitaro,97.94317623272593,555.0,2026-04-08 04:39:30.000000000,2026-04-08 04:39:00.000000000,0.0,15.174194831997301,0.0,2.5,0.0,2.5,0.020833333333333332,0.0,False
1,0.0,703.41712703917,4.953641739712465,142.0,9-N1-2-B-034901,Croix de Fer,C. Cial Glisy,1,64,3504.333333333333,15877.611959036472,12418.700315873617,0.0,mercedes_ecitaro,Mercedes-Benz eCitaro,97.85491519944996,555.0,2026-04-08 04:41:52.000000000,2026-04-08 04:39:30.000000000,0.70341712703917,15.877611959036473,17.833110262964873,12.418700315873616,0.0,12.418700315873616,0.48984873468168155,0.0,False
0,0.0,0.0,0.0,30.0,9-N1-2-B-034901,C. Cial Glisy,C. Cial Glisy,1,65,3534.333333333333,15877.611959036472,2500.0,0.0,mercedes_ecitaro,Mercedes-Benz eCitaro,97.8511614456962,555.0,2026-04-08 04:42:22.000000000,2026-04-08 04:41:52.000000000,0.0,15.877611959036473,0.0,2.5,0.0,2.5,0.020833333333333332,0.0,False
1,0.0,136.72688382470434,4.883102993739441,28.0,9-N1-2-B-034901,C. Cial Glisy,Capitaine Nemo,1,66,3562.333333333333,16014.338842861176,12265.122289306848,0.0,mercedes_ecitaro,Mercedes-Benz eCitaro,97.8339730861316,555.0,2026-04-08 04:42:50.000000000,2026-04-08 04:42:22.000000000,0.13672688382470435,16.014338842861175,17.57917077746199,12.265122289306849,0.0,12.265122289306849,0.0953953955834977,0.0,False
0,0.0,0.0,0.0,30.0,9-N1-2-B-034901,Capitaine Nemo,Capitaine Nemo,1,67,3592.333333333333,16014.338842861176,2500.0,0.0,mercedes_ecitaro,Mercedes-Benz eCitaro,97.83021933237785,555.0,2026-04-08 04:43:20.000000000,2026-04-08 04:42:50.000000000,0.0,16.014338842861175,0.0,2.5,0.0,2.5,0.020833333333333332,0.0,False
1,0.0,323.4478124594319,2.488060095841784,130.0,9-N1-2-B-034901,Capitaine Nemo,Pôle J. Verne,1,68,3722.333333333333,16337.786655320608,7315.620110681674,0.0,mercedes_ecitaro,Mercedes-Benz eCitaro,97.78262020252858,555.0,2026-04-08 04:45:30.000000000,2026-04-08 04:43:20.000000000,0.3234478124594319,16.337786655320606,8.957016345030421,7.3156201106816745,0.0,7.3156201106816745,0.26417517066350493,0.0,False
0,0.0,0.0,0.0,30.0,9-N1-2-B-034901,Pôle J. Verne,Pôle J. Verne,1,69,3752.333333333333,16337.786655320608,2500.0,0.0,mercedes_ecitaro,Mercedes-Benz eCitaro,97.77886644877482,555.0,2026-04-08 04:46:00.000000000,2026-04-08 04:45:30.000000000,0.0,16.337786655320606,0.0,2.5,0.0,2.5,0.020833333333333332,0.0,False
1,0.0,334.0181708930427,4.7044812801837,71.0,9-N1-4-B-035101,Pôle J. Verne,Capitaine Nemo,1,70,3823.333333333333,16671.80482621365,11878.580971251235,0.0,mercedes_ecitaro,Mercedes-Benz eCitaro,97.73665527515325,555.0,2026-04-08 04:47:11.000000000,2026-04-08 04:46:00.000000000,0.3340181708930427,16.671804826213652,16.93613260866132,11.878580971251235,0.0,11.878580971251235,0.23427201359967714,0.0,False
0,0.0,0.0,0.0,30.0,9-N1-4-B-035101,Capitaine Nemo,Capitaine Nemo,1,71,3853.333333333333,16671.80482621365,2500.0,0.0,mercedes_ecitaro,Mercedes-Benz eCitaro,97.7329015213995,555.0,2026-04-08 04:47:41.000000000,2026-04-08 04:47:11.000000000,0.0,16.671804826213652,0.0,2.5,0.0,2.5,0.020833333333333332,0.0,False
1,0.0,122.91799931516653,5.8532380626269775,21.0,9-N1-4-B-035101,Capitaine Nemo,C. Cial Glisy,1,72,3874.333333333333,16794.722825528817,14427.177180198683,0.0,mercedes_ecitaro,Mercedes-Benz eCitaro,97.71773782166056,555.0,2026-04-08 04:48:02.000000000,2026-04-08 04:47:41.000000000,0.12291799931516653,16.79472282552882,21.07165702545712,14.427177180198683,0.0,14.427177180198683,0.08415853355115899,0.0,False
0,0.0,0.0,0.0,30.0,9-N1-4-B-035101,C. Cial Glisy,C. Cial Glisy,1,73,3904.333333333333,16794.722825528817,2500.0,0.0,mercedes_ecitaro,Mercedes-Benz eCitaro,97.71398406790681,555.0,2026-04-08 04:48:32.000000000,2026-04-08 04:48:02.000000000,0.0,16.79472282552882,0.0,2.5,0.0,2.5,0.020833333333333332,0.0,False
1,0.0,685.9620842301216,4.6664087362593305,147.0,9-N1-4-B-035101,C. Cial Glisy,Croix de Fer,1,74,4051.333333333333,17480.68490975894,11796.619365870161,0.0,mercedes_ecitaro,Mercedes-Benz eCitaro,97.62719212362337,555.0,2026-04-08 04:50:59.000000000,2026-04-08 04:48:32.000000000,0.6859620842301216,17.48068490975894,16.79907145053359,11.79661936587016,0.0,11.79661936587016,0.4816952907730316,0.0,False
0,0.0,0.0,0.0,30.0,9-N1-4-B-035101,Croix de Fer,Croix de Fer,1,75,4081.333333333333,17480.68490975894,2500.0,0.0,mercedes_ecitaro,Mercedes-Benz eCitaro,97.62343836986962,555.0,2026-04-08 04:51:29.000000000,2026-04-08 04:50:59.000000000,0.0,17.48068490975894,0.0,2.5,0.0,2.5,0.020833333333333332,0.0,False
1,0.0,746.5227463047001,6.912247650969446,108.0,9-N1-4-B-035101,Croix de Fer,La Fourche,1,76,4189.333333333333,18227.20765606364,16925.39814763343,0.0,mercedes_ecitaro,Mercedes-Benz eCitaro,97.53194973123377,555.0,2026-04-08 04:53:17.000000000,2026-04-08 04:51:29.000000000,0.7465227463047002,18.22720765606364,24.88409154349001,16.92539814763343,0.0,16.92539814763343,0.5077619444290029,0.0,False
0,0.0,0.0,0.0,30.0,9-N1-4-B-035101,La Fourche,La Fourche,1,77,4219.333333333333,18227.20765606364,2500.0,0.0,mercedes_ecitaro,Mercedes-Benz eCitaro,97.52819597748001,555.0,2026-04-08 04:53:47.000000000,2026-04-08 04:53:17.000000000,0.0,18.22720765606364,0.0,2.5,0.0,2.5,0.020833333333333332,0.0,False
1,0.0,236.45430499839583,7.38919703119987,32.0,9-N1-4-B-035101,La Fourche,M. de Longueau,1,78,4251.333333333333,18463.661961062036,18104.29412886066,0.0,mercedes_ecitaro,Mercedes-Benz eCitaro,97.49920011100735,555.0,2026-04-08 04:54:19.000000000,2026-04-08 04:53:47.000000000,0.23645430499839581,18.463661961062037,26.60110931231953,18.10429412886066,0.0,18.10429412886066,0.16092705892320586,0.0,False
0,0.0,0.0,0.0,30.0,9-N1-4-B-035101,M. de Longueau,M. de Longueau,1,79,4281.333333333333,18463.661961062036,2500.0,0.0,mercedes_ecitaro,Mercedes-Benz eCitaro,97.49544635725361,555.0,2026-04-08 04:54:49.000000000,2026-04-08 04:54:19.000000000,0.0,18.463661961062037,0.0,2.5,0.0,2.5,0.020833333333333332,0.0,False
1,0.0,238.2314886825274,7.219136020682649,33.0,9-N1-4-B-035101,M. de Longueau,Poidevin,1,80,4314.333333333333,18701.893449744563,17679.857275640912,0.0,mercedes_ecitaro,Mercedes-Benz eCitaro,97.46624539178333,555.0,2026-04-08 04:55:22.000000000,2026-04-08 04:54:49.000000000,0.23823148868252741,18.701893449744563,25.98888967445754,17.679857275640913,0.0,17.679857275640913,0.1620653583600417,0.0,False
0,0.0,0.0,0.0,30.0,9-N1-4-B-035101,Poidevin,Poidevin,1,81,4344.333333333333,18701.893449744563,2500.0,0.0,mercedes_ecitaro,Mercedes-Benz eCitaro,97.46249163802958,555.0,2026-04-08 04:55:52.000000000,2026-04-08 04:55:22.000000000,0.0,18.701893449744563,0.0,2.5,0.0,2.5,0.020833333333333332,0.0,False
1,0.0,283.0530932557657,7.257771621942711,39.0,9-N1-4-B-035101,Poidevin,La Rose Rouge,1,82,4383.333333333333,18984.94654300033,17775.879384511274,0.0,mercedes_ecitaro,Mercedes-Benz eCitaro,97.42779397556731,555.0,2026-04-08 04:56:31.000000000,2026-04-08 04:55:52.000000000,0.2830530932557657,18.98494654300033,26.127977838993758,17.775879384511274,0.0,17.775879384511274,0.1925720266655388,0.0,False
0,0.0,0.0,0.0,30.0,9-N1-4-B-035101,La Rose Rouge,La Rose Rouge,1,83,4413.333333333333,18984.94654300033,2500.0,0.0,mercedes_ecitaro,Mercedes-Benz eCitaro,97.42404022181356,555.0,2026-04-08 04:57:01.000000000,2026-04-08 04:56:31.000000000,0.0,18.98494654300033,0.0,2.5,0.0,2.5,0.020833333333333332,0.0,False
1,0.0,382.52636844861735,7.356276316319565,52.0,9-N1-4-B-035101,La Rose Rouge,Cité du Château,1,84,4465.333333333333,19367.472911448946,18021.769783997195,0.0,mercedes_ecitaro,Mercedes-Benz eCitaro,97.37713671687023,555.0,2026-04-08 04:57:53.000000000,2026-04-08 04:57:01.000000000,0.38252636844861737,19.367472911448946,26.482594738750432,18.021769783997197,0.0,18.021769783997197,0.26031445243551504,0.0,False
0,0.0,0.0,0.0,30.0,9-N1-4-B-035101,Cité du Château,Cité du Château,1,85,4495.333333333333,19367.472911448946,2500.0,0.0,mercedes_ecitaro,Mercedes-Benz eCitaro,97.37338296311647,555.0,2026-04-08 04:58:23.000000000,2026-04-08 04:57:53.000000000,0.0,19.367472911448946,0.0,2.5,0.0,2.5,0.020833333333333332,0.0,False
1,0.0,259.04003764462647,7.195556601239624,36.0,9-N1-4-B-035101,Cité du Château,Pont de l'Avre,1,86,4531.333333333333,19626.512949093572,17621.370476656775,0.0,mercedes_ecitaro,Mercedes-Benz eCitaro,97.34163274604141,555.0,2026-04-08 04:58:59.000000000,2026-04-08 04:58:23.000000000,0.25904003764462646,19.626512949093573,25.904003764462647,17.621370476656775,0.0,17.621370476656775,0.17621370476656775,0.0,False
0,0.0,0.0,0.0,30.0,9-N1-4-B-035101,Pont de l'Avre,Pont de l'Avre,1,87,4561.333333333333,19626.512949093572,2500.0,0.0,mercedes_ecitaro,Mercedes-Benz eCitaro,97.33787899228766,555.0,2026-04-08 04:59:29.000000000,2026-04-08 04:58:59.000000000,0.0,19.626512949093573,0.0,2.5,0.0,2.5,0.020833333333333332,0.0,False
1,0.0,778.6426370279388,6.655065273743067,117.0,9-N1-4-B-035101,Pont de l'Avre,Sobo,1,88,4678.333333333333,20405.155586121513,16304.11753685129,0.0,mercedes_ecitaro,Mercedes-Benz eCitaro,97.24240443013493,555.0,2026-04-08 05:01:26.000000000,2026-04-08 04:59:29.000000000,0.7786426370279388,20.405155586121513,23.95823498547504,16.30411753685129,0.0,16.30411753685129,0.529883819947667,0.0,False
0,0.0,0.0,0.0,30.0,9-N1-4-B-035101,Sobo,Sobo,1,89,4708.333333333333,20405.155586121513,2500.0,0.0,mercedes_ecitaro,Mercedes-Benz eCitaro,97.23865067638117,555.0,2026-04-08 05:01:56.000000000,2026-04-08 05:01:26.000000000,0.0,20.405155586121513,0.0,2.5,0.0,2.5,0.020833333333333332,0.0,False
1,0.0,494.86888000554234,6.598251733407231,75.0,9-N1-4-B-035101,Sobo,Mercey,1,90,4783.333333333333,20900.024466127055,16168.181881260052,0.0,mercedes_ecitaro,Mercedes-Benz eCitaro,97.17795930295303,555.0,2026-04-08 05:03:11.000000000,2026-04-08 05:01:56.000000000,0.49486888000554236,20.900024466127057,23.753706240266034,16.168181881260054,0.0,16.168181881260054,0.3368371225262511,0.0,False
0,0.0,0.0,0.0,30.0,9-N1-4-B-035101,Mercey,Mercey,1,91,4813.333333333333,20900.024466127055,2500.0,0.0,mercedes_ecitaro,Mercedes-Benz eCitaro,97.17420554919927,555.0,2026-04-08 05:03:41.000000000,2026-04-08 05:03:11.000000000,0.0,20.900024466127057,0.0,2.5,0.0,2.5,0.020833333333333332,0.0,False
1,0.0,443.51095510688015,6.71986295616485,66.0,9-N1-4-B-035101,Mercey,Egl. St-Acheul,1,92,4879.333333333333,21343.535421233937,16459.72967793986,0.0,mercedes_ecitaro,Mercedes-Benz eCitaro,97.11983406978266,555.0,2026-04-08 05:04:47.000000000,2026-04-08 05:03:41.000000000,0.44351095510688016,21.343535421233938,24.191506642193463,16.459729677939862,0.0,16.459729677939862,0.3017617107622308,0.0,False
0,0.0,0.0,0.0,30.0,9-N1-4-B-035101,Egl. St-Acheul,Egl. St-Acheul,1,93,4909.333333333333,21343.535421233937,2500.0,0.0,mercedes_ecitaro,Mercedes-Benz eCitaro,97.1160803160289,555.0,2026-04-08 05:05:17.000000000,2026-04-08 05:04:47.000000000,0.0,21.343535421233938,0.0,2.5,0.0,2.5,0.020833333333333332,0.0,False
1,0.0,277.40496861036326,6.604880205008649,42.0,9-N1-4-B-035101,Egl. St-Acheul,L. de Luzarches,1,94,4951.333333333333,21620.9403898443,16184.017525487165,0.0,mercedes_ecitaro,Mercedes-Benz eCitaro,97.08205985876812,555.0,2026-04-08 05:05:59.000000000,2026-04-08 05:05:17.000000000,0.27740496861036323,21.6209403898443,23.777568738031135,16.184017525487164,0.0,16.184017525487164,0.18881353779735024,0.0,False
0,0.0,0.0,0.0,30.0,9-N1-4-B-035101,L. de Luzarches,L. de Luzarches,1,95,4981.333333333333,21620.9403898443,2500.0,0.0,mercedes_ecitaro,Mercedes-Benz eCitaro,97.07830610501436,555.0,2026-04-08 05:06:29.000000000,2026-04-08 05:05:59.000000000,0.0,21.6209403898443,0.0,2.5,0.0,2.5,0.020833333333333332,0.0,False
1,0.0,343.1323580300078,3.855419753146155,89.0,9-N1-4-B-035101,L. de Luzarches,Pinceau,1,96,5070.333333333333,21964.07274787431,10083.906448902566,0.0,mercedes_ecitaro,Mercedes-Benz eCitaro,97.03338780301475,555.0,2026-04-08 05:07:58.000000000,2026-04-08 05:06:29.000000000,0.3431323580300078,21.96407274787431,13.879511111326158,10.083906448902566,0.0,10.083906448902566,0.249296576097869,0.0,False
0,0.0,0.0,0.0,30.0,9-N1-4-B-035101,Pinceau,Pinceau,1,97,5100.333333333333,21964.07274787431,2500.0,0.0,mercedes_ecitaro,Mercedes-Benz eCitaro,97.02963404926099,555.0,2026-04-08 05:08:28.000000000,2026-04-08 05:07:58.000000000,0.0,21.96407274787431,0.0,2.5,0.0,2.5,0.020833333333333332,0.0,False
1,0.0,405.8966158731125,3.793426316571145,107.0,9-N1-4-B-035101,Pinceau,Caserne Dejean,1,98,5207.333333333333,22369.969363747423,9955.410597282218,0.0,mercedes_ecitaro,Mercedes-Benz eCitaro,96.97631928780407,555.0,2026-04-08 05:10:15.000000000,2026-04-08 05:08:28.000000000,0.40589661587311254,22.369969363747423,13.656334739656122,9.955410597282219,0.0,9.955410597282219,0.29589692608588813,0.0,False
0,0.0,0.0,0.0,30.0,9-N1-4-B-035101,Caserne Dejean,Caserne Dejean,1,99,5237.333333333333,22369.969363747423,2500.0,0.0,mercedes_ecitaro,Mercedes-Benz eCitaro,96.97256553405032,555.0,2026-04-08 05:10:45.000000000,2026-04-08 05:10:15.000000000,0.0,22.369969363747423,0.0,2.5,0.0,2.5,0.020833333333333332,0.0,False
1,0.0,391.6364257160486,3.7657348626543135,104.0,9-N1-4-B-035101,Caserne Dejean,Gare du Nord A,1,100,5341.333333333333,22761.605789463472,9898.116829554354,0.0,mercedes_ecitaro,Mercedes-Benz eCitaro,96.9210438048074,555.0,2026-04-08 05:12:29.000000000,2026-04-08 05:10:45.000000000,0.3916364257160486,22.761605789463474,13.55664550555553,9.898116829554354,0.0,9.898116829554354,0.2859455972982369,0.0,False
0,0.0,0.0,0.0,30.0,9-N1-4-B-035101,Gare du Nord A,Gare du Nord A,1,101,5371.333333333333,22761.605789463472,2500.0,0.0,mercedes_ecitaro,Mercedes-Benz eCitaro,96.91729005105364,555.0,2026-04-08 05:12:59.000000000,2026-04-08 05:12:29.000000000,0.0,22.761605789463474,0.0,2.5,0.0,2.5,0.020833333333333332,0.0,False
1,0.0,327.94171057791687,2.2158223687697087,148.0,9-N1-4-B-035101,Gare du Nord A,René Goblet,1,102,5519.333333333333,23089.54750004139,6778.373636749175,0.0,mercedes_ecitaro,Mercedes-Benz eCitaro,96.86707987596661,555.0,2026-04-08 05:15:27.000000000,2026-04-08 05:12:59.000000000,0.3279417105779169,23.08954750004139,7.976960527570951,6.7783736367491745,0.0,6.7783736367491745,0.2786664717330216,0.0,False
0,0.0,0.0,0.0,30.0,9-N1-4-B-035101,René Goblet,René Goblet,1,103,5549.333333333333,23089.54750004139,2500.0,0.0,mercedes_ecitaro,Mercedes-Benz eCitaro,96.86332612221285,555.0,2026-04-08 05:15:57.000000000,2026-04-08 05:15:27.000000000,0.0,23.08954750004139,0.0,2.5,0.0,2.5,0.020833333333333332,0.0,False
1,0.0,225.21730590675048,4.170690850125009,54.0,9-N1-4-B-035101,René Goblet,P. de Justice,1,104,5603.333333333333,23314.76480594814,10742.498468974078,0.0,mercedes_ecitaro,Mercedes-Benz eCitaro,96.83429234256698,555.0,2026-04-08 05:16:51.000000000,2026-04-08 05:15:57.000000000,0.2252173059067505,23.31476480594814,15.014487060450033,10.742498468974079,0.0,10.742498468974079,0.16113747703461115,0.0,False
0,0.0,0.0,0.0,30.0,9-N1-4-B-035101,P. de Justice,P. de Justice,1,105,5633.333333333333,23314.76480594814,2500.0,0.0,mercedes_ecitaro,Mercedes-Benz eCitaro,96.83053858881323,555.0,2026-04-08 05:17:21.000000000,2026-04-08 05:16:51.000000000,0.0,23.31476480594814,0.0,2.5,0.0,2.5,0.020833333333333332,0.0,False
1,0.0,229.9992746993994,3.965504736196541,58.0,9-N1-4-B-035101,P. de Justice,Dusevel,1,106,5691.333333333333,23544.76408064754,10312.884400903367,0.0,mercedes_ecitaro,Mercedes-Benz eCitaro,96.80060128674855,555.0,2026-04-08 05:18:19.000000000,2026-04-08 05:17:21.000000000,0.2299992746993994,23.54476408064754,14.275817050307548,10.312884400903368,0.0,10.312884400903368,0.1661520264589987,0.0,False
0,0.0,0.0,0.0,30.0,9-N1-4-B-035101,Dusevel,Dusevel,1,107,5721.333333333333,23544.76408064754,2500.0,0.0,mercedes_ecitaro,Mercedes-Benz eCitaro,96.79684753299479,555.0,2026-04-08 05:18:49.000000000,2026-04-08 05:18:19.000000000,0.0,23.54476408064754,0.0,2.5,0.0,2.5,0.020833333333333332,0.0,False
1,0.0,218.8226139254244,3.587255965990564,61.0,9-N1-4-B-035101,Dusevel,Beffroi,1,108,5782.333333333333,23763.586694572965,9530.33656798103,0.0,mercedes_ecitaro,Mercedes-Benz eCitaro,96.7677509098393,555.0,2026-04-08 05:19:50.000000000,2026-04-08 05:18:49.000000000,0.2188226139254244,23.763586694572965,12.914121477566031,9.530336567981031,0.0,9.530336567981031,0.1614862585130119,0.0,False
0,0.0,0.0,0.0,30.0,9-N1-4-B-035101,Beffroi,Beffroi,1,109,5812.333333333333,23763.586694572965,2500.0,0.0,mercedes_ecitaro,Mercedes-Benz eCitaro,96.76399715608554,555.0,2026-04-08 05:20:20.000000000,2026-04-08 05:19:50.000000000,0.0,23.763586694572965,0.0,2.5,0.0,2.5,0.020833333333333332,0.0,False
1,0.0,189.07722066752729,3.501430012361616,54.0,9-N1-4-B-035101,Beffroi,Place du Marché,1,110,5866.333333333333,23952.663915240493,9354.377011673041,0.0,mercedes_ecitaro,Mercedes-Benz eCitaro,96.73871505605399,555.0,2026-04-08 05:21:14.000000000,2026-04-08 05:20:20.000000000,0.18907722066752727,23.952663915240493,12.605148044501819,9.35437701167304,0.0,9.35437701167304,0.14031565517509562,0.0,False
0,0.0,0.0,0.0,30.0,9-N1-4-B-035101,Place du Marché,Place du Marché,1,111,5896.333333333333,23952.663915240493,2500.0,0.0,mercedes_ecitaro,Mercedes-Benz eCitaro,96.73496130230023,555.0,2026-04-08 05:21:44.000000000,2026-04-08 05:21:14.000000000,0.0,23.952663915240493,0.0,2.5,0.0,2.5,0.020833333333333332,0.0,False
1,0.0,171.78613535708172,3.817469674601816,45.0,9-N1-4-B-035101,Place du Marché,M. Culture B,1,112,5941.333333333333,24124.450050597574,10005.207964905961,0.0,mercedes_ecitaro,Mercedes-Benz eCitaro,96.71242705012702,555.0,2026-04-08 05:22:29.000000000,2026-04-08 05:21:44.000000000,0.17178613535708173,24.124450050597574,13.742890828566539,10.005207964905962,0.0,10.005207964905962,0.12506509956132453,0.0,False
0,0.0,0.0,0.0,30.0,9-N1-4-B-035101,M. Culture B,M. Culture B,1,113,5971.333333333333,24124.450050597574,2500.0,0.0,mercedes_ecitaro,Mercedes-Benz eCitaro,96.70867329637326,555.0,2026-04-08 05:22:59.000000000,2026-04-08 05:22:29.000000000,0.0,24.124450050597574,0.0,2.5,0.0,2.5,0.020833333333333332,0.0,False
1,0.0,291.81191051704656,6.07941480243847,48.0,9-N1-4-B-035101,M. Culture B,Saint-Jacques,1,114,6019.333333333333,24416.261961114622,14947.805699382516,0.0,mercedes_ecitaro,Mercedes-Benz eCitaro,96.67276265205042,555.0,2026-04-08 05:23:47.000000000,2026-04-08 05:22:59.000000000,0.2918119105170466,24.41626196111462,21.885893288778494,14.947805699382515,0.0,14.947805699382515,0.1993040759917669,0.0,False
0,0.0,0.0,0.0,30.0,9-N1-4-B-035101,Saint-Jacques,Saint-Jacques,1,115,6049.333333333333,24416.261961114622,2500.0,0.0,mercedes_ecitaro,Mercedes-Benz eCitaro,96.66900889829667,555.0,2026-04-08 05:24:17.000000000,2026-04-08 05:23:47.000000000,0.0,24.41626196111462,0.0,2.5,0.0,2.5,0.020833333333333332,0.0,False
1,0.0,350.7042974526486,5.656520926655622,62.0,9-N1-4-B-035101,Saint-Jacques,Jean Jaurès,1,116,6111.333333333333,24766.96625856727,13979.689002432178,0.0,mercedes_ecitaro,Mercedes-Benz eCitaro,96.62562848197281,555.0,2026-04-08 05:25:19.000000000,2026-04-08 05:24:17.000000000,0.3507042974526486,24.76696625856727,20.36347533596024,13.979689002432178,0.0,13.979689002432178,0.24076131059744307,0.0,False
0,0.0,0.0,0.0,30.0,9-N1-4-B-035101,Jean Jaurès,Jean Jaurès,1,117,6141.333333333333,24766.96625856727,2500.0,0.0,mercedes_ecitaro,Mercedes-Benz eCitaro,96.62187472821905,555.0,2026-04-08 05:25:49.000000000,2026-04-08 05:25:19.000000000,0.0,24.76696625856727,0.0,2.5,0.0,2.5,0.020833333333333332,0.0,False
1,0.0,402.8160957322576,5.5946679962813555,72.0,9-N1-4-B-035101,Jean Jaurès,Zoo d'Amiens,1,118,6213.333333333333,25169.78235429953,13839.983331209853,0.0,mercedes_ecitaro,Mercedes-Benz eCitaro,96.5720009144129,555.0,2026-04-08 05:27:01.000000000,2026-04-08 05:25:49.000000000,0.40281609573225763,25.169782354299528,20.14080478661288,13.839983331209853,0.0,13.839983331209853,0.276799666624197,0.0,False
0,0.0,0.0,0.0,30.0,9-N1-4-B-035101,Zoo d'Amiens,Zoo d'Amiens,1,119,6243.333333333333,25169.78235429953,2500.0,0.0,mercedes_ecitaro,Mercedes-Benz eCitaro,96.56824716065914,555.0,2026-04-08 05:27:31.000000000,2026-04-08 05:27:01.000000000,0.0,25.169782354299528,0.0,2.5,0.0,2.5,0.020833333333333332,0.0,False
1,0.0,376.38436041502575,5.790528621769627,65.0,9-N1-4-B-035101,Zoo d'Amiens,Egl. St-Firmin,1,120,6308.333333333333,25546.166714714553,14283.997606969104,0.0,mercedes_ecitaro,Mercedes-Benz eCitaro,96.5217776989748,555.0,2026-04-08 05:28:36.000000000,2026-04-08 05:27:31.000000000,0.37638436041502576,25.546166714714552,20.845903038370658,14.283997606969104,0.0,14.283997606969104,0.25790551234805326,0.0,False
0,0.0,0.0,0.0,30.0,9-N1-4-B-035101,Egl. St-Firmin,Egl. St-Firmin,1,121,6338.333333333333,25546.166714714553,2500.0,0.0,mercedes_ecitaro,Mercedes-Benz eCitaro,96.51802394522105,555.0,2026-04-08 05:29:06.000000000,2026-04-08 05:28:36.000000000,0.0,25.546166714714552,0.0,2.5,0.0,2.5,0.020833333333333332,0.0,False
1,0.0,300.7481358168622,5.674493128620042,53.0,9-N1-4-B-035101,Egl. St-Firmin,Faubourg de Hem,1,122,6391.333333333333,25846.914850531415,14020.370787798545,0.0,mercedes_ecitaro,Mercedes-Benz eCitaro,96.48083277145962,555.0,2026-04-08 05:29:59.000000000,2026-04-08 05:29:06.000000000,0.3007481358168622,25.846914850531416,20.428175263032152,14.020370787798544,0.0,14.020370787798544,0.20641101437592305,0.0,False
0,0.0,0.0,0.0,30.0,9-N1-4-B-035101,Faubourg de Hem,Faubourg de Hem,1,123,6421.333333333333,25846.914850531415,2500.0,0.0,mercedes_ecitaro,Mercedes-Benz eCitaro,96.47707901770588,555.0,2026-04-08 05:30:29.000000000,2026-04-08 05:29:59.000000000,0.0,25.846914850531416,0.0,2.5,0.0,2.5,0.020833333333333332,0.0,False
1,0.0,242.018982618479,5.5004314231472495,44.0,9-N1-4-B-035101,Faubourg de Hem,Espace Alliance,1,124,6465.333333333333,26088.933833149895,13628.030793913387,0.0,mercedes_ecitaro,Mercedes-Benz eCitaro,96.44706733827984,555.0,2026-04-08 05:31:13.000000000,2026-04-08 05:30:29.000000000,0.24201898261847898,26.088933833149895,19.8015531233301,13.628030793913387,0.0,13.628030793913387,0.16656482081449694,0.0,False
0,0.0,0.0,0.0,30.0,9-N1-4-B-035101,Espace Alliance,Espace Alliance,1,125,6495.333333333333,26088.933833149895,2500.0,0.0,mercedes_ecitaro,Mercedes-Benz eCitaro,96.44331358452608,555.0,2026-04-08 05:31:43.000000000,2026-04-08 05:31:13.000000000,0.0,26.088933833149895,0.0,2.5,0.0,2.5,0.020833333333333332,0.0,False
1,0.0,512.4653653664171,5.631487531499089,91.0,9-N1-4-B-035101,Espace Alliance,Sully,1,126,6586.333333333333,26601.399198516312,13923.090033058785,0.0,mercedes_ecitaro,Mercedes-Benz eCitaro,96.37990011140253,555.0,2026-04-08 05:33:14.000000000,2026-04-08 05:31:43.000000000,0.5124653653664172,26.60139919851631,20.273355113396722,13.923090033058784,0.0,13.923090033058784,0.35194477583565265,0.0,False
0,0.0,0.0,0.0,30.0,9-N1-4-B-035101,Sully,Sully,1,127,6616.333333333333,26601.399198516312,2500.0,0.0,mercedes_ecitaro,Mercedes-Benz eCitaro,96.37614635764878,555.0,2026-04-08 05:33:44.000000000,2026-04-08 05:33:14.000000000,0.0,26.60139919851631,0.0,2.5,0.0,2.5,0.020833333333333332,0.0,False
1,0.0,581.4235833007191,5.537367460006848,105.0,9-N1-4-B-035101,Sully,Place la Barre,1,128,6721.333333333333,27182.82278181703,13710.977433876818,0.0,mercedes_ecitaro,Mercedes-Benz eCitaro,96.30409167143472,555.0,2026-04-08 05:35:29.000000000,2026-04-08 05:33:44.000000000,0.5814235833007191,27.18282278181703,19.934522856024653,13.710977433876819,0.0,13.710977433876819,0.3999035084880738,0.0,False
0,0.0,0.0,0.0,30.0,9-N1-4-B-035101,Place la Barre,Place la Barre,1,129,6751.333333333333,27182.82278181703,2500.0,0.0,mercedes_ecitaro,Mercedes-Benz eCitaro,96.30033791768096,555.0,2026-04-08 05:35:59.000000000,2026-04-08 05:35:29.000000000,0.0,27.18282278181703,0.0,2.5,0.0,2.5,0.020833333333333332,0.0,False
1,0.0,321.16148117311843,4.654514219900267,69.0,9-N1-4-B-035101,Place la Barre,La Fontaine,1,130,6820.333333333333,27503.98426299015,11771.043507106238,0.0,mercedes_ecitaro,Mercedes-Benz eCitaro,96.2596871668306,555.0,2026-04-08 05:37:08.000000000,2026-04-08 05:35:59.000000000,0.32116148117311843,27.50398426299015,16.75625119164096,11.771043507106238,0.0,11.771043507106238,0.2256116672195362,0.0,False
0,0.0,0.0,0.0,30.0,9-N1-4-B-035101,La Fontaine,La Fontaine,1,131,6850.333333333333,27503.98426299015,2500.0,0.0,mercedes_ecitaro,Mercedes-Benz eCitaro,96.25593341307685,555.0,2026-04-08 05:37:38.000000000,2026-04-08 05:37:08.000000000,0.0,27.50398426299015,0.0,2.5,0.0,2.5,0.020833333333333332,0.0,False
1,0.0,233.68404358993675,5.31100099068038,44.0,9-N1-4-B-035101,La Fontaine,Les Coursives,1,132,6894.333333333333,27737.668306580086,13205.182837280407,0.0,mercedes_ecitaro,Mercedes-Benz eCitaro,96.2268529303521,555.0,2026-04-08 05:38:22.000000000,2026-04-08 05:37:38.000000000,0.23368404358993675,27.737668306580087,19.11960356644937,13.205182837280407,0.0,13.205182837280407,0.1613966791223161,0.0,False
0,0.0,0.0,0.0,30.0,9-N1-4-B-035101,Les Coursives,Les Coursives,1,133,6924.333333333333,27737.668306580086,2500.0,0.0,mercedes_ecitaro,Mercedes-Benz eCitaro,96.22309917659835,555.0,2026-04-08 05:38:52.000000000,2026-04-08 05:38:22.000000000,0.0,27.737668306580087,0.0,2.5,0.0,2.5,0.020833333333333332,0.0,False
1,0.0,293.0331102299119,5.327874731452944,55.0,9-N1-4-B-035101,Les Coursives,Languedoc,1,134,6979.333333333333,28030.70141681,13242.677402966896,0.0,mercedes_ecitaro,Mercedes-Benz eCitaro,96.18664535992352,555.0,2026-04-08 05:39:47.000000000,2026-04-08 05:38:52.000000000,0.2930331102299119,28.03070141681,19.1803490332306,13.242677402966896,0.0,13.242677402966896,0.20231868254532756,0.0,False
0,0.0,0.0,0.0,30.0,9-N1-4-B-035101,Languedoc,Languedoc,1,135,7009.333333333333,28030.70141681,2500.0,0.0,mercedes_ecitaro,Mercedes-Benz eCitaro,96.18289160616976,555.0,2026-04-08 05:40:17.000000000,2026-04-08 05:39:47.000000000,0.0,28.03070141681,0.0,2.5,0.0,2.5,0.020833333333333332,0.0,False
1,0.0,320.6006811443548,4.007508514304435,80.0,9-N1-4-B-035101,Languedoc,Collège R.Parks,1,136,7089.333333333333,28351.302097954354,10400.52786970044,0.0,mercedes_ecitaro,Mercedes-Benz eCitaro,96.14124785093573,555.0,2026-04-08 05:41:37.000000000,2026-04-08 05:40:17.000000000,0.3206006811443548,28.351302097954353,14.427030651495967,10.40052786970044,0.0,10.40052786970044,0.23112284154889867,0.0,False
0,0.0,0.0,0.0,30.0,9-N1-4-B-035101,Collège R.Parks,Collège R.Parks,1,137,7119.333333333333,28351.302097954354,2500.0,0.0,mercedes_ecitaro,Mercedes-Benz eCitaro,96.13749409718197,555.0,2026-04-08 05:42:07.000000000,2026-04-08 05:41:37.000000000,0.0,28.351302097954353,0.0,2.5,0.0,2.5,0.020833333333333332,0.0,False
1,0.0,270.8261413947126,5.0152989147169,54.0,9-N1-4-B-035101,Collège R.Parks,Martinique,1,138,7173.333333333333,28622.128239349066,12553.382066466642,0.0,mercedes_ecitaro,Mercedes-Benz eCitaro,96.10356603754288,555.0,2026-04-08 05:43:01.000000000,2026-04-08 05:42:07.000000000,0.27082614139471256,28.622128239349067,18.05507609298084,12.553382066466641,0.0,12.553382066466641,0.18830073099699965,0.0,False
0,0.0,0.0,0.0,30.0,9-N1-4-B-035101,Martinique,Martinique,1,139,7203.333333333333,28622.128239349066,2500.0,0.0,mercedes_ecitaro,Mercedes-Benz eCitaro,96.09981228378912,555.0,2026-04-08 05:43:31.000000000,2026-04-08 05:43:01.000000000,0.0,28.622128239349067,0.0,2.5,0.0,2.5,0.020833333333333332,0.0,False
1,0.0,274.08690803195344,2.3227704070504527,118.0,9-N1-4-B-035101,Martinique,Etouvie Quai A,1,140,7321.333333333333,28896.21514738102,6988.977513860954,0.0,mercedes_ecitaro,Mercedes-Benz eCitaro,96.05853604021377,555.0,2026-04-08 05:45:29.000000000,2026-04-08 05:43:31.000000000,0.27408690803195346,28.896215147381017,8.361973465381629,6.988977513860954,0.0,6.988977513860954,0.22908315184322015,0.0,False
1,0.0,241.9015249612658,4.319670088594032,56.0,9-N1-2-B-034901,Etouvie Quai A,Martinique,2,141,7377.333333333333,29138.116672342287,11056.821019198629,0.0,mercedes_ecitaro,Mercedes-Benz eCitaro,96.02754595127107,555.0,2026-04-08 05:46:25.000000000,2026-04-08 05:45:29.000000000,0.2419015249612658,29.138116672342285,15.550812318938515,11.05682101919863,0.0,11.05682101919863,0.17199499363197868,0.0,False
0,0.0,0.0,0.0,30.0,9-N1-2-B-034901,Martinique,Martinique,2,142,7407.333333333333,29138.116672342287,2500.0,0.0,mercedes_ecitaro,Mercedes-Benz eCitaro,96.02379219751731,555.0,2026-04-08 05:46:55.000000000,2026-04-08 05:46:25.000000000,0.0,29.138116672342285,0.0,2.5,0.0,2.5,0.020833333333333332,0.0,False
1,0.0,330.7630000086095,4.9367611941583505,67.0,9-N1-2-B-034901,Martinique,Collège R.Parks,2,143,7474.333333333333,29468.879672350897,12381.899008765697,0.0,mercedes_ecitaro,Mercedes-Benz eCitaro,95.98227131495538,555.0,2026-04-08 05:48:02.000000000,2026-04-08 05:46:55.000000000,0.3307630000086095,29.468879672350898,17.77234029897006,12.381899008765696,0.0,12.381899008765696,0.2304408982186949,0.0,False
0,0.0,0.0,0.0,30.0,9-N1-2-B-034901,Collège R.Parks,Collège R.Parks,2,144,7504.333333333333,29468.879672350897,2500.0,0.0,mercedes_ecitaro,Mercedes-Benz eCitaro,95.97851756120163,555.0,2026-04-08 05:48:32.000000000,2026-04-08 05:48:02.000000000,0.0,29.468879672350898,0.0,2.5,0.0,2.5,0.020833333333333332,0.0,False
1,0.0,296.81987678393193,4.01107941599908,74.0,9-N1-2-B-034901,Collège R.Parks,Languedoc,2,145,7578.333333333333,29765.699549134828,10407.985877821335,0.0,mercedes_ecitaro,Mercedes-Benz eCitaro,95.93996946535785,555.0,2026-04-08 05:49:46.000000000,2026-04-08 05:48:32.000000000,0.29681987678393196,29.76569954913483,14.439885897596689,10.407985877821334,0.0,10.407985877821334,0.2139419319329941,0.0,False
0,0.0,0.0,0.0,30.0,9-N1-2-B-034901,Languedoc,Languedoc,2,146,7608.333333333333,29765.699549134828,2500.0,0.0,mercedes_ecitaro,Mercedes-Benz eCitaro,95.93621571160409,555.0,2026-04-08 05:50:16.000000000,2026-04-08 05:49:46.000000000,0.0,29.76569954913483,0.0,2.5,0.0,2.5,0.020833333333333332,0.0,False
1,0.0,297.726462758007,5.316543977821554,56.0,9-N1-2-B-034901,Languedoc,Les coursives,2,147,7664.333333333333,30063.426011892836,13217.496071507208,0.0,mercedes_ecitaro,Mercedes-Benz eCitaro,95.89916967656883,555.0,2026-04-08 05:51:12.000000000,2026-04-08 05:50:16.000000000,0.297726462758007,30.063426011892837,19.139558320157594,13.217496071507208,0.0,13.217496071507208,0.2056054944456677,0.0,False
0,0.0,0.0,0.0,30.0,9-N1-2-B-034901,Les coursives,Les coursives,2,148,7694.333333333333,30063.426011892836,2500.0,0.0,mercedes_ecitaro,Mercedes-Benz eCitaro,95.89541592281509,555.0,2026-04-08 05:51:42.000000000,2026-04-08 05:51:12.000000000,0.0,30.063426011892837,0.0,2.5,0.0,2.5,0.020833333333333332,0.0,False
1,0.0,227.94980309080773,5.065551179795728,45.0,9-N1-2-B-034901,Les coursives,La Fontaine,2,149,7739.333333333333,30291.375814983643,12663.459214121442,0.0,mercedes_ecitaro,Mercedes-Benz eCitaro,95.86689461827878,555.0,2026-04-08 05:52:27.000000000,2026-04-08 05:51:42.000000000,0.22794980309080773,30.291375814983642,18.23598424726462,12.663459214121442,0.0,12.663459214121442,0.15829324017651802,0.0,False
0,0.0,0.0,0.0,30.0,9-N1-2-B-034901,La Fontaine,La Fontaine,2,150,7769.333333333333,30291.375814983643,2500.0,0.0,mercedes_ecitaro,Mercedes-Benz eCitaro,95.86314086452502,555.0,2026-04-08 05:52:57.000000000,2026-04-08 05:52:27.000000000,0.0,30.291375814983642,0.0,2.5,0.0,2.5,0.020833333333333332,0.0,False
1,0.0,278.8940733458619,4.572033989276425,61.0,9-N1-2-B-034901,La Fontaine,Place la Barre,2,151,7830.333333333333,30570.269888329505,11594.0864387973,0.0,mercedes_ecitaro,Mercedes-Benz eCitaro,95.82774350352568,555.0,2026-04-08 05:53:58.000000000,2026-04-08 05:52:57.000000000,0.2788940733458619,30.570269888329506,16.459322361395127,11.5940864387973,0.0,11.5940864387973,0.19645535354628757,0.0,False
0,0.0,0.0,0.0,30.0,9-N1-2-B-034901,Place la Barre,Place la Barre,2,152,7860.333333333333,30570.269888329505,2500.0,0.0,mercedes_ecitaro,Mercedes-Benz eCitaro,95.82398974977194,555.0,2026-04-08 05:54:28.000000000,2026-04-08 05:53:58.000000000,0.0,30.570269888329506,0.0,2.5,0.0,2.5,0.020833333333333332,0.0,False
1,0.0,552.9827646282706,5.882795368385858,94.0,9-N1-2-B-034901,Place la Barre,Sully,2,153,7954.333333333333,31123.252652957777,14494.837120605796,0.0,mercedes_ecitaro,Mercedes-Benz eCitaro,95.7557958213767,555.0,2026-04-08 05:56:02.000000000,2026-04-08 05:54:28.000000000,0.5529827646282706,31.123252652957778,21.178063326189086,14.494837120605796,0.0,14.494837120605796,0.37847630259359577,0.0,False
0,0.0,0.0,0.0,30.0,9-N1-2-B-034901,Sully,Sully,2,154,7984.333333333333,31123.252652957777,2500.0,0.0,mercedes_ecitaro,Mercedes-Benz eCitaro,95.75204206762294,555.0,2026-04-08 05:56:32.000000000,2026-04-08 05:56:02.000000000,0.0,31.123252652957778,0.0,2.5,0.0,2.5,0.020833333333333332,0.0,False
1,0.0,541.2636534432309,5.820039284335816,93.0,9-N1-2-B-034901,Sully,Espace Alliance,2,155,8077.333333333333,31664.51630640101,14351.314697241989,0.0,mercedes_ecitaro,Mercedes-Benz eCitaro,95.68524165386701,555.0,2026-04-08 05:58:05.000000000,2026-04-08 05:56:32.000000000,0.5412636534432308,31.66451630640101,20.952141423608936,14.351314697241989,0.0,14.351314697241989,0.37074229634541805,0.0,False
0,0.0,0.0,0.0,30.0,9-N1-2-B-034901,Espace Alliance,Espace Alliance,2,156,8107.333333333333,31664.51630640101,2500.0,0.0,mercedes_ecitaro,Mercedes-Benz eCitaro,95.68148790011325,555.0,2026-04-08 05:58:35.000000000,2026-04-08 05:58:05.000000000,0.0,31.66451630640101,0.0,2.5,0.0,2.5,0.020833333333333332,0.0,False
1,0.0,306.8484114845754,5.789592669520291,53.0,9-N1-2-B-034901,Espace Alliance,Faubourg de Hem,2,157,8160.333333333333,31971.364717885583,14281.864401781007,0.0,mercedes_ecitaro,Mercedes-Benz eCitaro,95.64360307462304,555.0,2026-04-08 05:59:28.000000000,2026-04-08 05:58:35.000000000,0.3068484114845754,31.97136471788558,20.842533610273048,14.281864401781007,0.0,14.281864401781007,0.21026078147066482,0.0,False
0,0.0,0.0,0.0,30.0,9-N1-2-B-034901,Faubourg de Hem,Faubourg de Hem,2,158,8190.333333333333,31971.364717885583,2500.0,0.0,mercedes_ecitaro,Mercedes-Benz eCitaro,95.63984932086929,555.0,2026-04-08 05:59:58.000000000,2026-04-08 05:59:28.000000000,0.0,31.97136471788558,0.0,2.5,0.0,2.5,0.020833333333333332,0.0,False
1,0.0,296.4471853943004,7.058266318911914,42.0,9-N1-2-B-034901,Faubourg de Hem,Egl. St-Firmin,2,159,8232.333333333332,32267.811903279882,17282.560219061117,0.0,mercedes_ecitaro,Mercedes-Benz eCitaro,95.60351961470309,555.0,2026-04-08 06:00:40.000000000,2026-04-08 05:59:58.000000000,0.29644718539430037,32.267811903279885,25.409758748082893,17.282560219061118,0.0,17.282560219061118,0.20162986922237972,0.0,False
0,0.0,0.0,0.0,30.0,9-N1-2-B-034901,Egl. St-Firmin,Egl. St-Firmin,2,160,8262.333333333332,32267.811903279882,2500.0,0.0,mercedes_ecitaro,Mercedes-Benz eCitaro,95.59976586094933,555.0,2026-04-08 06:01:10.000000000,2026-04-08 06:00:40.000000000,0.0,32.267811903279885,0.0,2.5,0.0,2.5,0.020833333333333332,0.0,False
1,0.0,397.9625757415526,7.106474566813439,56.0,9-N1-2-B-034901,Egl. St-Firmin,Zoo d'Amiens,2,161,8318.333333333332,32665.774479021435,17401.196362585695,0.0,mercedes_ecitaro,Mercedes-Benz eCitaro,95.55099373901216,555.0,2026-04-08 06:02:06.000000000,2026-04-08 06:01:10.000000000,0.3979625757415526,32.66577447902144,25.58330844052838,17.401196362585694,0.0,17.401196362585694,0.270685276751333,0.0,False
0,0.0,0.0,0.0,30.0,9-N1-2-B-034901,Zoo d'Amiens,Zoo d'Amiens,2,162,8348.333333333332,32665.774479021435,2500.0,0.0,mercedes_ecitaro,Mercedes-Benz eCitaro,95.54723998525841,555.0,2026-04-08 06:02:36.000000000,2026-04-08 06:02:06.000000000,0.0,32.66577447902144,0.0,2.5,0.0,2.5,0.020833333333333332,0.0,False
1,0.0,387.76459722543666,6.924367807597084,56.0,9-N1-2-B-034901,Zoo d'Amiens,Jean Jaurès,2,163,8404.333333333332,33053.539076246874,16954.920605978714,0.0,mercedes_ecitaro,Mercedes-Benz eCitaro,95.49971868626267,555.0,2026-04-08 06:03:32.000000000,2026-04-08 06:02:36.000000000,0.38776459722543666,33.05353907624687,24.9277241073495,16.954920605978714,0.0,16.954920605978714,0.26374320942633556,0.0,False
0,0.0,0.0,0.0,30.0,9-N1-2-B-034901,Jean Jaurès,Jean Jaurès,2,164,8434.333333333332,33053.539076246874,2500.0,0.0,mercedes_ecitaro,Mercedes-Benz eCitaro,95.49596493250891,555.0,2026-04-08 06:04:02.000000000,2026-04-08 06:03:32.000000000,0.0,33.05353907624687,0.0,2.5,0.0,2.5,0.020833333333333332,0.0,False
1,0.0,353.81886733206454,6.675827685510652,53.0,9-N1-2-B-034901,Jean Jaurès,Saint-Jacques,2,165,8487.333333333332,33407.357943578936,16353.911877036153,0.0,mercedes_ecitaro,Mercedes-Benz eCitaro,95.45258368478704,555.0,2026-04-08 06:04:55.000000000,2026-04-08 06:04:02.000000000,0.3538188673320645,33.40735794357894,24.032979667838347,16.353911877036154,0.0,16.353911877036154,0.24076592485636555,0.0,False
0,0.0,0.0,0.0,30.0,9-N1-2-B-034901,Saint-Jacques,Saint-Jacques,2,166,8517.333333333332,33407.357943578936,2500.0,0.0,mercedes_ecitaro,Mercedes-Benz eCitaro,95.4488299310333,555.0,2026-04-08 06:05:25.000000000,2026-04-08 06:04:55.000000000,0.0,33.40735794357894,0.0,2.5,0.0,2.5,0.020833333333333332,0.0,False
1,0.0,242.8037375118653,7.35768901551107,33.0,9-N1-2-B-034901,Saint-Jacques,M. Culture A,2,167,8550.333333333332,33650.1616810908,18025.307499846742,0.0,mercedes_ecitaro,Mercedes-Benz eCitaro,95.41905840212965,555.0,2026-04-08 06:05:58.000000000,2026-04-08 06:05:25.000000000,0.24280373751186532,33.6501616810908,26.487680455839854,18.025307499846743,0.0,18.025307499846743,0.16523198541526182,0.0,False
0,0.0,0.0,0.0,30.0,9-N1-2-B-034901,M. Culture A,M. Culture A,2,168,8580.333333333332,33650.1616810908,2500.0,0.0,mercedes_ecitaro,Mercedes-Benz eCitaro,95.4153046483759,555.0,2026-04-08 06:06:28.000000000,2026-04-08 06:05:58.000000000,0.0,33.6501616810908,0.0,2.5,0.0,2.5,0.020833333333333332,0.0,False
1,0.0,296.74165114956037,2.472847092913003,120.0,9-N1-2-B-034901,M. Culture A,Hôtel de Ville,2,169,8700.333333333332,33946.90333224036,7285.495885312494,0.0,mercedes_ecitaro,Mercedes-Benz eCitaro,95.37154791633198,555.0,2026-04-08 06:08:28.000000000,2026-04-08 06:06:28.000000000,0.29674165114956036,33.94690333224036,8.90224953448681,7.285495885312494,0.0,7.285495885312494,0.24284986284374976,0.0,False
0,0.0,0.0,0.0,30.0,9-N1-2-B-034901,Hôtel de Ville,Hôtel de Ville,2,170,8730.333333333332,33946.90333224036,2500.0,0.0,mercedes_ecitaro,Mercedes-Benz eCitaro,95.36779416257822,555.0,2026-04-08 06:08:58.000000000,2026-04-08 06:08:28.000000000,0.0,33.94690333224036,0.0,2.5,0.0,2.5,0.020833333333333332,0.0,False
1,0.0,228.2941059416939,4.005159753363051,57.0,9-N1-2-B-034901,Hôtel de Ville,Jacobins,2,171,8787.333333333332,34175.197438182055,10395.62297288138,0.0,mercedes_ecitaro,Mercedes-Benz eCitaro,95.33813697992285,555.0,2026-04-08 06:09:55.000000000,2026-04-08 06:08:58.000000000,0.22829410594169391,34.17519743818205,14.418575112106984,10.39562297288138,0.0,10.39562297288138,0.16459736373728853,0.0,False
0,0.0,0.0,0.0,30.0,9-N1-2-B-034901,Jacobins,Jacobins,2,172,8817.333333333332,34175.197438182055,2500.0,0.0,mercedes_ecitaro,Mercedes-Benz eCitaro,95.3343832261691,555.0,2026-04-08 06:10:25.000000000,2026-04-08 06:09:55.000000000,0.0,34.17519743818205,0.0,2.5,0.0,2.5,0.020833333333333332,0.0,False
1,0.0,326.11241962366006,4.026079254613087,81.0,9-N1-2-B-034901,Jacobins,Emile Zola,2,173,8898.333333333332,34501.30985780572,10439.32601398859,0.0,mercedes_ecitaro,Mercedes-Benz eCitaro,95.29206163422049,555.0,2026-04-08 06:11:46.000000000,2026-04-08 06:10:25.000000000,0.32611241962366005,34.501309857805715,14.493885316607114,10.43932601398859,0.0,10.43932601398859,0.23488483531474327,0.0,False
0,0.0,0.0,0.0,30.0,9-N1-2-B-034901,Emile Zola,Emile Zola,2,174,8928.333333333332,34501.30985780572,2500.0,0.0,mercedes_ecitaro,Mercedes-Benz eCitaro,95.28830788046675,555.0,2026-04-08 06:12:16.000000000,2026-04-08 06:11:46.000000000,0.0,34.501309857805715,0.0,2.5,0.0,2.5,0.020833333333333332,0.0,False
1,0.0,355.48637357572056,2.1943603307143245,162.0,9-N1-2-B-034901,Emile Zola,Gare du Nord B,2,175,9090.333333333332,34856.796231381435,6736.177798628873,0.0,mercedes_ecitaro,Mercedes-Benz eCitaro,95.23369022264002,555.0,2026-04-08 06:14:58.000000000,2026-04-08 06:12:16.000000000,0.35548637357572055,34.85679623138144,7.899697190571568,6.736177798628873,0.0,6.736177798628873,0.3031280009382993,0.0,False
0,0.0,0.0,0.0,30.0,9-N1-2-B-034901,Gare du Nord B,Gare du Nord B,2,176,9120.333333333332,34856.796231381435,2500.0,0.0,mercedes_ecitaro,Mercedes-Benz eCitaro,95.22993646888627,555.0,2026-04-08 06:15:28.000000000,2026-04-08 06:14:58.000000000,0.0,34.85679623138144,0.0,2.5,0.0,2.5,0.020833333333333332,0.0,False
1,0.0,368.1948881034494,3.95908481831666,93.0,9-N1-2-B-034901,Gare du Nord B,Caserne Dejean,2,177,9213.333333333332,35224.99111948488,10299.502354459812,0.0,mercedes_ecitaro,Mercedes-Benz eCitaro,95.18199584231145,555.0,2026-04-08 06:17:01.000000000,2026-04-08 06:15:28.000000000,0.3681948881034494,35.22499111948488,14.252705345939976,10.299502354459811,0.0,10.299502354459811,0.2660704774902118,0.0,False
0,0.0,0.0,0.0,30.0,9-N1-2-B-034901,Caserne Dejean,Caserne Dejean,2,178,9243.333333333332,35224.99111948488,2500.0,0.0,mercedes_ecitaro,Mercedes-Benz eCitaro,95.1782420885577,555.0,2026-04-08 06:17:31.000000000,2026-04-08 06:17:01.000000000,0.0,35.22499111948488,0.0,2.5,0.0,2.5,0.020833333333333332,0.0,False
1,0.0,355.3755273513469,3.862777471210292,92.0,9-N1-2-B-034901,Caserne Dejean,Pinceau,2,179,9335.333333333332,35580.36664683623,10099.178424665342,0.0,mercedes_ecitaro,Mercedes-Benz eCitaro,95.13173936508076,555.0,2026-04-08 06:19:03.000000000,2026-04-08 06:17:31.000000000,0.35537552735134686,35.580366646836225,13.905998896357051,10.099178424665343,0.0,10.099178424665343,0.2580901152970032,0.0,False
0,0.0,0.0,0.0,30.0,9-N1-2-B-034901,Pinceau,Pinceau,2,180,9365.333333333332,35580.36664683623,2500.0,0.0,mercedes_ecitaro,Mercedes-Benz eCitaro,95.127985611327,555.0,2026-04-08 06:19:33.000000000,2026-04-08 06:19:03.000000000,0.0,35.580366646836225,0.0,2.5,0.0,2.5,0.020833333333333332,0.0,False
1,0.0,447.05548624280317,3.8874390108069843,115.0,9-N1-2-B-034901,Pinceau,L. de Luzarches,2,181,9480.333333333332,36027.42213307903,10150.400279848174,0.0,mercedes_ecitaro,Mercedes-Benz eCitaro,95.06956238649305,555.0,2026-04-08 06:21:28.000000000,2026-04-08 06:19:33.000000000,0.44705548624280317,36.02742213307903,13.994780438905144,10.150400279848174,0.0,10.150400279848174,0.3242488978284834,0.0,False
0,0.0,0.0,0.0,30.0,9-N1-2-B-034901,L. de Luzarches,L. de Luzarches,2,182,9510.333333333332,36027.42213307903,2500.0,0.0,mercedes_ecitaro,Mercedes-Benz eCitaro,95.06580863273929,555.0,2026-04-08 06:21:58.000000000,2026-04-08 06:21:28.000000000,0.0,36.02742213307903,0.0,2.5,0.0,2.5,0.020833333333333332,0.0,False
1,0.0,324.8685267650074,8.121713169125185,40.0,9-N1-2-B-034901,L. de Luzarches,Egl. St-Acheul,2,183,9550.333333333332,36352.29065984404,19987.224845856923,0.0,mercedes_ecitaro,Mercedes-Benz eCitaro,95.02579416858342,555.0,2026-04-08 06:22:38.000000000,2026-04-08 06:21:58.000000000,0.3248685267650074,36.35229065984404,29.238167408850664,19.98722484585692,0.0,19.98722484585692,0.2220802760650769,0.0,False
0,0.0,0.0,0.0,30.0,9-N1-2-B-034901,Egl. St-Acheul,Egl. St-Acheul,2,184,9580.333333333332,36352.29065984404,2500.0,0.0,mercedes_ecitaro,Mercedes-Benz eCitaro,95.02204041482968,555.0,2026-04-08 06:23:08.000000000,2026-04-08 06:22:38.000000000,0.0,36.35229065984404,0.0,2.5,0.0,2.5,0.020833333333333332,0.0,False
1,0.0,451.79666905185246,8.214484891851862,55.0,9-N1-2-B-034901,Egl. St-Acheul,Mercey,2,185,9635.333333333332,36804.08732889589,20232.30889370291,0.0,mercedes_ecitaro,Mercedes-Benz eCitaro,94.96634587082798,555.0,2026-04-08 06:24:03.000000000,2026-04-08 06:23:08.000000000,0.45179666905185245,36.80408732889589,29.572145610666706,20.23230889370291,0.0,20.23230889370291,0.30910471920935007,0.0,False
0,0.0,0.0,0.0,30.0,9-N1-2-B-034901,Mercey,Mercey,2,186,9665.333333333332,36804.08732889589,2500.0,0.0,mercedes_ecitaro,Mercedes-Benz eCitaro,94.96259211707424,555.0,2026-04-08 06:24:33.000000000,2026-04-08 06:24:03.000000000,0.0,36.80408732889589,0.0,2.5,0.0,2.5,0.020833333333333332,0.0,False
1,0.0,481.8036462949089,8.166163496523879,59.0,9-N1-2-B-034901,Mercey,Sobo,2,187,9724.333333333332,37285.8909751908,20104.461940156947,0.0,mercedes_ecitaro,Mercedes-Benz eCitaro,94.90322458682051,555.0,2026-04-08 06:25:32.000000000,2026-04-08 06:24:33.000000000,0.4818036462949089,37.2858909751908,29.398188587485965,20.10446194015695,0.0,20.10446194015695,0.32948979290812774,0.0,False
0,0.0,0.0,0.0,30.0,9-N1-2-B-034901,Sobo,Sobo,2,188,9754.333333333332,37285.8909751908,2500.0,0.0,mercedes_ecitaro,Mercedes-Benz eCitaro,94.89947083306676,555.0,2026-04-08 06:26:02.000000000,2026-04-08 06:25:32.000000000,0.0,37.2858909751908,0.0,2.5,0.0,2.5,0.020833333333333332,0.0,False
1,0.0,707.5852717526406,8.22773571805396,86.0,9-N1-2-B-034901,Sobo,Pont de l'Avre,2,189,9840.333333333332,37993.47624694344,20267.440548072263,0.0,mercedes_ecitaro,Mercedes-Benz eCitaro,94.81223360147847,555.0,2026-04-08 06:27:28.000000000,2026-04-08 06:26:02.000000000,0.7075852717526405,37.993476246943445,29.61984858499426,20.267440548072262,0.0,20.267440548072262,0.4841666353150596,0.0,False
0,0.0,0.0,0.0,30.0,9-N1-2-B-034901,Pont de l'Avre,Pont de l'Avre,2,190,9870.333333333332,37993.47624694344,2500.0,0.0,mercedes_ecitaro,Mercedes-Benz eCitaro,94.80847984772471,555.0,2026-04-08 06:27:58.000000000,2026-04-08 06:27:28.000000000,0.0,37.993476246943445,0.0,2.5,0.0,2.5,0.020833333333333332,0.0,False
1,0.0,296.6141068969825,7.062240640404345,42.0,9-N1-2-B-034901,Pont de l'Avre,Cité du Château,2,191,9912.333333333332,38290.09035384042,17292.32707664838,0.0,mercedes_ecitaro,Mercedes-Benz eCitaro,94.77212961062665,555.0,2026-04-08 06:28:40.000000000,2026-04-08 06:27:58.000000000,0.2966141068969825,38.29009035384043,25.424066305455643,17.29232707664838,0.0,17.29232707664838,0.20174381589423113,0.0,False
0,0.0,0.0,0.0,30.0,9-N1-2-B-034901,Cité du Château,Cité du Château,2,192,9942.333333333332,38290.09035384042,2500.0,0.0,mercedes_ecitaro,Mercedes-Benz eCitaro,94.7683758568729,555.0,2026-04-08 06:29:10.000000000,2026-04-08 06:28:40.000000000,0.0,38.29009035384043,0.0,2.5,0.0,2.5,0.020833333333333332,0.0,False
1,0.0,332.9543642312839,6.936549254818414,48.0,9-N1-2-B-034901,Cité du Château,La Rose Rouge,2,193,9990.333333333332,38623.04471807171,16984.614749484874,0.0,mercedes_ecitaro,Mercedes-Benz eCitaro,94.72757197759485,555.0,2026-04-08 06:29:58.000000000,2026-04-08 06:29:10.000000000,0.3329543642312839,38.62304471807171,24.97157731734629,16.984614749484873,0.0,16.984614749484873,0.22646152999313165,0.0,False
0,0.0,0.0,0.0,30.0,9-N1-2-B-034901,La Rose Rouge,La Rose Rouge,2,194,10020.333333333332,38623.04471807171,2500.0,0.0,mercedes_ecitaro,Mercedes-Benz eCitaro,94.72381822384109,555.0,2026-04-08 06:30:28.000000000,2026-04-08 06:29:58.000000000,0.0,38.62304471807171,0.0,2.5,0.0,2.5,0.020833333333333332,0.0,False
1,0.0,225.1396338173497,7.262568832817732,31.0,9-N1-2-B-034901,La Rose Rouge,Poidevin,2,195,10051.333333333332,38848.18435188906,17787.818516889005,0.0,mercedes_ecitaro,Mercedes-Benz eCitaro,94.69621950642251,555.0,2026-04-08 06:30:59.000000000,2026-04-08 06:30:28.000000000,0.2251396338173497,38.84818435188906,26.145247798143835,17.787818516889004,0.0,17.787818516889004,0.1531728816732109,0.0,False
0,0.0,0.0,0.0,30.0,9-N1-2-B-034901,Poidevin,Poidevin,2,196,10081.333333333332,38848.18435188906,2500.0,0.0,mercedes_ecitaro,Mercedes-Benz eCitaro,94.69246575266875,555.0,2026-04-08 06:31:29.000000000,2026-04-08 06:30:59.000000000,0.0,38.84818435188906,0.0,2.5,0.0,2.5,0.020833333333333332,0.0,False
1,0.0,314.5014195772681,7.147759535847002,44.0,9-N1-2-B-034901,Poidevin,M. de Longueau,2,197,10125.333333333332,39162.68577146633,17503.08167993473,0.0,mercedes_ecitaro,Mercedes-Benz eCitaro,94.65392042764788,555.0,2026-04-08 06:32:13.000000000,2026-04-08 06:31:29.000000000,0.3145014195772681,39.16268577146633,25.731934329049206,17.50308167993473,0.0,17.50308167993473,0.21392655386586892,0.0,False
0,0.0,0.0,0.0,30.0,9-N1-2-B-034901,M. de Longueau,M. de Longueau,2,198,10155.333333333332,39162.68577146633,2500.0,0.0,mercedes_ecitaro,Mercedes-Benz eCitaro,94.65016667389412,555.0,2026-04-08 06:32:43.000000000,2026-04-08 06:32:13.000000000,0.0,39.16268577146633,0.0,2.5,0.0,2.5,0.020833333333333332,0.0,False
1,0.0,256.63398574137216,6.936053668685734,37.0,9-N1-2-B-034901,M. de Longueau,La Fourche,2,199,10192.333333333332,39419.3197572077,16983.406243795107,0.0,mercedes_ecitaro,Mercedes-Benz eCitaro,94.61871592159079,555.0,2026-04-08 06:33:20.000000000,2026-04-08 06:32:43.000000000,0.25663398574137214,39.419319757207695,24.96979320726864,16.983406243795105,0.0,16.983406243795105,0.17455167528344973,0.0,False
0,0.0,0.0,0.0,30.0,9-N1-2-B-034901,La Fourche,La Fourche,2,200,10222.333333333332,39419.3197572077,2500.0,0.0,mercedes_ecitaro,Mercedes-Benz eCitaro,94.61496216783704,555.0,2026-04-08 06:33:50.000000000,2026-04-08 06:33:20.000000000,0.0,39.419319757207695,0.0,2.5,0.0,2.5,0.020833333333333332,0.0,False
1,0.0,651.0902221706201,6.643777777251225,98.0,9-N1-2-B-034901,La Fourche,Croix de Fer,2,201,10320.333333333332,40070.40997937832,16277.07312975203,0.0,mercedes_ecitaro,Mercedes-Benz eCitaro,94.53512467200542,555.0,2026-04-08 06:35:28.000000000,2026-04-08 06:33:50.000000000,0.6510902221706201,40.07040997937832,23.91759999810441,16.27707312975203,0.0,16.27707312975203,0.44309810186547194,0.0,False
0,0.0,0.0,0.0,30.0,9-N1-2-B-034901,Croix de Fer,Croix de Fer,2,202,10350.333333333332,40070.40997937832,2500.0,0.0,mercedes_ecitaro,Mercedes-Benz eCitaro,94.53137091825167,555.0,2026-04-08 06:35:58.000000000,2026-04-08 06:35:28.000000000,0.0,40.07040997937832,0.0,2.5,0.0,2.5,0.020833333333333332,0.0,False
1,0.0,703.41712703917,4.953641739712465,142.0,9-N1-2-B-034901,Croix de Fer,C. Cial Glisy,2,203,10492.333333333332,40773.827106417484,12418.700315873617,0.0,mercedes_ecitaro,Mercedes-Benz eCitaro,94.44310988497568,555.0,2026-04-08 06:38:20.000000000,2026-04-08 06:35:58.000000000,0.70341712703917,40.773827106417485,17.833110262964873,12.418700315873616,0.0,12.418700315873616,0.48984873468168155,0.0,False
0,0.0,0.0,0.0,30.0,9-N1-2-B-034901,C. Cial Glisy,C. Cial Glisy,2,204,10522.333333333332,40773.827106417484,2500.0,0.0,mercedes_ecitaro,Mercedes-Benz eCitaro,94.43935613122194,555.0,2026-04-08 06:38:50.000000000,2026-04-08 06:38:20.000000000,0.0,40.773827106417485,0.0,2.5,0.0,2.5,0.020833333333333332,0.0,False
1,0.0,136.72688382470434,4.883102993739441,28.0,9-N1-2-B-034901,C. Cial Glisy,Capitaine Nemo,2,205,10550.333333333332,40910.55399024219,12265.122289306848,0.0,mercedes_ecitaro,Mercedes-Benz eCitaro,94.42216777165734,555.0,2026-04-08 06:39:18.000000000,2026-04-08 06:38:50.000000000,0.13672688382470435,40.910553990242185,17.57917077746199,12.265122289306849,0.0,12.265122289306849,0.0953953955834977,0.0,False
0,0.0,0.0,0.0,30.0,9-N1-2-B-034901,Capitaine Nemo,Capitaine Nemo,2,206,10580.333333333332,40910.55399024219,2500.0,0.0,mercedes_ecitaro,Mercedes-Benz eCitaro,94.41841401790359,555.0,2026-04-08 06:39:48.000000000,2026-04-08 06:39:18.000000000,0.0,40.910553990242185,0.0,2.5,0.0,2.5,0.020833333333333332,0.0,False
1,0.0,323.4478124594319,2.488060095841784,130.0,9-N1-2-B-034901,Capitaine Nemo,Pôle J. Verne,2,207,10710.333333333332,41234.00180270162,7315.620110681674,0.0,mercedes_ecitaro,Mercedes-Benz eCitaro,94.37081488805431,555.0,2026-04-08 06:41:58.000000000,2026-04-08 06:39:48.000000000,0.3234478124594319,41.23400180270162,8.957016345030421,7.3156201106816745,0.0,7.3156201106816745,0.26417517066350493,0.0,False
0,0.0,0.0,0.0,30.0,9-N1-2-B-034901,Pôle J. Verne,Pôle J. Verne,2,208,10740.333333333332,41234.00180270162,2500.0,0.0,mercedes_ecitaro,Mercedes-Benz eCitaro,94.36706113430056,555.0,2026-04-08 06:42:28.000000000,2026-04-08 06:41:58.000000000,0.0,41.23400180270162,0.0,2.5,0.0,2.5,0.020833333333333332,0.0,False
1,0.0,334.0181708930427,4.7044812801837,71.0,9-N1-4-B-035101,Pôle J. Verne,Capitaine Nemo,2,209,10811.333333333332,41568.01997359466,11878.580971251235,0.0,mercedes_ecitaro,Mercedes-Benz eCitaro,94.32484996067899,555.0,2026-04-08 06:43:39.000000000,2026-04-08 06:42:28.000000000,0.3340181708930427,41.56801997359466,16.93613260866132,11.878580971251235,0.0,11.878580971251235,0.23427201359967714,0.0,False
0,0.0,0.0,0.0,30.0,9-N1-4-B-035101,Capitaine Nemo,Capitaine Nemo,2,210,10841.333333333332,41568.01997359466,2500.0,0.0,mercedes_ecitaro,Mercedes-Benz eCitaro,94.32109620692523,555.0,2026-04-08 06:44:09.000000000,2026-04-08 06:43:39.000000000,0.0,41.56801997359466,0.0,2.5,0.0,2.5,0.020833333333333332,0.0,False
1,0.0,122.91799931516653,5.8532380626269775,21.0,9-N1-4-B-035101,Capitaine Nemo,C. Cial Glisy,2,211,10862.333333333332,41690.93797290983,14427.177180198683,0.0,mercedes_ecitaro,Mercedes-Benz eCitaro,94.30593250718628,555.0,2026-04-08 06:44:30.000000000,2026-04-08 06:44:09.000000000,0.12291799931516653,41.69093797290983,21.07165702545712,14.427177180198683,0.0,14.427177180198683,0.08415853355115899,0.0,False
0,0.0,0.0,0.0,30.0,9-N1-4-B-035101,C. Cial Glisy,C. Cial Glisy,2,212,10892.333333333332,41690.93797290983,2500.0,0.0,mercedes_ecitaro,Mercedes-Benz eCitaro,94.30217875343254,555.0,2026-04-08 06:45:00.000000000,2026-04-08 06:44:30.000000000,0.0,41.69093797290983,0.0,2.5,0.0,2.5,0.020833333333333332,0.0,False
1,0.0,685.9620842301216,4.6664087362593305,147.0,9-N1-4-B-035101,C. Cial Glisy,Croix de Fer,2,213,11039.333333333332,42376.90005713995,11796.619365870161,0.0,mercedes_ecitaro,Mercedes-Benz eCitaro,94.21538680914911,555.0,2026-04-08 06:47:27.000000000,2026-04-08 06:45:00.000000000,0.6859620842301216,42.37690005713995,16.79907145053359,11.79661936587016,0.0,11.79661936587016,0.4816952907730316,0.0,False
0,0.0,0.0,0.0,30.0,9-N1-4-B-035101,Croix de Fer,Croix de Fer,2,214,11069.333333333332,42376.90005713995,2500.0,0.0,mercedes_ecitaro,Mercedes-Benz eCitaro,94.21163305539535,555.0,2026-04-08 06:47:57.000000000,2026-04-08 06:47:27.000000000,0.0,42.37690005713995,0.0,2.5,0.0,2.5,0.020833333333333332,0.0,False
1,0.0,746.5227463047001,6.912247650969446,108.0,9-N1-4-B-035101,Croix de Fer,La Fourche,2,215,11177.333333333332,43123.42280344465,16925.39814763343,0.0,mercedes_ecitaro,Mercedes-Benz eCitaro,94.1201444167595,555.0,2026-04-08 06:49:45.000000000,2026-04-08 06:47:57.000000000,0.7465227463047002,43.12342280344465,24.88409154349001,16.92539814763343,0.0,16.92539814763343,0.5077619444290029,0.0,False
0,0.0,0.0,0.0,30.0,9-N1-4-B-035101,La Fourche,La Fourche,2,216,11207.333333333332,43123.42280344465,2500.0,0.0,mercedes_ecitaro,Mercedes-Benz eCitaro,94.11639066300575,555.0,2026-04-08 06:50:15.000000000,2026-04-08 06:49:45.000000000,0.0,43.12342280344465,0.0,2.5,0.0,2.5,0.020833333333333332,0.0,False
1,0.0,236.45430499839583,7.38919703119987,32.0,9-N1-4-B-035101,La Fourche,M. de Longueau,2,217,11239.333333333332,43359.87710844305,18104.29412886066,0.0,mercedes_ecitaro,Mercedes-Benz eCitaro,94.08739479653309,555.0,2026-04-08 06:50:47.000000000,2026-04-08 06:50:15.000000000,0.23645430499839581,43.35987710844305,26.60110931231953,18.10429412886066,0.0,18.10429412886066,0.16092705892320586,0.0,False
0,0.0,0.0,0.0,30.0,9-N1-4-B-035101,M. de Longueau,M. de Longueau,2,218,11269.333333333332,43359.87710844305,2500.0,0.0,mercedes_ecitaro,Mercedes-Benz eCitaro,94.08364104277933,555.0,2026-04-08 06:51:17.000000000,2026-04-08 06:50:47.000000000,0.0,43.35987710844305,0.0,2.5,0.0,2.5,0.020833333333333332,0.0,False
1,0.0,238.2314886825274,7.219136020682649,33.0,9-N1-4-B-035101,M. de Longueau,Poidevin,2,219,11302.333333333332,43598.108597125574,17679.857275640912,0.0,mercedes_ecitaro,Mercedes-Benz eCitaro,94.05444007730907,555.0,2026-04-08 06:51:50.000000000,2026-04-08 06:51:17.000000000,0.23823148868252741,43.598108597125574,25.98888967445754,17.679857275640913,0.0,17.679857275640913,0.1620653583600417,0.0,False
0,0.0,0.0,0.0,30.0,9-N1-4-B-035101,Poidevin,Poidevin,2,220,11332.333333333332,43598.108597125574,2500.0,0.0,mercedes_ecitaro,Mercedes-Benz eCitaro,94.05068632355531,555.0,2026-04-08 06:52:20.000000000,2026-04-08 06:51:50.000000000,0.0,43.598108597125574,0.0,2.5,0.0,2.5,0.020833333333333332,0.0,False
1,0.0,283.0530932557657,7.257771621942711,39.0,9-N1-4-B-035101,Poidevin,La Rose Rouge,2,221,11371.333333333332,43881.16169038134,17775.879384511274,0.0,mercedes_ecitaro,Mercedes-Benz eCitaro,94.01598866109305,555.0,2026-04-08 06:52:59.000000000,2026-04-08 06:52:20.000000000,0.2830530932557657,43.88116169038134,26.127977838993758,17.775879384511274,0.0,17.775879384511274,0.1925720266655388,0.0,False
0,0.0,0.0,0.0,30.0,9-N1-4-B-035101,La Rose Rouge,La Rose Rouge,2,222,11401.333333333332,43881.16169038134,2500.0,0.0,mercedes_ecitaro,Mercedes-Benz eCitaro,94.01223490733929,555.0,2026-04-08 06:53:29.000000000,2026-04-08 06:52:59.000000000,0.0,43.88116169038134,0.0,2.5,0.0,2.5,0.020833333333333332,0.0,False
1,0.0,382.52636844861735,7.356276316319565,52.0,9-N1-4-B-035101,La Rose Rouge,Cité du Château,2,223,11453.333333333332,44263.68805882996,18021.769783997195,0.0,mercedes_ecitaro,Mercedes-Benz eCitaro,93.96533140239596,555.0,2026-04-08 06:54:21.000000000,2026-04-08 06:53:29.000000000,0.38252636844861737,44.26368805882996,26.482594738750432,18.021769783997197,0.0,18.021769783997197,0.26031445243551504,0.0,False
0,0.0,0.0,0.0,30.0,9-N1-4-B-035101,Cité du Château,Cité du Château,2,224,11483.333333333332,44263.68805882996,2500.0,0.0,mercedes_ecitaro,Mercedes-Benz eCitaro,93.9615776486422,555.0,2026-04-08 06:54:51.000000000,2026-04-08 06:54:21.000000000,0.0,44.26368805882996,0.0,2.5,0.0,2.5,0.020833333333333332,0.0,False
1,0.0,259.04003764462647,7.195556601239624,36.0,9-N1-4-B-035101,Cité du Château,Pont de l'Avre,2,225,11519.333333333332,44522.72809647459,17621.370476656775,0.0,mercedes_ecitaro,Mercedes-Benz eCitaro,93.92982743156715,555.0,2026-04-08 06:55:27.000000000,2026-04-08 06:54:51.000000000,0.25904003764462646,44.52272809647459,25.904003764462647,17.621370476656775,0.0,17.621370476656775,0.17621370476656775,0.0,False
0,0.0,0.0,0.0,30.0,9-N1-4-B-035101,Pont de l'Avre,Pont de l'Avre,2,226,11549.333333333332,44522.72809647459,2500.0,0.0,mercedes_ecitaro,Mercedes-Benz eCitaro,93.92607367781339,555.0,2026-04-08 06:55:57.000000000,2026-04-08 06:55:27.000000000,0.0,44.52272809647459,0.0,2.5,0.0,2.5,0.020833333333333332,0.0,False
1,0.0,778.6426370279388,6.655065273743067,117.0,9-N1-4-B-035101,Pont de l'Avre,Sobo,2,227,11666.333333333332,45301.370733502525,16304.11753685129,0.0,mercedes_ecitaro,Mercedes-Benz eCitaro,93.83059911566066,555.0,2026-04-08 06:57:54.000000000,2026-04-08 06:55:57.000000000,0.7786426370279388,45.30137073350252,23.95823498547504,16.30411753685129,0.0,16.30411753685129,0.529883819947667,0.0,False
0,0.0,0.0,0.0,30.0,9-N1-4-B-035101,Sobo,Sobo,2,228,11696.333333333332,45301.370733502525,2500.0,0.0,mercedes_ecitaro,Mercedes-Benz eCitaro,93.8268453619069,555.0,2026-04-08 06:58:24.000000000,2026-04-08 06:57:54.000000000,0.0,45.30137073350252,0.0,2.5,0.0,2.5,0.020833333333333332,0.0,False
1,0.0,494.86888000554234,6.598251733407231,75.0,9-N1-4-B-035101,Sobo,Mercey,2,229,11771.333333333332,45796.23961350806,16168.181881260052,0.0,mercedes_ecitaro,Mercedes-Benz eCitaro,93.76615398847875,555.0,2026-04-08 06:59:39.000000000,2026-04-08 06:58:24.000000000,0.49486888000554236,45.796239613508064,23.753706240266034,16.168181881260054,0.0,16.168181881260054,0.3368371225262511,0.0,False
0,0.0,0.0,0.0,30.0,9-N1-4-B-035101,Mercey,Mercey,2,230,11801.333333333332,45796.23961350806,2500.0,0.0,mercedes_ecitaro,Mercedes-Benz eCitaro,93.76240023472499,555.0,2026-04-08 07:00:09.000000000,2026-04-08 06:59:39.000000000,0.0,45.796239613508064,0.0,2.5,0.0,2.5,0.020833333333333332,0.0,False
1,0.0,443.51095510688015,6.71986295616485,66.0,9-N1-4-B-035101,Mercey,Egl. St-Acheul,2,231,11867.333333333332,46239.750568614945,16459.72967793986,0.0,mercedes_ecitaro,Mercedes-Benz eCitaro,93.70802875530838,555.0,2026-04-08 07:01:15.000000000,2026-04-08 07:00:09.000000000,0.44351095510688016,46.239750568614944,24.191506642193463,16.459729677939862,0.0,16.459729677939862,0.3017617107622308,0.0,False
0,0.0,0.0,0.0,30.0,9-N1-4-B-035101,Egl. St-Acheul,Egl. St-Acheul,2,232,11897.333333333332,46239.750568614945,2500.0,0.0,mercedes_ecitaro,Mercedes-Benz eCitaro,93.70427500155462,555.0,2026-04-08 07:01:45.000000000,2026-04-08 07:01:15.000000000,0.0,46.239750568614944,0.0,2.5,0.0,2.5,0.020833333333333332,0.0,False
1,0.0,277.40496861036326,6.604880205008649,42.0,9-N1-4-B-035101,Egl. St-Acheul,L. de Luzarches,2,233,11939.333333333332,46517.155537225306,16184.017525487165,0.0,mercedes_ecitaro,Mercedes-Benz eCitaro,93.67025454429384,555.0,2026-04-08 07:02:27.000000000,2026-04-08 07:01:45.000000000,0.27740496861036323,46.51715553722531,23.777568738031135,16.184017525487164,0.0,16.184017525487164,0.18881353779735024,0.0,False
0,0.0,0.0,0.0,30.0,9-N1-4-B-035101,L. de Luzarches,L. de Luzarches,2,234,11969.333333333332,46517.155537225306,2500.0,0.0,mercedes_ecitaro,Mercedes-Benz eCitaro,93.66650079054008,555.0,2026-04-08 07:02:57.000000000,2026-04-08 07:02:27.000000000,0.0,46.51715553722531,0.0,2.5,0.0,2.5,0.020833333333333332,0.0,False
1,0.0,343.1323580300078,3.855419753146155,89.0,9-N1-4-B-035101,L. de Luzarches,Pinceau,2,235,12058.333333333332,46860.287895255315,10083.906448902566,0.0,mercedes_ecitaro,Mercedes-Benz eCitaro,93.62158248854047,555.0,2026-04-08 07:04:26.000000000,2026-04-08 07:02:57.000000000,0.3431323580300078,46.86028789525531,13.879511111326158,10.083906448902566,0.0,10.083906448902566,0.249296576097869,0.0,False
0,0.0,0.0,0.0,30.0,9-N1-4-B-035101,Pinceau,Pinceau,2,236,12088.333333333332,46860.287895255315,2500.0,0.0,mercedes_ecitaro,Mercedes-Benz eCitaro,93.61782873478673,555.0,2026-04-08 07:04:56.000000000,2026-04-08 07:04:26.000000000,0.0,46.86028789525531,0.0,2.5,0.0,2.5,0.020833333333333332,0.0,False
1,0.0,405.8966158731125,3.793426316571145,107.0,9-N1-4-B-035101,Pinceau,Caserne Dejean,2,237,12195.333333333332,47266.18451112843,9955.410597282218,0.0,mercedes_ecitaro,Mercedes-Benz eCitaro,93.56451397332981,555.0,2026-04-08 07:06:43.000000000,2026-04-08 07:04:56.000000000,0.40589661587311254,47.26618451112843,13.656334739656122,9.955410597282219,0.0,9.955410597282219,0.29589692608588813,0.0,False
0,0.0,0.0,0.0,30.0,9-N1-4-B-035101,Caserne Dejean,Caserne Dejean,2,238,12225.333333333332,47266.18451112843,2500.0,0.0,mercedes_ecitaro,Mercedes-Benz eCitaro,93.56076021957605,555.0,2026-04-08 07:07:13.000000000,2026-04-08 07:06:43.000000000,0.0,47.26618451112843,0.0,2.5,0.0,2.5,0.020833333333333332,0.0,False
1,0.0,391.6364257160486,3.7657348626543135,104.0,9-N1-4-B-035101,Caserne Dejean,Gare du Nord A,2,239,12329.333333333332,47657.82093684447,9898.116829554354,0.0,mercedes_ecitaro,Mercedes-Benz eCitaro,93.50923849033312,555.0,2026-04-08 07:08:57.000000000,2026-04-08 07:07:13.000000000,0.3916364257160486,47.65782093684447,13.55664550555553,9.898116829554354,0.0,9.898116829554354,0.2859455972982369,0.0,False
0,0.0,0.0,0.0,30.0,9-N1-4-B-035101,Gare du Nord A,Gare du Nord A,2,240,12359.333333333332,47657.82093684447,2500.0,0.0,mercedes_ecitaro,Mercedes-Benz eCitaro,93.50548473657938,555.0,2026-04-08 07:09:27.000000000,2026-04-08 07:08:57.000000000,0.0,47.65782093684447,0.0,2.5,0.0,2.5,0.020833333333333332,0.0,False
1,0.0,327.94171057791687,2.2158223687697087,148.0,9-N1-4-B-035101,Gare du Nord A,René Goblet,2,241,12507.333333333332,47985.76264742239,6778.373636749175,0.0,mercedes_ecitaro,Mercedes-Benz eCitaro,93.45527456149235,555.0,2026-04-08 07:11:55.000000000,2026-04-08 07:09:27.000000000,0.3279417105779169,47.98576264742239,7.976960527570951,6.7783736367491745,0.0,6.7783736367491745,0.2786664717330216,0.0,False
0,0.0,0.0,0.0,30.0,9-N1-4-B-035101,René Goblet,René Goblet,2,242,12537.333333333332,47985.76264742239,2500.0,0.0,mercedes_ecitaro,Mercedes-Benz eCitaro,93.45152080773859,555.0,2026-04-08 07:12:25.000000000,2026-04-08 07:11:55.000000000,0.0,47.98576264742239,0.0,2.5,0.0,2.5,0.020833333333333332,0.0,False
1,0.0,225.21730590675048,4.170690850125009,54.0,9-N1-4-B-035101,René Goblet,P. de Justice,2,243,12591.333333333332,48210.97995332914,10742.498468974078,0.0,mercedes_ecitaro,Mercedes-Benz eCitaro,93.4224870280927,555.0,2026-04-08 07:13:19.000000000,2026-04-08 07:12:25.000000000,0.2252173059067505,48.21097995332914,15.014487060450033,10.742498468974079,0.0,10.742498468974079,0.16113747703461115,0.0,False
0,0.0,0.0,0.0,30.0,9-N1-4-B-035101,P. de Justice,P. de Justice,2,244,12621.333333333332,48210.97995332914,2500.0,0.0,mercedes_ecitaro,Mercedes-Benz eCitaro,93.41873327433896,555.0,2026-04-08 07:13:49.000000000,2026-04-08 07:13:19.000000000,0.0,48.21097995332914,0.0,2.5,0.0,2.5,0.020833333333333332,0.0,False
1,0.0,229.9992746993994,3.965504736196541,58.0,9-N1-4-B-035101,P. de Justice,Dusevel,2,245,12679.333333333332,48440.97922802853,10312.884400903367,0.0,mercedes_ecitaro,Mercedes-Benz eCitaro,93.38879597227427,555.0,2026-04-08 07:14:47.000000000,2026-04-08 07:13:49.000000000,0.2299992746993994,48.44097922802853,14.275817050307548,10.312884400903368,0.0,10.312884400903368,0.1661520264589987,0.0,False
0,0.0,0.0,0.0,30.0,9-N1-4-B-035101,Dusevel,Dusevel,2,246,12709.333333333332,48440.97922802853,2500.0,0.0,mercedes_ecitaro,Mercedes-Benz eCitaro,93.38504221852052,555.0,2026-04-08 07:15:17.000000000,2026-04-08 07:14:47.000000000,0.0,48.44097922802853,0.0,2.5,0.0,2.5,0.020833333333333332,0.0,False
1,0.0,218.8226139254244,3.587255965990564,61.0,9-N1-4-B-035101,Dusevel,Beffroi,2,247,12770.333333333332,48659.80184195396,9530.33656798103,0.0,mercedes_ecitaro,Mercedes-Benz eCitaro,93.35594559536503,555.0,2026-04-08 07:16:18.000000000,2026-04-08 07:15:17.000000000,0.2188226139254244,48.65980184195396,12.914121477566031,9.530336567981031,0.0,9.530336567981031,0.1614862585130119,0.0,False
0,0.0,0.0,0.0,30.0,9-N1-4-B-035101,Beffroi,Beffroi,2,248,12800.333333333332,48659.80184195396,2500.0,0.0,mercedes_ecitaro,Mercedes-Benz eCitaro,93.35219184161127,555.0,2026-04-08 07:16:48.000000000,2026-04-08 07:16:18.000000000,0.0,48.65980184195396,0.0,2.5,0.0,2.5,0.020833333333333332,0.0,False
1,0.0,189.07722066752729,3.501430012361616,54.0,9-N1-4-B-035101,Beffroi,Place du Marché,2,249,12854.333333333332,48848.87906262148,9354.377011673041,0.0,mercedes_ecitaro,Mercedes-Benz eCitaro,93.32690974157973,555.0,2026-04-08 07:17:42.000000000,2026-04-08 07:16:48.000000000,0.18907722066752727,48.848879062621485,12.605148044501819,9.35437701167304,0.0,9.35437701167304,0.14031565517509562,0.0,False
0,0.0,0.0,0.0,30.0,9-N1-4-B-035101,Place du Marché,Place du Marché,2,250,12884.333333333332,48848.87906262148,2500.0,0.0,mercedes_ecitaro,Mercedes-Benz eCitaro,93.32315598782597,555.0,2026-04-08 07:18:12.000000000,2026-04-08 07:17:42.000000000,0.0,48.848879062621485,0.0,2.5,0.0,2.5,0.020833333333333332,0.0,False
1,0.0,171.78613535708172,3.817469674601816,45.0,9-N1-4-B-035101,Place du Marché,M. Culture B,2,251,12929.333333333332,49020.66519797857,10005.207964905961,0.0,mercedes_ecitaro,Mercedes-Benz eCitaro,93.30062173565275,555.0,2026-04-08 07:18:57.000000000,2026-04-08 07:18:12.000000000,0.17178613535708173,49.020665197978566,13.742890828566539,10.005207964905962,0.0,10.005207964905962,0.12506509956132453,0.0,False
0,0.0,0.0,0.0,30.0,9-N1-4-B-035101,M. Culture B,M. Culture B,2,252,12959.333333333332,49020.66519797857,2500.0,0.0,mercedes_ecitaro,Mercedes-Benz eCitaro,93.296867981899,555.0,2026-04-08 07:19:27.000000000,2026-04-08 07:18:57.000000000,0.0,49.020665197978566,0.0,2.5,0.0,2.5,0.020833333333333332,0.0,False
1,0.0,291.81191051704656,6.07941480243847,48.0,9-N1-4-B-035101,M. Culture B,Saint-Jacques,2,253,13007.333333333332,49312.477108495616,14947.805699382516,0.0,mercedes_ecitaro,Mercedes-Benz eCitaro,93.26095733757616,555.0,2026-04-08 07:20:15.000000000,2026-04-08 07:19:27.000000000,0.2918119105170466,49.312477108495614,21.885893288778494,14.947805699382515,0.0,14.947805699382515,0.1993040759917669,0.0,False
0,0.0,0.0,0.0,30.0,9-N1-4-B-035101,Saint-Jacques,Saint-Jacques,2,254,13037.333333333332,49312.477108495616,2500.0,0.0,mercedes_ecitaro,Mercedes-Benz eCitaro,93.2572035838224,555.0,2026-04-08 07:20:45.000000000,2026-04-08 07:20:15.000000000,0.0,49.312477108495614,0.0,2.5,0.0,2.5,0.020833333333333332,0.0,False
1,0.0,350.7042974526486,5.656520926655622,62.0,9-N1-4-B-035101,Saint-Jacques,Jean Jaurès,2,255,13099.333333333332,49663.181405948264,13979.689002432178,0.0,mercedes_ecitaro,Mercedes-Benz eCitaro,93.21382316749855,555.0,2026-04-08 07:21:47.000000000,2026-04-08 07:20:45.000000000,0.3507042974526486,49.663181405948265,20.36347533596024,13.979689002432178,0.0,13.979689002432178,0.24076131059744307,0.0,False
0,0.0,0.0,0.0,30.0,9-N1-4-B-035101,Jean Jaurès,Jean Jaurès,2,256,13129.333333333332,49663.181405948264,2500.0,0.0,mercedes_ecitaro,Mercedes-Benz eCitaro,93.21006941374479,555.0,2026-04-08 07:22:17.000000000,2026-04-08 07:21:47.000000000,0.0,49.663181405948265,0.0,2.5,0.0,2.5,0.020833333333333332,0.0,False
1,0.0,402.8160957322576,5.5946679962813555,72.0,9-N1-4-B-035101,Jean Jaurès,Zoo d'Amiens,2,257,13201.333333333332,50065.99750168052,13839.983331209853,0.0,mercedes_ecitaro,Mercedes-Benz eCitaro,93.16019559993863,555.0,2026-04-08 07:23:29.000000000,2026-04-08 07:22:17.000000000,0.40281609573225763,50.06599750168052,20.14080478661288,13.839983331209853,0.0,13.839983331209853,0.276799666624197,0.0,False
0,0.0,0.0,0.0,30.0,9-N1-4-B-035101,Zoo d'Amiens,Zoo d'Amiens,2,258,13231.333333333332,50065.99750168052,2500.0,0.0,mercedes_ecitaro,Mercedes-Benz eCitaro,93.15644184618488,555.0,2026-04-08 07:23:59.000000000,2026-04-08 07:23:29.000000000,0.0,50.06599750168052,0.0,2.5,0.0,2.5,0.020833333333333332,0.0,False
1,0.0,376.38436041502575,5.790528621769627,65.0,9-N1-4-B-035101,Zoo d'Amiens,Egl. St-Firmin,2,259,13296.333333333332,50442.38186209554,14283.997606969104,0.0,mercedes_ecitaro,Mercedes-Benz eCitaro,93.10997238450054,555.0,2026-04-08 07:25:04.000000000,2026-04-08 07:23:59.000000000,0.37638436041502576,50.442381862095544,20.845903038370658,14.283997606969104,0.0,14.283997606969104,0.25790551234805326,0.0,False
0,0.0,0.0,0.0,30.0,9-N1-4-B-035101,Egl. St-Firmin,Egl. St-Firmin,2,260,13326.333333333332,50442.38186209554,2500.0,0.0,mercedes_ecitaro,Mercedes-Benz eCitaro,93.10621863074678,555.0,2026-04-08 07:25:34.000000000,2026-04-08 07:25:04.000000000,0.0,50.442381862095544,0.0,2.5,0.0,2.5,0.020833333333333332,0.0,False
1,0.0,300.7481358168622,5.674493128620042,53.0,9-N1-4-B-035101,Egl. St-Firmin,Faubourg de Hem,2,261,13379.333333333332,50743.1299979124,14020.370787798545,0.0,mercedes_ecitaro,Mercedes-Benz eCitaro,93.06902745698535,555.0,2026-04-08 07:26:27.000000000,2026-04-08 07:25:34.000000000,0.3007481358168622,50.743129997912405,20.428175263032152,14.020370787798544,0.0,14.020370787798544,0.20641101437592305,0.0,False
0,0.0,0.0,0.0,30.0,9-N1-4-B-035101,Faubourg de Hem,Faubourg de Hem,2,262,13409.333333333332,50743.1299979124,2500.0,0.0,mercedes_ecitaro,Mercedes-Benz eCitaro,93.06527370323161,555.0,2026-04-08 07:26:57.000000000,2026-04-08 07:26:27.000000000,0.0,50.743129997912405,0.0,2.5,0.0,2.5,0.020833333333333332,0.0,False
1,0.0,242.018982618479,5.5004314231472495,44.0,9-N1-4-B-035101,Faubourg de Hem,Espace Alliance,2,263,13453.333333333332,50985.14898053088,13628.030793913387,0.0,mercedes_ecitaro,Mercedes-Benz eCitaro,93.03526202380557,555.0,2026-04-08 07:27:41.000000000,2026-04-08 07:26:57.000000000,0.24201898261847898,50.98514898053088,19.8015531233301,13.628030793913387,0.0,13.628030793913387,0.16656482081449694,0.0,False
0,0.0,0.0,0.0,30.0,9-N1-4-B-035101,Espace Alliance,Espace Alliance,2,264,13483.333333333332,50985.14898053088,2500.0,0.0,mercedes_ecitaro,Mercedes-Benz eCitaro,93.03150827005182,555.0,2026-04-08 07:28:11.000000000,2026-04-08 07:27:41.000000000,0.0,50.98514898053088,0.0,2.5,0.0,2.5,0.020833333333333332,0.0,False
1,0.0,512.4653653664171,5.631487531499089,91.0,9-N1-4-B-035101,Espace Alliance,Sully,2,265,13574.333333333332,51497.614345897295,13923.090033058785,0.0,mercedes_ecitaro,Mercedes-Benz eCitaro,92.96809479692827,555.0,2026-04-08 07:29:42.000000000,2026-04-08 07:28:11.000000000,0.5124653653664172,51.4976143458973,20.273355113396722,13.923090033058784,0.0,13.923090033058784,0.35194477583565265,0.0,False
0,0.0,0.0,0.0,30.0,9-N1-4-B-035101,Sully,Sully,2,266,13604.333333333332,51497.614345897295,2500.0,0.0,mercedes_ecitaro,Mercedes-Benz eCitaro,92.96434104317453,555.0,2026-04-08 07:30:12.000000000,2026-04-08 07:29:42.000000000,0.0,51.4976143458973,0.0,2.5,0.0,2.5,0.020833333333333332,0.0,False
1,0.0,581.4235833007191,5.537367460006848,105.0,9-N1-4-B-035101,Sully,Place la Barre,2,267,13709.333333333332,52079.03792919801,13710.977433876818,0.0,mercedes_ecitaro,Mercedes-Benz eCitaro,92.89228635696045,555.0,2026-04-08 07:31:57.000000000,2026-04-08 07:30:12.000000000,0.5814235833007191,52.079037929198016,19.934522856024653,13.710977433876819,0.0,13.710977433876819,0.3999035084880738,0.0,False
0,0.0,0.0,0.0,30.0,9-N1-4-B-035101,Place la Barre,Place la Barre,2,268,13739.333333333332,52079.03792919801,2500.0,0.0,mercedes_ecitaro,Mercedes-Benz eCitaro,92.8885326032067,555.0,2026-04-08 07:32:27.000000000,2026-04-08 07:31:57.000000000,0.0,52.079037929198016,0.0,2.5,0.0,2.5,0.020833333333333332,0.0,False
1,0.0,321.16148117311843,4.654514219900267,69.0,9-N1-4-B-035101,Place la Barre,La Fontaine,2,269,13808.333333333332,52400.19941037113,11771.043507106238,0.0,mercedes_ecitaro,Mercedes-Benz eCitaro,92.84788185235634,555.0,2026-04-08 07:33:36.000000000,2026-04-08 07:32:27.000000000,0.32116148117311843,52.40019941037113,16.75625119164096,11.771043507106238,0.0,11.771043507106238,0.2256116672195362,0.0,False
0,0.0,0.0,0.0,30.0,9-N1-4-B-035101,La Fontaine,La Fontaine,2,270,13838.333333333332,52400.19941037113,2500.0,0.0,mercedes_ecitaro,Mercedes-Benz eCitaro,92.84412809860258,555.0,2026-04-08 07:34:06.000000000,2026-04-08 07:33:36.000000000,0.0,52.40019941037113,0.0,2.5,0.0,2.5,0.020833333333333332,0.0,False
1,0.0,233.68404358993675,5.31100099068038,44.0,9-N1-4-B-035101,La Fontaine,Les Coursives,2,271,13882.333333333332,52633.88345396107,13205.182837280407,0.0,mercedes_ecitaro,Mercedes-Benz eCitaro,92.81504761587784,555.0,2026-04-08 07:34:50.000000000,2026-04-08 07:34:06.000000000,0.23368404358993675,52.63388345396107,19.11960356644937,13.205182837280407,0.0,13.205182837280407,0.1613966791223161,0.0,False
0,0.0,0.0,0.0,30.0,9-N1-4-B-035101,Les Coursives,Les Coursives,2,272,13912.333333333332,52633.88345396107,2500.0,0.0,mercedes_ecitaro,Mercedes-Benz eCitaro,92.81129386212409,555.0,2026-04-08 07:35:20.000000000,2026-04-08 07:34:50.000000000,0.0,52.63388345396107,0.0,2.5,0.0,2.5,0.020833333333333332,0.0,False
1,0.0,293.0331102299119,5.327874731452944,55.0,9-N1-4-B-035101,Les Coursives,Languedoc,2,273,13967.333333333332,52926.91656419098,13242.677402966896,0.0,mercedes_ecitaro,Mercedes-Benz eCitaro,92.77484004544925,555.0,2026-04-08 07:36:15.000000000,2026-04-08 07:35:20.000000000,0.2930331102299119,52.926916564190975,19.1803490332306,13.242677402966896,0.0,13.242677402966896,0.20231868254532756,0.0,False
0,0.0,0.0,0.0,30.0,9-N1-4-B-035101,Languedoc,Languedoc,2,274,13997.333333333332,52926.91656419098,2500.0,0.0,mercedes_ecitaro,Mercedes-Benz eCitaro,92.7710862916955,555.0,2026-04-08 07:36:45.000000000,2026-04-08 07:36:15.000000000,0.0,52.926916564190975,0.0,2.5,0.0,2.5,0.020833333333333332,0.0,False
1,0.0,320.6006811443548,4.007508514304435,80.0,9-N1-4-B-035101,Languedoc,Collège R.Parks,2,275,14077.333333333332,53247.51724533533,10400.52786970044,0.0,mercedes_ecitaro,Mercedes-Benz eCitaro,92.72944253646146,555.0,2026-04-08 07:38:05.000000000,2026-04-08 07:36:45.000000000,0.3206006811443548,53.24751724533533,14.427030651495967,10.40052786970044,0.0,10.40052786970044,0.23112284154889867,0.0,False
0,0.0,0.0,0.0,30.0,9-N1-4-B-035101,Collège R.Parks,Collège R.Parks,2,276,14107.333333333332,53247.51724533533,2500.0,0.0,mercedes_ecitaro,Mercedes-Benz eCitaro,92.7256887827077,555.0,2026-04-08 07:38:35.000000000,2026-04-08 07:38:05.000000000,0.0,53.24751724533533,0.0,2.5,0.0,2.5,0.020833333333333332,0.0,False
1,0.0,270.8261413947126,5.0152989147169,54.0,9-N1-4-B-035101,Collège R.Parks,Martinique,2,277,14161.333333333332,53518.34338673004,12553.382066466642,0.0,mercedes_ecitaro,Mercedes-Benz eCitaro,92.69176072306861,555.0,2026-04-08 07:39:29.000000000,2026-04-08 07:38:35.000000000,0.27082614139471256,53.51834338673004,18.05507609298084,12.553382066466641,0.0,12.553382066466641,0.18830073099699965,0.0,False
0,0.0,0.0,0.0,30.0,9-N1-4-B-035101,Martinique,Martinique,2,278,14191.333333333332,53518.34338673004,2500.0,0.0,mercedes_ecitaro,Mercedes-Benz eCitaro,92.68800696931486,555.0,2026-04-08 07:39:59.000000000,2026-04-08 07:39:29.000000000,0.0,53.51834338673004,0.0,2.5,0.0,2.5,0.020833333333333332,0.0,False
1,0.0,274.08690803195344,2.3227704070504527,118.0,9-N1-4-B-035101,Martinique,Etouvie Quai A,2,279,14309.333333333332,53792.430294761994,6988.977513860954,0.0,mercedes_ecitaro,Mercedes-Benz eCitaro,92.6467307257395,555.0,2026-04-08 07:41:57.000000000,2026-04-08 07:39:59.000000000,0.27408690803195346,53.79243029476199,8.361973465381629,6.988977513860954,0.0,6.988977513860954,0.22908315184322015,0.0,False
1,0.0,241.9015249612658,4.319670088594032,56.0,9-N1-2-B-034901,Etouvie Quai A,Martinique,3,280,14365.333333333332,54034.33181972326,11056.821019198629,0.0,mercedes_ecitaro,Mercedes-Benz eCitaro,92.6157406367968,555.0,2026-04-08 07:42:53.000000000,2026-04-08 07:41:57.000000000,0.2419015249612658,54.034331819723256,15.550812318938515,11.05682101919863,0.0,11.05682101919863,0.17199499363197868,0.0,False
0,0.0,0.0,0.0,30.0,9-N1-2-B-034901,Martinique,Martinique,3,281,14395.333333333332,54034.33181972326,2500.0,0.0,mercedes_ecitaro,Mercedes-Benz eCitaro,92.61198688304304,555.0,2026-04-08 07:43:23.000000000,2026-04-08 07:42:53.000000000,0.0,54.034331819723256,0.0,2.5,0.0,2.5,0.020833333333333332,0.0,False
1,0.0,330.7630000086095,4.9367611941583505,67.0,9-N1-2-B-034901,Martinique,Collège R.Parks,3,282,14462.333333333332,54365.094819731865,12381.899008765697,0.0,mercedes_ecitaro,Mercedes-Benz eCitaro,92.57046600048112,555.0,2026-04-08 07:44:30.000000000,2026-04-08 07:43:23.000000000,0.3307630000086095,54.365094819731866,17.77234029897006,12.381899008765696,0.0,12.381899008765696,0.2304408982186949,0.0,False
0,0.0,0.0,0.0,30.0,9-N1-2-B-034901,Collège R.Parks,Collège R.Parks,3,283,14492.333333333332,54365.094819731865,2500.0,0.0,mercedes_ecitaro,Mercedes-Benz eCitaro,92.56671224672738,555.0,2026-04-08 07:45:00.000000000,2026-04-08 07:44:30.000000000,0.0,54.365094819731866,0.0,2.5,0.0,2.5,0.020833333333333332,0.0,False
1,0.0,296.81987678393193,4.01107941599908,74.0,9-N1-2-B-034901,Collège R.Parks,Languedoc,3,284,14566.333333333332,54661.9146965158,10407.985877821335,0.0,mercedes_ecitaro,Mercedes-Benz eCitaro,92.52816415088358,555.0,2026-04-08 07:46:14.000000000,2026-04-08 07:45:00.000000000,0.29681987678393196,54.6619146965158,14.439885897596689,10.407985877821334,0.0,10.407985877821334,0.2139419319329941,0.0,False
0,0.0,0.0,0.0,30.0,9-N1-2-B-034901,Languedoc,Languedoc,3,285,14596.333333333332,54661.9146965158,2500.0,0.0,mercedes_ecitaro,Mercedes-Benz eCitaro,92.52441039712984,555.0,2026-04-08 07:46:44.000000000,2026-04-08 07:46:14.000000000,0.0,54.6619146965158,0.0,2.5,0.0,2.5,0.020833333333333332,0.0,False
1,0.0,297.726462758007,5.316543977821554,56.0,9-N1-2-B-034901,Languedoc,Les coursives,3,286,14652.333333333332,54959.64115927381,13217.496071507208,0.0,mercedes_ecitaro,Mercedes-Benz eCitaro,92.48736436209458,555.0,2026-04-08 07:47:40.000000000,2026-04-08 07:46:44.000000000,0.297726462758007,54.95964115927381,19.139558320157594,13.217496071507208,0.0,13.217496071507208,0.2056054944456677,0.0,False
0,0.0,0.0,0.0,30.0,9-N1-2-B-034901,Les coursives,Les coursives,3,287,14682.333333333332,54959.64115927381,2500.0,0.0,mercedes_ecitaro,Mercedes-Benz eCitaro,92.48361060834083,555.0,2026-04-08 07:48:10.000000000,2026-04-08 07:47:40.000000000,0.0,54.95964115927381,0.0,2.5,0.0,2.5,0.020833333333333332,0.0,False
1,0.0,227.94980309080773,5.065551179795728,45.0,9-N1-2-B-034901,Les coursives,La Fontaine,3,288,14727.333333333332,55187.590962364615,12663.459214121442,0.0,mercedes_ecitaro,Mercedes-Benz eCitaro,92.45508930380451,555.0,2026-04-08 07:48:55.000000000,2026-04-08 07:48:10.000000000,0.22794980309080773,55.18759096236462,18.23598424726462,12.663459214121442,0.0,12.663459214121442,0.15829324017651802,0.0,False
0,0.0,0.0,0.0,30.0,9-N1-2-B-034901,La Fontaine,La Fontaine,3,289,14757.333333333332,55187.590962364615,2500.0,0.0,mercedes_ecitaro,Mercedes-Benz eCitaro,92.45133555005077,555.0,2026-04-08 07:49:25.000000000,2026-04-08 07:48:55.000000000,0.0,55.18759096236462,0.0,2.5,0.0,2.5,0.020833333333333332,0.0,False
1,0.0,278.8940733458619,4.572033989276425,61.0,9-N1-2-B-034901,La Fontaine,Place la Barre,3,290,14818.333333333332,55466.48503571047,11594.0864387973,0.0,mercedes_ecitaro,Mercedes-Benz eCitaro,92.41593818905143,555.0,2026-04-08 07:50:26.000000000,2026-04-08 07:49:25.000000000,0.2788940733458619,55.46648503571048,16.459322361395127,11.5940864387973,0.0,11.5940864387973,0.19645535354628757,0.0,False
0,0.0,0.0,0.0,30.0,9-N1-2-B-034901,Place la Barre,Place la Barre,3,291,14848.333333333332,55466.48503571047,2500.0,0.0,mercedes_ecitaro,Mercedes-Benz eCitaro,92.41218443529768,555.0,2026-04-08 07:50:56.000000000,2026-04-08 07:50:26.000000000,0.0,55.46648503571048,0.0,2.5,0.0,2.5,0.020833333333333332,0.0,False
1,0.0,552.9827646282706,5.882795368385858,94.0,9-N1-2-B-034901,Place la Barre,Sully,3,292,14942.333333333332,56019.467800338745,14494.837120605796,0.0,mercedes_ecitaro,Mercedes-Benz eCitaro,92.34399050690244,555.0,2026-04-08 07:52:30.000000000,2026-04-08 07:50:56.000000000,0.5529827646282706,56.019467800338745,21.178063326189086,14.494837120605796,0.0,14.494837120605796,0.37847630259359577,0.0,False
0,0.0,0.0,0.0,30.0,9-N1-2-B-034901,Sully,Sully,3,293,14972.333333333332,56019.467800338745,2500.0,0.0,mercedes_ecitaro,Mercedes-Benz eCitaro,92.34023675314869,555.0,2026-04-08 07:53:00.000000000,2026-04-08 07:52:30.000000000,0.0,56.019467800338745,0.0,2.5,0.0,2.5,0.020833333333333332,0.0,False
1,0.0,541.2636534432309,5.820039284335816,93.0,9-N1-2-B-034901,Sully,Espace Alliance,3,294,15065.333333333332,56560.73145378198,14351.314697241989,0.0,mercedes_ecitaro,Mercedes-Benz eCitaro,92.27343633939276,555.0,2026-04-08 07:54:33.000000000,2026-04-08 07:53:00.000000000,0.5412636534432308,56.560731453781976,20.952141423608936,14.351314697241989,0.0,14.351314697241989,0.37074229634541805,0.0,False
0,0.0,0.0,0.0,30.0,9-N1-2-B-034901,Espace Alliance,Espace Alliance,3,295,15095.333333333332,56560.73145378198,2500.0,0.0,mercedes_ecitaro,Mercedes-Benz eCitaro,92.269682585639,555.0,2026-04-08 07:55:03.000000000,2026-04-08 07:54:33.000000000,0.0,56.560731453781976,0.0,2.5,0.0,2.5,0.020833333333333332,0.0,False
1,0.0,306.8484114845754,5.789592669520291,53.0,9-N1-2-B-034901,Espace Alliance,Faubourg de Hem,3,296,15148.333333333332,56867.579865266554,14281.864401781007,0.0,mercedes_ecitaro,Mercedes-Benz eCitaro,92.2317977601488,555.0,2026-04-08 07:55:56.000000000,2026-04-08 07:55:03.000000000,0.3068484114845754,56.867579865266556,20.842533610273048,14.281864401781007,0.0,14.281864401781007,0.21026078147066482,0.0,False
0,0.0,0.0,0.0,30.0,9-N1-2-B-034901,Faubourg de Hem,Faubourg de Hem,3,297,15178.333333333332,56867.579865266554,2500.0,0.0,mercedes_ecitaro,Mercedes-Benz eCitaro,92.22804400639504,555.0,2026-04-08 07:56:26.000000000,2026-04-08 07:55:56.000000000,0.0,56.867579865266556,0.0,2.5,0.0,2.5,0.020833333333333332,0.0,False
1,0.0,296.4471853943004,7.058266318911914,42.0,9-N1-2-B-034901,Faubourg de Hem,Egl. St-Firmin,3,298,15220.333333333332,57164.02705066086,17282.560219061117,0.0,mercedes_ecitaro,Mercedes-Benz eCitaro,92.19171430022884,555.0,2026-04-08 07:57:08.000000000,2026-04-08 07:56:26.000000000,0.29644718539430037,57.164027050660856,25.409758748082893,17.282560219061118,0.0,17.282560219061118,0.20162986922237972,0.0,False
0,0.0,0.0,0.0,30.0,9-N1-2-B-034901,Egl. St-Firmin,Egl. St-Firmin,3,299,15250.333333333332,57164.02705066086,2500.0,0.0,mercedes_ecitaro,Mercedes-Benz eCitaro,92.18796054647508,555.0,2026-04-08 07:57:38.000000000,2026-04-08 07:57:08.000000000,0.0,57.164027050660856,0.0,2.5,0.0,2.5,0.020833333333333332,0.0,False
1,0.0,397.9625757415526,7.106474566813439,56.0,9-N1-2-B-034901,Egl. St-Firmin,Zoo d'Amiens,3,300,15306.333333333332,57561.989626402414,17401.196362585695,0.0,mercedes_ecitaro,Mercedes-Benz eCitaro,92.1391884245379,555.0,2026-04-08 07:58:34.000000000,2026-04-08 07:57:38.000000000,0.3979625757415526,57.561989626402415,25.58330844052838,17.401196362585694,0.0,17.401196362585694,0.270685276751333,0.0,False
0,0.0,0.0,0.0,30.0,9-N1-2-B-034901,Zoo d'Amiens,Zoo d'Amiens,3,301,15336.333333333332,57561.989626402414,2500.0,0.0,mercedes_ecitaro,Mercedes-Benz eCitaro,92.13543467078416,555.0,2026-04-08 07:59:04.000000000,2026-04-08 07:58:34.000000000,0.0,57.561989626402415,0.0,2.5,0.0,2.5,0.020833333333333332,0.0,False
1,0.0,387.76459722543666,6.924367807597084,56.0,9-N1-2-B-034901,Zoo d'Amiens,Jean Jaurès,3,302,15392.333333333332,57949.75422362785,16954.920605978714,0.0,mercedes_ecitaro,Mercedes-Benz eCitaro,92.08791337178842,555.0,2026-04-08 08:00:00.000000000,2026-04-08 07:59:04.000000000,0.38776459722543666,57.949754223627856,24.9277241073495,16.954920605978714,0.0,16.954920605978714,0.26374320942633556,0.0,False
0,0.0,0.0,0.0,30.0,9-N1-2-B-034901,Jean Jaurès,Jean Jaurès,3,303,15422.333333333332,57949.75422362785,2500.0,0.0,mercedes_ecitaro,Mercedes-Benz eCitaro,92.08415961803468,555.0,2026-04-08 08:00:30.000000000,2026-04-08 08:00:00.000000000,0.0,57.949754223627856,0.0,2.5,0.0,2.5,0.020833333333333332,0.0,False
1,0.0,353.81886733206454,6.675827685510652,53.0,9-N1-2-B-034901,Jean Jaurès,Saint-Jacques,3,304,15475.333333333332,58303.573090959915,16353.911877036153,0.0,mercedes_ecitaro,Mercedes-Benz eCitaro,92.04077837031281,555.0,2026-04-08 08:01:23.000000000,2026-04-08 08:00:30.000000000,0.3538188673320645,58.303573090959915,24.032979667838347,16.353911877036154,0.0,16.353911877036154,0.24076592485636555,0.0,False
0,0.0,0.0,0.0,30.0,9-N1-2-B-034901,Saint-Jacques,Saint-Jacques,3,305,15505.333333333332,58303.573090959915,2500.0,0.0,mercedes_ecitaro,Mercedes-Benz eCitaro,92.03702461655905,555.0,2026-04-08 08:01:53.000000000,2026-04-08 08:01:23.000000000,0.0,58.303573090959915,0.0,2.5,0.0,2.5,0.020833333333333332,0.0,False
1,0.0,242.8037375118653,7.35768901551107,33.0,9-N1-2-B-034901,Saint-Jacques,M. Culture A,3,306,15538.333333333332,58546.37682847178,18025.307499846742,0.0,mercedes_ecitaro,Mercedes-Benz eCitaro,92.0072530876554,555.0,2026-04-08 08:02:26.000000000,2026-04-08 08:01:53.000000000,0.24280373751186532,58.54637682847178,26.487680455839854,18.025307499846743,0.0,18.025307499846743,0.16523198541526182,0.0,False
0,0.0,0.0,0.0,30.0,9-N1-2-B-034901,M. Culture A,M. Culture A,3,307,15568.333333333332,58546.37682847178,2500.0,0.0,mercedes_ecitaro,Mercedes-Benz eCitaro,92.00349933390164,555.0,2026-04-08 08:02:56.000000000,2026-04-08 08:02:26.000000000,0.0,58.54637682847178,0.0,2.5,0.0,2.5,0.020833333333333332,0.0,False
1,0.0,296.74165114956037,2.472847092913003,120.0,9-N1-2-B-034901,M. Culture A,Hôtel de Ville,3,308,15688.333333333332,58843.11847962134,7285.495885312494,0.0,mercedes_ecitaro,Mercedes-Benz eCitaro,91.95974260185773,555.0,2026-04-08 08:04:56.000000000,2026-04-08 08:02:56.000000000,0.29674165114956036,58.84311847962134,8.90224953448681,7.285495885312494,0.0,7.285495885312494,0.24284986284374976,0.0,False
0,0.0,0.0,0.0,30.0,9-N1-2-B-034901,Hôtel de Ville,Hôtel de Ville,3,309,15718.333333333332,58843.11847962134,2500.0,0.0,mercedes_ecitaro,Mercedes-Benz eCitaro,91.95598884810397,555.0,2026-04-08 08:05:26.000000000,2026-04-08 08:04:56.000000000,0.0,58.84311847962134,0.0,2.5,0.0,2.5,0.020833333333333332,0.0,False
1,0.0,228.2941059416939,4.005159753363051,57.0,9-N1-2-B-034901,Hôtel de Ville,Jacobins,3,310,15775.333333333332,59071.412585563034,10395.62297288138,0.0,mercedes_ecitaro,Mercedes-Benz eCitaro,91.9263316654486,555.0,2026-04-08 08:06:23.000000000,2026-04-08 08:05:26.000000000,0.22829410594169391,59.07141258556303,14.418575112106984,10.39562297288138,0.0,10.39562297288138,0.16459736373728853,0.0,False
0,0.0,0.0,0.0,30.0,9-N1-2-B-034901,Jacobins,Jacobins,3,311,15805.333333333332,59071.412585563034,2500.0,0.0,mercedes_ecitaro,Mercedes-Benz eCitaro,91.92257791169486,555.0,2026-04-08 08:06:53.000000000,2026-04-08 08:06:23.000000000,0.0,59.07141258556303,0.0,2.5,0.0,2.5,0.020833333333333332,0.0,False
1,0.0,326.11241962366006,4.026079254613087,81.0,9-N1-2-B-034901,Jacobins,Emile Zola,3,312,15886.333333333332,59397.5250051867,10439.32601398859,0.0,mercedes_ecitaro,Mercedes-Benz eCitaro,91.88025631974625,555.0,2026-04-08 08:08:14.000000000,2026-04-08 08:06:53.000000000,0.32611241962366005,59.397525005186694,14.493885316607114,10.43932601398859,0.0,10.43932601398859,0.23488483531474327,0.0,False
0,0.0,0.0,0.0,30.0,9-N1-2-B-034901,Emile Zola,Emile Zola,3,313,15916.333333333332,59397.5250051867,2500.0,0.0,mercedes_ecitaro,Mercedes-Benz eCitaro,91.8765025659925,555.0,2026-04-08 08:08:44.000000000,2026-04-08 08:08:14.000000000,0.0,59.397525005186694,0.0,2.5,0.0,2.5,0.020833333333333332,0.0,False
1,0.0,355.48637357572056,2.1943603307143245,162.0,9-N1-2-B-034901,Emile Zola,Gare du Nord B,3,314,16078.333333333332,59753.011378762414,6736.177798628873,0.0,mercedes_ecitaro,Mercedes-Benz eCitaro,91.82188490816577,555.0,2026-04-08 08:11:26.000000000,2026-04-08 08:08:44.000000000,0.35548637357572055,59.753011378762416,7.899697190571568,6.736177798628873,0.0,6.736177798628873,0.3031280009382993,0.0,False
0,0.0,0.0,0.0,30.0,9-N1-2-B-034901,Gare du Nord B,Gare du Nord B,3,315,16108.333333333332,59753.011378762414,2500.0,0.0,mercedes_ecitaro,Mercedes-Benz eCitaro,91.81813115441203,555.0,2026-04-08 08:11:56.000000000,2026-04-08 08:11:26.000000000,0.0,59.753011378762416,0.0,2.5,0.0,2.5,0.020833333333333332,0.0,False
1,0.0,368.1948881034494,3.95908481831666,93.0,9-N1-2-B-034901,Gare du Nord B,Caserne Dejean,3,316,16201.333333333332,60121.20626686586,10299.502354459812,0.0,mercedes_ecitaro,Mercedes-Benz eCitaro,91.77019052783722,555.0,2026-04-08 08:13:29.000000000,2026-04-08 08:11:56.000000000,0.3681948881034494,60.12120626686586,14.252705345939976,10.299502354459811,0.0,10.299502354459811,0.2660704774902118,0.0,False
0,0.0,0.0,0.0,30.0,9-N1-2-B-034901,Caserne Dejean,Caserne Dejean,3,317,16231.333333333332,60121.20626686586,2500.0,0.0,mercedes_ecitaro,Mercedes-Benz eCitaro,91.76643677408346,555.0,2026-04-08 08:13:59.000000000,2026-04-08 08:13:29.000000000,0.0,60.12120626686586,0.0,2.5,0.0,2.5,0.020833333333333332,0.0,False
1,0.0,355.3755273513469,3.862777471210292,92.0,9-N1-2-B-034901,Caserne Dejean,Pinceau,3,318,16323.333333333332,60476.58179421721,10099.178424665342,0.0,mercedes_ecitaro,Mercedes-Benz eCitaro,91.71993405060653,555.0,2026-04-08 08:15:31.000000000,2026-04-08 08:13:59.000000000,0.35537552735134686,60.47658179421721,13.905998896357051,10.099178424665343,0.0,10.099178424665343,0.2580901152970032,0.0,False
0,0.0,0.0,0.0,30.0,9-N1-2-B-034901,Pinceau,Pinceau,3,319,16353.333333333332,60476.58179421721,2500.0,0.0,mercedes_ecitaro,Mercedes-Benz eCitaro,91.71618029685277,555.0,2026-04-08 08:16:01.000000000,2026-04-08 08:15:31.000000000,0.0,60.47658179421721,0.0,2.5,0.0,2.5,0.020833333333333332,0.0,False
1,0.0,447.05548624280317,3.8874390108069843,115.0,9-N1-2-B-034901,Pinceau,L. de Luzarches,3,320,16468.333333333332,60923.63728046001,10150.400279848174,0.0,mercedes_ecitaro,Mercedes-Benz eCitaro,91.65775707201881,555.0,2026-04-08 08:17:56.000000000,2026-04-08 08:16:01.000000000,0.44705548624280317,60.923637280460014,13.994780438905144,10.150400279848174,0.0,10.150400279848174,0.3242488978284834,0.0,False
0,0.0,0.0,0.0,30.0,9-N1-2-B-034901,L. de Luzarches,L. de Luzarches,3,321,16498.333333333332,60923.63728046001,2500.0,0.0,mercedes_ecitaro,Mercedes-Benz eCitaro,91.65400331826505,555.0,2026-04-08 08:18:26.000000000,2026-04-08 08:17:56.000000000,0.0,60.923637280460014,0.0,2.5,0.0,2.5,0.020833333333333332,0.0,False
1,0.0,324.8685267650074,8.121713169125185,40.0,9-N1-2-B-034901,L. de Luzarches,Egl. St-Acheul,3,322,16538.333333333332,61248.50580722502,19987.224845856923,0.0,mercedes_ecitaro,Mercedes-Benz eCitaro,91.61398885410918,555.0,2026-04-08 08:19:06.000000000,2026-04-08 08:18:26.000000000,0.3248685267650074,61.248505807225015,29.238167408850664,19.98722484585692,0.0,19.98722484585692,0.2220802760650769,0.0,False
0,0.0,0.0,0.0,30.0,9-N1-2-B-034901,Egl. St-Acheul,Egl. St-Acheul,3,323,16568.333333333332,61248.50580722502,2500.0,0.0,mercedes_ecitaro,Mercedes-Benz eCitaro,91.61023510035542,555.0,2026-04-08 08:19:36.000000000,2026-04-08 08:19:06.000000000,0.0,61.248505807225015,0.0,2.5,0.0,2.5,0.020833333333333332,0.0,False
1,0.0,451.79666905185246,8.214484891851862,55.0,9-N1-2-B-034901,Egl. St-Acheul,Mercey,3,324,16623.333333333332,61700.30247627687,20232.30889370291,0.0,mercedes_ecitaro,Mercedes-Benz eCitaro,91.55454055635374,555.0,2026-04-08 08:20:31.000000000,2026-04-08 08:19:36.000000000,0.45179666905185245,61.70030247627687,29.572145610666706,20.23230889370291,0.0,20.23230889370291,0.30910471920935007,0.0,False
0,0.0,0.0,0.0,30.0,9-N1-2-B-034901,Mercey,Mercey,3,325,16653.333333333332,61700.30247627687,2500.0,0.0,mercedes_ecitaro,Mercedes-Benz eCitaro,91.55078680259999,555.0,2026-04-08 08:21:01.000000000,2026-04-08 08:20:31.000000000,0.0,61.70030247627687,0.0,2.5,0.0,2.5,0.020833333333333332,0.0,False
1,0.0,481.8036462949089,8.166163496523879,59.0,9-N1-2-B-034901,Mercey,Sobo,3,326,16712.333333333332,62182.10612257178,20104.461940156947,0.0,mercedes_ecitaro,Mercedes-Benz eCitaro,91.49141927234628,555.0,2026-04-08 08:22:00.000000000,2026-04-08 08:21:01.000000000,0.4818036462949089,62.18210612257178,29.398188587485965,20.10446194015695,0.0,20.10446194015695,0.32948979290812774,0.0,False
0,0.0,0.0,0.0,30.0,9-N1-2-B-034901,Sobo,Sobo,3,327,16742.333333333332,62182.10612257178,2500.0,0.0,mercedes_ecitaro,Mercedes-Benz eCitaro,91.48766551859252,555.0,2026-04-08 08:22:30.000000000,2026-04-08 08:22:00.000000000,0.0,62.18210612257178,0.0,2.5,0.0,2.5,0.020833333333333332,0.0,False
1,0.0,707.5852717526406,8.22773571805396,86.0,9-N1-2-B-034901,Sobo,Pont de l'Avre,3,328,16828.333333333332,62889.69139432442,20267.440548072263,0.0,mercedes_ecitaro,Mercedes-Benz eCitaro,91.40042828700422,555.0,2026-04-08 08:23:56.000000000,2026-04-08 08:22:30.000000000,0.7075852717526405,62.88969139432442,29.61984858499426,20.267440548072262,0.0,20.267440548072262,0.4841666353150596,0.0,False
0,0.0,0.0,0.0,30.0,9-N1-2-B-034901,Pont de l'Avre,Pont de l'Avre,3,329,16858.333333333332,62889.69139432442,2500.0,0.0,mercedes_ecitaro,Mercedes-Benz eCitaro,91.39667453325046,555.0,2026-04-08 08:24:26.000000000,2026-04-08 08:23:56.000000000,0.0,62.88969139432442,0.0,2.5,0.0,2.5,0.020833333333333332,0.0,False
1,0.0,296.6141068969825,7.062240640404345,42.0,9-N1-2-B-034901,Pont de l'Avre,Cité du Château,3,330,16900.333333333332,63186.3055012214,17292.32707664838,0.0,mercedes_ecitaro,Mercedes-Benz eCitaro,91.36032429615241,555.0,2026-04-08 08:25:08.000000000,2026-04-08 08:24:26.000000000,0.2966141068969825,63.186305501221405,25.424066305455643,17.29232707664838,0.0,17.29232707664838,0.20174381589423113,0.0,False
0,0.0,0.0,0.0,30.0,9-N1-2-B-034901,Cité du Château,Cité du Château,3,331,16930.333333333332,63186.3055012214,2500.0,0.0,mercedes_ecitaro,Mercedes-Benz eCitaro,91.35657054239866,555.0,2026-04-08 08:25:38.000000000,2026-04-08 08:25:08.000000000,0.0,63.186305501221405,0.0,2.5,0.0,2.5,0.020833333333333332,0.0,False
1,0.0,332.9543642312839,6.936549254818414,48.0,9-N1-2-B-034901,Cité du Château,La Rose Rouge,3,332,16978.333333333332,63519.25986545269,16984.614749484874,0.0,mercedes_ecitaro,Mercedes-Benz eCitaro,91.31576666312061,555.0,2026-04-08 08:26:26.000000000,2026-04-08 08:25:38.000000000,0.3329543642312839,63.51925986545269,24.97157731734629,16.984614749484873,0.0,16.984614749484873,0.22646152999313165,0.0,False
0,0.0,0.0,0.0,30.0,9-N1-2-B-034901,La Rose Rouge,La Rose Rouge,3,333,17008.333333333332,63519.25986545269,2500.0,0.0,mercedes_ecitaro,Mercedes-Benz eCitaro,91.31201290936686,555.0,2026-04-08 08:26:56.000000000,2026-04-08 08:26:26.000000000,0.0,63.51925986545269,0.0,2.5,0.0,2.5,0.020833333333333332,0.0,False
1,0.0,225.1396338173497,7.262568832817732,31.0,9-N1-2-B-034901,La Rose Rouge,Poidevin,3,334,17039.333333333332,63744.39949927004,17787.818516889005,0.0,mercedes_ecitaro,Mercedes-Benz eCitaro,91.28441419194826,555.0,2026-04-08 08:27:27.000000000,2026-04-08 08:26:56.000000000,0.2251396338173497,63.74439949927004,26.145247798143835,17.787818516889004,0.0,17.787818516889004,0.1531728816732109,0.0,False
0,0.0,0.0,0.0,30.0,9-N1-2-B-034901,Poidevin,Poidevin,3,335,17069.333333333332,63744.39949927004,2500.0,0.0,mercedes_ecitaro,Mercedes-Benz eCitaro,91.28066043819452,555.0,2026-04-08 08:27:57.000000000,2026-04-08 08:27:27.000000000,0.0,63.74439949927004,0.0,2.5,0.0,2.5,0.020833333333333332,0.0,False
1,0.0,314.5014195772681,7.147759535847002,44.0,9-N1-2-B-034901,Poidevin,M. de Longueau,3,336,17113.333333333332,64058.90091884731,17503.08167993473,0.0,mercedes_ecitaro,Mercedes-Benz eCitaro,91.24211511317364,555.0,2026-04-08 08:28:41.000000000,2026-04-08 08:27:57.000000000,0.3145014195772681,64.0589009188473,25.731934329049206,17.50308167993473,0.0,17.50308167993473,0.21392655386586892,0.0,False
0,0.0,0.0,0.0,30.0,9-N1-2-B-034901,M. de Longueau,M. de Longueau,3,337,17143.333333333332,64058.90091884731,2500.0,0.0,mercedes_ecitaro,Mercedes-Benz eCitaro,91.23836135941988,555.0,2026-04-08 08:29:11.000000000,2026-04-08 08:28:41.000000000,0.0,64.0589009188473,0.0,2.5,0.0,2.5,0.020833333333333332,0.0,False
1,0.0,256.63398574137216,6.936053668685734,37.0,9-N1-2-B-034901,M. de Longueau,La Fourche,3,338,17180.333333333332,64315.534904588676,16983.406243795107,0.0,mercedes_ecitaro,Mercedes-Benz eCitaro,91.20691060711655,555.0,2026-04-08 08:29:48.000000000,2026-04-08 08:29:11.000000000,0.25663398574137214,64.31553490458867,24.96979320726864,16.983406243795105,0.0,16.983406243795105,0.17455167528344973,0.0,False
0,0.0,0.0,0.0,30.0,9-N1-2-B-034901,La Fourche,La Fourche,3,339,17210.333333333332,64315.534904588676,2500.0,0.0,mercedes_ecitaro,Mercedes-Benz eCitaro,91.2031568533628,555.0,2026-04-08 08:30:18.000000000,2026-04-08 08:29:48.000000000,0.0,64.31553490458867,0.0,2.5,0.0,2.5,0.020833333333333332,0.0,False
1,0.0,651.0902221706201,6.643777777251225,98.0,9-N1-2-B-034901,La Fourche,Croix de Fer,3,340,17308.333333333332,64966.625126759296,16277.07312975203,0.0,mercedes_ecitaro,Mercedes-Benz eCitaro,91.12331935753119,555.0,2026-04-08 08:31:56.000000000,2026-04-08 08:30:18.000000000,0.6510902221706201,64.9666251267593,23.91759999810441,16.27707312975203,0.0,16.27707312975203,0.44309810186547194,0.0,False
0,0.0,0.0,0.0,30.0,9-N1-2-B-034901,Croix de Fer,Croix de Fer,3,341,17338.333333333332,64966.625126759296,2500.0,0.0,mercedes_ecitaro,Mercedes-Benz eCitaro,91.11956560377743,555.0,2026-04-08 08:32:26.000000000,2026-04-08 08:31:56.000000000,0.0,64.9666251267593,0.0,2.5,0.0,2.5,0.020833333333333332,0.0,False
1,0.0,703.41712703917,4.953641739712465,142.0,9-N1-2-B-034901,Croix de Fer,C. Cial Glisy,3,342,17480.333333333332,65670.04225379847,12418.700315873617,0.0,mercedes_ecitaro,Mercedes-Benz eCitaro,91.03130457050145,555.0,2026-04-08 08:34:48.000000000,2026-04-08 08:32:26.000000000,0.70341712703917,65.67004225379847,17.833110262964873,12.418700315873616,0.0,12.418700315873616,0.48984873468168155,0.0,False
0,0.0,0.0,0.0,30.0,9-N1-2-B-034901,C. Cial Glisy,C. Cial Glisy,3,343,17510.333333333332,65670.04225379847,2500.0,0.0,mercedes_ecitaro,Mercedes-Benz eCitaro,91.0275508167477,555.0,2026-04-08 08:35:18.000000000,2026-04-08 08:34:48.000000000,0.0,65.67004225379847,0.0,2.5,0.0,2.5,0.020833333333333332,0.0,False
1,0.0,136.72688382470434,4.883102993739441,28.0,9-N1-2-B-034901,C. Cial Glisy,Capitaine Nemo,3,344,17538.333333333332,65806.76913762318,12265.122289306848,0.0,mercedes_ecitaro,Mercedes-Benz eCitaro,91.0103624571831,555.0,2026-04-08 08:35:46.000000000,2026-04-08 08:35:18.000000000,0.13672688382470435,65.80676913762318,17.57917077746199,12.265122289306849,0.0,12.265122289306849,0.0953953955834977,0.0,False
0,0.0,0.0,0.0,30.0,9-N1-2-B-034901,Capitaine Nemo,Capitaine Nemo,3,345,17568.333333333332,65806.76913762318,2500.0,0.0,mercedes_ecitaro,Mercedes-Benz eCitaro,91.00660870342935,555.0,2026-04-08 08:36:16.000000000,2026-04-08 08:35:46.000000000,0.0,65.80676913762318,0.0,2.5,0.0,2.5,0.020833333333333332,0.0,False
1,0.0,323.4478124594319,2.488060095841784,130.0,9-N1-2-B-034901,Capitaine Nemo,Pôle J. Verne,3,346,17698.333333333332,66130.21695008261,7315.620110681674,0.0,mercedes_ecitaro,Mercedes-Benz eCitaro,90.95900957358008,555.0,2026-04-08 08:38:26.000000000,2026-04-08 08:36:16.000000000,0.3234478124594319,66.13021695008261,8.957016345030421,7.3156201106816745,0.0,7.3156201106816745,0.26417517066350493,0.0,False
0,0.0,0.0,0.0,30.0,9-N1-2-B-034901,Pôle J. Verne,Pôle J. Verne,3,347,17728.333333333332,66130.21695008261,2500.0,0.0,mercedes_ecitaro,Mercedes-Benz eCitaro,90.95525581982632,555.0,2026-04-08 08:38:56.000000000,2026-04-08 08:38:26.000000000,0.0,66.13021695008261,0.0,2.5,0.0,2.5,0.020833333333333332,0.0,False
1,0.0,334.0181708930427,4.7044812801837,71.0,9-N1-4-B-035101,Pôle J. Verne,Capitaine Nemo,3,348,17799.333333333332,66464.23512097566,11878.580971251235,0.0,mercedes_ecitaro,Mercedes-Benz eCitaro,90.91304464620475,555.0,2026-04-08 08:40:07.000000000,2026-04-08 08:38:56.000000000,0.3340181708930427,66.46423512097566,16.93613260866132,11.878580971251235,0.0,11.878580971251235,0.23427201359967714,0.0,False
0,0.0,0.0,0.0,30.0,9-N1-4-B-035101,Capitaine Nemo,Capitaine Nemo,3,349,17829.333333333332,66464.23512097566,2500.0,0.0,mercedes_ecitaro,Mercedes-Benz eCitaro,90.909290892451,555.0,2026-04-08 08:40:37.000000000,2026-04-08 08:40:07.000000000,0.0,66.46423512097566,0.0,2.5,0.0,2.5,0.020833333333333332,0.0,False
1,0.0,122.91799931516653,5.8532380626269775,21.0,9-N1-4-B-035101,Capitaine Nemo,C. Cial Glisy,3,350,17850.333333333332,66587.15312029082,14427.177180198683,0.0,mercedes_ecitaro,Mercedes-Benz eCitaro,90.89412719271206,555.0,2026-04-08 08:40:58.000000000,2026-04-08 08:40:37.000000000,0.12291799931516653,66.58715312029082,21.07165702545712,14.427177180198683,0.0,14.427177180198683,0.08415853355115899,0.0,False
0,0.0,0.0,0.0,30.0,9-N1-4-B-035101,C. Cial Glisy,C. Cial Glisy,3,351,17880.333333333332,66587.15312029082,2500.0,0.0,mercedes_ecitaro,Mercedes-Benz eCitaro,90.8903734389583,555.0,2026-04-08 08:41:28.000000000,2026-04-08 08:40:58.000000000,0.0,66.58715312029082,0.0,2.5,0.0,2.5,0.020833333333333332,0.0,False
1,0.0,685.9620842301216,4.6664087362593305,147.0,9-N1-4-B-035101,C. Cial Glisy,Croix de Fer,3,352,18027.333333333332,67273.11520452095,11796.619365870161,0.0,mercedes_ecitaro,Mercedes-Benz eCitaro,90.80358149467487,555.0,2026-04-08 08:43:55.000000000,2026-04-08 08:41:28.000000000,0.6859620842301216,67.27311520452095,16.79907145053359,11.79661936587016,0.0,11.79661936587016,0.4816952907730316,0.0,False
0,0.0,0.0,0.0,30.0,9-N1-4-B-035101,Croix de Fer,Croix de Fer,3,353,18057.333333333332,67273.11520452095,2500.0,0.0,mercedes_ecitaro,Mercedes-Benz eCitaro,90.79982774092112,555.0,2026-04-08 08:44:25.000000000,2026-04-08 08:43:55.000000000,0.0,67.27311520452095,0.0,2.5,0.0,2.5,0.020833333333333332,0.0,False
1,0.0,746.5227463047001,6.912247650969446,108.0,9-N1-4-B-035101,Croix de Fer,La Fourche,3,354,18165.333333333332,68019.63795082565,16925.39814763343,0.0,mercedes_ecitaro,Mercedes-Benz eCitaro,90.70833910228527,555.0,2026-04-08 08:46:13.000000000,2026-04-08 08:44:25.000000000,0.7465227463047002,68.01963795082565,24.88409154349001,16.92539814763343,0.0,16.92539814763343,0.5077619444290029,0.0,False
0,0.0,0.0,0.0,30.0,9-N1-4-B-035101,La Fourche,La Fourche,3,355,18195.333333333332,68019.63795082565,2500.0,0.0,mercedes_ecitaro,Mercedes-Benz eCitaro,90.70458534853151,555.0,2026-04-08 08:46:43.000000000,2026-04-08 08:46:13.000000000,0.0,68.01963795082565,0.0,2.5,0.0,2.5,0.020833333333333332,0.0,False
1,0.0,236.45430499839583,7.38919703119987,32.0,9-N1-4-B-035101,La Fourche,M. de Longueau,3,356,18227.333333333332,68256.09225582404,18104.29412886066,0.0,mercedes_ecitaro,Mercedes-Benz eCitaro,90.67558948205885,555.0,2026-04-08 08:47:15.000000000,2026-04-08 08:46:43.000000000,0.23645430499839581,68.25609225582404,26.60110931231953,18.10429412886066,0.0,18.10429412886066,0.16092705892320586,0.0,False
0,0.0,0.0,0.0,30.0,9-N1-4-B-035101,M. de Longueau,M. de Longueau,3,357,18257.333333333332,68256.09225582404,2500.0,0.0,mercedes_ecitaro,Mercedes-Benz eCitaro,90.67183572830511,555.0,2026-04-08 08:47:45.000000000,2026-04-08 08:47:15.000000000,0.0,68.25609225582404,0.0,2.5,0.0,2.5,0.020833333333333332,0.0,False
1,0.0,238.2314886825274,7.219136020682649,33.0,9-N1-4-B-035101,M. de Longueau,Poidevin,3,358,18290.333333333332,68494.32374450658,17679.857275640912,0.0,mercedes_ecitaro,Mercedes-Benz eCitaro,90.64263476283483,555.0,2026-04-08 08:48:18.000000000,2026-04-08 08:47:45.000000000,0.23823148868252741,68.49432374450657,25.98888967445754,17.679857275640913,0.0,17.679857275640913,0.1620653583600417,0.0,False
0,0.0,0.0,0.0,30.0,9-N1-4-B-035101,Poidevin,Poidevin,3,359,18320.333333333332,68494.32374450658,2500.0,0.0,mercedes_ecitaro,Mercedes-Benz eCitaro,90.63888100908108,555.0,2026-04-08 08:48:48.000000000,2026-04-08 08:48:18.000000000,0.0,68.49432374450657,0.0,2.5,0.0,2.5,0.020833333333333332,0.0,False
1,0.0,283.0530932557657,7.257771621942711,39.0,9-N1-4-B-035101,Poidevin,La Rose Rouge,3,360,18359.333333333332,68777.37683776233,17775.879384511274,0.0,mercedes_ecitaro,Mercedes-Benz eCitaro,90.60418334661881,555.0,2026-04-08 08:49:27.000000000,2026-04-08 08:48:48.000000000,0.2830530932557657,68.77737683776233,26.127977838993758,17.775879384511274,0.0,17.775879384511274,0.1925720266655388,0.0,False
0,0.0,0.0,0.0,30.0,9-N1-4-B-035101,La Rose Rouge,La Rose Rouge,3,361,18389.333333333332,68777.37683776233,2500.0,0.0,mercedes_ecitaro,Mercedes-Benz eCitaro,90.60042959286507,555.0,2026-04-08 08:49:57.000000000,2026-04-08 08:49:27.000000000,0.0,68.77737683776233,0.0,2.5,0.0,2.5,0.020833333333333332,0.0,False
1,0.0,382.52636844861735,7.356276316319565,52.0,9-N1-4-B-035101,La Rose Rouge,Cité du Château,3,362,18441.333333333332,69159.90320621095,18021.769783997195,0.0,mercedes_ecitaro,Mercedes-Benz eCitaro,90.55352608792172,555.0,2026-04-08 08:50:49.000000000,2026-04-08 08:49:57.000000000,0.38252636844861737,69.15990320621094,26.482594738750432,18.021769783997197,0.0,18.021769783997197,0.26031445243551504,0.0,False
0,0.0,0.0,0.0,30.0,9-N1-4-B-035101,Cité du Château,Cité du Château,3,363,18471.333333333332,69159.90320621095,2500.0,0.0,mercedes_ecitaro,Mercedes-Benz eCitaro,90.54977233416797,555.0,2026-04-08 08:51:19.000000000,2026-04-08 08:50:49.000000000,0.0,69.15990320621094,0.0,2.5,0.0,2.5,0.020833333333333332,0.0,False
1,0.0,259.04003764462647,7.195556601239624,36.0,9-N1-4-B-035101,Cité du Château,Pont de l'Avre,3,364,18507.333333333332,69418.94324385557,17621.370476656775,0.0,mercedes_ecitaro,Mercedes-Benz eCitaro,90.51802211709291,555.0,2026-04-08 08:51:55.000000000,2026-04-08 08:51:19.000000000,0.25904003764462646,69.41894324385557,25.904003764462647,17.621370476656775,0.0,17.621370476656775,0.17621370476656775,0.0,False
0,0.0,0.0,0.0,30.0,9-N1-4-B-035101,Pont de l'Avre,Pont de l'Avre,3,365,18537.333333333332,69418.94324385557,2500.0,0.0,mercedes_ecitaro,Mercedes-Benz eCitaro,90.51426836333917,555.0,2026-04-08 08:52:25.000000000,2026-04-08 08:51:55.000000000,0.0,69.41894324385557,0.0,2.5,0.0,2.5,0.020833333333333332,0.0,False
1,0.0,778.6426370279388,6.655065273743067,117.0,9-N1-4-B-035101,Pont de l'Avre,Sobo,3,366,18654.333333333332,70197.5858808835,16304.11753685129,0.0,mercedes_ecitaro,Mercedes-Benz eCitaro,90.41879380118644,555.0,2026-04-08 08:54:22.000000000,2026-04-08 08:52:25.000000000,0.7786426370279388,70.19758588088351,23.95823498547504,16.30411753685129,0.0,16.30411753685129,0.529883819947667,0.0,False
0,0.0,0.0,0.0,30.0,9-N1-4-B-035101,Sobo,Sobo,3,367,18684.333333333332,70197.5858808835,2500.0,0.0,mercedes_ecitaro,Mercedes-Benz eCitaro,90.41504004743268,555.0,2026-04-08 08:54:52.000000000,2026-04-08 08:54:22.000000000,0.0,70.19758588088351,0.0,2.5,0.0,2.5,0.020833333333333332,0.0,False
1,0.0,494.86888000554234,6.598251733407231,75.0,9-N1-4-B-035101,Sobo,Mercey,3,368,18759.333333333332,70692.45476088904,16168.181881260052,0.0,mercedes_ecitaro,Mercedes-Benz eCitaro,90.35434867400453,555.0,2026-04-08 08:56:07.000000000,2026-04-08 08:54:52.000000000,0.49486888000554236,70.69245476088905,23.753706240266034,16.168181881260054,0.0,16.168181881260054,0.3368371225262511,0.0,False
0,0.0,0.0,0.0,30.0,9-N1-4-B-035101,Mercey,Mercey,3,369,18789.333333333332,70692.45476088904,2500.0,0.0,mercedes_ecitaro,Mercedes-Benz eCitaro,90.35059492025077,555.0,2026-04-08 08:56:37.000000000,2026-04-08 08:56:07.000000000,0.0,70.69245476088905,0.0,2.5,0.0,2.5,0.020833333333333332,0.0,False
1,0.0,443.51095510688015,6.71986295616485,66.0,9-N1-4-B-035101,Mercey,Egl. St-Acheul,3,370,18855.333333333332,71135.96571599592,16459.72967793986,0.0,mercedes_ecitaro,Mercedes-Benz eCitaro,90.29622344083415,555.0,2026-04-08 08:57:43.000000000,2026-04-08 08:56:37.000000000,0.44351095510688016,71.13596571599592,24.191506642193463,16.459729677939862,0.0,16.459729677939862,0.3017617107622308,0.0,False
0,0.0,0.0,0.0,30.0,9-N1-4-B-035101,Egl. St-Acheul,Egl. St-Acheul,3,371,18885.333333333332,71135.96571599592,2500.0,0.0,mercedes_ecitaro,Mercedes-Benz eCitaro,90.2924696870804,555.0,2026-04-08 08:58:13.000000000,2026-04-08 08:57:43.000000000,0.0,71.13596571599592,0.0,2.5,0.0,2.5,0.020833333333333332,0.0,False
1,0.0,277.40496861036326,6.604880205008649,42.0,9-N1-4-B-035101,Egl. St-Acheul,L. de Luzarches,3,372,18927.333333333332,71413.37068460629,16184.017525487165,0.0,mercedes_ecitaro,Mercedes-Benz eCitaro,90.25844922981962,555.0,2026-04-08 08:58:55.000000000,2026-04-08 08:58:13.000000000,0.27740496861036323,71.41337068460629,23.777568738031135,16.184017525487164,0.0,16.184017525487164,0.18881353779735024,0.0,False
0,0.0,0.0,0.0,30.0,9-N1-4-B-035101,L. de Luzarches,L. de Luzarches,3,373,18957.333333333332,71413.37068460629,2500.0,0.0,mercedes_ecitaro,Mercedes-Benz eCitaro,90.25469547606586,555.0,2026-04-08 08:59:25.000000000,2026-04-08 08:58:55.000000000,0.0,71.41337068460629,0.0,2.5,0.0,2.5,0.020833333333333332,0.0,False
1,0.0,343.1323580300078,3.855419753146155,89.0,9-N1-4-B-035101,L. de Luzarches,Pinceau,3,374,19046.333333333332,71756.5030426363,10083.906448902566,0.0,mercedes_ecitaro,Mercedes-Benz eCitaro,90.20977717406625,555.0,2026-04-08 09:00:54.000000000,2026-04-08 08:59:25.000000000,0.3431323580300078,71.7565030426363,13.879511111326158,10.083906448902566,0.0,10.083906448902566,0.249296576097869,0.0,False
0,0.0,0.0,0.0,30.0,9-N1-4-B-035101,Pinceau,Pinceau,3,375,19076.333333333332,71756.5030426363,2500.0,0.0,mercedes_ecitaro,Mercedes-Benz eCitaro,90.20602342031249,555.0,2026-04-08 09:01:24.000000000,2026-04-08 09:00:54.000000000,0.0,71.7565030426363,0.0,2.5,0.0,2.5,0.020833333333333332,0.0,False
1,0.0,405.8966158731125,3.793426316571145,107.0,9-N1-4-B-035101,Pinceau,Caserne Dejean,3,376,19183.333333333332,72162.3996585094,9955.410597282218,0.0,mercedes_ecitaro,Mercedes-Benz eCitaro,90.15270865885557,555.0,2026-04-08 09:03:11.000000000,2026-04-08 09:01:24.000000000,0.40589661587311254,72.1623996585094,13.656334739656122,9.955410597282219,0.0,9.955410597282219,0.29589692608588813,0.0,False
0,0.0,0.0,0.0,30.0,9-N1-4-B-035101,Caserne Dejean,Caserne Dejean,3,377,19213.333333333332,72162.3996585094,2500.0,0.0,mercedes_ecitaro,Mercedes-Benz eCitaro,90.14895490510182,555.0,2026-04-08 09:03:41.000000000,2026-04-08 09:03:11.000000000,0.0,72.1623996585094,0.0,2.5,0.0,2.5,0.020833333333333332,0.0,False
1,0.0,391.6364257160486,3.7657348626543135,104.0,9-N1-4-B-035101,Caserne Dejean,Gare du Nord A,3,378,19317.333333333332,72554.03608422544,9898.116829554354,0.0,mercedes_ecitaro,Mercedes-Benz eCitaro,90.0974331758589,555.0,2026-04-08 09:05:25.000000000,2026-04-08 09:03:41.000000000,0.3916364257160486,72.55403608422544,13.55664550555553,9.898116829554354,0.0,9.898116829554354,0.2859455972982369,0.0,False
0,0.0,0.0,0.0,30.0,9-N1-4-B-035101,Gare du Nord A,Gare du Nord A,3,379,19347.333333333332,72554.03608422544,2500.0,0.0,mercedes_ecitaro,Mercedes-Benz eCitaro,90.09367942210514,555.0,2026-04-08 09:05:55.000000000,2026-04-08 09:05:25.000000000,0.0,72.55403608422544,0.0,2.5,0.0,2.5,0.020833333333333332,0.0,False
1,0.0,327.94171057791687,2.2158223687697087,148.0,9-N1-4-B-035101,Gare du Nord A,René Goblet,3,380,19495.333333333332,72881.97779480336,6778.373636749175,0.0,mercedes_ecitaro,Mercedes-Benz eCitaro,90.04346924701811,555.0,2026-04-08 09:08:23.000000000,2026-04-08 09:05:55.000000000,0.3279417105779169,72.88197779480336,7.976960527570951,6.7783736367491745,0.0,6.7783736367491745,0.2786664717330216,0.0,False
0,0.0,0.0,0.0,30.0,9-N1-4-B-035101,René Goblet,René Goblet,3,381,19525.333333333332,72881.97779480336,2500.0,0.0,mercedes_ecitaro,Mercedes-Benz eCitaro,90.03971549326435,555.0,2026-04-08 09:08:53.000000000,2026-04-08 09:08:23.000000000,0.0,72.88197779480336,0.0,2.5,0.0,2.5,0.020833333333333332,0.0,False
1,0.0,225.21730590675048,4.170690850125009,54.0,9-N1-4-B-035101,René Goblet,P. de Justice,3,382,19579.333333333332,73107.19510071012,10742.498468974078,0.0,mercedes_ecitaro,Mercedes-Benz eCitaro,90.01068171361848,555.0,2026-04-08 09:09:47.000000000,2026-04-08 09:08:53.000000000,0.2252173059067505,73.10719510071011,15.014487060450033,10.742498468974079,0.0,10.742498468974079,0.16113747703461115,0.0,False
0,0.0,0.0,0.0,30.0,9-N1-4-B-035101,P. de Justice,P. de Justice,3,383,19609.333333333332,73107.19510071012,2500.0,0.0,mercedes_ecitaro,Mercedes-Benz eCitaro,90.00692795986473,555.0,2026-04-08 09:10:17.000000000,2026-04-08 09:09:47.000000000,0.0,73.10719510071011,0.0,2.5,0.0,2.5,0.020833333333333332,0.0,False
1,0.0,229.9992746993994,3.965504736196541,58.0,9-N1-4-B-035101,P. de Justice,Dusevel,3,384,19667.333333333332,73337.19437540951,10312.884400903367,0.0,mercedes_ecitaro,Mercedes-Benz eCitaro,89.97699065780004,555.0,2026-04-08 09:11:15.000000000,2026-04-08 09:10:17.000000000,0.2299992746993994,73.33719437540951,14.275817050307548,10.312884400903368,0.0,10.312884400903368,0.1661520264589987,0.0,False
0,0.0,0.0,0.0,30.0,9-N1-4-B-035101,Dusevel,Dusevel,3,385,19697.333333333332,73337.19437540951,2500.0,0.0,mercedes_ecitaro,Mercedes-Benz eCitaro,89.97323690404629,555.0,2026-04-08 09:11:45.000000000,2026-04-08 09:11:15.000000000,0.0,73.33719437540951,0.0,2.5,0.0,2.5,0.020833333333333332,0.0,False
1,0.0,218.8226139254244,3.587255965990564,61.0,9-N1-4-B-035101,Dusevel,Beffroi,3,386,19758.333333333332,73556.01698933494,9530.33656798103,0.0,mercedes_ecitaro,Mercedes-Benz eCitaro,89.94414028089079,555.0,2026-04-08 09:12:46.000000000,2026-04-08 09:11:45.000000000,0.2188226139254244,73.55601698933494,12.914121477566031,9.530336567981031,0.0,9.530336567981031,0.1614862585130119,0.0,False
0,0.0,0.0,0.0,30.0,9-N1-4-B-035101,Beffroi,Beffroi,3,387,19788.333333333332,73556.01698933494,2500.0,0.0,mercedes_ecitaro,Mercedes-Benz eCitaro,89.94038652713704,555.0,2026-04-08 09:13:16.000000000,2026-04-08 09:12:46.000000000,0.0,73.55601698933494,0.0,2.5,0.0,2.5,0.020833333333333332,0.0,False
1,0.0,189.07722066752729,3.501430012361616,54.0,9-N1-4-B-035101,Beffroi,Place du Marché,3,388,19842.333333333332,73745.09421000247,9354.377011673041,0.0,mercedes_ecitaro,Mercedes-Benz eCitaro,89.91510442710549,555.0,2026-04-08 09:14:10.000000000,2026-04-08 09:13:16.000000000,0.18907722066752727,73.74509421000246,12.605148044501819,9.35437701167304,0.0,9.35437701167304,0.14031565517509562,0.0,False
0,0.0,0.0,0.0,30.0,9-N1-4-B-035101,Place du Marché,Place du Marché,3,389,19872.333333333332,73745.09421000247,2500.0,0.0,mercedes_ecitaro,Mercedes-Benz eCitaro,89.91135067335173,555.0,2026-04-08 09:14:40.000000000,2026-04-08 09:14:10.000000000,0.0,73.74509421000246,0.0,2.5,0.0,2.5,0.020833333333333332,0.0,False
1,0.0,171.78613535708172,3.817469674601816,45.0,9-N1-4-B-035101,Place du Marché,M. Culture B,3,390,19917.333333333332,73916.88034535955,10005.207964905961,0.0,mercedes_ecitaro,Mercedes-Benz eCitaro,89.88881642117853,555.0,2026-04-08 09:15:25.000000000,2026-04-08 09:14:40.000000000,0.17178613535708173,73.91688034535954,13.742890828566539,10.005207964905962,0.0,10.005207964905962,0.12506509956132453,0.0,False
0,0.0,0.0,0.0,30.0,9-N1-4-B-035101,M. Culture B,M. Culture B,3,391,19947.333333333332,73916.88034535955,2500.0,0.0,mercedes_ecitaro,Mercedes-Benz eCitaro,89.88506266742478,555.0,2026-04-08 09:15:55.000000000,2026-04-08 09:15:25.000000000,0.0,73.91688034535954,0.0,2.5,0.0,2.5,0.020833333333333332,0.0,False
1,0.0,291.81191051704656,6.07941480243847,48.0,9-N1-4-B-035101,M. Culture B,Saint-Jacques,3,392,19995.333333333332,74208.6922558766,14947.805699382516,0.0,mercedes_ecitaro,Mercedes-Benz eCitaro,89.84915202310194,555.0,2026-04-08 09:16:43.000000000,2026-04-08 09:15:55.000000000,0.2918119105170466,74.2086922558766,21.885893288778494,14.947805699382515,0.0,14.947805699382515,0.1993040759917669,0.0,False
0,0.0,0.0,0.0,30.0,9-N1-4-B-035101,Saint-Jacques,Saint-Jacques,3,393,20025.333333333332,74208.6922558766,2500.0,0.0,mercedes_ecitaro,Mercedes-Benz eCitaro,89.84539826934818,555.0,2026-04-08 09:17:13.000000000,2026-04-08 09:16:43.000000000,0.0,74.2086922558766,0.0,2.5,0.0,2.5,0.020833333333333332,0.0,False
1,0.0,350.7042974526486,5.656520926655622,62.0,9-N1-4-B-035101,Saint-Jacques,Jean Jaurès,3,394,20087.333333333332,74559.39655332925,13979.689002432178,0.0,mercedes_ecitaro,Mercedes-Benz eCitaro,89.80201785302431,555.0,2026-04-08 09:18:15.000000000,2026-04-08 09:17:13.000000000,0.3507042974526486,74.55939655332925,20.36347533596024,13.979689002432178,0.0,13.979689002432178,0.24076131059744307,0.0,False
0,0.0,0.0,0.0,30.0,9-N1-4-B-035101,Jean Jaurès,Jean Jaurès,3,395,20117.333333333332,74559.39655332925,2500.0,0.0,mercedes_ecitaro,Mercedes-Benz eCitaro,89.79826409927057,555.0,2026-04-08 09:18:45.000000000,2026-04-08 09:18:15.000000000,0.0,74.55939655332925,0.0,2.5,0.0,2.5,0.020833333333333332,0.0,False
1,0.0,402.8160957322576,5.5946679962813555,72.0,9-N1-4-B-035101,Jean Jaurès,Zoo d'Amiens,3,396,20189.333333333332,74962.2126490615,13839.983331209853,0.0,mercedes_ecitaro,Mercedes-Benz eCitaro,89.7483902854644,555.0,2026-04-08 09:19:57.000000000,2026-04-08 09:18:45.000000000,0.40281609573225763,74.9622126490615,20.14080478661288,13.839983331209853,0.0,13.839983331209853,0.276799666624197,0.0,False
0,0.0,0.0,0.0,30.0,9-N1-4-B-035101,Zoo d'Amiens,Zoo d'Amiens,3,397,20219.333333333332,74962.2126490615,2500.0,0.0,mercedes_ecitaro,Mercedes-Benz eCitaro,89.74463653171065,555.0,2026-04-08 09:20:27.000000000,2026-04-08 09:19:57.000000000,0.0,74.9622126490615,0.0,2.5,0.0,2.5,0.020833333333333332,0.0,False
1,0.0,376.38436041502575,5.790528621769627,65.0,9-N1-4-B-035101,Zoo d'Amiens,Egl. St-Firmin,3,398,20284.333333333332,75338.59700947654,14283.997606969104,0.0,mercedes_ecitaro,Mercedes-Benz eCitaro,89.69816707002632,555.0,2026-04-08 09:21:32.000000000,2026-04-08 09:20:27.000000000,0.37638436041502576,75.33859700947653,20.845903038370658,14.283997606969104,0.0,14.283997606969104,0.25790551234805326,0.0,False
0,0.0,0.0,0.0,30.0,9-N1-4-B-035101,Egl. St-Firmin,Egl. St-Firmin,3,399,20314.333333333332,75338.59700947654,2500.0,0.0,mercedes_ecitaro,Mercedes-Benz eCitaro,89.69441331627256,555.0,2026-04-08 09:22:02.000000000,2026-04-08 09:21:32.000000000,0.0,75.33859700947653,0.0,2.5,0.0,2.5,0.020833333333333332,0.0,False
1,0.0,300.7481358168622,5.674493128620042,53.0,9-N1-4-B-035101,Egl. St-Firmin,Faubourg de Hem,3,400,20367.333333333332,75639.3451452934,14020.370787798545,0.0,mercedes_ecitaro,Mercedes-Benz eCitaro,89.65722214251113,555.0,2026-04-08 09:22:55.000000000,2026-04-08 09:22:02.000000000,0.3007481358168622,75.63934514529339,20.428175263032152,14.020370787798544,0.0,14.020370787798544,0.20641101437592305,0.0,False
0,0.0,0.0,0.0,30.0,9-N1-4-B-035101,Faubourg de Hem,Faubourg de Hem,3,401,20397.333333333332,75639.3451452934,2500.0,0.0,mercedes_ecitaro,Mercedes-Benz eCitaro,89.65346838875737,555.0,2026-04-08 09:23:25.000000000,2026-04-08 09:22:55.000000000,0.0,75.63934514529339,0.0,2.5,0.0,2.5,0.020833333333333332,0.0,False
1,0.0,242.018982618479,5.5004314231472495,44.0,9-N1-4-B-035101,Faubourg de Hem,Espace Alliance,3,402,20441.333333333332,75881.36412791187,13628.030793913387,0.0,mercedes_ecitaro,Mercedes-Benz eCitaro,89.62345670933135,555.0,2026-04-08 09:24:09.000000000,2026-04-08 09:23:25.000000000,0.24201898261847898,75.88136412791188,19.8015531233301,13.628030793913387,0.0,13.628030793913387,0.16656482081449694,0.0,False
0,0.0,0.0,0.0,30.0,9-N1-4-B-035101,Espace Alliance,Espace Alliance,3,403,20471.333333333332,75881.36412791187,2500.0,0.0,mercedes_ecitaro,Mercedes-Benz eCitaro,89.6197029555776,555.0,2026-04-08 09:24:39.000000000,2026-04-08 09:24:09.000000000,0.0,75.88136412791188,0.0,2.5,0.0,2.5,0.020833333333333332,0.0,False
1,0.0,512.4653653664171,5.631487531499089,91.0,9-N1-4-B-035101,Espace Alliance,Sully,3,404,20562.333333333332,76393.82949327829,13923.090033058785,0.0,mercedes_ecitaro,Mercedes-Benz eCitaro,89.55628948245405,555.0,2026-04-08 09:26:10.000000000,2026-04-08 09:24:39.000000000,0.5124653653664172,76.39382949327829,20.273355113396722,13.923090033058784,0.0,13.923090033058784,0.35194477583565265,0.0,False
0,0.0,0.0,0.0,30.0,9-N1-4-B-035101,Sully,Sully,3,405,20592.333333333332,76393.82949327829,2500.0,0.0,mercedes_ecitaro,Mercedes-Benz eCitaro,89.55253572870029,555.0,2026-04-08 09:26:40.000000000,2026-04-08 09:26:10.000000000,0.0,76.39382949327829,0.0,2.5,0.0,2.5,0.020833333333333332,0.0,False
1,0.0,581.4235833007191,5.537367460006848,105.0,9-N1-4-B-035101,Sully,Place la Barre,3,406,20697.333333333332,76975.25307657901,13710.977433876818,0.0,mercedes_ecitaro,Mercedes-Benz eCitaro,89.48048104248623,555.0,2026-04-08 09:28:25.000000000,2026-04-08 09:26:40.000000000,0.5814235833007191,76.97525307657901,19.934522856024653,13.710977433876819,0.0,13.710977433876819,0.3999035084880738,0.0,False
0,0.0,0.0,0.0,30.0,9-N1-4-B-035101,Place la Barre,Place la Barre,3,407,20727.333333333332,76975.25307657901,2500.0,0.0,mercedes_ecitaro,Mercedes-Benz eCitaro,89.47672728873248,555.0,2026-04-08 09:28:55.000000000,2026-04-08 09:28:25.000000000,0.0,76.97525307657901,0.0,2.5,0.0,2.5,0.020833333333333332,0.0,False
1,0.0,321.16148117311843,4.654514219900267,69.0,9-N1-4-B-035101,Place la Barre,La Fontaine,3,408,20796.333333333332,77296.41455775213,11771.043507106238,0.0,mercedes_ecitaro,Mercedes-Benz eCitaro,89.43607653788212,555.0,2026-04-08 09:30:04.000000000,2026-04-08 09:28:55.000000000,0.32116148117311843,77.29641455775213,16.75625119164096,11.771043507106238,0.0,11.771043507106238,0.2256116672195362,0.0,False
0,0.0,0.0,0.0,30.0,9-N1-4-B-035101,La Fontaine,La Fontaine,3,409,20826.333333333332,77296.41455775213,2500.0,0.0,mercedes_ecitaro,Mercedes-Benz eCitaro,89.43232278412836,555.0,2026-04-08 09:30:34.000000000,2026-04-08 09:30:04.000000000,0.0,77.29641455775213,0.0,2.5,0.0,2.5,0.020833333333333332,0.0,False
1,0.0,233.68404358993675,5.31100099068038,44.0,9-N1-4-B-035101,La Fontaine,Les Coursives,3,410,20870.333333333332,77530.09860134206,13205.182837280407,0.0,mercedes_ecitaro,Mercedes-Benz eCitaro,89.40324230140361,555.0,2026-04-08 09:31:18.000000000,2026-04-08 09:30:34.000000000,0.23368404358993675,77.53009860134206,19.11960356644937,13.205182837280407,0.0,13.205182837280407,0.1613966791223161,0.0,False
0,0.0,0.0,0.0,30.0,9-N1-4-B-035101,Les Coursives,Les Coursives,3,411,20900.333333333332,77530.09860134206,2500.0,0.0,mercedes_ecitaro,Mercedes-Benz eCitaro,89.39948854764987,555.0,2026-04-08 09:31:48.000000000,2026-04-08 09:31:18.000000000,0.0,77.53009860134206,0.0,2.5,0.0,2.5,0.020833333333333332,0.0,False
1,0.0,293.0331102299119,5.327874731452944,55.0,9-N1-4-B-035101,Les Coursives,Languedoc,3,412,20955.333333333332,77823.13171157197,13242.677402966896,0.0,mercedes_ecitaro,Mercedes-Benz eCitaro,89.36303473097503,555.0,2026-04-08 09:32:43.000000000,2026-04-08 09:31:48.000000000,0.2930331102299119,77.82313171157197,19.1803490332306,13.242677402966896,0.0,13.242677402966896,0.20231868254532756,0.0,False
0,0.0,0.0,0.0,30.0,9-N1-4-B-035101,Languedoc,Languedoc,3,413,20985.333333333332,77823.13171157197,2500.0,0.0,mercedes_ecitaro,Mercedes-Benz eCitaro,89.35928097722127,555.0,2026-04-08 09:33:13.000000000,2026-04-08 09:32:43.000000000,0.0,77.82313171157197,0.0,2.5,0.0,2.5,0.020833333333333332,0.0,False
1,0.0,320.6006811443548,4.007508514304435,80.0,9-N1-4-B-035101,Languedoc,Collège R.Parks,3,414,21065.333333333332,78143.73239271632,10400.52786970044,0.0,mercedes_ecitaro,Mercedes-Benz eCitaro,89.31763722198724,555.0,2026-04-08 09:34:33.000000000,2026-04-08 09:33:13.000000000,0.3206006811443548,78.14373239271632,14.427030651495967,10.40052786970044,0.0,10.40052786970044,0.23112284154889867,0.0,False
0,0.0,0.0,0.0,30.0,9-N1-4-B-035101,Collège R.Parks,Collège R.Parks,3,415,21095.333333333332,78143.73239271632,2500.0,0.0,mercedes_ecitaro,Mercedes-Benz eCitaro,89.31388346823348,555.0,2026-04-08 09:35:03.000000000,2026-04-08 09:34:33.000000000,0.0,78.14373239271632,0.0,2.5,0.0,2.5,0.020833333333333332,0.0,False
1,0.0,270.8261413947126,5.0152989147169,54.0,9-N1-4-B-035101,Collège R.Parks,Martinique,3,416,21149.333333333332,78414.55853411104,12553.382066466642,0.0,mercedes_ecitaro,Mercedes-Benz eCitaro,89.27995540859439,555.0,2026-04-08 09:35:57.000000000,2026-04-08 09:35:03.000000000,0.27082614139471256,78.41455853411104,18.05507609298084,12.553382066466641,0.0,12.553382066466641,0.18830073099699965,0.0,False
0,0.0,0.0,0.0,30.0,9-N1-4-B-035101,Martinique,Martinique,3,417,21179.333333333332,78414.55853411104,2500.0,0.0,mercedes_ecitaro,Mercedes-Benz eCitaro,89.27620165484063,555.0,2026-04-08 09:36:27.000000000,2026-04-08 09:35:57.000000000,0.0,78.41455853411104,0.0,2.5,0.0,2.5,0.020833333333333332,0.0,False
1,0.0,274.08690803195344,2.3227704070504527,118.0,9-N1-4-B-035101,Martinique,Etouvie Quai A,3,418,21297.333333333332,78688.645442143,6988.977513860954,0.0,mercedes_ecitaro,Mercedes-Benz eCitaro,89.23492541126528,555.0,2026-04-08 09:38:25.000000000,2026-04-08 09:36:27.000000000,0.27408690803195346,78.688645442143,8.361973465381629,6.988977513860954,0.0,6.988977513860954,0.22908315184322015,0.0,False
1,0.0,241.9015249612658,4.319670088594032,56.0,9-N1-2-B-034901,Etouvie Quai A,Martinique,4,419,21353.333333333332,78930.54696710427,11056.821019198629,0.0,mercedes_ecitaro,Mercedes-Benz eCitaro,89.20393532232258,555.0,2026-04-08 09:39:21.000000000,2026-04-08 09:38:25.000000000,0.2419015249612658,78.93054696710426,15.550812318938515,11.05682101919863,0.0,11.05682101919863,0.17199499363197868,0.0,False
0,0.0,0.0,0.0,30.0,9-N1-2-B-034901,Martinique,Martinique,4,420,21383.333333333332,78930.54696710427,2500.0,0.0,mercedes_ecitaro,Mercedes-Benz eCitaro,89.20018156856882,555.0,2026-04-08 09:39:51.000000000,2026-04-08 09:39:21.000000000,0.0,78.93054696710426,0.0,2.5,0.0,2.5,0.020833333333333332,0.0,False
1,0.0,330.7630000086095,4.9367611941583505,67.0,9-N1-2-B-034901,Martinique,Collège R.Parks,4,421,21450.333333333332,79261.30996711287,12381.899008765697,0.0,mercedes_ecitaro,Mercedes-Benz eCitaro,89.1586606860069,555.0,2026-04-08 09:40:58.000000000,2026-04-08 09:39:51.000000000,0.3307630000086095,79.26130996711288,17.77234029897006,12.381899008765696,0.0,12.381899008765696,0.2304408982186949,0.0,False
0,0.0,0.0,0.0,30.0,9-N1-2-B-034901,Collège R.Parks,Collège R.Parks,4,422,21480.333333333332,79261.30996711287,2500.0,0.0,mercedes_ecitaro,Mercedes-Benz eCitaro,89.15490693225314,555.0,2026-04-08 09:41:28.000000000,2026-04-08 09:40:58.000000000,0.0,79.26130996711288,0.0,2.5,0.0,2.5,0.020833333333333332,0.0,False
1,0.0,296.81987678393193,4.01107941599908,74.0,9-N1-2-B-034901,Collège R.Parks,Languedoc,4,423,21554.333333333332,79558.12984389681,10407.985877821335,0.0,mercedes_ecitaro,Mercedes-Benz eCitaro,89.11635883640936,555.0,2026-04-08 09:42:42.000000000,2026-04-08 09:41:28.000000000,0.29681987678393196,79.55812984389681,14.439885897596689,10.407985877821334,0.0,10.407985877821334,0.2139419319329941,0.0,False
0,0.0,0.0,0.0,30.0,9-N1-2-B-034901,Languedoc,Languedoc,4,424,21584.333333333332,79558.12984389681,2500.0,0.0,mercedes_ecitaro,Mercedes-Benz eCitaro,89.1126050826556,555.0,2026-04-08 09:43:12.000000000,2026-04-08 09:42:42.000000000,0.0,79.55812984389681,0.0,2.5,0.0,2.5,0.020833333333333332,0.0,False
1,0.0,297.726462758007,5.316543977821554,56.0,9-N1-2-B-034901,Languedoc,Les coursives,4,425,21640.333333333332,79855.85630665481,13217.496071507208,0.0,mercedes_ecitaro,Mercedes-Benz eCitaro,89.07555904762036,555.0,2026-04-08 09:44:08.000000000,2026-04-08 09:43:12.000000000,0.297726462758007,79.85585630665481,19.139558320157594,13.217496071507208,0.0,13.217496071507208,0.2056054944456677,0.0,False
0,0.0,0.0,0.0,30.0,9-N1-2-B-034901,Les coursives,Les coursives,4,426,21670.333333333332,79855.85630665481,2500.0,0.0,mercedes_ecitaro,Mercedes-Benz eCitaro,89.0718052938666,555.0,2026-04-08 09:44:38.000000000,2026-04-08 09:44:08.000000000,0.0,79.85585630665481,0.0,2.5,0.0,2.5,0.020833333333333332,0.0,False
1,0.0,227.94980309080773,5.065551179795728,45.0,9-N1-2-B-034901,Les coursives,La Fontaine,4,427,21715.333333333332,80083.80610974562,12663.459214121442,0.0,mercedes_ecitaro,Mercedes-Benz eCitaro,89.04328398933029,555.0,2026-04-08 09:45:23.000000000,2026-04-08 09:44:38.000000000,0.22794980309080773,80.08380610974562,18.23598424726462,12.663459214121442,0.0,12.663459214121442,0.15829324017651802,0.0,False
0,0.0,0.0,0.0,30.0,9-N1-2-B-034901,La Fontaine,La Fontaine,4,428,21745.333333333332,80083.80610974562,2500.0,0.0,mercedes_ecitaro,Mercedes-Benz eCitaro,89.03953023557654,555.0,2026-04-08 09:45:53.000000000,2026-04-08 09:45:23.000000000,0.0,80.08380610974562,0.0,2.5,0.0,2.5,0.020833333333333332,0.0,False
1,0.0,278.8940733458619,4.572033989276425,61.0,9-N1-2-B-034901,La Fontaine,Place la Barre,4,429,21806.333333333332,80362.70018309148,11594.0864387973,0.0,mercedes_ecitaro,Mercedes-Benz eCitaro,89.00413287457721,555.0,2026-04-08 09:46:54.000000000,2026-04-08 09:45:53.000000000,0.2788940733458619,80.36270018309148,16.459322361395127,11.5940864387973,0.0,11.5940864387973,0.19645535354628757,0.0,False
0,0.0,0.0,0.0,30.0,9-N1-2-B-034901,Place la Barre,Place la Barre,4,430,21836.333333333332,80362.70018309148,2500.0,0.0,mercedes_ecitaro,Mercedes-Benz eCitaro,89.00037912082345,555.0,2026-04-08 09:47:24.000000000,2026-04-08 09:46:54.000000000,0.0,80.36270018309148,0.0,2.5,0.0,2.5,0.020833333333333332,0.0,False
1,0.0,552.9827646282706,5.882795368385858,94.0,9-N1-2-B-034901,Place la Barre,Sully,4,431,21930.333333333332,80915.68294771975,14494.837120605796,0.0,mercedes_ecitaro,Mercedes-Benz eCitaro,88.93218519242821,555.0,2026-04-08 09:48:58.000000000,2026-04-08 09:47:24.000000000,0.5529827646282706,80.91568294771974,21.178063326189086,14.494837120605796,0.0,14.494837120605796,0.37847630259359577,0.0,False
0,0.0,0.0,0.0,30.0,9-N1-2-B-034901,Sully,Sully,4,432,21960.333333333332,80915.68294771975,2500.0,0.0,mercedes_ecitaro,Mercedes-Benz eCitaro,88.92843143867445,555.0,2026-04-08 09:49:28.000000000,2026-04-08 09:48:58.000000000,0.0,80.91568294771974,0.0,2.5,0.0,2.5,0.020833333333333332,0.0,False
1,0.0,541.2636534432309,5.820039284335816,93.0,9-N1-2-B-034901,Sully,Espace Alliance,4,433,22053.333333333332,81456.94660116297,14351.314697241989,0.0,mercedes_ecitaro,Mercedes-Benz eCitaro,88.86163102491852,555.0,2026-04-08 09:51:01.000000000,2026-04-08 09:49:28.000000000,0.5412636534432308,81.45694660116297,20.952141423608936,14.351314697241989,0.0,14.351314697241989,0.37074229634541805,0.0,False
0,0.0,0.0,0.0,30.0,9-N1-2-B-034901,Espace Alliance,Espace Alliance,4,434,22083.333333333332,81456.94660116297,2500.0,0.0,mercedes_ecitaro,Mercedes-Benz eCitaro,88.85787727116477,555.0,2026-04-08 09:51:31.000000000,2026-04-08 09:51:01.000000000,0.0,81.45694660116297,0.0,2.5,0.0,2.5,0.020833333333333332,0.0,False
1,0.0,306.8484114845754,5.789592669520291,53.0,9-N1-2-B-034901,Espace Alliance,Faubourg de Hem,4,435,22136.333333333332,81763.79501264755,14281.864401781007,0.0,mercedes_ecitaro,Mercedes-Benz eCitaro,88.81999244567456,555.0,2026-04-08 09:52:24.000000000,2026-04-08 09:51:31.000000000,0.3068484114845754,81.76379501264755,20.842533610273048,14.281864401781007,0.0,14.281864401781007,0.21026078147066482,0.0,False
0,0.0,0.0,0.0,30.0,9-N1-2-B-034901,Faubourg de Hem,Faubourg de Hem,4,436,22166.333333333332,81763.79501264755,2500.0,0.0,mercedes_ecitaro,Mercedes-Benz eCitaro,88.8162386919208,555.0,2026-04-08 09:52:54.000000000,2026-04-08 09:52:24.000000000,0.0,81.76379501264755,0.0,2.5,0.0,2.5,0.020833333333333332,0.0,False
1,0.0,296.4471853943004,7.058266318911914,42.0,9-N1-2-B-034901,Faubourg de Hem,Egl. St-Firmin,4,437,22208.333333333332,82060.24219804184,17282.560219061117,0.0,mercedes_ecitaro,Mercedes-Benz eCitaro,88.77990898575462,555.0,2026-04-08 09:53:36.000000000,2026-04-08 09:52:54.000000000,0.29644718539430037,82.06024219804185,25.409758748082893,17.282560219061118,0.0,17.282560219061118,0.20162986922237972,0.0,False
0,0.0,0.0,0.0,30.0,9-N1-2-B-034901,Egl. St-Firmin,Egl. St-Firmin,4,438,22238.333333333332,82060.24219804184,2500.0,0.0,mercedes_ecitaro,Mercedes-Benz eCitaro,88.77615523200086,555.0,2026-04-08 09:54:06.000000000,2026-04-08 09:53:36.000000000,0.0,82.06024219804185,0.0,2.5,0.0,2.5,0.020833333333333332,0.0,False
1,0.0,397.9625757415526,7.106474566813439,56.0,9-N1-2-B-034901,Egl. St-Firmin,Zoo d'Amiens,4,439,22294.333333333332,82458.2047737834,17401.196362585695,0.0,mercedes_ecitaro,Mercedes-Benz eCitaro,88.72738311006368,555.0,2026-04-08 09:55:02.000000000,2026-04-08 09:54:06.000000000,0.3979625757415526,82.4582047737834,25.58330844052838,17.401196362585694,0.0,17.401196362585694,0.270685276751333,0.0,False
0,0.0,0.0,0.0,30.0,9-N1-2-B-034901,Zoo d'Amiens,Zoo d'Amiens,4,440,22324.333333333332,82458.2047737834,2500.0,0.0,mercedes_ecitaro,Mercedes-Benz eCitaro,88.72362935630993,555.0,2026-04-08 09:55:32.000000000,2026-04-08 09:55:02.000000000,0.0,82.4582047737834,0.0,2.5,0.0,2.5,0.020833333333333332,0.0,False
1,0.0,387.76459722543666,6.924367807597084,56.0,9-N1-2-B-034901,Zoo d'Amiens,Jean Jaurès,4,441,22380.333333333332,82845.96937100883,16954.920605978714,0.0,mercedes_ecitaro,Mercedes-Benz eCitaro,88.6761080573142,555.0,2026-04-08 09:56:28.000000000,2026-04-08 09:55:32.000000000,0.38776459722543666,82.84596937100883,24.9277241073495,16.954920605978714,0.0,16.954920605978714,0.26374320942633556,0.0,False
0,0.0,0.0,0.0,30.0,9-N1-2-B-034901,Jean Jaurès,Jean Jaurès,4,442,22410.333333333332,82845.96937100883,2500.0,0.0,mercedes_ecitaro,Mercedes-Benz eCitaro,88.67235430356044,555.0,2026-04-08 09:56:58.000000000,2026-04-08 09:56:28.000000000,0.0,82.84596937100883,0.0,2.5,0.0,2.5,0.020833333333333332,0.0,False
1,0.0,353.81886733206454,6.675827685510652,53.0,9-N1-2-B-034901,Jean Jaurès,Saint-Jacques,4,443,22463.333333333332,83199.7882383409,16353.911877036153,0.0,mercedes_ecitaro,Mercedes-Benz eCitaro,88.62897305583857,555.0,2026-04-08 09:57:51.000000000,2026-04-08 09:56:58.000000000,0.3538188673320645,83.1997882383409,24.032979667838347,16.353911877036154,0.0,16.353911877036154,0.24076592485636555,0.0,False
0,0.0,0.0,0.0,30.0,9-N1-2-B-034901,Saint-Jacques,Saint-Jacques,4,444,22493.333333333332,83199.7882383409,2500.0,0.0,mercedes_ecitaro,Mercedes-Benz eCitaro,88.62521930208482,555.0,2026-04-08 09:58:21.000000000,2026-04-08 09:57:51.000000000,0.0,83.1997882383409,0.0,2.5,0.0,2.5,0.020833333333333332,0.0,False
1,0.0,242.8037375118653,7.35768901551107,33.0,9-N1-2-B-034901,Saint-Jacques,M. Culture A,4,445,22526.333333333332,83442.59197585276,18025.307499846742,0.0,mercedes_ecitaro,Mercedes-Benz eCitaro,88.59544777318118,555.0,2026-04-08 09:58:54.000000000,2026-04-08 09:58:21.000000000,0.24280373751186532,83.44259197585276,26.487680455839854,18.025307499846743,0.0,18.025307499846743,0.16523198541526182,0.0,False
0,0.0,0.0,0.0,30.0,9-N1-2-B-034901,M. Culture A,M. Culture A,4,446,22556.333333333332,83442.59197585276,2500.0,0.0,mercedes_ecitaro,Mercedes-Benz eCitaro,88.59169401942742,555.0,2026-04-08 09:59:24.000000000,2026-04-08 09:58:54.000000000,0.0,83.44259197585276,0.0,2.5,0.0,2.5,0.020833333333333332,0.0,False
1,0.0,296.74165114956037,2.472847092913003,120.0,9-N1-2-B-034901,M. Culture A,Hôtel de Ville,4,447,22676.333333333332,83739.33362700231,7285.495885312494,0.0,mercedes_ecitaro,Mercedes-Benz eCitaro,88.5479372873835,555.0,2026-04-08 10:01:24.000000000,2026-04-08 09:59:24.000000000,0.29674165114956036,83.73933362700231,8.90224953448681,7.285495885312494,0.0,7.285495885312494,0.24284986284374976,0.0,False
0,0.0,0.0,0.0,30.0,9-N1-2-B-034901,Hôtel de Ville,Hôtel de Ville,4,448,22706.333333333332,83739.33362700231,2500.0,0.0,mercedes_ecitaro,Mercedes-Benz eCitaro,88.54418353362975,555.0,2026-04-08 10:01:54.000000000,2026-04-08 10:01:24.000000000,0.0,83.73933362700231,0.0,2.5,0.0,2.5,0.020833333333333332,0.0,False
1,0.0,228.2941059416939,4.005159753363051,57.0,9-N1-2-B-034901,Hôtel de Ville,Jacobins,4,449,22763.333333333332,83967.627732944,10395.62297288138,0.0,mercedes_ecitaro,Mercedes-Benz eCitaro,88.51452635097438,555.0,2026-04-08 10:02:51.000000000,2026-04-08 10:01:54.000000000,0.22829410594169391,83.96762773294401,14.418575112106984,10.39562297288138,0.0,10.39562297288138,0.16459736373728853,0.0,False
0,0.0,0.0,0.0,30.0,9-N1-2-B-034901,Jacobins,Jacobins,4,450,22793.333333333332,83967.627732944,2500.0,0.0,mercedes_ecitaro,Mercedes-Benz eCitaro,88.51077259722062,555.0,2026-04-08 10:03:21.000000000,2026-04-08 10:02:51.000000000,0.0,83.96762773294401,0.0,2.5,0.0,2.5,0.020833333333333332,0.0,False
1,0.0,326.11241962366006,4.026079254613087,81.0,9-N1-2-B-034901,Jacobins,Emile Zola,4,451,22874.333333333332,84293.74015256767,10439.32601398859,0.0,mercedes_ecitaro,Mercedes-Benz eCitaro,88.46845100527203,555.0,2026-04-08 10:04:42.000000000,2026-04-08 10:03:21.000000000,0.32611241962366005,84.29374015256766,14.493885316607114,10.43932601398859,0.0,10.43932601398859,0.23488483531474327,0.0,False
0,0.0,0.0,0.0,30.0,9-N1-2-B-034901,Emile Zola,Emile Zola,4,452,22904.333333333332,84293.74015256767,2500.0,0.0,mercedes_ecitaro,Mercedes-Benz eCitaro,88.46469725151827,555.0,2026-04-08 10:05:12.000000000,2026-04-08 10:04:42.000000000,0.0,84.29374015256766,0.0,2.5,0.0,2.5,0.020833333333333332,0.0,False
1,0.0,355.48637357572056,2.1943603307143245,162.0,9-N1-2-B-034901,Emile Zola,Gare du Nord B,4,453,23066.333333333332,84649.2265261434,6736.177798628873,0.0,mercedes_ecitaro,Mercedes-Benz eCitaro,88.41007959369155,555.0,2026-04-08 10:07:54.000000000,2026-04-08 10:05:12.000000000,0.35548637357572055,84.6492265261434,7.899697190571568,6.736177798628873,0.0,6.736177798628873,0.3031280009382993,0.0,False
0,0.0,0.0,0.0,30.0,9-N1-2-B-034901,Gare du Nord B,Gare du Nord B,4,454,23096.333333333332,84649.2265261434,2500.0,0.0,mercedes_ecitaro,Mercedes-Benz eCitaro,88.4063258399378,555.0,2026-04-08 10:08:24.000000000,2026-04-08 10:07:54.000000000,0.0,84.6492265261434,0.0,2.5,0.0,2.5,0.020833333333333332,0.0,False
1,0.0,368.1948881034494,3.95908481831666,93.0,9-N1-2-B-034901,Gare du Nord B,Caserne Dejean,4,455,23189.333333333332,85017.42141424684,10299.502354459812,0.0,mercedes_ecitaro,Mercedes-Benz eCitaro,88.35838521336298,555.0,2026-04-08 10:09:57.000000000,2026-04-08 10:08:24.000000000,0.3681948881034494,85.01742141424684,14.252705345939976,10.299502354459811,0.0,10.299502354459811,0.2660704774902118,0.0,False
0,0.0,0.0,0.0,30.0,9-N1-2-B-034901,Caserne Dejean,Caserne Dejean,4,456,23219.333333333332,85017.42141424684,2500.0,0.0,mercedes_ecitaro,Mercedes-Benz eCitaro,88.35463145960924,555.0,2026-04-08 10:10:27.000000000,2026-04-08 10:09:57.000000000,0.0,85.01742141424684,0.0,2.5,0.0,2.5,0.020833333333333332,0.0,False
1,0.0,355.3755273513469,3.862777471210292,92.0,9-N1-2-B-034901,Caserne Dejean,Pinceau,4,457,23311.333333333332,85372.7969415982,10099.178424665342,0.0,mercedes_ecitaro,Mercedes-Benz eCitaro,88.30812873613229,555.0,2026-04-08 10:11:59.000000000,2026-04-08 10:10:27.000000000,0.35537552735134686,85.3727969415982,13.905998896357051,10.099178424665343,0.0,10.099178424665343,0.2580901152970032,0.0,False
0,0.0,0.0,0.0,30.0,9-N1-2-B-034901,Pinceau,Pinceau,4,458,23341.333333333332,85372.7969415982,2500.0,0.0,mercedes_ecitaro,Mercedes-Benz eCitaro,88.30437498237853,555.0,2026-04-08 10:12:29.000000000,2026-04-08 10:11:59.000000000,0.0,85.3727969415982,0.0,2.5,0.0,2.5,0.020833333333333332,0.0,False
1,0.0,447.05548624280317,3.8874390108069843,115.0,9-N1-2-B-034901,Pinceau,L. de Luzarches,4,459,23456.333333333332,85819.85242784099,10150.400279848174,0.0,mercedes_ecitaro,Mercedes-Benz eCitaro,88.24595175754457,555.0,2026-04-08 10:14:24.000000000,2026-04-08 10:12:29.000000000,0.44705548624280317,85.81985242784098,13.994780438905144,10.150400279848174,0.0,10.150400279848174,0.3242488978284834,0.0,False
0,0.0,0.0,0.0,30.0,9-N1-2-B-034901,L. de Luzarches,L. de Luzarches,4,460,23486.333333333332,85819.85242784099,2500.0,0.0,mercedes_ecitaro,Mercedes-Benz eCitaro,88.24219800379083,555.0,2026-04-08 10:14:54.000000000,2026-04-08 10:14:24.000000000,0.0,85.81985242784098,0.0,2.5,0.0,2.5,0.020833333333333332,0.0,False
1,0.0,324.8685267650074,8.121713169125185,40.0,9-N1-2-B-034901,L. de Luzarches,Egl. St-Acheul,4,461,23526.333333333332,86144.720954606,19987.224845856923,0.0,mercedes_ecitaro,Mercedes-Benz eCitaro,88.20218353963496,555.0,2026-04-08 10:15:34.000000000,2026-04-08 10:14:54.000000000,0.3248685267650074,86.144720954606,29.238167408850664,19.98722484585692,0.0,19.98722484585692,0.2220802760650769,0.0,False
0,0.0,0.0,0.0,30.0,9-N1-2-B-034901,Egl. St-Acheul,Egl. St-Acheul,4,462,23556.333333333332,86144.720954606,2500.0,0.0,mercedes_ecitaro,Mercedes-Benz eCitaro,88.1984297858812,555.0,2026-04-08 10:16:04.000000000,2026-04-08 10:15:34.000000000,0.0,86.144720954606,0.0,2.5,0.0,2.5,0.020833333333333332,0.0,False
1,0.0,451.79666905185246,8.214484891851862,55.0,9-N1-2-B-034901,Egl. St-Acheul,Mercey,4,463,23611.333333333332,86596.51762365786,20232.30889370291,0.0,mercedes_ecitaro,Mercedes-Benz eCitaro,88.14273524187952,555.0,2026-04-08 10:16:59.000000000,2026-04-08 10:16:04.000000000,0.45179666905185245,86.59651762365786,29.572145610666706,20.23230889370291,0.0,20.23230889370291,0.30910471920935007,0.0,False
0,0.0,0.0,0.0,30.0,9-N1-2-B-034901,Mercey,Mercey,4,464,23641.333333333332,86596.51762365786,2500.0,0.0,mercedes_ecitaro,Mercedes-Benz eCitaro,88.13898148812576,555.0,2026-04-08 10:17:29.000000000,2026-04-08 10:16:59.000000000,0.0,86.59651762365786,0.0,2.5,0.0,2.5,0.020833333333333332,0.0,False
1,0.0,481.8036462949089,8.166163496523879,59.0,9-N1-2-B-034901,Mercey,Sobo,4,465,23700.333333333332,87078.32126995276,20104.461940156947,0.0,mercedes_ecitaro,Mercedes-Benz eCitaro,88.07961395787206,555.0,2026-04-08 10:18:28.000000000,2026-04-08 10:17:29.000000000,0.4818036462949089,87.07832126995277,29.398188587485965,20.10446194015695,0.0,20.10446194015695,0.32948979290812774,0.0,False
0,0.0,0.0,0.0,30.0,9-N1-2-B-034901,Sobo,Sobo,4,466,23730.333333333332,87078.32126995276,2500.0,0.0,mercedes_ecitaro,Mercedes-Benz eCitaro,88.0758602041183,555.0,2026-04-08 10:18:58.000000000,2026-04-08 10:18:28.000000000,0.0,87.07832126995277,0.0,2.5,0.0,2.5,0.020833333333333332,0.0,False
1,0.0,707.5852717526406,8.22773571805396,86.0,9-N1-2-B-034901,Sobo,Pont de l'Avre,4,467,23816.333333333332,87785.90654170541,20267.440548072263,0.0,mercedes_ecitaro,Mercedes-Benz eCitaro,87.98862297253,555.0,2026-04-08 10:20:24.000000000,2026-04-08 10:18:58.000000000,0.7075852717526405,87.7859065417054,29.61984858499426,20.267440548072262,0.0,20.267440548072262,0.4841666353150596,0.0,False
0,0.0,0.0,0.0,30.0,9-N1-2-B-034901,Pont de l'Avre,Pont de l'Avre,4,468,23846.333333333332,87785.90654170541,2500.0,0.0,mercedes_ecitaro,Mercedes-Benz eCitaro,87.98486921877624,555.0,2026-04-08 10:20:54.000000000,2026-04-08 10:20:24.000000000,0.0,87.7859065417054,0.0,2.5,0.0,2.5,0.020833333333333332,0.0,False
1,0.0,296.6141068969825,7.062240640404345,42.0,9-N1-2-B-034901,Pont de l'Avre,Cité du Château,4,469,23888.333333333332,88082.5206486024,17292.32707664838,0.0,mercedes_ecitaro,Mercedes-Benz eCitaro,87.94851898167818,555.0,2026-04-08 10:21:36.000000000,2026-04-08 10:20:54.000000000,0.2966141068969825,88.0825206486024,25.424066305455643,17.29232707664838,0.0,17.29232707664838,0.20174381589423113,0.0,False
0,0.0,0.0,0.0,30.0,9-N1-2-B-034901,Cité du Château,Cité du Château,4,470,23918.333333333332,88082.5206486024,2500.0,0.0,mercedes_ecitaro,Mercedes-Benz eCitaro,87.94476522792444,555.0,2026-04-08 10:22:06.000000000,2026-04-08 10:21:36.000000000,0.0,88.0825206486024,0.0,2.5,0.0,2.5,0.020833333333333332,0.0,False
1,0.0,332.9543642312839,6.936549254818414,48.0,9-N1-2-B-034901,Cité du Château,La Rose Rouge,4,471,23966.333333333332,88415.47501283367,16984.614749484874,0.0,mercedes_ecitaro,Mercedes-Benz eCitaro,87.90396134864639,555.0,2026-04-08 10:22:54.000000000,2026-04-08 10:22:06.000000000,0.3329543642312839,88.41547501283368,24.97157731734629,16.984614749484873,0.0,16.984614749484873,0.22646152999313165,0.0,False
0,0.0,0.0,0.0,30.0,9-N1-2-B-034901,La Rose Rouge,La Rose Rouge,4,472,23996.333333333332,88415.47501283367,2500.0,0.0,mercedes_ecitaro,Mercedes-Benz eCitaro,87.90020759489263,555.0,2026-04-08 10:23:24.000000000,2026-04-08 10:22:54.000000000,0.0,88.41547501283368,0.0,2.5,0.0,2.5,0.020833333333333332,0.0,False
1,0.0,225.1396338173497,7.262568832817732,31.0,9-N1-2-B-034901,La Rose Rouge,Poidevin,4,473,24027.333333333332,88640.61464665103,17787.818516889005,0.0,mercedes_ecitaro,Mercedes-Benz eCitaro,87.87260887747404,555.0,2026-04-08 10:23:55.000000000,2026-04-08 10:23:24.000000000,0.2251396338173497,88.64061464665103,26.145247798143835,17.787818516889004,0.0,17.787818516889004,0.1531728816732109,0.0,False
0,0.0,0.0,0.0,30.0,9-N1-2-B-034901,Poidevin,Poidevin,4,474,24057.333333333332,88640.61464665103,2500.0,0.0,mercedes_ecitaro,Mercedes-Benz eCitaro,87.86885512372028,555.0,2026-04-08 10:24:25.000000000,2026-04-08 10:23:55.000000000,0.0,88.64061464665103,0.0,2.5,0.0,2.5,0.020833333333333332,0.0,False
1,0.0,314.5014195772681,7.147759535847002,44.0,9-N1-2-B-034901,Poidevin,M. de Longueau,4,475,24101.333333333332,88955.1160662283,17503.08167993473,0.0,mercedes_ecitaro,Mercedes-Benz eCitaro,87.8303097986994,555.0,2026-04-08 10:25:09.000000000,2026-04-08 10:24:25.000000000,0.3145014195772681,88.9551160662283,25.731934329049206,17.50308167993473,0.0,17.50308167993473,0.21392655386586892,0.0,False
0,0.0,0.0,0.0,30.0,9-N1-2-B-034901,M. de Longueau,M. de Longueau,4,476,24131.333333333332,88955.1160662283,2500.0,0.0,mercedes_ecitaro,Mercedes-Benz eCitaro,87.82655604494565,555.0,2026-04-08 10:25:39.000000000,2026-04-08 10:25:09.000000000,0.0,88.9551160662283,0.0,2.5,0.0,2.5,0.020833333333333332,0.0,False
1,0.0,256.63398574137216,6.936053668685734,37.0,9-N1-2-B-034901,M. de Longueau,La Fourche,4,477,24168.333333333332,89211.75005196966,16983.406243795107,0.0,mercedes_ecitaro,Mercedes-Benz eCitaro,87.79510529264233,555.0,2026-04-08 10:26:16.000000000,2026-04-08 10:25:39.000000000,0.25663398574137214,89.21175005196966,24.96979320726864,16.983406243795105,0.0,16.983406243795105,0.17455167528344973,0.0,False
0,0.0,0.0,0.0,30.0,9-N1-2-B-034901,La Fourche,La Fourche,4,478,24198.333333333332,89211.75005196966,2500.0,0.0,mercedes_ecitaro,Mercedes-Benz eCitaro,87.79135153888858,555.0,2026-04-08 10:26:46.000000000,2026-04-08 10:26:16.000000000,0.0,89.21175005196966,0.0,2.5,0.0,2.5,0.020833333333333332,0.0,False
1,0.0,651.0902221706201,6.643777777251225,98.0,9-N1-2-B-034901,La Fourche,Croix de Fer,4,479,24296.333333333332,89862.84027414028,16277.07312975203,0.0,mercedes_ecitaro,Mercedes-Benz eCitaro,87.71151404305695,555.0,2026-04-08 10:28:24.000000000,2026-04-08 10:26:46.000000000,0.6510902221706201,89.86284027414028,23.91759999810441,16.27707312975203,0.0,16.27707312975203,0.44309810186547194,0.0,False
0,0.0,0.0,0.0,30.0,9-N1-2-B-034901,Croix de Fer,Croix de Fer,4,480,24326.333333333332,89862.84027414028,2500.0,0.0,mercedes_ecitaro,Mercedes-Benz eCitaro,87.70776028930321,555.0,2026-04-08 10:28:54.000000000,2026-04-08 10:28:24.000000000,0.0,89.86284027414028,0.0,2.5,0.0,2.5,0.020833333333333332,0.0,False
1,0.0,703.41712703917,4.953641739712465,142.0,9-N1-2-B-034901,Croix de Fer,C. Cial Glisy,4,481,24468.333333333332,90566.25740117945,12418.700315873617,0.0,mercedes_ecitaro,Mercedes-Benz eCitaro,87.61949925602723,555.0,2026-04-08 10:31:16.000000000,2026-04-08 10:28:54.000000000,0.70341712703917,90.56625740117946,17.833110262964873,12.418700315873616,0.0,12.418700315873616,0.48984873468168155,0.0,False
0,0.0,0.0,0.0,30.0,9-N1-2-B-034901,C. Cial Glisy,C. Cial Glisy,4,482,24498.333333333332,90566.25740117945,2500.0,0.0,mercedes_ecitaro,Mercedes-Benz eCitaro,87.61574550227347,555.0,2026-04-08 10:31:46.000000000,2026-04-08 10:31:16.000000000,0.0,90.56625740117946,0.0,2.5,0.0,2.5,0.020833333333333332,0.0,False
1,0.0,136.72688382470434,4.883102993739441,28.0,9-N1-2-B-034901,C. Cial Glisy,Capitaine Nemo,4,483,24526.333333333332,90702.98428500416,12265.122289306848,0.0,mercedes_ecitaro,Mercedes-Benz eCitaro,87.59855714270888,555.0,2026-04-08 10:32:14.000000000,2026-04-08 10:31:46.000000000,0.13672688382470435,90.70298428500416,17.57917077746199,12.265122289306849,0.0,12.265122289306849,0.0953953955834977,0.0,False
0,0.0,0.0,0.0,30.0,9-N1-2-B-034901,Capitaine Nemo,Capitaine Nemo,4,484,24556.333333333332,90702.98428500416,2500.0,0.0,mercedes_ecitaro,Mercedes-Benz eCitaro,87.59480338895513,555.0,2026-04-08 10:32:44.000000000,2026-04-08 10:32:14.000000000,0.0,90.70298428500416,0.0,2.5,0.0,2.5,0.020833333333333332,0.0,False
1,0.0,323.4478124594319,2.488060095841784,130.0,9-N1-2-B-034901,Capitaine Nemo,Pôle J. Verne,4,485,24686.333333333332,91026.43209746359,7315.620110681674,0.0,mercedes_ecitaro,Mercedes-Benz eCitaro,87.54720425910584,555.0,2026-04-08 10:34:54.000000000,2026-04-08 10:32:44.000000000,0.3234478124594319,91.0264320974636,8.957016345030421,7.3156201106816745,0.0,7.3156201106816745,0.26417517066350493,0.0,False
0,0.0,0.0,0.0,30.0,9-N1-2-B-034901,Pôle J. Verne,Pôle J. Verne,4,486,24716.333333333332,91026.43209746359,2500.0,0.0,mercedes_ecitaro,Mercedes-Benz eCitaro,87.5434505053521,555.0,2026-04-08 10:35:24.000000000,2026-04-08 10:34:54.000000000,0.0,91.0264320974636,0.0,2.5,0.0,2.5,0.020833333333333332,0.0,False
1,0.0,334.0181708930427,4.7044812801837,71.0,9-N1-4-B-035101,Pôle J. Verne,Capitaine Nemo,4,487,24787.333333333332,91360.45026835664,11878.580971251235,0.0,mercedes_ecitaro,Mercedes-Benz eCitaro,87.50123933173053,555.0,2026-04-08 10:36:35.000000000,2026-04-08 10:35:24.000000000,0.3340181708930427,91.36045026835664,16.93613260866132,11.878580971251235,0.0,11.878580971251235,0.23427201359967714,0.0,False
0,0.0,0.0,0.0,30.0,9-N1-4-B-035101,Capitaine Nemo,Capitaine Nemo,4,488,24817.333333333332,91360.45026835664,2500.0,0.0,mercedes_ecitaro,Mercedes-Benz eCitaro,87.49748557797678,555.0,2026-04-08 10:37:05.000000000,2026-04-08 10:36:35.000000000,0.0,91.36045026835664,0.0,2.5,0.0,2.5,0.020833333333333332,0.0,False
1,0.0,122.91799931516653,5.8532380626269775,21.0,9-N1-4-B-035101,Capitaine Nemo,C. Cial Glisy,4,489,24838.333333333332,91483.3682676718,14427.177180198683,0.0,mercedes_ecitaro,Mercedes-Benz eCitaro,87.48232187823783,555.0,2026-04-08 10:37:26.000000000,2026-04-08 10:37:05.000000000,0.12291799931516653,91.4833682676718,21.07165702545712,14.427177180198683,0.0,14.427177180198683,0.08415853355115899,0.0,False
0,0.0,0.0,0.0,30.0,9-N1-4-B-035101,C. Cial Glisy,C. Cial Glisy,4,490,24868.333333333332,91483.3682676718,2500.0,0.0,mercedes_ecitaro,Mercedes-Benz eCitaro,87.47856812448407,555.0,2026-04-08 10:37:56.000000000,2026-04-08 10:37:26.000000000,0.0,91.4833682676718,0.0,2.5,0.0,2.5,0.020833333333333332,0.0,False
1,0.0,685.9620842301216,4.6664087362593305,147.0,9-N1-4-B-035101,C. Cial Glisy,Croix de Fer,4,491,25015.333333333332,92169.33035190192,11796.619365870161,0.0,mercedes_ecitaro,Mercedes-Benz eCitaro,87.39177618020064,555.0,2026-04-08 10:40:23.000000000,2026-04-08 10:37:56.000000000,0.6859620842301216,92.16933035190192,16.79907145053359,11.79661936587016,0.0,11.79661936587016,0.4816952907730316,0.0,False
0,0.0,0.0,0.0,30.0,9-N1-4-B-035101,Croix de Fer,Croix de Fer,4,492,25045.333333333332,92169.33035190192,2500.0,0.0,mercedes_ecitaro,Mercedes-Benz eCitaro,87.3880224264469,555.0,2026-04-08 10:40:53.000000000,2026-04-08 10:40:23.000000000,0.0,92.16933035190192,0.0,2.5,0.0,2.5,0.020833333333333332,0.0,False
1,0.0,746.5227463047001,6.912247650969446,108.0,9-N1-4-B-035101,Croix de Fer,La Fourche,4,493,25153.333333333332,92915.85309820663,16925.39814763343,0.0,mercedes_ecitaro,Mercedes-Benz eCitaro,87.29653378781103,555.0,2026-04-08 10:42:41.000000000,2026-04-08 10:40:53.000000000,0.7465227463047002,92.91585309820663,24.88409154349001,16.92539814763343,0.0,16.92539814763343,0.5077619444290029,0.0,False
0,0.0,0.0,0.0,30.0,9-N1-4-B-035101,La Fourche,La Fourche,4,494,25183.333333333332,92915.85309820663,2500.0,0.0,mercedes_ecitaro,Mercedes-Benz eCitaro,87.29278003405727,555.0,2026-04-08 10:43:11.000000000,2026-04-08 10:42:41.000000000,0.0,92.91585309820663,0.0,2.5,0.0,2.5,0.020833333333333332,0.0,False
1,0.0,236.45430499839583,7.38919703119987,32.0,9-N1-4-B-035101,La Fourche,M. de Longueau,4,495,25215.333333333332,93152.30740320502,18104.29412886066,0.0,mercedes_ecitaro,Mercedes-Benz eCitaro,87.26378416758463,555.0,2026-04-08 10:43:43.000000000,2026-04-08 10:43:11.000000000,0.23645430499839581,93.15230740320501,26.60110931231953,18.10429412886066,0.0,18.10429412886066,0.16092705892320586,0.0,False
0,0.0,0.0,0.0,30.0,9-N1-4-B-035101,M. de Longueau,M. de Longueau,4,496,25245.333333333332,93152.30740320502,2500.0,0.0,mercedes_ecitaro,Mercedes-Benz eCitaro,87.26003041383088,555.0,2026-04-08 10:44:13.000000000,2026-04-08 10:43:43.000000000,0.0,93.15230740320501,0.0,2.5,0.0,2.5,0.020833333333333332,0.0,False
1,0.0,238.2314886825274,7.219136020682649,33.0,9-N1-4-B-035101,M. de Longueau,Poidevin,4,497,25278.333333333332,93390.53889188755,17679.857275640912,0.0,mercedes_ecitaro,Mercedes-Benz eCitaro,87.2308294483606,555.0,2026-04-08 10:44:46.000000000,2026-04-08 10:44:13.000000000,0.23823148868252741,93.39053889188756,25.98888967445754,17.679857275640913,0.0,17.679857275640913,0.1620653583600417,0.0,False
0,0.0,0.0,0.0,30.0,9-N1-4-B-035101,Poidevin,Poidevin,4,498,25308.333333333332,93390.53889188755,2500.0,0.0,mercedes_ecitaro,Mercedes-Benz eCitaro,87.22707569460684,555.0,2026-04-08 10:45:16.000000000,2026-04-08 10:44:46.000000000,0.0,93.39053889188756,0.0,2.5,0.0,2.5,0.020833333333333332,0.0,False
1,0.0,283.0530932557657,7.257771621942711,39.0,9-N1-4-B-035101,Poidevin,La Rose Rouge,4,499,25347.333333333332,93673.59198514331,17775.879384511274,0.0,mercedes_ecitaro,Mercedes-Benz eCitaro,87.19237803214457,555.0,2026-04-08 10:45:55.000000000,2026-04-08 10:45:16.000000000,0.2830530932557657,93.67359198514332,26.127977838993758,17.775879384511274,0.0,17.775879384511274,0.1925720266655388,0.0,False
0,0.0,0.0,0.0,30.0,9-N1-4-B-035101,La Rose Rouge,La Rose Rouge,4,500,25377.333333333332,93673.59198514331,2500.0,0.0,mercedes_ecitaro,Mercedes-Benz eCitaro,87.18862427839082,555.0,2026-04-08 10:46:25.000000000,2026-04-08 10:45:55.000000000,0.0,93.67359198514332,0.0,2.5,0.0,2.5,0.020833333333333332,0.0,False
1,0.0,382.52636844861735,7.356276316319565,52.0,9-N1-4-B-035101,La Rose Rouge,Cité du Château,4,501,25429.333333333332,94056.11835359193,18021.769783997195,0.0,mercedes_ecitaro,Mercedes-Benz eCitaro,87.14172077344749,555.0,2026-04-08 10:47:17.000000000,2026-04-08 10:46:25.000000000,0.38252636844861737,94.05611835359193,26.482594738750432,18.021769783997197,0.0,18.021769783997197,0.26031445243551504,0.0,False
0,0.0,0.0,0.0,30.0,9-N1-4-B-035101,Cité du Château,Cité du Château,4,502,25459.333333333332,94056.11835359193,2500.0,0.0,mercedes_ecitaro,Mercedes-Benz eCitaro,87.13796701969373,555.0,2026-04-08 10:47:47.000000000,2026-04-08 10:47:17.000000000,0.0,94.05611835359193,0.0,2.5,0.0,2.5,0.020833333333333332,0.0,False
1,0.0,259.04003764462647,7.195556601239624,36.0,9-N1-4-B-035101,Cité du Château,Pont de l'Avre,4,503,25495.333333333332,94315.15839123655,17621.370476656775,0.0,mercedes_ecitaro,Mercedes-Benz eCitaro,87.10621680261868,555.0,2026-04-08 10:48:23.000000000,2026-04-08 10:47:47.000000000,0.25904003764462646,94.31515839123655,25.904003764462647,17.621370476656775,0.0,17.621370476656775,0.17621370476656775,0.0,False
0,0.0,0.0,0.0,30.0,9-N1-4-B-035101,Pont de l'Avre,Pont de l'Avre,4,504,25525.333333333332,94315.15839123655,2500.0,0.0,mercedes_ecitaro,Mercedes-Benz eCitaro,87.10246304886492,555.0,2026-04-08 10:48:53.000000000,2026-04-08 10:48:23.000000000,0.0,94.31515839123655,0.0,2.5,0.0,2.5,0.020833333333333332,0.0,False
1,0.0,778.6426370279388,6.655065273743067,117.0,9-N1-4-B-035101,Pont de l'Avre,Sobo,4,505,25642.333333333332,95093.80102826448,16304.11753685129,0.0,mercedes_ecitaro,Mercedes-Benz eCitaro,87.00698848671219,555.0,2026-04-08 10:50:50.000000000,2026-04-08 10:48:53.000000000,0.7786426370279388,95.09380102826448,23.95823498547504,16.30411753685129,0.0,16.30411753685129,0.529883819947667,0.0,False
0,0.0,0.0,0.0,30.0,9-N1-4-B-035101,Sobo,Sobo,4,506,25672.333333333332,95093.80102826448,2500.0,0.0,mercedes_ecitaro,Mercedes-Benz eCitaro,87.00323473295843,555.0,2026-04-08 10:51:20.000000000,2026-04-08 10:50:50.000000000,0.0,95.09380102826448,0.0,2.5,0.0,2.5,0.020833333333333332,0.0,False
1,0.0,494.86888000554234,6.598251733407231,75.0,9-N1-4-B-035101,Sobo,Mercey,4,507,25747.333333333332,95588.66990827002,16168.181881260052,0.0,mercedes_ecitaro,Mercedes-Benz eCitaro,86.94254335953028,555.0,2026-04-08 10:52:35.000000000,2026-04-08 10:51:20.000000000,0.49486888000554236,95.58866990827002,23.753706240266034,16.168181881260054,0.0,16.168181881260054,0.3368371225262511,0.0,False
0,0.0,0.0,0.0,30.0,9-N1-4-B-035101,Mercey,Mercey,4,508,25777.333333333332,95588.66990827002,2500.0,0.0,mercedes_ecitaro,Mercedes-Benz eCitaro,86.93878960577652,555.0,2026-04-08 10:53:05.000000000,2026-04-08 10:52:35.000000000,0.0,95.58866990827002,0.0,2.5,0.0,2.5,0.020833333333333332,0.0,False
1,0.0,443.51095510688015,6.71986295616485,66.0,9-N1-4-B-035101,Mercey,Egl. St-Acheul,4,509,25843.333333333332,96032.1808633769,16459.72967793986,0.0,mercedes_ecitaro,Mercedes-Benz eCitaro,86.8844181263599,555.0,2026-04-08 10:54:11.000000000,2026-04-08 10:53:05.000000000,0.44351095510688016,96.0321808633769,24.191506642193463,16.459729677939862,0.0,16.459729677939862,0.3017617107622308,0.0,False
0,0.0,0.0,0.0,30.0,9-N1-4-B-035101,Egl. St-Acheul,Egl. St-Acheul,4,510,25873.333333333332,96032.1808633769,2500.0,0.0,mercedes_ecitaro,Mercedes-Benz eCitaro,86.88066437260615,555.0,2026-04-08 10:54:41.000000000,2026-04-08 10:54:11.000000000,0.0,96.0321808633769,0.0,2.5,0.0,2.5,0.020833333333333332,0.0,False
1,0.0,277.40496861036326,6.604880205008649,42.0,9-N1-4-B-035101,Egl. St-Acheul,L. de Luzarches,4,511,25915.333333333332,96309.58583198726,16184.017525487165,0.0,mercedes_ecitaro,Mercedes-Benz eCitaro,86.84664391534537,555.0,2026-04-08 10:55:23.000000000,2026-04-08 10:54:41.000000000,0.27740496861036323,96.30958583198726,23.777568738031135,16.184017525487164,0.0,16.184017525487164,0.18881353779735024,0.0,False
0,0.0,0.0,0.0,30.0,9-N1-4-B-035101,L. de Luzarches,L. de Luzarches,4,512,25945.333333333332,96309.58583198726,2500.0,0.0,mercedes_ecitaro,Mercedes-Benz eCitaro,86.84289016159161,555.0,2026-04-08 10:55:53.000000000,2026-04-08 10:55:23.000000000,0.0,96.30958583198726,0.0,2.5,0.0,2.5,0.020833333333333332,0.0,False
1,0.0,343.1323580300078,3.855419753146155,89.0,9-N1-4-B-035101,L. de Luzarches,Pinceau,4,513,26034.333333333332,96652.71819001727,10083.906448902566,0.0,mercedes_ecitaro,Mercedes-Benz eCitaro,86.797971859592,555.0,2026-04-08 10:57:22.000000000,2026-04-08 10:55:53.000000000,0.3431323580300078,96.65271819001727,13.879511111326158,10.083906448902566,0.0,10.083906448902566,0.249296576097869,0.0,False
0,0.0,0.0,0.0,30.0,9-N1-4-B-035101,Pinceau,Pinceau,4,514,26064.333333333332,96652.71819001727,2500.0,0.0,mercedes_ecitaro,Mercedes-Benz eCitaro,86.79421810583824,555.0,2026-04-08 10:57:52.000000000,2026-04-08 10:57:22.000000000,0.0,96.65271819001727,0.0,2.5,0.0,2.5,0.020833333333333332,0.0,False
1,0.0,405.8966158731125,3.793426316571145,107.0,9-N1-4-B-035101,Pinceau,Caserne Dejean,4,515,26171.333333333332,97058.61480589038,9955.410597282218,0.0,mercedes_ecitaro,Mercedes-Benz eCitaro,86.74090334438132,555.0,2026-04-08 10:59:39.000000000,2026-04-08 10:57:52.000000000,0.40589661587311254,97.05861480589037,13.656334739656122,9.955410597282219,0.0,9.955410597282219,0.29589692608588813,0.0,False
0,0.0,0.0,0.0,30.0,9-N1-4-B-035101,Caserne Dejean,Caserne Dejean,4,516,26201.333333333332,97058.61480589038,2500.0,0.0,mercedes_ecitaro,Mercedes-Benz eCitaro,86.73714959062758,555.0,2026-04-08 11:00:09.000000000,2026-04-08 10:59:39.000000000,0.0,97.05861480589037,0.0,2.5,0.0,2.5,0.020833333333333332,0.0,False
1,0.0,391.6364257160486,3.7657348626543135,104.0,9-N1-4-B-035101,Caserne Dejean,Gare du Nord A,4,517,26305.333333333332,97450.25123160642,9898.116829554354,0.0,mercedes_ecitaro,Mercedes-Benz eCitaro,86.68562786138465,555.0,2026-04-08 11:01:53.000000000,2026-04-08 11:00:09.000000000,0.3916364257160486,97.45025123160643,13.55664550555553,9.898116829554354,0.0,9.898116829554354,0.2859455972982369,0.0,False
0,0.0,0.0,0.0,30.0,9-N1-4-B-035101,Gare du Nord A,Gare du Nord A,4,518,26335.333333333332,97450.25123160642,2500.0,0.0,mercedes_ecitaro,Mercedes-Benz eCitaro,86.68187410763089,555.0,2026-04-08 11:02:23.000000000,2026-04-08 11:01:53.000000000,0.0,97.45025123160643,0.0,2.5,0.0,2.5,0.020833333333333332,0.0,False
1,0.0,327.94171057791687,2.2158223687697087,148.0,9-N1-4-B-035101,Gare du Nord A,René Goblet,4,519,26483.333333333332,97778.19294218434,6778.373636749175,0.0,mercedes_ecitaro,Mercedes-Benz eCitaro,86.63166393254386,555.0,2026-04-08 11:04:51.000000000,2026-04-08 11:02:23.000000000,0.3279417105779169,97.77819294218433,7.976960527570951,6.7783736367491745,0.0,6.7783736367491745,0.2786664717330216,0.0,False
0,0.0,0.0,0.0,30.0,9-N1-4-B-035101,René Goblet,René Goblet,4,520,26513.333333333332,97778.19294218434,2500.0,0.0,mercedes_ecitaro,Mercedes-Benz eCitaro,86.6279101787901,555.0,2026-04-08 11:05:21.000000000,2026-04-08 11:04:51.000000000,0.0,97.77819294218433,0.0,2.5,0.0,2.5,0.020833333333333332,0.0,False
1,0.0,225.21730590675048,4.170690850125009,54.0,9-N1-4-B-035101,René Goblet,P. de Justice,4,521,26567.333333333332,98003.4102480911,10742.498468974078,0.0,mercedes_ecitaro,Mercedes-Benz eCitaro,86.59887639914423,555.0,2026-04-08 11:06:15.000000000,2026-04-08 11:05:21.000000000,0.2252173059067505,98.0034102480911,15.014487060450033,10.742498468974079,0.0,10.742498468974079,0.16113747703461115,0.0,False
0,0.0,0.0,0.0,30.0,9-N1-4-B-035101,P. de Justice,P. de Justice,4,522,26597.333333333332,98003.4102480911,2500.0,0.0,mercedes_ecitaro,Mercedes-Benz eCitaro,86.59512264539048,555.0,2026-04-08 11:06:45.000000000,2026-04-08 11:06:15.000000000,0.0,98.0034102480911,0.0,2.5,0.0,2.5,0.020833333333333332,0.0,False
1,0.0,229.9992746993994,3.965504736196541,58.0,9-N1-4-B-035101,P. de Justice,Dusevel,4,523,26655.333333333332,98233.40952279049,10312.884400903367,0.0,mercedes_ecitaro,Mercedes-Benz eCitaro,86.5651853433258,555.0,2026-04-08 11:07:43.000000000,2026-04-08 11:06:45.000000000,0.2299992746993994,98.2334095227905,14.275817050307548,10.312884400903368,0.0,10.312884400903368,0.1661520264589987,0.0,False
0,0.0,0.0,0.0,30.0,9-N1-4-B-035101,Dusevel,Dusevel,4,524,26685.333333333332,98233.40952279049,2500.0,0.0,mercedes_ecitaro,Mercedes-Benz eCitaro,86.56143158957204,555.0,2026-04-08 11:08:13.000000000,2026-04-08 11:07:43.000000000,0.0,98.2334095227905,0.0,2.5,0.0,2.5,0.020833333333333332,0.0,False
1,0.0,218.8226139254244,3.587255965990564,61.0,9-N1-4-B-035101,Dusevel,Beffroi,4,525,26746.333333333332,98452.23213671592,9530.33656798103,0.0,mercedes_ecitaro,Mercedes-Benz eCitaro,86.53233496641654,555.0,2026-04-08 11:09:14.000000000,2026-04-08 11:08:13.000000000,0.2188226139254244,98.45223213671592,12.914121477566031,9.530336567981031,0.0,9.530336567981031,0.1614862585130119,0.0,False
0,0.0,0.0,0.0,30.0,9-N1-4-B-035101,Beffroi,Beffroi,4,526,26776.333333333332,98452.23213671592,2500.0,0.0,mercedes_ecitaro,Mercedes-Benz eCitaro,86.52858121266279,555.0,2026-04-08 11:09:44.000000000,2026-04-08 11:09:14.000000000,0.0,98.45223213671592,0.0,2.5,0.0,2.5,0.020833333333333332,0.0,False
1,0.0,189.07722066752729,3.501430012361616,54.0,9-N1-4-B-035101,Beffroi,Place du Marché,4,527,26830.333333333332,98641.30935738345,9354.377011673041,0.0,mercedes_ecitaro,Mercedes-Benz eCitaro,86.50329911263124,555.0,2026-04-08 11:10:38.000000000,2026-04-08 11:09:44.000000000,0.18907722066752727,98.64130935738345,12.605148044501819,9.35437701167304,0.0,9.35437701167304,0.14031565517509562,0.0,False
0,0.0,0.0,0.0,30.0,9-N1-4-B-035101,Place du Marché,Place du Marché,4,528,26860.333333333332,98641.30935738345,2500.0,0.0,mercedes_ecitaro,Mercedes-Benz eCitaro,86.49954535887748,555.0,2026-04-08 11:11:08.000000000,2026-04-08 11:10:38.000000000,0.0,98.64130935738345,0.0,2.5,0.0,2.5,0.020833333333333332,0.0,False
1,0.0,171.78613535708172,3.817469674601816,45.0,9-N1-4-B-035101,Place du Marché,M. Culture B,4,529,26905.333333333332,98813.09549274053,10005.207964905961,0.0,mercedes_ecitaro,Mercedes-Benz eCitaro,86.47701110670427,555.0,2026-04-08 11:11:53.000000000,2026-04-08 11:11:08.000000000,0.17178613535708173,98.81309549274053,13.742890828566539,10.005207964905962,0.0,10.005207964905962,0.12506509956132453,0.0,False
0,0.0,0.0,0.0,30.0,9-N1-4-B-035101,M. Culture B,M. Culture B,4,530,26935.333333333332,98813.09549274053,2500.0,0.0,mercedes_ecitaro,Mercedes-Benz eCitaro,86.47325735295051,555.0,2026-04-08 11:12:23.000000000,2026-04-08 11:11:53.000000000,0.0,98.81309549274053,0.0,2.5,0.0,2.5,0.020833333333333332,0.0,False
1,0.0,291.81191051704656,6.07941480243847,48.0,9-N1-4-B-035101,M. Culture B,Saint-Jacques,4,531,26983.333333333332,99104.90740325757,14947.805699382516,0.0,mercedes_ecitaro,Mercedes-Benz eCitaro,86.43734670862767,555.0,2026-04-08 11:13:11.000000000,2026-04-08 11:12:23.000000000,0.2918119105170466,99.10490740325757,21.885893288778494,14.947805699382515,0.0,14.947805699382515,0.1993040759917669,0.0,False
0,0.0,0.0,0.0,30.0,9-N1-4-B-035101,Saint-Jacques,Saint-Jacques,4,532,27013.333333333332,99104.90740325757,2500.0,0.0,mercedes_ecitaro,Mercedes-Benz eCitaro,86.43359295487392,555.0,2026-04-08 11:13:41.000000000,2026-04-08 11:13:11.000000000,0.0,99.10490740325757,0.0,2.5,0.0,2.5,0.020833333333333332,0.0,False
1,0.0,350.7042974526486,5.656520926655622,62.0,9-N1-4-B-035101,Saint-Jacques,Jean Jaurès,4,533,27075.333333333332,99455.61170071023,13979.689002432178,0.0,mercedes_ecitaro,Mercedes-Benz eCitaro,86.39021253855006,555.0,2026-04-08 11:14:43.000000000,2026-04-08 11:13:41.000000000,0.3507042974526486,99.45561170071024,20.36347533596024,13.979689002432178,0.0,13.979689002432178,0.24076131059744307,0.0,False
0,0.0,0.0,0.0,30.0,9-N1-4-B-035101,Jean Jaurès,Jean Jaurès,4,534,27105.333333333332,99455.61170071023,2500.0,0.0,mercedes_ecitaro,Mercedes-Benz eCitaro,86.3864587847963,555.0,2026-04-08 11:15:13.000000000,2026-04-08 11:14:43.000000000,0.0,99.45561170071024,0.0,2.5,0.0,2.5,0.020833333333333332,0.0,False
1,0.0,402.8160957322576,5.5946679962813555,72.0,9-N1-4-B-035101,Jean Jaurès,Zoo d'Amiens,4,535,27177.333333333332,99858.42779644248,13839.983331209853,0.0,mercedes_ecitaro,Mercedes-Benz eCitaro,86.33658497099015,555.0,2026-04-08 11:16:25.000000000,2026-04-08 11:15:13.000000000,0.40281609573225763,99.85842779644248,20.14080478661288,13.839983331209853,0.0,13.839983331209853,0.276799666624197,0.0,False
0,0.0,0.0,0.0,30.0,9-N1-4-B-035101,Zoo d'Amiens,Zoo d'Amiens,4,536,27207.333333333332,99858.42779644248,2500.0,0.0,mercedes_ecitaro,Mercedes-Benz eCitaro,86.33283121723639,555.0,2026-04-08 11:16:55.000000000,2026-04-08 11:16:25.000000000,0.0,99.85842779644248,0.0,2.5,0.0,2.5,0.020833333333333332,0.0,False
1,0.0,376.38436041502575,5.790528621769627,65.0,9-N1-4-B-035101,Zoo d'Amiens,Egl. St-Firmin,4,537,27272.333333333332,100234.81215685752,14283.997606969104,0.0,mercedes_ecitaro,Mercedes-Benz eCitaro,86.28636175555205,555.0,2026-04-08 11:18:00.000000000,2026-04-08 11:16:55.000000000,0.37638436041502576,100.23481215685752,20.845903038370658,14.283997606969104,0.0,14.283997606969104,0.25790551234805326,0.0,False
0,0.0,0.0,0.0,30.0,9-N1-4-B-035101,Egl. St-Firmin,Egl. St-Firmin,4,538,27302.333333333332,100234.81215685752,2500.0,0.0,mercedes_ecitaro,Mercedes-Benz eCitaro,86.2826080017983,555.0,2026-04-08 11:18:30.000000000,2026-04-08 11:18:00.000000000,0.0,100.23481215685752,0.0,2.5,0.0,2.5,0.020833333333333332,0.0,False
1,0.0,300.7481358168622,5.674493128620042,53.0,9-N1-4-B-035101,Egl. St-Firmin,Faubourg de Hem,4,539,27355.333333333332,100535.56029267437,14020.370787798545,0.0,mercedes_ecitaro,Mercedes-Benz eCitaro,86.24541682803687,555.0,2026-04-08 11:19:23.000000000,2026-04-08 11:18:30.000000000,0.3007481358168622,100.53556029267438,20.428175263032152,14.020370787798544,0.0,14.020370787798544,0.20641101437592305,0.0,False
0,0.0,0.0,0.0,30.0,9-N1-4-B-035101,Faubourg de Hem,Faubourg de Hem,4,540,27385.333333333332,100535.56029267437,2500.0,0.0,mercedes_ecitaro,Mercedes-Benz eCitaro,86.24166307428311,555.0,2026-04-08 11:19:53.000000000,2026-04-08 11:19:23.000000000,0.0,100.53556029267438,0.0,2.5,0.0,2.5,0.020833333333333332,0.0,False
1,0.0,242.018982618479,5.5004314231472495,44.0,9-N1-4-B-035101,Faubourg de Hem,Espace Alliance,4,541,27429.333333333332,100777.57927529285,13628.030793913387,0.0,mercedes_ecitaro,Mercedes-Benz eCitaro,86.21165139485709,555.0,2026-04-08 11:20:37.000000000,2026-04-08 11:19:53.000000000,0.24201898261847898,100.77757927529285,19.8015531233301,13.628030793913387,0.0,13.628030793913387,0.16656482081449694,0.0,False
0,0.0,0.0,0.0,30.0,9-N1-4-B-035101,Espace Alliance,Espace Alliance,4,542,27459.333333333332,100777.57927529285,2500.0,0.0,mercedes_ecitaro,Mercedes-Benz eCitaro,86.20789764110333,555.0,2026-04-08 11:21:07.000000000,2026-04-08 11:20:37.000000000,0.0,100.77757927529285,0.0,2.5,0.0,2.5,0.020833333333333332,0.0,False
1,0.0,512.4653653664171,5.631487531499089,91.0,9-N1-4-B-035101,Espace Alliance,Sully,4,543,27550.333333333332,101290.04464065927,13923.090033058785,0.0,mercedes_ecitaro,Mercedes-Benz eCitaro,86.14448416797978,555.0,2026-04-08 11:22:38.000000000,2026-04-08 11:21:07.000000000,0.5124653653664172,101.29004464065926,20.273355113396722,13.923090033058784,0.0,13.923090033058784,0.35194477583565265,0.0,False
0,0.0,0.0,0.0,30.0,9-N1-4-B-035101,Sully,Sully,4,544,27580.333333333332,101290.04464065927,2500.0,0.0,mercedes_ecitaro,Mercedes-Benz eCitaro,86.14073041422603,555.0,2026-04-08 11:23:08.000000000,2026-04-08 11:22:38.000000000,0.0,101.29004464065926,0.0,2.5,0.0,2.5,0.020833333333333332,0.0,False
1,0.0,581.4235833007191,5.537367460006848,105.0,9-N1-4-B-035101,Sully,Place la Barre,4,545,27685.333333333332,101871.46822396,13710.977433876818,0.0,mercedes_ecitaro,Mercedes-Benz eCitaro,86.06867572801197,555.0,2026-04-08 11:24:53.000000000,2026-04-08 11:23:08.000000000,0.5814235833007191,101.87146822396,19.934522856024653,13.710977433876819,0.0,13.710977433876819,0.3999035084880738,0.0,False
0,0.0,0.0,0.0,30.0,9-N1-4-B-035101,Place la Barre,Place la Barre,4,546,27715.333333333332,101871.46822396,2500.0,0.0,mercedes_ecitaro,Mercedes-Benz eCitaro,86.06492197425821,555.0,2026-04-08 11:25:23.000000000,2026-04-08 11:24:53.000000000,0.0,101.87146822396,0.0,2.5,0.0,2.5,0.020833333333333332,0.0,False
1,0.0,321.16148117311843,4.654514219900267,69.0,9-N1-4-B-035101,Place la Barre,La Fontaine,4,547,27784.333333333332,102192.6297051331,11771.043507106238,0.0,mercedes_ecitaro,Mercedes-Benz eCitaro,86.02427122340785,555.0,2026-04-08 11:26:32.000000000,2026-04-08 11:25:23.000000000,0.32116148117311843,102.1926297051331,16.75625119164096,11.771043507106238,0.0,11.771043507106238,0.2256116672195362,0.0,False
0,0.0,0.0,0.0,30.0,9-N1-4-B-035101,La Fontaine,La Fontaine,4,548,27814.333333333332,102192.6297051331,2500.0,0.0,mercedes_ecitaro,Mercedes-Benz eCitaro,86.0205174696541,555.0,2026-04-08 11:27:02.000000000,2026-04-08 11:26:32.000000000,0.0,102.1926297051331,0.0,2.5,0.0,2.5,0.020833333333333332,0.0,False
1,0.0,233.68404358993675,5.31100099068038,44.0,9-N1-4-B-035101,La Fontaine,Les Coursives,4,549,27858.333333333332,102426.31374872304,13205.182837280407,0.0,mercedes_ecitaro,Mercedes-Benz eCitaro,85.99143698692934,555.0,2026-04-08 11:27:46.000000000,2026-04-08 11:27:02.000000000,0.23368404358993675,102.42631374872305,19.11960356644937,13.205182837280407,0.0,13.205182837280407,0.1613966791223161,0.0,False
0,0.0,0.0,0.0,30.0,9-N1-4-B-035101,Les Coursives,Les Coursives,4,550,27888.333333333332,102426.31374872304,2500.0,0.0,mercedes_ecitaro,Mercedes-Benz eCitaro,85.98768323317559,555.0,2026-04-08 11:28:16.000000000,2026-04-08 11:27:46.000000000,0.0,102.42631374872305,0.0,2.5,0.0,2.5,0.020833333333333332,0.0,False
1,0.0,293.0331102299119,5.327874731452944,55.0,9-N1-4-B-035101,Les Coursives,Languedoc,4,551,27943.333333333332,102719.34685895295,13242.677402966896,0.0,mercedes_ecitaro,Mercedes-Benz eCitaro,85.95122941650077,555.0,2026-04-08 11:29:11.000000000,2026-04-08 11:28:16.000000000,0.2930331102299119,102.71934685895295,19.1803490332306,13.242677402966896,0.0,13.242677402966896,0.20231868254532756,0.0,False
0,0.0,0.0,0.0,30.0,9-N1-4-B-035101,Languedoc,Languedoc,4,552,27973.333333333332,102719.34685895295,2500.0,0.0,mercedes_ecitaro,Mercedes-Benz eCitaro,85.94747566274701,555.0,2026-04-08 11:29:41.000000000,2026-04-08 11:29:11.000000000,0.0,102.71934685895295,0.0,2.5,0.0,2.5,0.020833333333333332,0.0,False
1,0.0,320.6006811443548,4.007508514304435,80.0,9-N1-4-B-035101,Languedoc,Collège R.Parks,4,553,28053.333333333332,103039.9475400973,10400.52786970044,0.0,mercedes_ecitaro,Mercedes-Benz eCitaro,85.90583190751298,555.0,2026-04-08 11:31:01.000000000,2026-04-08 11:29:41.000000000,0.3206006811443548,103.0399475400973,14.427030651495967,10.40052786970044,0.0,10.40052786970044,0.23112284154889867,0.0,False
0,0.0,0.0,0.0,30.0,9-N1-4-B-035101,Collège R.Parks,Collège R.Parks,4,554,28083.333333333332,103039.9475400973,2500.0,0.0,mercedes_ecitaro,Mercedes-Benz eCitaro,85.90207815375922,555.0,2026-04-08 11:31:31.000000000,2026-04-08 11:31:01.000000000,0.0,103.0399475400973,0.0,2.5,0.0,2.5,0.020833333333333332,0.0,False
1,0.0,270.8261413947126,5.0152989147169,54.0,9-N1-4-B-035101,Collège R.Parks,Martinique,4,555,28137.333333333332,103310.77368149202,12553.382066466642,0.0,mercedes_ecitaro,Mercedes-Benz eCitaro,85.86815009412011,555.0,2026-04-08 11:32:25.000000000,2026-04-08 11:31:31.000000000,0.27082614139471256,103.31077368149202,18.05507609298084,12.553382066466641,0.0,12.553382066466641,0.18830073099699965,0.0,False
0,0.0,0.0,0.0,30.0,9-N1-4-B-035101,Martinique,Martinique,4,556,28167.333333333332,103310.77368149202,2500.0,0.0,mercedes_ecitaro,Mercedes-Benz eCitaro,85.86439634036637,555.0,2026-04-08 11:32:55.000000000,2026-04-08 11:32:25.000000000,0.0,103.31077368149202,0.0,2.5,0.0,2.5,0.020833333333333332,0.0,False
1,0.0,274.08690803195344,2.3227704070504527,118.0,9-N1-4-B-035101,Martinique,Etouvie Quai A,4,557,28285.333333333332,103584.86058952397,6988.977513860954,0.0,mercedes_ecitaro,Mercedes-Benz eCitaro,85.823120096791,555.0,2026-04-08 11:34:53.000000000,2026-04-08 11:32:55.000000000,0.27408690803195346,103.58486058952397,8.361973465381629,6.988977513860954,0.0,6.988977513860954,0.22908315184322015,0.0,False
1,0.0,241.9015249612658,4.319670088594032,56.0,9-N1-2-B-034901,Etouvie Quai A,Martinique,5,558,28341.333333333332,103826.76211448525,11056.821019198629,0.0,mercedes_ecitaro,Mercedes-Benz eCitaro,85.7921300078483,555.0,2026-04-08 11:35:49.000000000,2026-04-08 11:34:53.000000000,0.2419015249612658,103.82676211448525,15.550812318938515,11.05682101919863,0.0,11.05682101919863,0.17199499363197868,0.0,False
0,0.0,0.0,0.0,30.0,9-N1-2-B-034901,Martinique,Martinique,5,559,28371.333333333332,103826.76211448525,2500.0,0.0,mercedes_ecitaro,Mercedes-Benz eCitaro,85.78837625409456,555.0,2026-04-08 11:36:19.000000000,2026-04-08 11:35:49.000000000,0.0,103.82676211448525,0.0,2.5,0.0,2.5,0.020833333333333332,0.0,False
1,0.0,330.7630000086095,4.9367611941583505,67.0,9-N1-2-B-034901,Martinique,Collège R.Parks,5,560,28438.333333333332,104157.52511449385,12381.899008765697,0.0,mercedes_ecitaro,Mercedes-Benz eCitaro,85.74685537153263,555.0,2026-04-08 11:37:26.000000000,2026-04-08 11:36:19.000000000,0.3307630000086095,104.15752511449385,17.77234029897006,12.381899008765696,0.0,12.381899008765696,0.2304408982186949,0.0,False
0,0.0,0.0,0.0,30.0,9-N1-2-B-034901,Collège R.Parks,Collège R.Parks,5,561,28468.333333333332,104157.52511449385,2500.0,0.0,mercedes_ecitaro,Mercedes-Benz eCitaro,85.74310161777888,555.0,2026-04-08 11:37:56.000000000,2026-04-08 11:37:26.000000000,0.0,104.15752511449385,0.0,2.5,0.0,2.5,0.020833333333333332,0.0,False
1,0.0,296.81987678393193,4.01107941599908,74.0,9-N1-2-B-034901,Collège R.Parks,Languedoc,5,562,28542.333333333332,104454.34499127779,10407.985877821335,0.0,mercedes_ecitaro,Mercedes-Benz eCitaro,85.70455352193508,555.0,2026-04-08 11:39:10.000000000,2026-04-08 11:37:56.000000000,0.29681987678393196,104.4543449912778,14.439885897596689,10.407985877821334,0.0,10.407985877821334,0.2139419319329941,0.0,False
0,0.0,0.0,0.0,30.0,9-N1-2-B-034901,Languedoc,Languedoc,5,563,28572.333333333332,104454.34499127779,2500.0,0.0,mercedes_ecitaro,Mercedes-Benz eCitaro,85.70079976818134,555.0,2026-04-08 11:39:40.000000000,2026-04-08 11:39:10.000000000,0.0,104.4543449912778,0.0,2.5,0.0,2.5,0.020833333333333332,0.0,False
1,0.0,297.726462758007,5.316543977821554,56.0,9-N1-2-B-034901,Languedoc,Les coursives,5,564,28628.333333333332,104752.07145403579,13217.496071507208,0.0,mercedes_ecitaro,Mercedes-Benz eCitaro,85.66375373314608,555.0,2026-04-08 11:40:36.000000000,2026-04-08 11:39:40.000000000,0.297726462758007,104.75207145403579,19.139558320157594,13.217496071507208,0.0,13.217496071507208,0.2056054944456677,0.0,False
0,0.0,0.0,0.0,30.0,9-N1-2-B-034901,Les coursives,Les coursives,5,565,28658.333333333332,104752.07145403579,2500.0,0.0,mercedes_ecitaro,Mercedes-Benz eCitaro,85.65999997939232,555.0,2026-04-08 11:41:06.000000000,2026-04-08 11:40:36.000000000,0.0,104.75207145403579,0.0,2.5,0.0,2.5,0.020833333333333332,0.0,False
1,0.0,227.94980309080773,5.065551179795728,45.0,9-N1-2-B-034901,Les coursives,La Fontaine,5,566,28703.333333333332,104980.0212571266,12663.459214121442,0.0,mercedes_ecitaro,Mercedes-Benz eCitaro,85.63147867485601,555.0,2026-04-08 11:41:51.000000000,2026-04-08 11:41:06.000000000,0.22794980309080773,104.98002125712661,18.23598424726462,12.663459214121442,0.0,12.663459214121442,0.15829324017651802,0.0,False
0,0.0,0.0,0.0,30.0,9-N1-2-B-034901,La Fontaine,La Fontaine,5,567,28733.333333333332,104980.0212571266,2500.0,0.0,mercedes_ecitaro,Mercedes-Benz eCitaro,85.62772492110226,555.0,2026-04-08 11:42:21.000000000,2026-04-08 11:41:51.000000000,0.0,104.98002125712661,0.0,2.5,0.0,2.5,0.020833333333333332,0.0,False
1,0.0,278.8940733458619,4.572033989276425,61.0,9-N1-2-B-034901,La Fontaine,Place la Barre,5,568,28794.333333333332,105258.91533047246,11594.0864387973,0.0,mercedes_ecitaro,Mercedes-Benz eCitaro,85.59232756010293,555.0,2026-04-08 11:43:22.000000000,2026-04-08 11:42:21.000000000,0.2788940733458619,105.25891533047246,16.459322361395127,11.5940864387973,0.0,11.5940864387973,0.19645535354628757,0.0,False
0,0.0,0.0,0.0,30.0,9-N1-2-B-034901,Place la Barre,Place la Barre,5,569,28824.333333333332,105258.91533047246,2500.0,0.0,mercedes_ecitaro,Mercedes-Benz eCitaro,85.58857380634917,555.0,2026-04-08 11:43:52.000000000,2026-04-08 11:43:22.000000000,0.0,105.25891533047246,0.0,2.5,0.0,2.5,0.020833333333333332,0.0,False
1,0.0,552.9827646282706,5.882795368385858,94.0,9-N1-2-B-034901,Place la Barre,Sully,5,570,28918.333333333332,105811.89809510073,14494.837120605796,0.0,mercedes_ecitaro,Mercedes-Benz eCitaro,85.52037987795393,555.0,2026-04-08 11:45:26.000000000,2026-04-08 11:43:52.000000000,0.5529827646282706,105.81189809510073,21.178063326189086,14.494837120605796,0.0,14.494837120605796,0.37847630259359577,0.0,False
0,0.0,0.0,0.0,30.0,9-N1-2-B-034901,Sully,Sully,5,571,28948.333333333332,105811.89809510073,2500.0,0.0,mercedes_ecitaro,Mercedes-Benz eCitaro,85.51662612420017,555.0,2026-04-08 11:45:56.000000000,2026-04-08 11:45:26.000000000,0.0,105.81189809510073,0.0,2.5,0.0,2.5,0.020833333333333332,0.0,False
1,0.0,541.2636534432309,5.820039284335816,93.0,9-N1-2-B-034901,Sully,Espace Alliance,5,572,29041.333333333332,106353.16174854395,14351.314697241989,0.0,mercedes_ecitaro,Mercedes-Benz eCitaro,85.44982571044424,555.0,2026-04-08 11:47:29.000000000,2026-04-08 11:45:56.000000000,0.5412636534432308,106.35316174854395,20.952141423608936,14.351314697241989,0.0,14.351314697241989,0.37074229634541805,0.0,False
0,0.0,0.0,0.0,30.0,9-N1-2-B-034901,Espace Alliance,Espace Alliance,5,573,29071.333333333332,106353.16174854395,2500.0,0.0,mercedes_ecitaro,Mercedes-Benz eCitaro,85.44607195669049,555.0,2026-04-08 11:47:59.000000000,2026-04-08 11:47:29.000000000,0.0,106.35316174854395,0.0,2.5,0.0,2.5,0.020833333333333332,0.0,False
1,0.0,306.8484114845754,5.789592669520291,53.0,9-N1-2-B-034901,Espace Alliance,Faubourg de Hem,5,574,29124.333333333332,106660.01016002853,14281.864401781007,0.0,mercedes_ecitaro,Mercedes-Benz eCitaro,85.40818713120028,555.0,2026-04-08 11:48:52.000000000,2026-04-08 11:47:59.000000000,0.3068484114845754,106.66001016002852,20.842533610273048,14.281864401781007,0.0,14.281864401781007,0.21026078147066482,0.0,False
0,0.0,0.0,0.0,30.0,9-N1-2-B-034901,Faubourg de Hem,Faubourg de Hem,5,575,29154.333333333332,106660.01016002853,2500.0,0.0,mercedes_ecitaro,Mercedes-Benz eCitaro,85.40443337744652,555.0,2026-04-08 11:49:22.000000000,2026-04-08 11:48:52.000000000,0.0,106.66001016002852,0.0,2.5,0.0,2.5,0.020833333333333332,0.0,False
1,0.0,296.4471853943004,7.058266318911914,42.0,9-N1-2-B-034901,Faubourg de Hem,Egl. St-Firmin,5,576,29196.333333333332,106956.45734542282,17282.560219061117,0.0,mercedes_ecitaro,Mercedes-Benz eCitaro,85.36810367128034,555.0,2026-04-08 11:50:04.000000000,2026-04-08 11:49:22.000000000,0.29644718539430037,106.95645734542282,25.409758748082893,17.282560219061118,0.0,17.282560219061118,0.20162986922237972,0.0,False
0,0.0,0.0,0.0,30.0,9-N1-2-B-034901,Egl. St-Firmin,Egl. St-Firmin,5,577,29226.333333333332,106956.45734542282,2500.0,0.0,mercedes_ecitaro,Mercedes-Benz eCitaro,85.36434991752658,555.0,2026-04-08 11:50:34.000000000,2026-04-08 11:50:04.000000000,0.0,106.95645734542282,0.0,2.5,0.0,2.5,0.020833333333333332,0.0,False
1,0.0,397.9625757415526,7.106474566813439,56.0,9-N1-2-B-034901,Egl. St-Firmin,Zoo d'Amiens,5,578,29282.333333333332,107354.41992116437,17401.196362585695,0.0,mercedes_ecitaro,Mercedes-Benz eCitaro,85.3155777955894,555.0,2026-04-08 11:51:30.000000000,2026-04-08 11:50:34.000000000,0.3979625757415526,107.35441992116438,25.58330844052838,17.401196362585694,0.0,17.401196362585694,0.270685276751333,0.0,False
0,0.0,0.0,0.0,30.0,9-N1-2-B-034901,Zoo d'Amiens,Zoo d'Amiens,5,579,29312.333333333332,107354.41992116437,2500.0,0.0,mercedes_ecitaro,Mercedes-Benz eCitaro,85.31182404183565,555.0,2026-04-08 11:52:00.000000000,2026-04-08 11:51:30.000000000,0.0,107.35441992116438,0.0,2.5,0.0,2.5,0.020833333333333332,0.0,False
1,0.0,387.76459722543666,6.924367807597084,56.0,9-N1-2-B-034901,Zoo d'Amiens,Jean Jaurès,5,580,29368.333333333332,107742.18451838981,16954.920605978714,0.0,mercedes_ecitaro,Mercedes-Benz eCitaro,85.2643027428399,555.0,2026-04-08 11:52:56.000000000,2026-04-08 11:52:00.000000000,0.38776459722543666,107.7421845183898,24.9277241073495,16.954920605978714,0.0,16.954920605978714,0.26374320942633556,0.0,False
0,0.0,0.0,0.0,30.0,9-N1-2-B-034901,Jean Jaurès,Jean Jaurès,5,581,29398.333333333332,107742.18451838981,2500.0,0.0,mercedes_ecitaro,Mercedes-Benz eCitaro,85.26054898908616,555.0,2026-04-08 11:53:26.000000000,2026-04-08 11:52:56.000000000,0.0,107.7421845183898,0.0,2.5,0.0,2.5,0.020833333333333332,0.0,False
1,0.0,353.81886733206454,6.675827685510652,53.0,9-N1-2-B-034901,Jean Jaurès,Saint-Jacques,5,582,29451.333333333332,108096.00338572188,16353.911877036153,0.0,mercedes_ecitaro,Mercedes-Benz eCitaro,85.21716774136428,555.0,2026-04-08 11:54:19.000000000,2026-04-08 11:53:26.000000000,0.3538188673320645,108.09600338572189,24.032979667838347,16.353911877036154,0.0,16.353911877036154,0.24076592485636555,0.0,False
0,0.0,0.0,0.0,30.0,9-N1-2-B-034901,Saint-Jacques,Saint-Jacques,5,583,29481.333333333332,108096.00338572188,2500.0,0.0,mercedes_ecitaro,Mercedes-Benz eCitaro,85.21341398761054,555.0,2026-04-08 11:54:49.000000000,2026-04-08 11:54:19.000000000,0.0,108.09600338572189,0.0,2.5,0.0,2.5,0.020833333333333332,0.0,False
1,0.0,242.8037375118653,7.35768901551107,33.0,9-N1-2-B-034901,Saint-Jacques,M. Culture A,5,584,29514.333333333332,108338.80712323374,18025.307499846742,0.0,mercedes_ecitaro,Mercedes-Benz eCitaro,85.18364245870688,555.0,2026-04-08 11:55:22.000000000,2026-04-08 11:54:49.000000000,0.24280373751186532,108.33880712323374,26.487680455839854,18.025307499846743,0.0,18.025307499846743,0.16523198541526182,0.0,False
0,0.0,0.0,0.0,30.0,9-N1-2-B-034901,M. Culture A,M. Culture A,5,585,29544.333333333332,108338.80712323374,2500.0,0.0,mercedes_ecitaro,Mercedes-Benz eCitaro,85.17988870495313,555.0,2026-04-08 11:55:52.000000000,2026-04-08 11:55:22.000000000,0.0,108.33880712323374,0.0,2.5,0.0,2.5,0.020833333333333332,0.0,False
1,0.0,296.74165114956037,2.472847092913003,120.0,9-N1-2-B-034901,M. Culture A,Hôtel de Ville,5,586,29664.333333333332,108635.5487743833,7285.495885312494,0.0,mercedes_ecitaro,Mercedes-Benz eCitaro,85.13613197290921,555.0,2026-04-08 11:57:52.000000000,2026-04-08 11:55:52.000000000,0.29674165114956036,108.6355487743833,8.90224953448681,7.285495885312494,0.0,7.285495885312494,0.24284986284374976,0.0,False
0,0.0,0.0,0.0,30.0,9-N1-2-B-034901,Hôtel de Ville,Hôtel de Ville,5,587,29694.333333333332,108635.5487743833,2500.0,0.0,mercedes_ecitaro,Mercedes-Benz eCitaro,85.13237821915546,555.0,2026-04-08 11:58:22.000000000,2026-04-08 11:57:52.000000000,0.0,108.6355487743833,0.0,2.5,0.0,2.5,0.020833333333333332,0.0,False
1,0.0,228.2941059416939,4.005159753363051,57.0,9-N1-2-B-034901,Hôtel de Ville,Jacobins,5,588,29751.333333333332,108863.84288032498,10395.62297288138,0.0,mercedes_ecitaro,Mercedes-Benz eCitaro,85.10272103650009,555.0,2026-04-08 11:59:19.000000000,2026-04-08 11:58:22.000000000,0.22829410594169391,108.86384288032498,14.418575112106984,10.39562297288138,0.0,10.39562297288138,0.16459736373728853,0.0,False
0,0.0,0.0,0.0,30.0,9-N1-2-B-034901,Jacobins,Jacobins,5,589,29781.333333333332,108863.84288032498,2500.0,0.0,mercedes_ecitaro,Mercedes-Benz eCitaro,85.09896728274633,555.0,2026-04-08 11:59:49.000000000,2026-04-08 11:59:19.000000000,0.0,108.86384288032498,0.0,2.5,0.0,2.5,0.020833333333333332,0.0,False
1,0.0,326.11241962366006,4.026079254613087,81.0,9-N1-2-B-034901,Jacobins,Emile Zola,5,590,29862.333333333332,109189.95529994865,10439.32601398859,0.0,mercedes_ecitaro,Mercedes-Benz eCitaro,85.05664569079772,555.0,2026-04-08 12:01:10.000000000,2026-04-08 11:59:49.000000000,0.32611241962366005,109.18995529994865,14.493885316607114,10.43932601398859,0.0,10.43932601398859,0.23488483531474327,0.0,False
0,0.0,0.0,0.0,30.0,9-N1-2-B-034901,Emile Zola,Emile Zola,5,591,29892.333333333332,109189.95529994865,2500.0,0.0,mercedes_ecitaro,Mercedes-Benz eCitaro,85.05289193704397,555.0,2026-04-08 12:01:40.000000000,2026-04-08 12:01:10.000000000,0.0,109.18995529994865,0.0,2.5,0.0,2.5,0.020833333333333332,0.0,False
1,0.0,355.48637357572056,2.1943603307143245,162.0,9-N1-2-B-034901,Emile Zola,Gare du Nord B,5,592,30054.333333333332,109545.44167352437,6736.177798628873,0.0,mercedes_ecitaro,Mercedes-Benz eCitaro,84.99827427921726,555.0,2026-04-08 12:04:22.000000000,2026-04-08 12:01:40.000000000,0.35548637357572055,109.54544167352437,7.899697190571568,6.736177798628873,0.0,6.736177798628873,0.3031280009382993,0.0,False
0,0.0,0.0,0.0,30.0,9-N1-2-B-034901,Gare du Nord B,Gare du Nord B,5,593,30084.333333333332,109545.44167352437,2500.0,0.0,mercedes_ecitaro,Mercedes-Benz eCitaro,84.9945205254635,555.0,2026-04-08 12:04:52.000000000,2026-04-08 12:04:22.000000000,0.0,109.54544167352437,0.0,2.5,0.0,2.5,0.020833333333333332,0.0,False
1,0.0,368.1948881034494,3.95908481831666,93.0,9-N1-2-B-034901,Gare du Nord B,Caserne Dejean,5,594,30177.333333333332,109913.63656162782,10299.502354459812,0.0,mercedes_ecitaro,Mercedes-Benz eCitaro,84.94657989888869,555.0,2026-04-08 12:06:25.000000000,2026-04-08 12:04:52.000000000,0.3681948881034494,109.91363656162783,14.252705345939976,10.299502354459811,0.0,10.299502354459811,0.2660704774902118,0.0,False
0,0.0,0.0,0.0,30.0,9-N1-2-B-034901,Caserne Dejean,Caserne Dejean,5,595,30207.333333333332,109913.63656162782,2500.0,0.0,mercedes_ecitaro,Mercedes-Benz eCitaro,84.94282614513493,555.0,2026-04-08 12:06:55.000000000,2026-04-08 12:06:25.000000000,0.0,109.91363656162783,0.0,2.5,0.0,2.5,0.020833333333333332,0.0,False
1,0.0,355.3755273513469,3.862777471210292,92.0,9-N1-2-B-034901,Caserne Dejean,Pinceau,5,596,30299.333333333332,110269.01208897917,10099.178424665342,0.0,mercedes_ecitaro,Mercedes-Benz eCitaro,84.896323421658,555.0,2026-04-08 12:08:27.000000000,2026-04-08 12:06:55.000000000,0.35537552735134686,110.26901208897917,13.905998896357051,10.099178424665343,0.0,10.099178424665343,0.2580901152970032,0.0,False
0,0.0,0.0,0.0,30.0,9-N1-2-B-034901,Pinceau,Pinceau,5,597,30329.333333333332,110269.01208897917,2500.0,0.0,mercedes_ecitaro,Mercedes-Benz eCitaro,84.89256966790424,555.0,2026-04-08 12:08:57.000000000,2026-04-08 12:08:27.000000000,0.0,110.26901208897917,0.0,2.5,0.0,2.5,0.020833333333333332,0.0,False
1,0.0,447.05548624280317,3.8874390108069843,115.0,9-N1-2-B-034901,Pinceau,L. de Luzarches,5,598,30444.333333333332,110716.06757522197,10150.400279848174,0.0,mercedes_ecitaro,Mercedes-Benz eCitaro,84.83414644307028,555.0,2026-04-08 12:10:52.000000000,2026-04-08 12:08:57.000000000,0.44705548624280317,110.71606757522197,13.994780438905144,10.150400279848174,0.0,10.150400279848174,0.3242488978284834,0.0,False
0,0.0,0.0,0.0,30.0,9-N1-2-B-034901,L. de Luzarches,L. de Luzarches,5,599,30474.333333333332,110716.06757522197,2500.0,0.0,mercedes_ecitaro,Mercedes-Benz eCitaro,84.83039268931653,555.0,2026-04-08 12:11:22.000000000,2026-04-08 12:10:52.000000000,0.0,110.71606757522197,0.0,2.5,0.0,2.5,0.020833333333333332,0.0,False
1,0.0,324.8685267650074,8.121713169125185,40.0,9-N1-2-B-034901,L. de Luzarches,Egl. St-Acheul,5,600,30514.333333333332,111040.93610198698,19987.224845856923,0.0,mercedes_ecitaro,Mercedes-Benz eCitaro,84.79037822516065,555.0,2026-04-08 12:12:02.000000000,2026-04-08 12:11:22.000000000,0.3248685267650074,111.04093610198699,29.238167408850664,19.98722484585692,0.0,19.98722484585692,0.2220802760650769,0.0,False
0,0.0,0.0,0.0,30.0,9-N1-2-B-034901,Egl. St-Acheul,Egl. St-Acheul,5,601,30544.333333333332,111040.93610198698,2500.0,0.0,mercedes_ecitaro,Mercedes-Benz eCitaro,84.7866244714069,555.0,2026-04-08 12:12:32.000000000,2026-04-08 12:12:02.000000000,0.0,111.04093610198699,0.0,2.5,0.0,2.5,0.020833333333333332,0.0,False
1,0.0,451.79666905185246,8.214484891851862,55.0,9-N1-2-B-034901,Egl. St-Acheul,Mercey,5,602,30599.333333333332,111492.73277103883,20232.30889370291,0.0,mercedes_ecitaro,Mercedes-Benz eCitaro,84.73092992740521,555.0,2026-04-08 12:13:27.000000000,2026-04-08 12:12:32.000000000,0.45179666905185245,111.49273277103883,29.572145610666706,20.23230889370291,0.0,20.23230889370291,0.30910471920935007,0.0,False
0,0.0,0.0,0.0,30.0,9-N1-2-B-034901,Mercey,Mercey,5,603,30629.333333333332,111492.73277103883,2500.0,0.0,mercedes_ecitaro,Mercedes-Benz eCitaro,84.72717617365146,555.0,2026-04-08 12:13:57.000000000,2026-04-08 12:13:27.000000000,0.0,111.49273277103883,0.0,2.5,0.0,2.5,0.020833333333333332,0.0,False
1,0.0,481.8036462949089,8.166163496523879,59.0,9-N1-2-B-034901,Mercey,Sobo,5,604,30688.333333333332,111974.53641733374,20104.461940156947,0.0,mercedes_ecitaro,Mercedes-Benz eCitaro,84.66780864339773,555.0,2026-04-08 12:14:56.000000000,2026-04-08 12:13:57.000000000,0.4818036462949089,111.97453641733374,29.398188587485965,20.10446194015695,0.0,20.10446194015695,0.32948979290812774,0.0,False
0,0.0,0.0,0.0,30.0,9-N1-2-B-034901,Sobo,Sobo,5,605,30718.333333333332,111974.53641733374,2500.0,0.0,mercedes_ecitaro,Mercedes-Benz eCitaro,84.66405488964398,555.0,2026-04-08 12:15:26.000000000,2026-04-08 12:14:56.000000000,0.0,111.97453641733374,0.0,2.5,0.0,2.5,0.020833333333333332,0.0,False
1,0.0,707.5852717526406,8.22773571805396,86.0,9-N1-2-B-034901,Sobo,Pont de l'Avre,5,606,30804.333333333332,112682.12168908639,20267.440548072263,0.0,mercedes_ecitaro,Mercedes-Benz eCitaro,84.57681765805569,555.0,2026-04-08 12:16:52.000000000,2026-04-08 12:15:26.000000000,0.7075852717526405,112.68212168908639,29.61984858499426,20.267440548072262,0.0,20.267440548072262,0.4841666353150596,0.0,False
0,0.0,0.0,0.0,30.0,9-N1-2-B-034901,Pont de l'Avre,Pont de l'Avre,5,607,30834.333333333332,112682.12168908639,2500.0,0.0,mercedes_ecitaro,Mercedes-Benz eCitaro,84.57306390430193,555.0,2026-04-08 12:17:22.000000000,2026-04-08 12:16:52.000000000,0.0,112.68212168908639,0.0,2.5,0.0,2.5,0.020833333333333332,0.0,False
1,0.0,296.6141068969825,7.062240640404345,42.0,9-N1-2-B-034901,Pont de l'Avre,Cité du Château,5,608,30876.333333333332,112978.73579598338,17292.32707664838,0.0,mercedes_ecitaro,Mercedes-Benz eCitaro,84.53671366720387,555.0,2026-04-08 12:18:04.000000000,2026-04-08 12:17:22.000000000,0.2966141068969825,112.97873579598337,25.424066305455643,17.29232707664838,0.0,17.29232707664838,0.20174381589423113,0.0,False
0,0.0,0.0,0.0,30.0,9-N1-2-B-034901,Cité du Château,Cité du Château,5,609,30906.333333333332,112978.73579598338,2500.0,0.0,mercedes_ecitaro,Mercedes-Benz eCitaro,84.53295991345011,555.0,2026-04-08 12:18:34.000000000,2026-04-08 12:18:04.000000000,0.0,112.97873579598337,0.0,2.5,0.0,2.5,0.020833333333333332,0.0,False
1,0.0,332.9543642312839,6.936549254818414,48.0,9-N1-2-B-034901,Cité du Château,La Rose Rouge,5,610,30954.333333333332,113311.69016021465,16984.614749484874,0.0,mercedes_ecitaro,Mercedes-Benz eCitaro,84.49215603417207,555.0,2026-04-08 12:19:22.000000000,2026-04-08 12:18:34.000000000,0.3329543642312839,113.31169016021465,24.97157731734629,16.984614749484873,0.0,16.984614749484873,0.22646152999313165,0.0,False
0,0.0,0.0,0.0,30.0,9-N1-2-B-034901,La Rose Rouge,La Rose Rouge,5,611,30984.333333333332,113311.69016021465,2500.0,0.0,mercedes_ecitaro,Mercedes-Benz eCitaro,84.48840228041831,555.0,2026-04-08 12:19:52.000000000,2026-04-08 12:19:22.000000000,0.0,113.31169016021465,0.0,2.5,0.0,2.5,0.020833333333333332,0.0,False
1,0.0,225.1396338173497,7.262568832817732,31.0,9-N1-2-B-034901,La Rose Rouge,Poidevin,5,612,31015.333333333332,113536.829794032,17787.818516889005,0.0,mercedes_ecitaro,Mercedes-Benz eCitaro,84.46080356299973,555.0,2026-04-08 12:20:23.000000000,2026-04-08 12:19:52.000000000,0.2251396338173497,113.536829794032,26.145247798143835,17.787818516889004,0.0,17.787818516889004,0.1531728816732109,0.0,False
0,0.0,0.0,0.0,30.0,9-N1-2-B-034901,Poidevin,Poidevin,5,613,31045.333333333332,113536.829794032,2500.0,0.0,mercedes_ecitaro,Mercedes-Benz eCitaro,84.45704980924597,555.0,2026-04-08 12:20:53.000000000,2026-04-08 12:20:23.000000000,0.0,113.536829794032,0.0,2.5,0.0,2.5,0.020833333333333332,0.0,False
1,0.0,314.5014195772681,7.147759535847002,44.0,9-N1-2-B-034901,Poidevin,M. de Longueau,5,614,31089.333333333332,113851.33121360927,17503.08167993473,0.0,mercedes_ecitaro,Mercedes-Benz eCitaro,84.4185044842251,555.0,2026-04-08 12:21:37.000000000,2026-04-08 12:20:53.000000000,0.3145014195772681,113.85133121360927,25.731934329049206,17.50308167993473,0.0,17.50308167993473,0.21392655386586892,0.0,False
0,0.0,0.0,0.0,30.0,9-N1-2-B-034901,M. de Longueau,M. de Longueau,5,615,31119.333333333332,113851.33121360927,2500.0,0.0,mercedes_ecitaro,Mercedes-Benz eCitaro,84.41475073047134,555.0,2026-04-08 12:22:07.000000000,2026-04-08 12:21:37.000000000,0.0,113.85133121360927,0.0,2.5,0.0,2.5,0.020833333333333332,0.0,False
1,0.0,256.63398574137216,6.936053668685734,37.0,9-N1-2-B-034901,M. de Longueau,La Fourche,5,616,31156.333333333332,114107.96519935064,16983.406243795107,0.0,mercedes_ecitaro,Mercedes-Benz eCitaro,84.38329997816801,555.0,2026-04-08 12:22:44.000000000,2026-04-08 12:22:07.000000000,0.25663398574137214,114.10796519935064,24.96979320726864,16.983406243795105,0.0,16.983406243795105,0.17455167528344973,0.0,False
0,0.0,0.0,0.0,30.0,9-N1-2-B-034901,La Fourche,La Fourche,5,617,31186.333333333332,114107.96519935064,2500.0,0.0,mercedes_ecitaro,Mercedes-Benz eCitaro,84.37954622441426,555.0,2026-04-08 12:23:14.000000000,2026-04-08 12:22:44.000000000,0.0,114.10796519935064,0.0,2.5,0.0,2.5,0.020833333333333332,0.0,False
1,0.0,651.0902221706201,6.643777777251225,98.0,9-N1-2-B-034901,La Fourche,Croix de Fer,5,618,31284.333333333332,114759.05542152126,16277.07312975203,0.0,mercedes_ecitaro,Mercedes-Benz eCitaro,84.29970872858264,555.0,2026-04-08 12:24:52.000000000,2026-04-08 12:23:14.000000000,0.6510902221706201,114.75905542152127,23.91759999810441,16.27707312975203,0.0,16.27707312975203,0.44309810186547194,0.0,False
0,0.0,0.0,0.0,30.0,9-N1-2-B-034901,Croix de Fer,Croix de Fer,5,619,31314.333333333332,114759.05542152126,2500.0,0.0,mercedes_ecitaro,Mercedes-Benz eCitaro,84.29595497482889,555.0,2026-04-08 12:25:22.000000000,2026-04-08 12:24:52.000000000,0.0,114.75905542152127,0.0,2.5,0.0,2.5,0.020833333333333332,0.0,False
1,0.0,703.41712703917,4.953641739712465,142.0,9-N1-2-B-034901,Croix de Fer,C. Cial Glisy,5,620,31456.333333333332,115462.47254856043,12418.700315873617,0.0,mercedes_ecitaro,Mercedes-Benz eCitaro,84.2076939415529,555.0,2026-04-08 12:27:44.000000000,2026-04-08 12:25:22.000000000,0.70341712703917,115.46247254856043,17.833110262964873,12.418700315873616,0.0,12.418700315873616,0.48984873468168155,0.0,False
0,0.0,0.0,0.0,30.0,9-N1-2-B-034901,C. Cial Glisy,C. Cial Glisy,5,621,31486.333333333332,115462.47254856043,2500.0,0.0,mercedes_ecitaro,Mercedes-Benz eCitaro,84.20394018779915,555.0,2026-04-08 12:28:14.000000000,2026-04-08 12:27:44.000000000,0.0,115.46247254856043,0.0,2.5,0.0,2.5,0.020833333333333332,0.0,False
1,0.0,136.72688382470434,4.883102993739441,28.0,9-N1-2-B-034901,C. Cial Glisy,Capitaine Nemo,5,622,31514.333333333332,115599.19943238514,12265.122289306848,0.0,mercedes_ecitaro,Mercedes-Benz eCitaro,84.18675182823456,555.0,2026-04-08 12:28:42.000000000,2026-04-08 12:28:14.000000000,0.13672688382470435,115.59919943238513,17.57917077746199,12.265122289306849,0.0,12.265122289306849,0.0953953955834977,0.0,False
0,0.0,0.0,0.0,30.0,9-N1-2-B-034901,Capitaine Nemo,Capitaine Nemo,5,623,31544.333333333332,115599.19943238514,2500.0,0.0,mercedes_ecitaro,Mercedes-Benz eCitaro,84.1829980744808,555.0,2026-04-08 12:29:12.000000000,2026-04-08 12:28:42.000000000,0.0,115.59919943238513,0.0,2.5,0.0,2.5,0.020833333333333332,0.0,False
1,0.0,323.4478124594319,2.488060095841784,130.0,9-N1-2-B-034901,Capitaine Nemo,Pôle J. Verne,5,624,31674.333333333332,115922.64724484457,7315.620110681674,0.0,mercedes_ecitaro,Mercedes-Benz eCitaro,84.13539894463152,555.0,2026-04-08 12:31:22.000000000,2026-04-08 12:29:12.000000000,0.3234478124594319,115.92264724484457,8.957016345030421,7.3156201106816745,0.0,7.3156201106816745,0.26417517066350493,0.0,False
0,0.0,0.0,0.0,30.0,9-N1-2-B-034901,Pôle J. Verne,Pôle J. Verne,5,625,31704.333333333332,115922.64724484457,2500.0,0.0,mercedes_ecitaro,Mercedes-Benz eCitaro,84.13164519087778,555.0,2026-04-08 12:31:52.000000000,2026-04-08 12:31:22.000000000,0.0,115.92264724484457,0.0,2.5,0.0,2.5,0.020833333333333332,0.0,False
1,0.0,334.0181708930427,4.7044812801837,71.0,9-N1-4-B-035101,Pôle J. Verne,Capitaine Nemo,5,626,31775.333333333332,116256.66541573762,11878.580971251235,0.0,mercedes_ecitaro,Mercedes-Benz eCitaro,84.08943401725621,555.0,2026-04-08 12:33:03.000000000,2026-04-08 12:31:52.000000000,0.3340181708930427,116.25666541573761,16.93613260866132,11.878580971251235,0.0,11.878580971251235,0.23427201359967714,0.0,False
0,0.0,0.0,0.0,30.0,9-N1-4-B-035101,Capitaine Nemo,Capitaine Nemo,5,627,31805.333333333332,116256.66541573762,2500.0,0.0,mercedes_ecitaro,Mercedes-Benz eCitaro,84.08568026350245,555.0,2026-04-08 12:33:33.000000000,2026-04-08 12:33:03.000000000,0.0,116.25666541573761,0.0,2.5,0.0,2.5,0.020833333333333332,0.0,False
1,0.0,122.91799931516653,5.8532380626269775,21.0,9-N1-4-B-035101,Capitaine Nemo,C. Cial Glisy,5,628,31826.333333333332,116379.58341505278,14427.177180198683,0.0,mercedes_ecitaro,Mercedes-Benz eCitaro,84.0705165637635,555.0,2026-04-08 12:33:54.000000000,2026-04-08 12:33:33.000000000,0.12291799931516653,116.37958341505278,21.07165702545712,14.427177180198683,0.0,14.427177180198683,0.08415853355115899,0.0,False
0,0.0,0.0,0.0,30.0,9-N1-4-B-035101,C. Cial Glisy,C. Cial Glisy,5,629,31856.333333333332,116379.58341505278,2500.0,0.0,mercedes_ecitaro,Mercedes-Benz eCitaro,84.06676281000975,555.0,2026-04-08 12:34:24.000000000,2026-04-08 12:33:54.000000000,0.0,116.37958341505278,0.0,2.5,0.0,2.5,0.020833333333333332,0.0,False
1,0.0,685.9620842301216,4.6664087362593305,147.0,9-N1-4-B-035101,C. Cial Glisy,Croix de Fer,5,630,32003.333333333332,117065.5454992829,11796.619365870161,0.0,mercedes_ecitaro,Mercedes-Benz eCitaro,83.97997086572632,555.0,2026-04-08 12:36:51.000000000,2026-04-08 12:34:24.000000000,0.6859620842301216,117.0655454992829,16.79907145053359,11.79661936587016,0.0,11.79661936587016,0.4816952907730316,0.0,False
0,0.0,0.0,0.0,30.0,9-N1-4-B-035101,Croix de Fer,Croix de Fer,5,631,32033.333333333332,117065.5454992829,2500.0,0.0,mercedes_ecitaro,Mercedes-Benz eCitaro,83.97621711197256,555.0,2026-04-08 12:37:21.000000000,2026-04-08 12:36:51.000000000,0.0,117.0655454992829,0.0,2.5,0.0,2.5,0.020833333333333332,0.0,False
1,0.0,746.5227463047001,6.912247650969446,108.0,9-N1-4-B-035101,Croix de Fer,La Fourche,5,632,32141.333333333332,117812.06824558761,16925.39814763343,0.0,mercedes_ecitaro,Mercedes-Benz eCitaro,83.88472847333671,555.0,2026-04-08 12:39:09.000000000,2026-04-08 12:37:21.000000000,0.7465227463047002,117.81206824558761,24.88409154349001,16.92539814763343,0.0,16.92539814763343,0.5077619444290029,0.0,False
0,0.0,0.0,0.0,30.0,9-N1-4-B-035101,La Fourche,La Fourche,5,633,32171.333333333332,117812.06824558761,2500.0,0.0,mercedes_ecitaro,Mercedes-Benz eCitaro,83.88097471958295,555.0,2026-04-08 12:39:39.000000000,2026-04-08 12:39:09.000000000,0.0,117.81206824558761,0.0,2.5,0.0,2.5,0.020833333333333332,0.0,False
1,0.0,236.45430499839583,7.38919703119987,32.0,9-N1-4-B-035101,La Fourche,M. de Longueau,5,634,32203.333333333332,118048.522550586,18104.29412886066,0.0,mercedes_ecitaro,Mercedes-Benz eCitaro,83.8519788531103,555.0,2026-04-08 12:40:11.000000000,2026-04-08 12:39:39.000000000,0.23645430499839581,118.048522550586,26.60110931231953,18.10429412886066,0.0,18.10429412886066,0.16092705892320586,0.0,False
0,0.0,0.0,0.0,30.0,9-N1-4-B-035101,M. de Longueau,M. de Longueau,5,635,32233.333333333332,118048.522550586,2500.0,0.0,mercedes_ecitaro,Mercedes-Benz eCitaro,83.84822509935654,555.0,2026-04-08 12:40:41.000000000,2026-04-08 12:40:11.000000000,0.0,118.048522550586,0.0,2.5,0.0,2.5,0.020833333333333332,0.0,False
1,0.0,238.2314886825274,7.219136020682649,33.0,9-N1-4-B-035101,M. de Longueau,Poidevin,5,636,32266.333333333332,118286.75403926853,17679.857275640912,0.0,mercedes_ecitaro,Mercedes-Benz eCitaro,83.81902413388627,555.0,2026-04-08 12:41:14.000000000,2026-04-08 12:40:41.000000000,0.23823148868252741,118.28675403926853,25.98888967445754,17.679857275640913,0.0,17.679857275640913,0.1620653583600417,0.0,False
0,0.0,0.0,0.0,30.0,9-N1-4-B-035101,Poidevin,Poidevin,5,637,32296.333333333332,118286.75403926853,2500.0,0.0,mercedes_ecitaro,Mercedes-Benz eCitaro,83.81527038013252,555.0,2026-04-08 12:41:44.000000000,2026-04-08 12:41:14.000000000,0.0,118.28675403926853,0.0,2.5,0.0,2.5,0.020833333333333332,0.0,False
1,0.0,283.0530932557657,7.257771621942711,39.0,9-N1-4-B-035101,Poidevin,La Rose Rouge,5,638,32335.333333333332,118569.80713252429,17775.879384511274,0.0,mercedes_ecitaro,Mercedes-Benz eCitaro,83.78057271767025,555.0,2026-04-08 12:42:23.000000000,2026-04-08 12:41:44.000000000,0.2830530932557657,118.56980713252429,26.127977838993758,17.775879384511274,0.0,17.775879384511274,0.1925720266655388,0.0,False
0,0.0,0.0,0.0,30.0,9-N1-4-B-035101,La Rose Rouge,La Rose Rouge,5,639,32365.333333333332,118569.80713252429,2500.0,0.0,mercedes_ecitaro,Mercedes-Benz eCitaro,83.7768189639165,555.0,2026-04-08 12:42:53.000000000,2026-04-08 12:42:23.000000000,0.0,118.56980713252429,0.0,2.5,0.0,2.5,0.020833333333333332,0.0,False
1,0.0,382.52636844861735,7.356276316319565,52.0,9-N1-4-B-035101,La Rose Rouge,Cité du Château,5,640,32417.333333333332,118952.3335009729,18021.769783997195,0.0,mercedes_ecitaro,Mercedes-Benz eCitaro,83.72991545897317,555.0,2026-04-08 12:43:45.000000000,2026-04-08 12:42:53.000000000,0.38252636844861737,118.95233350097291,26.482594738750432,18.021769783997197,0.0,18.021769783997197,0.26031445243551504,0.0,False
0,0.0,0.0,0.0,30.0,9-N1-4-B-035101,Cité du Château,Cité du Château,5,641,32447.333333333332,118952.3335009729,2500.0,0.0,mercedes_ecitaro,Mercedes-Benz eCitaro,83.72616170521941,555.0,2026-04-08 12:44:15.000000000,2026-04-08 12:43:45.000000000,0.0,118.95233350097291,0.0,2.5,0.0,2.5,0.020833333333333332,0.0,False
1,0.0,259.04003764462647,7.195556601239624,36.0,9-N1-4-B-035101,Cité du Château,Pont de l'Avre,5,642,32483.333333333332,119211.37353861752,17621.370476656775,0.0,mercedes_ecitaro,Mercedes-Benz eCitaro,83.69441148814435,555.0,2026-04-08 12:44:51.000000000,2026-04-08 12:44:15.000000000,0.25904003764462646,119.21137353861752,25.904003764462647,17.621370476656775,0.0,17.621370476656775,0.17621370476656775,0.0,False
0,0.0,0.0,0.0,30.0,9-N1-4-B-035101,Pont de l'Avre,Pont de l'Avre,5,643,32513.333333333332,119211.37353861752,2500.0,0.0,mercedes_ecitaro,Mercedes-Benz eCitaro,83.6906577343906,555.0,2026-04-08 12:45:21.000000000,2026-04-08 12:44:51.000000000,0.0,119.21137353861752,0.0,2.5,0.0,2.5,0.020833333333333332,0.0,False
1,0.0,778.6426370279388,6.655065273743067,117.0,9-N1-4-B-035101,Pont de l'Avre,Sobo,5,644,32630.333333333332,119990.01617564546,16304.11753685129,0.0,mercedes_ecitaro,Mercedes-Benz eCitaro,83.59518317223787,555.0,2026-04-08 12:47:18.000000000,2026-04-08 12:45:21.000000000,0.7786426370279388,119.99001617564547,23.95823498547504,16.30411753685129,0.0,16.30411753685129,0.529883819947667,0.0,False
0,0.0,0.0,0.0,30.0,9-N1-4-B-035101,Sobo,Sobo,5,645,32660.333333333332,119990.01617564546,2500.0,0.0,mercedes_ecitaro,Mercedes-Benz eCitaro,83.59142941848411,555.0,2026-04-08 12:47:48.000000000,2026-04-08 12:47:18.000000000,0.0,119.99001617564547,0.0,2.5,0.0,2.5,0.020833333333333332,0.0,False
1,0.0,494.86888000554234,6.598251733407231,75.0,9-N1-4-B-035101,Sobo,Mercey,5,646,32735.333333333332,120484.885055651,16168.181881260052,0.0,mercedes_ecitaro,Mercedes-Benz eCitaro,83.53073804505595,555.0,2026-04-08 12:49:03.000000000,2026-04-08 12:47:48.000000000,0.49486888000554236,120.484885055651,23.753706240266034,16.168181881260054,0.0,16.168181881260054,0.3368371225262511,0.0,False
0,0.0,0.0,0.0,30.0,9-N1-4-B-035101,Mercey,Mercey,5,647,32765.333333333332,120484.885055651,2500.0,0.0,mercedes_ecitaro,Mercedes-Benz eCitaro,83.5269842913022,555.0,2026-04-08 12:49:33.000000000,2026-04-08 12:49:03.000000000,0.0,120.484885055651,0.0,2.5,0.0,2.5,0.020833333333333332,0.0,False
1,0.0,443.51095510688015,6.71986295616485,66.0,9-N1-4-B-035101,Mercey,Egl. St-Acheul,5,648,32831.33333333333,120928.39601075788,16459.72967793986,0.0,mercedes_ecitaro,Mercedes-Benz eCitaro,83.47261281188558,555.0,2026-04-08 12:50:39.000000000,2026-04-08 12:49:33.000000000,0.44351095510688016,120.92839601075788,24.191506642193463,16.459729677939862,0.0,16.459729677939862,0.3017617107622308,0.0,False
0,0.0,0.0,0.0,30.0,9-N1-4-B-035101,Egl. St-Acheul,Egl. St-Acheul,5,649,32861.33333333333,120928.39601075788,2500.0,0.0,mercedes_ecitaro,Mercedes-Benz eCitaro,83.46885905813183,555.0,2026-04-08 12:51:09.000000000,2026-04-08 12:50:39.000000000,0.0,120.92839601075788,0.0,2.5,0.0,2.5,0.020833333333333332,0.0,False
1,0.0,277.40496861036326,6.604880205008649,42.0,9-N1-4-B-035101,Egl. St-Acheul,L. de Luzarches,5,650,32903.33333333333,121205.80097936824,16184.017525487165,0.0,mercedes_ecitaro,Mercedes-Benz eCitaro,83.43483860087105,555.0,2026-04-08 12:51:51.000000000,2026-04-08 12:51:09.000000000,0.27740496861036323,121.20580097936825,23.777568738031135,16.184017525487164,0.0,16.184017525487164,0.18881353779735024,0.0,False
0,0.0,0.0,0.0,30.0,9-N1-4-B-035101,L. de Luzarches,L. de Luzarches,5,651,32933.33333333333,121205.80097936824,2500.0,0.0,mercedes_ecitaro,Mercedes-Benz eCitaro,83.43108484711729,555.0,2026-04-08 12:52:21.000000000,2026-04-08 12:51:51.000000000,0.0,121.20580097936825,0.0,2.5,0.0,2.5,0.020833333333333332,0.0,False
1,0.0,343.1323580300078,3.855419753146155,89.0,9-N1-4-B-035101,L. de Luzarches,Pinceau,5,652,33022.33333333333,121548.93333739825,10083.906448902566,0.0,mercedes_ecitaro,Mercedes-Benz eCitaro,83.38616654511767,555.0,2026-04-08 12:53:50.000000000,2026-04-08 12:52:21.000000000,0.3431323580300078,121.54893333739825,13.879511111326158,10.083906448902566,0.0,10.083906448902566,0.249296576097869,0.0,False
0,0.0,0.0,0.0,30.0,9-N1-4-B-035101,Pinceau,Pinceau,5,653,33052.33333333333,121548.93333739825,2500.0,0.0,mercedes_ecitaro,Mercedes-Benz eCitaro,83.38241279136392,555.0,2026-04-08 12:54:20.000000000,2026-04-08 12:53:50.000000000,0.0,121.54893333739825,0.0,2.5,0.0,2.5,0.020833333333333332,0.0,False
1,0.0,405.8966158731125,3.793426316571145,107.0,9-N1-4-B-035101,Pinceau,Caserne Dejean,5,654,33159.33333333333,121954.82995327136,9955.410597282218,0.0,mercedes_ecitaro,Mercedes-Benz eCitaro,83.329098029907,555.0,2026-04-08 12:56:07.000000000,2026-04-08 12:54:20.000000000,0.40589661587311254,121.95482995327136,13.656334739656122,9.955410597282219,0.0,9.955410597282219,0.29589692608588813,0.0,False
0,0.0,0.0,0.0,30.0,9-N1-4-B-035101,Caserne Dejean,Caserne Dejean,5,655,33189.33333333333,121954.82995327136,2500.0,0.0,mercedes_ecitaro,Mercedes-Benz eCitaro,83.32534427615325,555.0,2026-04-08 12:56:37.000000000,2026-04-08 12:56:07.000000000,0.0,121.95482995327136,0.0,2.5,0.0,2.5,0.020833333333333332,0.0,False
1,0.0,391.6364257160486,3.7657348626543135,104.0,9-N1-4-B-035101,Caserne Dejean,Gare du Nord A,5,656,33293.33333333333,122346.4663789874,9898.116829554354,0.0,mercedes_ecitaro,Mercedes-Benz eCitaro,83.27382254691032,555.0,2026-04-08 12:58:21.000000000,2026-04-08 12:56:37.000000000,0.3916364257160486,122.3464663789874,13.55664550555553,9.898116829554354,0.0,9.898116829554354,0.2859455972982369,0.0,False
0,0.0,0.0,0.0,30.0,9-N1-4-B-035101,Gare du Nord A,Gare du Nord A,5,657,33323.33333333333,122346.4663789874,2500.0,0.0,mercedes_ecitaro,Mercedes-Benz eCitaro,83.27006879315657,555.0,2026-04-08 12:58:51.000000000,2026-04-08 12:58:21.000000000,0.0,122.3464663789874,0.0,2.5,0.0,2.5,0.020833333333333332,0.0,False
1,0.0,327.94171057791687,2.2158223687697087,148.0,9-N1-4-B-035101,Gare du Nord A,René Goblet,5,658,33471.33333333333,122674.40808956532,6778.373636749175,0.0,mercedes_ecitaro,Mercedes-Benz eCitaro,83.21985861806954,555.0,2026-04-08 13:01:19.000000000,2026-04-08 12:58:51.000000000,0.3279417105779169,122.67440808956532,7.976960527570951,6.7783736367491745,0.0,6.7783736367491745,0.2786664717330216,0.0,False
0,0.0,0.0,0.0,30.0,9-N1-4-B-035101,René Goblet,René Goblet,5,659,33501.33333333333,122674.40808956532,2500.0,0.0,mercedes_ecitaro,Mercedes-Benz eCitaro,83.21610486431578,555.0,2026-04-08 13:01:49.000000000,2026-04-08 13:01:19.000000000,0.0,122.67440808956532,0.0,2.5,0.0,2.5,0.020833333333333332,0.0,False
1,0.0,225.21730590675048,4.170690850125009,54.0,9-N1-4-B-035101,René Goblet,P. de Justice,5,660,33555.33333333333,122899.62539547207,10742.498468974078,0.0,mercedes_ecitaro,Mercedes-Benz eCitaro,83.18707108466991,555.0,2026-04-08 13:02:43.000000000,2026-04-08 13:01:49.000000000,0.2252173059067505,122.89962539547207,15.014487060450033,10.742498468974079,0.0,10.742498468974079,0.16113747703461115,0.0,False
0,0.0,0.0,0.0,30.0,9-N1-4-B-035101,P. de Justice,P. de Justice,5,661,33585.33333333333,122899.62539547207,2500.0,0.0,mercedes_ecitaro,Mercedes-Benz eCitaro,83.18331733091615,555.0,2026-04-08 13:03:13.000000000,2026-04-08 13:02:43.000000000,0.0,122.89962539547207,0.0,2.5,0.0,2.5,0.020833333333333332,0.0,False
1,0.0,229.9992746993994,3.965504736196541,58.0,9-N1-4-B-035101,P. de Justice,Dusevel,5,662,33643.33333333333,123129.62467017147,10312.884400903367,0.0,mercedes_ecitaro,Mercedes-Benz eCitaro,83.15338002885147,555.0,2026-04-08 13:04:11.000000000,2026-04-08 13:03:13.000000000,0.2299992746993994,123.12962467017147,14.275817050307548,10.312884400903368,0.0,10.312884400903368,0.1661520264589987,0.0,False
0,0.0,0.0,0.0,30.0,9-N1-4-B-035101,Dusevel,Dusevel,5,663,33673.33333333333,123129.62467017147,2500.0,0.0,mercedes_ecitaro,Mercedes-Benz eCitaro,83.14962627509772,555.0,2026-04-08 13:04:41.000000000,2026-04-08 13:04:11.000000000,0.0,123.12962467017147,0.0,2.5,0.0,2.5,0.020833333333333332,0.0,False
1,0.0,218.8226139254244,3.587255965990564,61.0,9-N1-4-B-035101,Dusevel,Beffroi,5,664,33734.33333333333,123348.4472840969,9530.33656798103,0.0,mercedes_ecitaro,Mercedes-Benz eCitaro,83.12052965194222,555.0,2026-04-08 13:05:42.000000000,2026-04-08 13:04:41.000000000,0.2188226139254244,123.34844728409689,12.914121477566031,9.530336567981031,0.0,9.530336567981031,0.1614862585130119,0.0,False
0,0.0,0.0,0.0,30.0,9-N1-4-B-035101,Beffroi,Beffroi,5,665,33764.33333333333,123348.4472840969,2500.0,0.0,mercedes_ecitaro,Mercedes-Benz eCitaro,83.11677589818846,555.0,2026-04-08 13:06:12.000000000,2026-04-08 13:05:42.000000000,0.0,123.34844728409689,0.0,2.5,0.0,2.5,0.020833333333333332,0.0,False
1,0.0,189.07722066752729,3.501430012361616,54.0,9-N1-4-B-035101,Beffroi,Place du Marché,5,666,33818.33333333333,123537.52450476443,9354.377011673041,0.0,mercedes_ecitaro,Mercedes-Benz eCitaro,83.0914937981569,555.0,2026-04-08 13:07:06.000000000,2026-04-08 13:06:12.000000000,0.18907722066752727,123.53752450476443,12.605148044501819,9.35437701167304,0.0,9.35437701167304,0.14031565517509562,0.0,False
0,0.0,0.0,0.0,30.0,9-N1-4-B-035101,Place du Marché,Place du Marché,5,667,33848.33333333333,123537.52450476443,2500.0,0.0,mercedes_ecitaro,Mercedes-Benz eCitaro,83.08774004440316,555.0,2026-04-08 13:07:36.000000000,2026-04-08 13:07:06.000000000,0.0,123.53752450476443,0.0,2.5,0.0,2.5,0.020833333333333332,0.0,False
1,0.0,171.78613535708172,3.817469674601816,45.0,9-N1-4-B-035101,Place du Marché,M. Culture B,5,668,33893.33333333333,123709.3106401215,10005.207964905961,0.0,mercedes_ecitaro,Mercedes-Benz eCitaro,83.06520579222995,555.0,2026-04-08 13:08:21.000000000,2026-04-08 13:07:36.000000000,0.17178613535708173,123.7093106401215,13.742890828566539,10.005207964905962,0.0,10.005207964905962,0.12506509956132453,0.0,False
0,0.0,0.0,0.0,30.0,9-N1-4-B-035101,M. Culture B,M. Culture B,5,669,33923.33333333333,123709.3106401215,2500.0,0.0,mercedes_ecitaro,Mercedes-Benz eCitaro,83.06145203847619,555.0,2026-04-08 13:08:51.000000000,2026-04-08 13:08:21.000000000,0.0,123.7093106401215,0.0,2.5,0.0,2.5,0.020833333333333332,0.0,False
1,0.0,291.81191051704656,6.07941480243847,48.0,9-N1-4-B-035101,M. Culture B,Saint-Jacques,5,670,33971.33333333333,124001.12255063855,14947.805699382516,0.0,mercedes_ecitaro,Mercedes-Benz eCitaro,83.02554139415335,555.0,2026-04-08 13:09:39.000000000,2026-04-08 13:08:51.000000000,0.2918119105170466,124.00112255063856,21.885893288778494,14.947805699382515,0.0,14.947805699382515,0.1993040759917669,0.0,False
0,0.0,0.0,0.0,30.0,9-N1-4-B-035101,Saint-Jacques,Saint-Jacques,5,671,34001.33333333333,124001.12255063855,2500.0,0.0,mercedes_ecitaro,Mercedes-Benz eCitaro,83.0217876403996,555.0,2026-04-08 13:10:09.000000000,2026-04-08 13:09:39.000000000,0.0,124.00112255063856,0.0,2.5,0.0,2.5,0.020833333333333332,0.0,False
1,0.0,350.7042974526486,5.656520926655622,62.0,9-N1-4-B-035101,Saint-Jacques,Jean Jaurès,5,672,34063.33333333333,124351.82684809121,13979.689002432178,0.0,mercedes_ecitaro,Mercedes-Benz eCitaro,82.97840722407574,555.0,2026-04-08 13:11:11.000000000,2026-04-08 13:10:09.000000000,0.3507042974526486,124.3518268480912,20.36347533596024,13.979689002432178,0.0,13.979689002432178,0.24076131059744307,0.0,False
0,0.0,0.0,0.0,30.0,9-N1-4-B-035101,Jean Jaurès,Jean Jaurès,5,673,34093.33333333333,124351.82684809121,2500.0,0.0,mercedes_ecitaro,Mercedes-Benz eCitaro,82.97465347032198,555.0,2026-04-08 13:11:41.000000000,2026-04-08 13:11:11.000000000,0.0,124.3518268480912,0.0,2.5,0.0,2.5,0.020833333333333332,0.0,False
1,0.0,402.8160957322576,5.5946679962813555,72.0,9-N1-4-B-035101,Jean Jaurès,Zoo d'Amiens,5,674,34165.33333333333,124754.64294382346,13839.983331209853,0.0,mercedes_ecitaro,Mercedes-Benz eCitaro,82.92477965651582,555.0,2026-04-08 13:12:53.000000000,2026-04-08 13:11:41.000000000,0.40281609573225763,124.75464294382347,20.14080478661288,13.839983331209853,0.0,13.839983331209853,0.276799666624197,0.0,False
0,0.0,0.0,0.0,30.0,9-N1-4-B-035101,Zoo d'Amiens,Zoo d'Amiens,5,675,34195.33333333333,124754.64294382346,2500.0,0.0,mercedes_ecitaro,Mercedes-Benz eCitaro,82.92102590276207,555.0,2026-04-08 13:13:23.000000000,2026-04-08 13:12:53.000000000,0.0,124.75464294382347,0.0,2.5,0.0,2.5,0.020833333333333332,0.0,False
1,0.0,376.38436041502575,5.790528621769627,65.0,9-N1-4-B-035101,Zoo d'Amiens,Egl. St-Firmin,5,676,34260.33333333333,125131.0273042385,14283.997606969104,0.0,mercedes_ecitaro,Mercedes-Benz eCitaro,82.87455644107773,555.0,2026-04-08 13:14:28.000000000,2026-04-08 13:13:23.000000000,0.37638436041502576,125.1310273042385,20.845903038370658,14.283997606969104,0.0,14.283997606969104,0.25790551234805326,0.0,False
0,0.0,0.0,0.0,30.0,9-N1-4-B-035101,Egl. St-Firmin,Egl. St-Firmin,5,677,34290.33333333333,125131.0273042385,2500.0,0.0,mercedes_ecitaro,Mercedes-Benz eCitaro,82.87080268732397,555.0,2026-04-08 13:14:58.000000000,2026-04-08 13:14:28.000000000,0.0,125.1310273042385,0.0,2.5,0.0,2.5,0.020833333333333332,0.0,False
1,0.0,300.7481358168622,5.674493128620042,53.0,9-N1-4-B-035101,Egl. St-Firmin,Faubourg de Hem,5,678,34343.33333333333,125431.77544005535,14020.370787798545,0.0,mercedes_ecitaro,Mercedes-Benz eCitaro,82.83361151356254,555.0,2026-04-08 13:15:51.000000000,2026-04-08 13:14:58.000000000,0.3007481358168622,125.43177544005535,20.428175263032152,14.020370787798544,0.0,14.020370787798544,0.20641101437592305,0.0,False
0,0.0,0.0,0.0,30.0,9-N1-4-B-035101,Faubourg de Hem,Faubourg de Hem,5,679,34373.33333333333,125431.77544005535,2500.0,0.0,mercedes_ecitaro,Mercedes-Benz eCitaro,82.82985775980879,555.0,2026-04-08 13:16:21.000000000,2026-04-08 13:15:51.000000000,0.0,125.43177544005535,0.0,2.5,0.0,2.5,0.020833333333333332,0.0,False
1,0.0,242.018982618479,5.5004314231472495,44.0,9-N1-4-B-035101,Faubourg de Hem,Espace Alliance,5,680,34417.33333333333,125673.79442267383,13628.030793913387,0.0,mercedes_ecitaro,Mercedes-Benz eCitaro,82.79984608038276,555.0,2026-04-08 13:17:05.000000000,2026-04-08 13:16:21.000000000,0.24201898261847898,125.67379442267384,19.8015531233301,13.628030793913387,0.0,13.628030793913387,0.16656482081449694,0.0,False
0,0.0,0.0,0.0,30.0,9-N1-4-B-035101,Espace Alliance,Espace Alliance,5,681,34447.33333333333,125673.79442267383,2500.0,0.0,mercedes_ecitaro,Mercedes-Benz eCitaro,82.79609232662901,555.0,2026-04-08 13:17:35.000000000,2026-04-08 13:17:05.000000000,0.0,125.67379442267384,0.0,2.5,0.0,2.5,0.020833333333333332,0.0,False
1,0.0,512.4653653664171,5.631487531499089,91.0,9-N1-4-B-035101,Espace Alliance,Sully,5,682,34538.33333333333,126186.25978804025,13923.090033058785,0.0,mercedes_ecitaro,Mercedes-Benz eCitaro,82.73267885350546,555.0,2026-04-08 13:19:06.000000000,2026-04-08 13:17:35.000000000,0.5124653653664172,126.18625978804025,20.273355113396722,13.923090033058784,0.0,13.923090033058784,0.35194477583565265,0.0,False
0,0.0,0.0,0.0,30.0,9-N1-4-B-035101,Sully,Sully,5,683,34568.33333333333,126186.25978804025,2500.0,0.0,mercedes_ecitaro,Mercedes-Benz eCitaro,82.7289250997517,555.0,2026-04-08 13:19:36.000000000,2026-04-08 13:19:06.000000000,0.0,126.18625978804025,0.0,2.5,0.0,2.5,0.020833333333333332,0.0,False
1,0.0,581.4235833007191,5.537367460006848,105.0,9-N1-4-B-035101,Sully,Place la Barre,5,684,34673.33333333333,126767.68337134097,13710.977433876818,0.0,mercedes_ecitaro,Mercedes-Benz eCitaro,82.65687041353763,555.0,2026-04-08 13:21:21.000000000,2026-04-08 13:19:36.000000000,0.5814235833007191,126.76768337134098,19.934522856024653,13.710977433876819,0.0,13.710977433876819,0.3999035084880738,0.0,False
0,0.0,0.0,0.0,30.0,9-N1-4-B-035101,Place la Barre,Place la Barre,5,685,34703.33333333333,126767.68337134097,2500.0,0.0,mercedes_ecitaro,Mercedes-Benz eCitaro,82.65311665978388,555.0,2026-04-08 13:21:51.000000000,2026-04-08 13:21:21.000000000,0.0,126.76768337134098,0.0,2.5,0.0,2.5,0.020833333333333332,0.0,False
1,0.0,321.16148117311843,4.654514219900267,69.0,9-N1-4-B-035101,Place la Barre,La Fontaine,5,686,34772.33333333333,127088.84485251408,11771.043507106238,0.0,mercedes_ecitaro,Mercedes-Benz eCitaro,82.61246590893352,555.0,2026-04-08 13:23:00.000000000,2026-04-08 13:21:51.000000000,0.32116148117311843,127.08884485251409,16.75625119164096,11.771043507106238,0.0,11.771043507106238,0.2256116672195362,0.0,False
0,0.0,0.0,0.0,30.0,9-N1-4-B-035101,La Fontaine,La Fontaine,5,687,34802.33333333333,127088.84485251408,2500.0,0.0,mercedes_ecitaro,Mercedes-Benz eCitaro,82.60871215517976,555.0,2026-04-08 13:23:30.000000000,2026-04-08 13:23:00.000000000,0.0,127.08884485251409,0.0,2.5,0.0,2.5,0.020833333333333332,0.0,False
1,0.0,233.68404358993675,5.31100099068038,44.0,9-N1-4-B-035101,La Fontaine,Les Coursives,5,688,34846.33333333333,127322.52889610402,13205.182837280407,0.0,mercedes_ecitaro,Mercedes-Benz eCitaro,82.57963167245502,555.0,2026-04-08 13:24:14.000000000,2026-04-08 13:23:30.000000000,0.23368404358993675,127.32252889610402,19.11960356644937,13.205182837280407,0.0,13.205182837280407,0.1613966791223161,0.0,False
0,0.0,0.0,0.0,30.0,9-N1-4-B-035101,Les Coursives,Les Coursives,5,689,34876.33333333333,127322.52889610402,2500.0,0.0,mercedes_ecitaro,Mercedes-Benz eCitaro,82.57587791870127,555.0,2026-04-08 13:24:44.000000000,2026-04-08 13:24:14.000000000,0.0,127.32252889610402,0.0,2.5,0.0,2.5,0.020833333333333332,0.0,False
1,0.0,293.0331102299119,5.327874731452944,55.0,9-N1-4-B-035101,Les Coursives,Languedoc,5,690,34931.33333333333,127615.56200633393,13242.677402966896,0.0,mercedes_ecitaro,Mercedes-Benz eCitaro,82.53942410202643,555.0,2026-04-08 13:25:39.000000000,2026-04-08 13:24:44.000000000,0.2930331102299119,127.61556200633393,19.1803490332306,13.242677402966896,0.0,13.242677402966896,0.20231868254532756,0.0,False
0,0.0,0.0,0.0,30.0,9-N1-4-B-035101,Languedoc,Languedoc,5,691,34961.33333333333,127615.56200633393,2500.0,0.0,mercedes_ecitaro,Mercedes-Benz eCitaro,82.53567034827267,555.0,2026-04-08 13:26:09.000000000,2026-04-08 13:25:39.000000000,0.0,127.61556200633393,0.0,2.5,0.0,2.5,0.020833333333333332,0.0,False
1,0.0,320.6006811443548,4.007508514304435,80.0,9-N1-4-B-035101,Languedoc,Collège R.Parks,5,692,35041.33333333333,127936.16268747828,10400.52786970044,0.0,mercedes_ecitaro,Mercedes-Benz eCitaro,82.49402659303864,555.0,2026-04-08 13:27:29.000000000,2026-04-08 13:26:09.000000000,0.3206006811443548,127.93616268747829,14.427030651495967,10.40052786970044,0.0,10.40052786970044,0.23112284154889867,0.0,False
0,0.0,0.0,0.0,30.0,9-N1-4-B-035101,Collège R.Parks,Collège R.Parks,5,693,35071.33333333333,127936.16268747828,2500.0,0.0,mercedes_ecitaro,Mercedes-Benz eCitaro,82.49027283928488,555.0,2026-04-08 13:27:59.000000000,2026-04-08 13:27:29.000000000,0.0,127.93616268747829,0.0,2.5,0.0,2.5,0.020833333333333332,0.0,False
1,0.0,270.8261413947126,5.0152989147169,54.0,9-N1-4-B-035101,Collège R.Parks,Martinique,5,694,35125.33333333333,128206.988828873,12553.382066466642,0.0,mercedes_ecitaro,Mercedes-Benz eCitaro,82.45634477964579,555.0,2026-04-08 13:28:53.000000000,2026-04-08 13:27:59.000000000,0.27082614139471256,128.206988828873,18.05507609298084,12.553382066466641,0.0,12.553382066466641,0.18830073099699965,0.0,False
0,0.0,0.0,0.0,30.0,9-N1-4-B-035101,Martinique,Martinique,5,695,35155.33333333333,128206.988828873,2500.0,0.0,mercedes_ecitaro,Mercedes-Benz eCitaro,82.45259102589203,555.0,2026-04-08 13:29:23.000000000,2026-04-08 13:28:53.000000000,0.0,128.206988828873,0.0,2.5,0.0,2.5,0.020833333333333332,0.0,False
1,0.0,274.08690803195344,2.3227704070504527,118.0,9-N1-4-B-035101,Martinique,Etouvie Quai A,5,696,35273.33333333333,128481.07573690495,6988.977513860954,0.0,mercedes_ecitaro,Mercedes-Benz eCitaro,82.41131478231668,555.0,2026-04-08 13:31:21.000000000,2026-04-08 13:29:23.000000000,0.27408690803195346,128.48107573690496,8.361973465381629,6.988977513860954,0.0,6.988977513860954,0.22908315184322015,0.0,False
1,0.0,241.9015249612658,4.319670088594032,56.0,9-N1-2-B-034901,Etouvie Quai A,Martinique,6,697,35329.33333333333,128722.97726186622,11056.821019198629,0.0,mercedes_ecitaro,Mercedes-Benz eCitaro,82.38032469337398,555.0,2026-04-08 13:32:17.000000000,2026-04-08 13:31:21.000000000,0.2419015249612658,128.72297726186622,15.550812318938515,11.05682101919863,0.0,11.05682101919863,0.17199499363197868,0.0,False
0,0.0,0.0,0.0,30.0,9-N1-2-B-034901,Martinique,Martinique,6,698,35359.33333333333,128722.97726186622,2500.0,0.0,mercedes_ecitaro,Mercedes-Benz eCitaro,82.37657093962022,555.0,2026-04-08 13:32:47.000000000,2026-04-08 13:32:17.000000000,0.0,128.72297726186622,0.0,2.5,0.0,2.5,0.020833333333333332,0.0,False
1,0.0,330.7630000086095,4.9367611941583505,67.0,9-N1-2-B-034901,Martinique,Collège R.Parks,6,699,35426.33333333333,129053.74026187483,12381.899008765697,0.0,mercedes_ecitaro,Mercedes-Benz eCitaro,82.3350500570583,555.0,2026-04-08 13:33:54.000000000,2026-04-08 13:32:47.000000000,0.3307630000086095,129.05374026187482,17.77234029897006,12.381899008765696,0.0,12.381899008765696,0.2304408982186949,0.0,False
0,0.0,0.0,0.0,30.0,9-N1-2-B-034901,Collège R.Parks,Collège R.Parks,6,700,35456.33333333333,129053.74026187483,2500.0,0.0,mercedes_ecitaro,Mercedes-Benz eCitaro,82.33129630330455,555.0,2026-04-08 13:34:24.000000000,2026-04-08 13:33:54.000000000,0.0,129.05374026187482,0.0,2.5,0.0,2.5,0.020833333333333332,0.0,False
1,0.0,296.81987678393193,4.01107941599908,74.0,9-N1-2-B-034901,Collège R.Parks,Languedoc,6,701,35530.33333333333,129350.56013865877,10407.985877821335,0.0,mercedes_ecitaro,Mercedes-Benz eCitaro,82.29274820746076,555.0,2026-04-08 13:35:38.000000000,2026-04-08 13:34:24.000000000,0.29681987678393196,129.35056013865878,14.439885897596689,10.407985877821334,0.0,10.407985877821334,0.2139419319329941,0.0,False
0,0.0,0.0,0.0,30.0,9-N1-2-B-034901,Languedoc,Languedoc,6,702,35560.33333333333,129350.56013865877,2500.0,0.0,mercedes_ecitaro,Mercedes-Benz eCitaro,82.288994453707,555.0,2026-04-08 13:36:08.000000000,2026-04-08 13:35:38.000000000,0.0,129.35056013865878,0.0,2.5,0.0,2.5,0.020833333333333332,0.0,False
1,0.0,297.726462758007,5.316543977821554,56.0,9-N1-2-B-034901,Languedoc,Les coursives,6,703,35616.33333333333,129648.28660141677,13217.496071507208,0.0,mercedes_ecitaro,Mercedes-Benz eCitaro,82.25194841867176,555.0,2026-04-08 13:37:04.000000000,2026-04-08 13:36:08.000000000,0.297726462758007,129.64828660141677,19.139558320157594,13.217496071507208,0.0,13.217496071507208,0.2056054944456677,0.0,False
0,0.0,0.0,0.0,30.0,9-N1-2-B-034901,Les coursives,Les coursives,6,704,35646.33333333333,129648.28660141677,2500.0,0.0,mercedes_ecitaro,Mercedes-Benz eCitaro,82.248194664918,555.0,2026-04-08 13:37:34.000000000,2026-04-08 13:37:04.000000000,0.0,129.64828660141677,0.0,2.5,0.0,2.5,0.020833333333333332,0.0,False
1,0.0,227.94980309080773,5.065551179795728,45.0,9-N1-2-B-034901,Les coursives,La Fontaine,6,705,35691.33333333333,129876.23640450758,12663.459214121442,0.0,mercedes_ecitaro,Mercedes-Benz eCitaro,82.21967336038169,555.0,2026-04-08 13:38:19.000000000,2026-04-08 13:37:34.000000000,0.22794980309080773,129.87623640450758,18.23598424726462,12.663459214121442,0.0,12.663459214121442,0.15829324017651802,0.0,False
0,0.0,0.0,0.0,30.0,9-N1-2-B-034901,La Fontaine,La Fontaine,6,706,35721.33333333333,129876.23640450758,2500.0,0.0,mercedes_ecitaro,Mercedes-Benz eCitaro,82.21591960662793,555.0,2026-04-08 13:38:49.000000000,2026-04-08 13:38:19.000000000,0.0,129.87623640450758,0.0,2.5,0.0,2.5,0.020833333333333332,0.0,False
1,0.0,278.8940733458619,4.572033989276425,61.0,9-N1-2-B-034901,La Fontaine,Place la Barre,6,707,35782.33333333333,130155.13047785344,11594.0864387973,0.0,mercedes_ecitaro,Mercedes-Benz eCitaro,82.18052224562861,555.0,2026-04-08 13:39:50.000000000,2026-04-08 13:38:49.000000000,0.2788940733458619,130.15513047785345,16.459322361395127,11.5940864387973,0.0,11.5940864387973,0.19645535354628757,0.0,False
0,0.0,0.0,0.0,30.0,9-N1-2-B-034901,Place la Barre,Place la Barre,6,708,35812.33333333333,130155.13047785344,2500.0,0.0,mercedes_ecitaro,Mercedes-Benz eCitaro,82.17676849187485,555.0,2026-04-08 13:40:20.000000000,2026-04-08 13:39:50.000000000,0.0,130.15513047785345,0.0,2.5,0.0,2.5,0.020833333333333332,0.0,False
1,0.0,552.9827646282706,5.882795368385858,94.0,9-N1-2-B-034901,Place la Barre,Sully,6,709,35906.33333333333,130708.1132424817,14494.837120605796,0.0,mercedes_ecitaro,Mercedes-Benz eCitaro,82.1085745634796,555.0,2026-04-08 13:41:54.000000000,2026-04-08 13:40:20.000000000,0.5529827646282706,130.70811324248172,21.178063326189086,14.494837120605796,0.0,14.494837120605796,0.37847630259359577,0.0,False
0,0.0,0.0,0.0,30.0,9-N1-2-B-034901,Sully,Sully,6,710,35936.33333333333,130708.1132424817,2500.0,0.0,mercedes_ecitaro,Mercedes-Benz eCitaro,82.10482080972585,555.0,2026-04-08 13:42:24.000000000,2026-04-08 13:41:54.000000000,0.0,130.70811324248172,0.0,2.5,0.0,2.5,0.020833333333333332,0.0,False
1,0.0,541.2636534432309,5.820039284335816,93.0,9-N1-2-B-034901,Sully,Espace Alliance,6,711,36029.33333333333,131249.37689592494,14351.314697241989,0.0,mercedes_ecitaro,Mercedes-Benz eCitaro,82.03802039596992,555.0,2026-04-08 13:43:57.000000000,2026-04-08 13:42:24.000000000,0.5412636534432308,131.24937689592494,20.952141423608936,14.351314697241989,0.0,14.351314697241989,0.37074229634541805,0.0,False
0,0.0,0.0,0.0,30.0,9-N1-2-B-034901,Espace Alliance,Espace Alliance,6,712,36059.33333333333,131249.37689592494,2500.0,0.0,mercedes_ecitaro,Mercedes-Benz eCitaro,82.03426664221617,555.0,2026-04-08 13:44:27.000000000,2026-04-08 13:43:57.000000000,0.0,131.24937689592494,0.0,2.5,0.0,2.5,0.020833333333333332,0.0,False
1,0.0,306.8484114845754,5.789592669520291,53.0,9-N1-2-B-034901,Espace Alliance,Faubourg de Hem,6,713,36112.33333333333,131556.2253074095,14281.864401781007,0.0,mercedes_ecitaro,Mercedes-Benz eCitaro,81.99638181672596,555.0,2026-04-08 13:45:20.000000000,2026-04-08 13:44:27.000000000,0.3068484114845754,131.5562253074095,20.842533610273048,14.281864401781007,0.0,14.281864401781007,0.21026078147066482,0.0,False
0,0.0,0.0,0.0,30.0,9-N1-2-B-034901,Faubourg de Hem,Faubourg de Hem,6,714,36142.33333333333,131556.2253074095,2500.0,0.0,mercedes_ecitaro,Mercedes-Benz eCitaro,81.9926280629722,555.0,2026-04-08 13:45:50.000000000,2026-04-08 13:45:20.000000000,0.0,131.5562253074095,0.0,2.5,0.0,2.5,0.020833333333333332,0.0,False
1,0.0,296.4471853943004,7.058266318911914,42.0,9-N1-2-B-034901,Faubourg de Hem,Egl. St-Firmin,6,715,36184.33333333333,131852.6724928038,17282.560219061117,0.0,mercedes_ecitaro,Mercedes-Benz eCitaro,81.956298356806,555.0,2026-04-08 13:46:32.000000000,2026-04-08 13:45:50.000000000,0.29644718539430037,131.8526724928038,25.409758748082893,17.282560219061118,0.0,17.282560219061118,0.20162986922237972,0.0,False
0,0.0,0.0,0.0,30.0,9-N1-2-B-034901,Egl. St-Firmin,Egl. St-Firmin,6,716,36214.33333333333,131852.6724928038,2500.0,0.0,mercedes_ecitaro,Mercedes-Benz eCitaro,81.95254460305225,555.0,2026-04-08 13:47:02.000000000,2026-04-08 13:46:32.000000000,0.0,131.8526724928038,0.0,2.5,0.0,2.5,0.020833333333333332,0.0,False
1,0.0,397.9625757415526,7.106474566813439,56.0,9-N1-2-B-034901,Egl. St-Firmin,Zoo d'Amiens,6,717,36270.33333333333,132250.63506854535,17401.196362585695,0.0,mercedes_ecitaro,Mercedes-Benz eCitaro,81.90377248111508,555.0,2026-04-08 13:47:58.000000000,2026-04-08 13:47:02.000000000,0.3979625757415526,132.25063506854536,25.58330844052838,17.401196362585694,0.0,17.401196362585694,0.270685276751333,0.0,False
0,0.0,0.0,0.0,30.0,9-N1-2-B-034901,Zoo d'Amiens,Zoo d'Amiens,6,718,36300.33333333333,132250.63506854535,2500.0,0.0,mercedes_ecitaro,Mercedes-Benz eCitaro,81.90001872736133,555.0,2026-04-08 13:48:28.000000000,2026-04-08 13:47:58.000000000,0.0,132.25063506854536,0.0,2.5,0.0,2.5,0.020833333333333332,0.0,False
1,0.0,387.76459722543666,6.924367807597084,56.0,9-N1-2-B-034901,Zoo d'Amiens,Jean Jaurès,6,719,36356.33333333333,132638.3996657708,16954.920605978714,0.0,mercedes_ecitaro,Mercedes-Benz eCitaro,81.85249742836558,555.0,2026-04-08 13:49:24.000000000,2026-04-08 13:48:28.000000000,0.38776459722543666,132.63839966577078,24.9277241073495,16.954920605978714,0.0,16.954920605978714,0.26374320942633556,0.0,False
0,0.0,0.0,0.0,30.0,9-N1-2-B-034901,Jean Jaurès,Jean Jaurès,6,720,36386.33333333333,132638.3996657708,2500.0,0.0,mercedes_ecitaro,Mercedes-Benz eCitaro,81.84874367461182,555.0,2026-04-08 13:49:54.000000000,2026-04-08 13:49:24.000000000,0.0,132.63839966577078,0.0,2.5,0.0,2.5,0.020833333333333332,0.0,False
1,0.0,353.81886733206454,6.675827685510652,53.0,9-N1-2-B-034901,Jean Jaurès,Saint-Jacques,6,721,36439.33333333333,132992.21853310286,16353.911877036153,0.0,mercedes_ecitaro,Mercedes-Benz eCitaro,81.80536242688996,555.0,2026-04-08 13:50:47.000000000,2026-04-08 13:49:54.000000000,0.3538188673320645,132.99221853310286,24.032979667838347,16.353911877036154,0.0,16.353911877036154,0.24076592485636555,0.0,False
0,0.0,0.0,0.0,30.0,9-N1-2-B-034901,Saint-Jacques,Saint-Jacques,6,722,36469.33333333333,132992.21853310286,2500.0,0.0,mercedes_ecitaro,Mercedes-Benz eCitaro,81.8016086731362,555.0,2026-04-08 13:51:17.000000000,2026-04-08 13:50:47.000000000,0.0,132.99221853310286,0.0,2.5,0.0,2.5,0.020833333333333332,0.0,False
1,0.0,242.8037375118653,7.35768901551107,33.0,9-N1-2-B-034901,Saint-Jacques,M. Culture A,6,723,36502.33333333333,133235.02227061472,18025.307499846742,0.0,mercedes_ecitaro,Mercedes-Benz eCitaro,81.77183714423255,555.0,2026-04-08 13:51:50.000000000,2026-04-08 13:51:17.000000000,0.24280373751186532,133.2350222706147,26.487680455839854,18.025307499846743,0.0,18.025307499846743,0.16523198541526182,0.0,False
0,0.0,0.0,0.0,30.0,9-N1-2-B-034901,M. Culture A,M. Culture A,6,724,36532.33333333333,133235.02227061472,2500.0,0.0,mercedes_ecitaro,Mercedes-Benz eCitaro,81.76808339047881,555.0,2026-04-08 13:52:20.000000000,2026-04-08 13:51:50.000000000,0.0,133.2350222706147,0.0,2.5,0.0,2.5,0.020833333333333332,0.0,False
1,0.0,296.74165114956037,2.472847092913003,120.0,9-N1-2-B-034901,M. Culture A,Hôtel de Ville,6,725,36652.33333333333,133531.76392176427,7285.495885312494,0.0,mercedes_ecitaro,Mercedes-Benz eCitaro,81.72432665843488,555.0,2026-04-08 13:54:20.000000000,2026-04-08 13:52:20.000000000,0.29674165114956036,133.53176392176428,8.90224953448681,7.285495885312494,0.0,7.285495885312494,0.24284986284374976,0.0,False
0,0.0,0.0,0.0,30.0,9-N1-2-B-034901,Hôtel de Ville,Hôtel de Ville,6,726,36682.33333333333,133531.76392176427,2500.0,0.0,mercedes_ecitaro,Mercedes-Benz eCitaro,81.72057290468112,555.0,2026-04-08 13:54:50.000000000,2026-04-08 13:54:20.000000000,0.0,133.53176392176428,0.0,2.5,0.0,2.5,0.020833333333333332,0.0,False
1,0.0,228.2941059416939,4.005159753363051,57.0,9-N1-2-B-034901,Hôtel de Ville,Jacobins,6,727,36739.33333333333,133760.05802770596,10395.62297288138,0.0,mercedes_ecitaro,Mercedes-Benz eCitaro,81.69091572202575,555.0,2026-04-08 13:55:47.000000000,2026-04-08 13:54:50.000000000,0.22829410594169391,133.76005802770595,14.418575112106984,10.39562297288138,0.0,10.39562297288138,0.16459736373728853,0.0,False
0,0.0,0.0,0.0,30.0,9-N1-2-B-034901,Jacobins,Jacobins,6,728,36769.33333333333,133760.05802770596,2500.0,0.0,mercedes_ecitaro,Mercedes-Benz eCitaro,81.68716196827201,555.0,2026-04-08 13:56:17.000000000,2026-04-08 13:55:47.000000000,0.0,133.76005802770595,0.0,2.5,0.0,2.5,0.020833333333333332,0.0,False
1,0.0,326.11241962366006,4.026079254613087,81.0,9-N1-2-B-034901,Jacobins,Emile Zola,6,729,36850.33333333333,134086.1704473296,10439.32601398859,0.0,mercedes_ecitaro,Mercedes-Benz eCitaro,81.6448403763234,555.0,2026-04-08 13:57:38.000000000,2026-04-08 13:56:17.000000000,0.32611241962366005,134.0861704473296,14.493885316607114,10.43932601398859,0.0,10.43932601398859,0.23488483531474327,0.0,False
0,0.0,0.0,0.0,30.0,9-N1-2-B-034901,Emile Zola,Emile Zola,6,730,36880.33333333333,134086.1704473296,2500.0,0.0,mercedes_ecitaro,Mercedes-Benz eCitaro,81.64108662256965,555.0,2026-04-08 13:58:08.000000000,2026-04-08 13:57:38.000000000,0.0,134.0861704473296,0.0,2.5,0.0,2.5,0.020833333333333332,0.0,False
1,0.0,355.48637357572056,2.1943603307143245,162.0,9-N1-2-B-034901,Emile Zola,Gare du Nord B,6,731,37042.33333333333,134441.65682090534,6736.177798628873,0.0,mercedes_ecitaro,Mercedes-Benz eCitaro,81.58646896474292,555.0,2026-04-08 14:00:50.000000000,2026-04-08 13:58:08.000000000,0.35548637357572055,134.44165682090534,7.899697190571568,6.736177798628873,0.0,6.736177798628873,0.3031280009382993,0.0,False
0,0.0,0.0,0.0,30.0,9-N1-2-B-034901,Gare du Nord B,Gare du Nord B,6,732,37072.33333333333,134441.65682090534,2500.0,0.0,mercedes_ecitaro,Mercedes-Benz eCitaro,81.58271521098918,555.0,2026-04-08 14:01:20.000000000,2026-04-08 14:00:50.000000000,0.0,134.44165682090534,0.0,2.5,0.0,2.5,0.020833333333333332,0.0,False
1,0.0,368.1948881034494,3.95908481831666,93.0,9-N1-2-B-034901,Gare du Nord B,Caserne Dejean,6,733,37165.33333333333,134809.8517090088,10299.502354459812,0.0,mercedes_ecitaro,Mercedes-Benz eCitaro,81.53477458441436,555.0,2026-04-08 14:02:53.000000000,2026-04-08 14:01:20.000000000,0.3681948881034494,134.8098517090088,14.252705345939976,10.299502354459811,0.0,10.299502354459811,0.2660704774902118,0.0,False
0,0.0,0.0,0.0,30.0,9-N1-2-B-034901,Caserne Dejean,Caserne Dejean,6,734,37195.33333333333,134809.8517090088,2500.0,0.0,mercedes_ecitaro,Mercedes-Benz eCitaro,81.53102083066061,555.0,2026-04-08 14:03:23.000000000,2026-04-08 14:02:53.000000000,0.0,134.8098517090088,0.0,2.5,0.0,2.5,0.020833333333333332,0.0,False
1,0.0,355.3755273513469,3.862777471210292,92.0,9-N1-2-B-034901,Caserne Dejean,Pinceau,6,735,37287.33333333333,135165.22723636014,10099.178424665342,0.0,mercedes_ecitaro,Mercedes-Benz eCitaro,81.48451810718367,555.0,2026-04-08 14:04:55.000000000,2026-04-08 14:03:23.000000000,0.35537552735134686,135.16522723636012,13.905998896357051,10.099178424665343,0.0,10.099178424665343,0.2580901152970032,0.0,False
0,0.0,0.0,0.0,30.0,9-N1-2-B-034901,Pinceau,Pinceau,6,736,37317.33333333333,135165.22723636014,2500.0,0.0,mercedes_ecitaro,Mercedes-Benz eCitaro,81.48076435342992,555.0,2026-04-08 14:05:25.000000000,2026-04-08 14:04:55.000000000,0.0,135.16522723636012,0.0,2.5,0.0,2.5,0.020833333333333332,0.0,False
1,0.0,447.05548624280317,3.8874390108069843,115.0,9-N1-2-B-034901,Pinceau,L. de Luzarches,6,737,37432.33333333333,135612.28272260295,10150.400279848174,0.0,mercedes_ecitaro,Mercedes-Benz eCitaro,81.42234112859595,555.0,2026-04-08 14:07:20.000000000,2026-04-08 14:05:25.000000000,0.44705548624280317,135.61228272260294,13.994780438905144,10.150400279848174,0.0,10.150400279848174,0.3242488978284834,0.0,False
0,0.0,0.0,0.0,30.0,9-N1-2-B-034901,L. de Luzarches,L. de Luzarches,6,738,37462.33333333333,135612.28272260295,2500.0,0.0,mercedes_ecitaro,Mercedes-Benz eCitaro,81.41858737484219,555.0,2026-04-08 14:07:50.000000000,2026-04-08 14:07:20.000000000,0.0,135.61228272260294,0.0,2.5,0.0,2.5,0.020833333333333332,0.0,False
1,0.0,324.8685267650074,8.121713169125185,40.0,9-N1-2-B-034901,L. de Luzarches,Egl. St-Acheul,6,739,37502.33333333333,135937.15124936795,19987.224845856923,0.0,mercedes_ecitaro,Mercedes-Benz eCitaro,81.37857291068633,555.0,2026-04-08 14:08:30.000000000,2026-04-08 14:07:50.000000000,0.3248685267650074,135.93715124936796,29.238167408850664,19.98722484585692,0.0,19.98722484585692,0.2220802760650769,0.0,False
0,0.0,0.0,0.0,30.0,9-N1-2-B-034901,Egl. St-Acheul,Egl. St-Acheul,6,740,37532.33333333333,135937.15124936795,2500.0,0.0,mercedes_ecitaro,Mercedes-Benz eCitaro,81.37481915693257,555.0,2026-04-08 14:09:00.000000000,2026-04-08 14:08:30.000000000,0.0,135.93715124936796,0.0,2.5,0.0,2.5,0.020833333333333332,0.0,False
1,0.0,451.79666905185246,8.214484891851862,55.0,9-N1-2-B-034901,Egl. St-Acheul,Mercey,6,741,37587.33333333333,136388.9479184198,20232.30889370291,0.0,mercedes_ecitaro,Mercedes-Benz eCitaro,81.31912461293089,555.0,2026-04-08 14:09:55.000000000,2026-04-08 14:09:00.000000000,0.45179666905185245,136.3889479184198,29.572145610666706,20.23230889370291,0.0,20.23230889370291,0.30910471920935007,0.0,False
0,0.0,0.0,0.0,30.0,9-N1-2-B-034901,Mercey,Mercey,6,742,37617.33333333333,136388.9479184198,2500.0,0.0,mercedes_ecitaro,Mercedes-Benz eCitaro,81.31537085917714,555.0,2026-04-08 14:10:25.000000000,2026-04-08 14:09:55.000000000,0.0,136.3889479184198,0.0,2.5,0.0,2.5,0.020833333333333332,0.0,False
1,0.0,481.8036462949089,8.166163496523879,59.0,9-N1-2-B-034901,Mercey,Sobo,6,743,37676.33333333333,136870.7515647147,20104.461940156947,0.0,mercedes_ecitaro,Mercedes-Benz eCitaro,81.25600332892341,555.0,2026-04-08 14:11:24.000000000,2026-04-08 14:10:25.000000000,0.4818036462949089,136.8707515647147,29.398188587485965,20.10446194015695,0.0,20.10446194015695,0.32948979290812774,0.0,False
0,0.0,0.0,0.0,30.0,9-N1-2-B-034901,Sobo,Sobo,6,744,37706.33333333333,136870.7515647147,2500.0,0.0,mercedes_ecitaro,Mercedes-Benz eCitaro,81.25224957516966,555.0,2026-04-08 14:11:54.000000000,2026-04-08 14:11:24.000000000,0.0,136.8707515647147,0.0,2.5,0.0,2.5,0.020833333333333332,0.0,False
1,0.0,707.5852717526406,8.22773571805396,86.0,9-N1-2-B-034901,Sobo,Pont de l'Avre,6,745,37792.33333333333,137578.33683646735,20267.440548072263,0.0,mercedes_ecitaro,Mercedes-Benz eCitaro,81.16501234358137,555.0,2026-04-08 14:13:20.000000000,2026-04-08 14:11:54.000000000,0.7075852717526405,137.57833683646734,29.61984858499426,20.267440548072262,0.0,20.267440548072262,0.4841666353150596,0.0,False
0,0.0,0.0,0.0,30.0,9-N1-2-B-034901,Pont de l'Avre,Pont de l'Avre,6,746,37822.33333333333,137578.33683646735,2500.0,0.0,mercedes_ecitaro,Mercedes-Benz eCitaro,81.16125858982761,555.0,2026-04-08 14:13:50.000000000,2026-04-08 14:13:20.000000000,0.0,137.57833683646734,0.0,2.5,0.0,2.5,0.020833333333333332,0.0,False
1,0.0,296.6141068969825,7.062240640404345,42.0,9-N1-2-B-034901,Pont de l'Avre,Cité du Château,6,747,37864.33333333333,137874.95094336433,17292.32707664838,0.0,mercedes_ecitaro,Mercedes-Benz eCitaro,81.12490835272955,555.0,2026-04-08 14:14:32.000000000,2026-04-08 14:13:50.000000000,0.2966141068969825,137.87495094336433,25.424066305455643,17.29232707664838,0.0,17.29232707664838,0.20174381589423113,0.0,False
0,0.0,0.0,0.0,30.0,9-N1-2-B-034901,Cité du Château,Cité du Château,6,748,37894.33333333333,137874.95094336433,2500.0,0.0,mercedes_ecitaro,Mercedes-Benz eCitaro,81.12115459897579,555.0,2026-04-08 14:15:02.000000000,2026-04-08 14:14:32.000000000,0.0,137.87495094336433,0.0,2.5,0.0,2.5,0.020833333333333332,0.0,False
1,0.0,332.9543642312839,6.936549254818414,48.0,9-N1-2-B-034901,Cité du Château,La Rose Rouge,6,749,37942.33333333333,138207.90530759562,16984.614749484874,0.0,mercedes_ecitaro,Mercedes-Benz eCitaro,81.08035071969775,555.0,2026-04-08 14:15:50.000000000,2026-04-08 14:15:02.000000000,0.3329543642312839,138.2079053075956,24.97157731734629,16.984614749484873,0.0,16.984614749484873,0.22646152999313165,0.0,False
0,0.0,0.0,0.0,30.0,9-N1-2-B-034901,La Rose Rouge,La Rose Rouge,6,750,37972.33333333333,138207.90530759562,2500.0,0.0,mercedes_ecitaro,Mercedes-Benz eCitaro,81.07659696594399,555.0,2026-04-08 14:16:20.000000000,2026-04-08 14:15:50.000000000,0.0,138.2079053075956,0.0,2.5,0.0,2.5,0.020833333333333332,0.0,False
1,0.0,225.1396338173497,7.262568832817732,31.0,9-N1-2-B-034901,La Rose Rouge,Poidevin,6,751,38003.33333333333,138433.04494141295,17787.818516889005,0.0,mercedes_ecitaro,Mercedes-Benz eCitaro,81.0489982485254,555.0,2026-04-08 14:16:51.000000000,2026-04-08 14:16:20.000000000,0.2251396338173497,138.43304494141296,26.145247798143835,17.787818516889004,0.0,17.787818516889004,0.1531728816732109,0.0,False
0,0.0,0.0,0.0,30.0,9-N1-2-B-034901,Poidevin,Poidevin,6,752,38033.33333333333,138433.04494141295,2500.0,0.0,mercedes_ecitaro,Mercedes-Benz eCitaro,81.04524449477165,555.0,2026-04-08 14:17:21.000000000,2026-04-08 14:16:51.000000000,0.0,138.43304494141296,0.0,2.5,0.0,2.5,0.020833333333333332,0.0,False
1,0.0,314.5014195772681,7.147759535847002,44.0,9-N1-2-B-034901,Poidevin,M. de Longueau,6,753,38077.33333333333,138747.54636099024,17503.08167993473,0.0,mercedes_ecitaro,Mercedes-Benz eCitaro,81.00669916975076,555.0,2026-04-08 14:18:05.000000000,2026-04-08 14:17:21.000000000,0.3145014195772681,138.74754636099024,25.731934329049206,17.50308167993473,0.0,17.50308167993473,0.21392655386586892,0.0,False
0,0.0,0.0,0.0,30.0,9-N1-2-B-034901,M. de Longueau,M. de Longueau,6,754,38107.33333333333,138747.54636099024,2500.0,0.0,mercedes_ecitaro,Mercedes-Benz eCitaro,81.002945415997,555.0,2026-04-08 14:18:35.000000000,2026-04-08 14:18:05.000000000,0.0,138.74754636099024,0.0,2.5,0.0,2.5,0.020833333333333332,0.0,False
1,0.0,256.63398574137216,6.936053668685734,37.0,9-N1-2-B-034901,M. de Longueau,La Fourche,6,755,38144.33333333333,139004.18034673162,16983.406243795107,0.0,mercedes_ecitaro,Mercedes-Benz eCitaro,80.97149466369369,555.0,2026-04-08 14:19:12.000000000,2026-04-08 14:18:35.000000000,0.25663398574137214,139.00418034673163,24.96979320726864,16.983406243795105,0.0,16.983406243795105,0.17455167528344973,0.0,False
0,0.0,0.0,0.0,30.0,9-N1-2-B-034901,La Fourche,La Fourche,6,756,38174.33333333333,139004.18034673162,2500.0,0.0,mercedes_ecitaro,Mercedes-Benz eCitaro,80.96774090993993,555.0,2026-04-08 14:19:42.000000000,2026-04-08 14:19:12.000000000,0.0,139.00418034673163,0.0,2.5,0.0,2.5,0.020833333333333332,0.0,False
1,0.0,651.0902221706201,6.643777777251225,98.0,9-N1-2-B-034901,La Fourche,Croix de Fer,6,757,38272.33333333333,139655.27056890226,16277.07312975203,0.0,mercedes_ecitaro,Mercedes-Benz eCitaro,80.88790341410831,555.0,2026-04-08 14:21:20.000000000,2026-04-08 14:19:42.000000000,0.6510902221706201,139.65527056890227,23.91759999810441,16.27707312975203,0.0,16.27707312975203,0.44309810186547194,0.0,False
0,0.0,0.0,0.0,30.0,9-N1-2-B-034901,Croix de Fer,Croix de Fer,6,758,38302.33333333333,139655.27056890226,2500.0,0.0,mercedes_ecitaro,Mercedes-Benz eCitaro,80.88414966035455,555.0,2026-04-08 14:21:50.000000000,2026-04-08 14:21:20.000000000,0.0,139.65527056890227,0.0,2.5,0.0,2.5,0.020833333333333332,0.0,False
1,0.0,703.41712703917,4.953641739712465,142.0,9-N1-2-B-034901,Croix de Fer,C. Cial Glisy,6,759,38444.33333333333,140358.68769594142,12418.700315873617,0.0,mercedes_ecitaro,Mercedes-Benz eCitaro,80.79588862707858,555.0,2026-04-08 14:24:12.000000000,2026-04-08 14:21:50.000000000,0.70341712703917,140.35868769594143,17.833110262964873,12.418700315873616,0.0,12.418700315873616,0.48984873468168155,0.0,False
0,0.0,0.0,0.0,30.0,9-N1-2-B-034901,C. Cial Glisy,C. Cial Glisy,6,760,38474.33333333333,140358.68769594142,2500.0,0.0,mercedes_ecitaro,Mercedes-Benz eCitaro,80.79213487332483,555.0,2026-04-08 14:24:42.000000000,2026-04-08 14:24:12.000000000,0.0,140.35868769594143,0.0,2.5,0.0,2.5,0.020833333333333332,0.0,False
1,0.0,136.72688382470434,4.883102993739441,28.0,9-N1-2-B-034901,C. Cial Glisy,Capitaine Nemo,6,761,38502.33333333333,140495.41457976613,12265.122289306848,0.0,mercedes_ecitaro,Mercedes-Benz eCitaro,80.77494651376023,555.0,2026-04-08 14:25:10.000000000,2026-04-08 14:24:42.000000000,0.13672688382470435,140.49541457976613,17.57917077746199,12.265122289306849,0.0,12.265122289306849,0.0953953955834977,0.0,False
0,0.0,0.0,0.0,30.0,9-N1-2-B-034901,Capitaine Nemo,Capitaine Nemo,6,762,38532.33333333333,140495.41457976613,2500.0,0.0,mercedes_ecitaro,Mercedes-Benz eCitaro,80.77119276000647,555.0,2026-04-08 14:25:40.000000000,2026-04-08 14:25:10.000000000,0.0,140.49541457976613,0.0,2.5,0.0,2.5,0.020833333333333332,0.0,False
1,0.0,323.4478124594319,2.488060095841784,130.0,9-N1-2-B-034901,Capitaine Nemo,Pôle J. Verne,6,763,38662.33333333333,140818.86239222556,7315.620110681674,0.0,mercedes_ecitaro,Mercedes-Benz eCitaro,80.7235936301572,555.0,2026-04-08 14:27:50.000000000,2026-04-08 14:25:40.000000000,0.3234478124594319,140.81886239222555,8.957016345030421,7.3156201106816745,0.0,7.3156201106816745,0.26417517066350493,0.0,False
0,0.0,0.0,0.0,30.0,9-N1-2-B-034901,Pôle J. Verne,Pôle J. Verne,6,764,38692.33333333333,140818.86239222556,2500.0,0.0,mercedes_ecitaro,Mercedes-Benz eCitaro,80.71983987640344,555.0,2026-04-08 14:28:20.000000000,2026-04-08 14:27:50.000000000,0.0,140.81886239222555,0.0,2.5,0.0,2.5,0.020833333333333332,0.0,False
1,0.0,334.0181708930427,4.7044812801837,71.0,9-N1-4-B-035101,Pôle J. Verne,Capitaine Nemo,6,765,38763.33333333333,141152.8805631186,11878.580971251235,0.0,mercedes_ecitaro,Mercedes-Benz eCitaro,80.67762870278187,555.0,2026-04-08 14:29:31.000000000,2026-04-08 14:28:20.000000000,0.3340181708930427,141.1528805631186,16.93613260866132,11.878580971251235,0.0,11.878580971251235,0.23427201359967714,0.0,False
0,0.0,0.0,0.0,30.0,9-N1-4-B-035101,Capitaine Nemo,Capitaine Nemo,6,766,38793.33333333333,141152.8805631186,2500.0,0.0,mercedes_ecitaro,Mercedes-Benz eCitaro,80.67387494902812,555.0,2026-04-08 14:30:01.000000000,2026-04-08 14:29:31.000000000,0.0,141.1528805631186,0.0,2.5,0.0,2.5,0.020833333333333332,0.0,False
1,0.0,122.91799931516653,5.8532380626269775,21.0,9-N1-4-B-035101,Capitaine Nemo,C. Cial Glisy,6,767,38814.33333333333,141275.79856243377,14427.177180198683,0.0,mercedes_ecitaro,Mercedes-Benz eCitaro,80.65871124928918,555.0,2026-04-08 14:30:22.000000000,2026-04-08 14:30:01.000000000,0.12291799931516653,141.27579856243378,21.07165702545712,14.427177180198683,0.0,14.427177180198683,0.08415853355115899,0.0,False
0,0.0,0.0,0.0,30.0,9-N1-4-B-035101,C. Cial Glisy,C. Cial Glisy,6,768,38844.33333333333,141275.79856243377,2500.0,0.0,mercedes_ecitaro,Mercedes-Benz eCitaro,80.65495749553543,555.0,2026-04-08 14:30:52.000000000,2026-04-08 14:30:22.000000000,0.0,141.27579856243378,0.0,2.5,0.0,2.5,0.020833333333333332,0.0,False
1,0.0,685.9620842301216,4.6664087362593305,147.0,9-N1-4-B-035101,C. Cial Glisy,Croix de Fer,6,769,38991.33333333333,141961.7606466639,11796.619365870161,0.0,mercedes_ecitaro,Mercedes-Benz eCitaro,80.568165551252,555.0,2026-04-08 14:33:19.000000000,2026-04-08 14:30:52.000000000,0.6859620842301216,141.9617606466639,16.79907145053359,11.79661936587016,0.0,11.79661936587016,0.4816952907730316,0.0,False
0,0.0,0.0,0.0,30.0,9-N1-4-B-035101,Croix de Fer,Croix de Fer,6,770,39021.33333333333,141961.7606466639,2500.0,0.0,mercedes_ecitaro,Mercedes-Benz eCitaro,80.56441179749824,555.0,2026-04-08 14:33:49.000000000,2026-04-08 14:33:19.000000000,0.0,141.9617606466639,0.0,2.5,0.0,2.5,0.020833333333333332,0.0,False
1,0.0,746.5227463047001,6.912247650969446,108.0,9-N1-4-B-035101,Croix de Fer,La Fourche,6,771,39129.33333333333,142708.2833929686,16925.39814763343,0.0,mercedes_ecitaro,Mercedes-Benz eCitaro,80.47292315886239,555.0,2026-04-08 14:35:37.000000000,2026-04-08 14:33:49.000000000,0.7465227463047002,142.70828339296858,24.88409154349001,16.92539814763343,0.0,16.92539814763343,0.5077619444290029,0.0,False
0,0.0,0.0,0.0,30.0,9-N1-4-B-035101,La Fourche,La Fourche,6,772,39159.33333333333,142708.2833929686,2500.0,0.0,mercedes_ecitaro,Mercedes-Benz eCitaro,80.46916940510863,555.0,2026-04-08 14:36:07.000000000,2026-04-08 14:35:37.000000000,0.0,142.70828339296858,0.0,2.5,0.0,2.5,0.020833333333333332,0.0,False
1,0.0,236.45430499839583,7.38919703119987,32.0,9-N1-4-B-035101,La Fourche,M. de Longueau,6,773,39191.33333333333,142944.73769796698,18104.29412886066,0.0,mercedes_ecitaro,Mercedes-Benz eCitaro,80.44017353863597,555.0,2026-04-08 14:36:39.000000000,2026-04-08 14:36:07.000000000,0.23645430499839581,142.94473769796699,26.60110931231953,18.10429412886066,0.0,18.10429412886066,0.16092705892320586,0.0,False
0,0.0,0.0,0.0,30.0,9-N1-4-B-035101,M. de Longueau,M. de Longueau,6,774,39221.33333333333,142944.73769796698,2500.0,0.0,mercedes_ecitaro,Mercedes-Benz eCitaro,80.43641978488222,555.0,2026-04-08 14:37:09.000000000,2026-04-08 14:36:39.000000000,0.0,142.94473769796699,0.0,2.5,0.0,2.5,0.020833333333333332,0.0,False
1,0.0,238.2314886825274,7.219136020682649,33.0,9-N1-4-B-035101,M. de Longueau,Poidevin,6,775,39254.33333333333,143182.9691866495,17679.857275640912,0.0,mercedes_ecitaro,Mercedes-Benz eCitaro,80.40721881941195,555.0,2026-04-08 14:37:42.000000000,2026-04-08 14:37:09.000000000,0.23823148868252741,143.1829691866495,25.98888967445754,17.679857275640913,0.0,17.679857275640913,0.1620653583600417,0.0,False
0,0.0,0.0,0.0,30.0,9-N1-4-B-035101,Poidevin,Poidevin,6,776,39284.33333333333,143182.9691866495,2500.0,0.0,mercedes_ecitaro,Mercedes-Benz eCitaro,80.4034650656582,555.0,2026-04-08 14:38:12.000000000,2026-04-08 14:37:42.000000000,0.0,143.1829691866495,0.0,2.5,0.0,2.5,0.020833333333333332,0.0,False
1,0.0,283.0530932557657,7.257771621942711,39.0,9-N1-4-B-035101,Poidevin,La Rose Rouge,6,777,39323.33333333333,143466.02227990527,17775.879384511274,0.0,mercedes_ecitaro,Mercedes-Benz eCitaro,80.36876740319593,555.0,2026-04-08 14:38:51.000000000,2026-04-08 14:38:12.000000000,0.2830530932557657,143.46602227990527,26.127977838993758,17.775879384511274,0.0,17.775879384511274,0.1925720266655388,0.0,False
0,0.0,0.0,0.0,30.0,9-N1-4-B-035101,La Rose Rouge,La Rose Rouge,6,778,39353.33333333333,143466.02227990527,2500.0,0.0,mercedes_ecitaro,Mercedes-Benz eCitaro,80.36501364944218,555.0,2026-04-08 14:39:21.000000000,2026-04-08 14:38:51.000000000,0.0,143.46602227990527,0.0,2.5,0.0,2.5,0.020833333333333332,0.0,False
1,0.0,382.52636844861735,7.356276316319565,52.0,9-N1-4-B-035101,La Rose Rouge,Cité du Château,6,779,39405.33333333333,143848.5486483539,18021.769783997195,0.0,mercedes_ecitaro,Mercedes-Benz eCitaro,80.31811014449883,555.0,2026-04-08 14:40:13.000000000,2026-04-08 14:39:21.000000000,0.38252636844861737,143.8485486483539,26.482594738750432,18.021769783997197,0.0,18.021769783997197,0.26031445243551504,0.0,False
0,0.0,0.0,0.0,30.0,9-N1-4-B-035101,Cité du Château,Cité du Château,6,780,39435.33333333333,143848.5486483539,2500.0,0.0,mercedes_ecitaro,Mercedes-Benz eCitaro,80.31435639074508,555.0,2026-04-08 14:40:43.000000000,2026-04-08 14:40:13.000000000,0.0,143.8485486483539,0.0,2.5,0.0,2.5,0.020833333333333332,0.0,False
1,0.0,259.04003764462647,7.195556601239624,36.0,9-N1-4-B-035101,Cité du Château,Pont de l'Avre,6,781,39471.33333333333,144107.58868599852,17621.370476656775,0.0,mercedes_ecitaro,Mercedes-Benz eCitaro,80.28260617367002,555.0,2026-04-08 14:41:19.000000000,2026-04-08 14:40:43.000000000,0.25904003764462646,144.1075886859985,25.904003764462647,17.621370476656775,0.0,17.621370476656775,0.17621370476656775,0.0,False
0,0.0,0.0,0.0,30.0,9-N1-4-B-035101,Pont de l'Avre,Pont de l'Avre,6,782,39501.33333333333,144107.58868599852,2500.0,0.0,mercedes_ecitaro,Mercedes-Benz eCitaro,80.27885241991628,555.0,2026-04-08 14:41:49.000000000,2026-04-08 14:41:19.000000000,0.0,144.1075886859985,0.0,2.5,0.0,2.5,0.020833333333333332,0.0,False
1,0.0,778.6426370279388,6.655065273743067,117.0,9-N1-4-B-035101,Pont de l'Avre,Sobo,6,783,39618.33333333333,144886.23132302647,16304.11753685129,0.0,mercedes_ecitaro,Mercedes-Benz eCitaro,80.18337785776353,555.0,2026-04-08 14:43:46.000000000,2026-04-08 14:41:49.000000000,0.7786426370279388,144.88623132302646,23.95823498547504,16.30411753685129,0.0,16.30411753685129,0.529883819947667,0.0,False
0,0.0,0.0,0.0,30.0,9-N1-4-B-035101,Sobo,Sobo,6,784,39648.33333333333,144886.23132302647,2500.0,0.0,mercedes_ecitaro,Mercedes-Benz eCitaro,80.17962410400978,555.0,2026-04-08 14:44:16.000000000,2026-04-08 14:43:46.000000000,0.0,144.88623132302646,0.0,2.5,0.0,2.5,0.020833333333333332,0.0,False
1,0.0,494.86888000554234,6.598251733407231,75.0,9-N1-4-B-035101,Sobo,Mercey,6,785,39723.33333333333,145381.10020303202,16168.181881260052,0.0,mercedes_ecitaro,Mercedes-Benz eCitaro,80.11893273058163,555.0,2026-04-08 14:45:31.000000000,2026-04-08 14:44:16.000000000,0.49486888000554236,145.38110020303202,23.753706240266034,16.168181881260054,0.0,16.168181881260054,0.3368371225262511,0.0,False
0,0.0,0.0,0.0,30.0,9-N1-4-B-035101,Mercey,Mercey,6,786,39753.33333333333,145381.10020303202,2500.0,0.0,mercedes_ecitaro,Mercedes-Benz eCitaro,80.11517897682788,555.0,2026-04-08 14:46:01.000000000,2026-04-08 14:45:31.000000000,0.0,145.38110020303202,0.0,2.5,0.0,2.5,0.020833333333333332,0.0,False
1,0.0,443.51095510688015,6.71986295616485,66.0,9-N1-4-B-035101,Mercey,Egl. St-Acheul,6,787,39819.33333333333,145824.6111581389,16459.72967793986,0.0,mercedes_ecitaro,Mercedes-Benz eCitaro,80.06080749741126,555.0,2026-04-08 14:47:07.000000000,2026-04-08 14:46:01.000000000,0.44351095510688016,145.8246111581389,24.191506642193463,16.459729677939862,0.0,16.459729677939862,0.3017617107622308,0.0,False
0,0.0,0.0,0.0,30.0,9-N1-4-B-035101,Egl. St-Acheul,Egl. St-Acheul,6,788,39849.33333333333,145824.6111581389,2500.0,0.0,mercedes_ecitaro,Mercedes-Benz eCitaro,80.0570537436575,555.0,2026-04-08 14:47:37.000000000,2026-04-08 14:47:07.000000000,0.0,145.8246111581389,0.0,2.5,0.0,2.5,0.020833333333333332,0.0,False
1,0.0,277.40496861036326,6.604880205008649,42.0,9-N1-4-B-035101,Egl. St-Acheul,L. de Luzarches,6,789,39891.33333333333,146102.01612674925,16184.017525487165,0.0,mercedes_ecitaro,Mercedes-Benz eCitaro,80.02303328639672,555.0,2026-04-08 14:48:19.000000000,2026-04-08 14:47:37.000000000,0.27740496861036323,146.10201612674925,23.777568738031135,16.184017525487164,0.0,16.184017525487164,0.18881353779735024,0.0,False
0,0.0,0.0,0.0,30.0,9-N1-4-B-035101,L. de Luzarches,L. de Luzarches,6,790,39921.33333333333,146102.01612674925,2500.0,0.0,mercedes_ecitaro,Mercedes-Benz eCitaro,80.01927953264297,555.0,2026-04-08 14:48:49.000000000,2026-04-08 14:48:19.000000000,0.0,146.10201612674925,0.0,2.5,0.0,2.5,0.020833333333333332,0.0,False
1,0.0,343.1323580300078,3.855419753146155,89.0,9-N1-4-B-035101,L. de Luzarches,Pinceau,6,791,40010.33333333333,146445.14848477926,10083.906448902566,0.0,mercedes_ecitaro,Mercedes-Benz eCitaro,79.97436123064335,555.0,2026-04-08 14:50:18.000000000,2026-04-08 14:48:49.000000000,0.3431323580300078,146.44514848477925,13.879511111326158,10.083906448902566,0.0,10.083906448902566,0.249296576097869,0.0,False
0,0.0,0.0,0.0,30.0,9-N1-4-B-035101,Pinceau,Pinceau,6,792,40040.33333333333,146445.14848477926,2500.0,0.0,mercedes_ecitaro,Mercedes-Benz eCitaro,79.9706074768896,555.0,2026-04-08 14:50:48.000000000,2026-04-08 14:50:18.000000000,0.0,146.44514848477925,0.0,2.5,0.0,2.5,0.020833333333333332,0.0,False
1,0.0,405.8966158731125,3.793426316571145,107.0,9-N1-4-B-035101,Pinceau,Caserne Dejean,6,793,40147.33333333333,146851.04510065238,9955.410597282218,0.0,mercedes_ecitaro,Mercedes-Benz eCitaro,79.91729271543268,555.0,2026-04-08 14:52:35.000000000,2026-04-08 14:50:48.000000000,0.40589661587311254,146.85104510065239,13.656334739656122,9.955410597282219,0.0,9.955410597282219,0.29589692608588813,0.0,False
0,0.0,0.0,0.0,30.0,9-N1-4-B-035101,Caserne Dejean,Caserne Dejean,6,794,40177.33333333333,146851.04510065238,2500.0,0.0,mercedes_ecitaro,Mercedes-Benz eCitaro,79.91353896167892,555.0,2026-04-08 14:53:05.000000000,2026-04-08 14:52:35.000000000,0.0,146.85104510065239,0.0,2.5,0.0,2.5,0.020833333333333332,0.0,False
1,0.0,391.6364257160486,3.7657348626543135,104.0,9-N1-4-B-035101,Caserne Dejean,Gare du Nord A,6,795,40281.33333333333,147242.68152636843,9898.116829554354,0.0,mercedes_ecitaro,Mercedes-Benz eCitaro,79.86201723243599,555.0,2026-04-08 14:54:49.000000000,2026-04-08 14:53:05.000000000,0.3916364257160486,147.24268152636841,13.55664550555553,9.898116829554354,0.0,9.898116829554354,0.2859455972982369,0.0,False
0,0.0,0.0,0.0,30.0,9-N1-4-B-035101,Gare du Nord A,Gare du Nord A,6,796,40311.33333333333,147242.68152636843,2500.0,0.0,mercedes_ecitaro,Mercedes-Benz eCitaro,79.85826347868225,555.0,2026-04-08 14:55:19.000000000,2026-04-08 14:54:49.000000000,0.0,147.24268152636841,0.0,2.5,0.0,2.5,0.020833333333333332,0.0,False
1,0.0,327.94171057791687,2.2158223687697087,148.0,9-N1-4-B-035101,Gare du Nord A,René Goblet,6,797,40459.33333333333,147570.62323694635,6778.373636749175,0.0,mercedes_ecitaro,Mercedes-Benz eCitaro,79.80805330359522,555.0,2026-04-08 14:57:47.000000000,2026-04-08 14:55:19.000000000,0.3279417105779169,147.57062323694635,7.976960527570951,6.7783736367491745,0.0,6.7783736367491745,0.2786664717330216,0.0,False
0,0.0,0.0,0.0,30.0,9-N1-4-B-035101,René Goblet,René Goblet,6,798,40489.33333333333,147570.62323694635,2500.0,0.0,mercedes_ecitaro,Mercedes-Benz eCitaro,79.80429954984146,555.0,2026-04-08 14:58:17.000000000,2026-04-08 14:57:47.000000000,0.0,147.57062323694635,0.0,2.5,0.0,2.5,0.020833333333333332,0.0,False
1,0.0,225.21730590675048,4.170690850125009,54.0,9-N1-4-B-035101,René Goblet,P. de Justice,6,799,40543.33333333333,147795.8405428531,10742.498468974078,0.0,mercedes_ecitaro,Mercedes-Benz eCitaro,79.77526577019557,555.0,2026-04-08 14:59:11.000000000,2026-04-08 14:58:17.000000000,0.2252173059067505,147.7958405428531,15.014487060450033,10.742498468974079,0.0,10.742498468974079,0.16113747703461115,0.0,False
0,0.0,0.0,0.0,30.0,9-N1-4-B-035101,P. de Justice,P. de Justice,6,800,40573.33333333333,147795.8405428531,2500.0,0.0,mercedes_ecitaro,Mercedes-Benz eCitaro,79.77151201644182,555.0,2026-04-08 14:59:41.000000000,2026-04-08 14:59:11.000000000,0.0,147.7958405428531,0.0,2.5,0.0,2.5,0.020833333333333332,0.0,False
1,0.0,229.9992746993994,3.965504736196541,58.0,9-N1-4-B-035101,P. de Justice,Dusevel,6,801,40631.33333333333,148025.8398175525,10312.884400903367,0.0,mercedes_ecitaro,Mercedes-Benz eCitaro,79.74157471437714,555.0,2026-04-08 15:00:39.000000000,2026-04-08 14:59:41.000000000,0.2299992746993994,148.0258398175525,14.275817050307548,10.312884400903368,0.0,10.312884400903368,0.1661520264589987,0.0,False
0,0.0,0.0,0.0,30.0,9-N1-4-B-035101,Dusevel,Dusevel,6,802,40661.33333333333,148025.8398175525,2500.0,0.0,mercedes_ecitaro,Mercedes-Benz eCitaro,79.7378209606234,555.0,2026-04-08 15:01:09.000000000,2026-04-08 15:00:39.000000000,0.0,148.0258398175525,0.0,2.5,0.0,2.5,0.020833333333333332,0.0,False
1,0.0,218.8226139254244,3.587255965990564,61.0,9-N1-4-B-035101,Dusevel,Beffroi,6,803,40722.33333333333,148244.66243147792,9530.33656798103,0.0,mercedes_ecitaro,Mercedes-Benz eCitaro,79.70872433746788,555.0,2026-04-08 15:02:10.000000000,2026-04-08 15:01:09.000000000,0.2188226139254244,148.2446624314779,12.914121477566031,9.530336567981031,0.0,9.530336567981031,0.1614862585130119,0.0,False
0,0.0,0.0,0.0,30.0,9-N1-4-B-035101,Beffroi,Beffroi,6,804,40752.33333333333,148244.66243147792,2500.0,0.0,mercedes_ecitaro,Mercedes-Benz eCitaro,79.70497058371413,555.0,2026-04-08 15:02:40.000000000,2026-04-08 15:02:10.000000000,0.0,148.2446624314779,0.0,2.5,0.0,2.5,0.020833333333333332,0.0,False
1,0.0,189.07722066752729,3.501430012361616,54.0,9-N1-4-B-035101,Beffroi,Place du Marché,6,805,40806.33333333333,148433.73965214545,9354.377011673041,0.0,mercedes_ecitaro,Mercedes-Benz eCitaro,79.67968848368258,555.0,2026-04-08 15:03:34.000000000,2026-04-08 15:02:40.000000000,0.18907722066752727,148.43373965214545,12.605148044501819,9.35437701167304,0.0,9.35437701167304,0.14031565517509562,0.0,False
0,0.0,0.0,0.0,30.0,9-N1-4-B-035101,Place du Marché,Place du Marché,6,806,40836.33333333333,148433.73965214545,2500.0,0.0,mercedes_ecitaro,Mercedes-Benz eCitaro,79.67593472992883,555.0,2026-04-08 15:04:04.000000000,2026-04-08 15:03:34.000000000,0.0,148.43373965214545,0.0,2.5,0.0,2.5,0.020833333333333332,0.0,False
1,0.0,171.78613535708172,3.817469674601816,45.0,9-N1-4-B-035101,Place du Marché,M. Culture B,6,807,40881.33333333333,148605.52578750253,10005.207964905961,0.0,mercedes_ecitaro,Mercedes-Benz eCitaro,79.65340047775562,555.0,2026-04-08 15:04:49.000000000,2026-04-08 15:04:04.000000000,0.17178613535708173,148.60552578750253,13.742890828566539,10.005207964905962,0.0,10.005207964905962,0.12506509956132453,0.0,False
0,0.0,0.0,0.0,30.0,9-N1-4-B-035101,M. Culture B,M. Culture B,6,808,40911.33333333333,148605.52578750253,2500.0,0.0,mercedes_ecitaro,Mercedes-Benz eCitaro,79.64964672400187,555.0,2026-04-08 15:05:19.000000000,2026-04-08 15:04:49.000000000,0.0,148.60552578750253,0.0,2.5,0.0,2.5,0.020833333333333332,0.0,False
1,0.0,291.81191051704656,6.07941480243847,48.0,9-N1-4-B-035101,M. Culture B,Saint-Jacques,6,809,40959.33333333333,148897.33769801958,14947.805699382516,0.0,mercedes_ecitaro,Mercedes-Benz eCitaro,79.61373607967903,555.0,2026-04-08 15:06:07.000000000,2026-04-08 15:05:19.000000000,0.2918119105170466,148.89733769801958,21.885893288778494,14.947805699382515,0.0,14.947805699382515,0.1993040759917669,0.0,False
0,0.0,0.0,0.0,30.0,9-N1-4-B-035101,Saint-Jacques,Saint-Jacques,6,810,40989.33333333333,148897.33769801958,2500.0,0.0,mercedes_ecitaro,Mercedes-Benz eCitaro,79.60998232592527,555.0,2026-04-08 15:06:37.000000000,2026-04-08 15:06:07.000000000,0.0,148.89733769801958,0.0,2.5,0.0,2.5,0.020833333333333332,0.0,False
1,0.0,350.7042974526486,5.656520926655622,62.0,9-N1-4-B-035101,Saint-Jacques,Jean Jaurès,6,811,41051.33333333333,149248.04199547222,13979.689002432178,0.0,mercedes_ecitaro,Mercedes-Benz eCitaro,79.56660190960142,555.0,2026-04-08 15:07:39.000000000,2026-04-08 15:06:37.000000000,0.3507042974526486,149.24804199547222,20.36347533596024,13.979689002432178,0.0,13.979689002432178,0.24076131059744307,0.0,False
0,0.0,0.0,0.0,30.0,9-N1-4-B-035101,Jean Jaurès,Jean Jaurès,6,812,41081.33333333333,149248.04199547222,2500.0,0.0,mercedes_ecitaro,Mercedes-Benz eCitaro,79.56284815584766,555.0,2026-04-08 15:08:09.000000000,2026-04-08 15:07:39.000000000,0.0,149.24804199547222,0.0,2.5,0.0,2.5,0.020833333333333332,0.0,False
1,0.0,402.8160957322576,5.5946679962813555,72.0,9-N1-4-B-035101,Jean Jaurès,Zoo d'Amiens,6,813,41153.33333333333,149650.85809120449,13839.983331209853,0.0,mercedes_ecitaro,Mercedes-Benz eCitaro,79.51297434204149,555.0,2026-04-08 15:09:21.000000000,2026-04-08 15:08:09.000000000,0.40281609573225763,149.6508580912045,20.14080478661288,13.839983331209853,0.0,13.839983331209853,0.276799666624197,0.0,False
0,0.0,0.0,0.0,30.0,9-N1-4-B-035101,Zoo d'Amiens,Zoo d'Amiens,6,814,41183.33333333333,149650.85809120449,2500.0,0.0,mercedes_ecitaro,Mercedes-Benz eCitaro,79.50922058828775,555.0,2026-04-08 15:09:51.000000000,2026-04-08 15:09:21.000000000,0.0,149.6508580912045,0.0,2.5,0.0,2.5,0.020833333333333332,0.0,False
1,0.0,376.38436041502575,5.790528621769627,65.0,9-N1-4-B-035101,Zoo d'Amiens,Egl. St-Firmin,6,815,41248.33333333333,150027.2424516195,14283.997606969104,0.0,mercedes_ecitaro,Mercedes-Benz eCitaro,79.46275112660341,555.0,2026-04-08 15:10:56.000000000,2026-04-08 15:09:51.000000000,0.37638436041502576,150.02724245161951,20.845903038370658,14.283997606969104,0.0,14.283997606969104,0.25790551234805326,0.0,False
0,0.0,0.0,0.0,30.0,9-N1-4-B-035101,Egl. St-Firmin,Egl. St-Firmin,6,816,41278.33333333333,150027.2424516195,2500.0,0.0,mercedes_ecitaro,Mercedes-Benz eCitaro,79.45899737284965,555.0,2026-04-08 15:11:26.000000000,2026-04-08 15:10:56.000000000,0.0,150.02724245161951,0.0,2.5,0.0,2.5,0.020833333333333332,0.0,False
1,0.0,300.7481358168622,5.674493128620042,53.0,9-N1-4-B-035101,Egl. St-Firmin,Faubourg de Hem,6,817,41331.33333333333,150327.99058743636,14020.370787798545,0.0,mercedes_ecitaro,Mercedes-Benz eCitaro,79.42180619908822,555.0,2026-04-08 15:12:19.000000000,2026-04-08 15:11:26.000000000,0.3007481358168622,150.32799058743637,20.428175263032152,14.020370787798544,0.0,14.020370787798544,0.20641101437592305,0.0,False
0,0.0,0.0,0.0,30.0,9-N1-4-B-035101,Faubourg de Hem,Faubourg de Hem,6,818,41361.33333333333,150327.99058743636,2500.0,0.0,mercedes_ecitaro,Mercedes-Benz eCitaro,79.41805244533447,555.0,2026-04-08 15:12:49.000000000,2026-04-08 15:12:19.000000000,0.0,150.32799058743637,0.0,2.5,0.0,2.5,0.020833333333333332,0.0,False
1,0.0,242.018982618479,5.5004314231472495,44.0,9-N1-4-B-035101,Faubourg de Hem,Espace Alliance,6,819,41405.33333333333,150570.00957005483,13628.030793913387,0.0,mercedes_ecitaro,Mercedes-Benz eCitaro,79.38804076590843,555.0,2026-04-08 15:13:33.000000000,2026-04-08 15:12:49.000000000,0.24201898261847898,150.57000957005482,19.8015531233301,13.628030793913387,0.0,13.628030793913387,0.16656482081449694,0.0,False
0,0.0,0.0,0.0,30.0,9-N1-4-B-035101,Espace Alliance,Espace Alliance,6,820,41435.33333333333,150570.00957005483,2500.0,0.0,mercedes_ecitaro,Mercedes-Benz eCitaro,79.38428701215469,555.0,2026-04-08 15:14:03.000000000,2026-04-08 15:13:33.000000000,0.0,150.57000957005482,0.0,2.5,0.0,2.5,0.020833333333333332,0.0,False
1,0.0,512.4653653664171,5.631487531499089,91.0,9-N1-4-B-035101,Espace Alliance,Sully,6,821,41526.33333333333,151082.47493542125,13923.090033058785,0.0,mercedes_ecitaro,Mercedes-Benz eCitaro,79.32087353903114,555.0,2026-04-08 15:15:34.000000000,2026-04-08 15:14:03.000000000,0.5124653653664172,151.08247493542126,20.273355113396722,13.923090033058784,0.0,13.923090033058784,0.35194477583565265,0.0,False
0,0.0,0.0,0.0,30.0,9-N1-4-B-035101,Sully,Sully,6,822,41556.33333333333,151082.47493542125,2500.0,0.0,mercedes_ecitaro,Mercedes-Benz eCitaro,79.31711978527738,555.0,2026-04-08 15:16:04.000000000,2026-04-08 15:15:34.000000000,0.0,151.08247493542126,0.0,2.5,0.0,2.5,0.020833333333333332,0.0,False
1,0.0,581.4235833007191,5.537367460006848,105.0,9-N1-4-B-035101,Sully,Place la Barre,6,823,41661.33333333333,151663.89851872198,13710.977433876818,0.0,mercedes_ecitaro,Mercedes-Benz eCitaro,79.24506509906331,555.0,2026-04-08 15:17:49.000000000,2026-04-08 15:16:04.000000000,0.5814235833007191,151.663898518722,19.934522856024653,13.710977433876819,0.0,13.710977433876819,0.3999035084880738,0.0,False
0,0.0,0.0,0.0,30.0,9-N1-4-B-035101,Place la Barre,Place la Barre,6,824,41691.33333333333,151663.89851872198,2500.0,0.0,mercedes_ecitaro,Mercedes-Benz eCitaro,79.24131134530955,555.0,2026-04-08 15:18:19.000000000,2026-04-08 15:17:49.000000000,0.0,151.663898518722,0.0,2.5,0.0,2.5,0.020833333333333332,0.0,False
1,0.0,321.16148117311843,4.654514219900267,69.0,9-N1-4-B-035101,Place la Barre,La Fontaine,6,825,41760.33333333333,151985.0599998951,11771.043507106238,0.0,mercedes_ecitaro,Mercedes-Benz eCitaro,79.2006605944592,555.0,2026-04-08 15:19:28.000000000,2026-04-08 15:18:19.000000000,0.32116148117311843,151.9850599998951,16.75625119164096,11.771043507106238,0.0,11.771043507106238,0.2256116672195362,0.0,False
0,0.0,0.0,0.0,30.0,9-N1-4-B-035101,La Fontaine,La Fontaine,6,826,41790.33333333333,151985.0599998951,2500.0,0.0,mercedes_ecitaro,Mercedes-Benz eCitaro,79.19690684070544,555.0,2026-04-08 15:19:58.000000000,2026-04-08 15:19:28.000000000,0.0,151.9850599998951,0.0,2.5,0.0,2.5,0.020833333333333332,0.0,False
1,0.0,233.68404358993675,5.31100099068038,44.0,9-N1-4-B-035101,La Fontaine,Les Coursives,6,827,41834.33333333333,152218.74404348506,13205.182837280407,0.0,mercedes_ecitaro,Mercedes-Benz eCitaro,79.1678263579807,555.0,2026-04-08 15:20:42.000000000,2026-04-08 15:19:58.000000000,0.23368404358993675,152.21874404348506,19.11960356644937,13.205182837280407,0.0,13.205182837280407,0.1613966791223161,0.0,False
0,0.0,0.0,0.0,30.0,9-N1-4-B-035101,Les Coursives,Les Coursives,6,828,41864.33333333333,152218.74404348506,2500.0,0.0,mercedes_ecitaro,Mercedes-Benz eCitaro,79.16407260422694,555.0,2026-04-08 15:21:12.000000000,2026-04-08 15:20:42.000000000,0.0,152.21874404348506,0.0,2.5,0.0,2.5,0.020833333333333332,0.0,False
1,0.0,293.0331102299119,5.327874731452944,55.0,9-N1-4-B-035101,Les Coursives,Languedoc,6,829,41919.33333333333,152511.77715371497,13242.677402966896,0.0,mercedes_ecitaro,Mercedes-Benz eCitaro,79.12761878755211,555.0,2026-04-08 15:22:07.000000000,2026-04-08 15:21:12.000000000,0.2930331102299119,152.51177715371497,19.1803490332306,13.242677402966896,0.0,13.242677402966896,0.20231868254532756,0.0,False
0,0.0,0.0,0.0,30.0,9-N1-4-B-035101,Languedoc,Languedoc,6,830,41949.33333333333,152511.77715371497,2500.0,0.0,mercedes_ecitaro,Mercedes-Benz eCitaro,79.12386503379835,555.0,2026-04-08 15:22:37.000000000,2026-04-08 15:22:07.000000000,0.0,152.51177715371497,0.0,2.5,0.0,2.5,0.020833333333333332,0.0,False
1,0.0,320.6006811443548,4.007508514304435,80.0,9-N1-4-B-035101,Languedoc,Collège R.Parks,6,831,42029.33333333333,152832.37783485933,10400.52786970044,0.0,mercedes_ecitaro,Mercedes-Benz eCitaro,79.08222127856432,555.0,2026-04-08 15:23:57.000000000,2026-04-08 15:22:37.000000000,0.3206006811443548,152.83237783485933,14.427030651495967,10.40052786970044,0.0,10.40052786970044,0.23112284154889867,0.0,False
0,0.0,0.0,0.0,30.0,9-N1-4-B-035101,Collège R.Parks,Collège R.Parks,6,832,42059.33333333333,152832.37783485933,2500.0,0.0,mercedes_ecitaro,Mercedes-Benz eCitaro,79.07846752481056,555.0,2026-04-08 15:24:27.000000000,2026-04-08 15:23:57.000000000,0.0,152.83237783485933,0.0,2.5,0.0,2.5,0.020833333333333332,0.0,False
1,0.0,270.8261413947126,5.0152989147169,54.0,9-N1-4-B-035101,Collège R.Parks,Martinique,6,833,42113.33333333333,153103.20397625404,12553.382066466642,0.0,mercedes_ecitaro,Mercedes-Benz eCitaro,79.04453946517147,555.0,2026-04-08 15:25:21.000000000,2026-04-08 15:24:27.000000000,0.27082614139471256,153.10320397625404,18.05507609298084,12.553382066466641,0.0,12.553382066466641,0.18830073099699965,0.0,False
0,0.0,0.0,0.0,30.0,9-N1-4-B-035101,Martinique,Martinique,6,834,42143.33333333333,153103.20397625404,2500.0,0.0,mercedes_ecitaro,Mercedes-Benz eCitaro,79.04078571141771,555.0,2026-04-08 15:25:51.000000000,2026-04-08 15:25:21.000000000,0.0,153.10320397625404,0.0,2.5,0.0,2.5,0.020833333333333332,0.0,False
1,0.0,274.08690803195344,2.3227704070504527,118.0,9-N1-4-B-035101,Martinique,Etouvie Quai A,6,835,42261.33333333333,153377.290884286,6988.977513860954,0.0,mercedes_ecitaro,Mercedes-Benz eCitaro,78.99950946784236,555.0,2026-04-08 15:27:49.000000000,2026-04-08 15:25:51.000000000,0.27408690803195346,153.377290884286,8.361973465381629,6.988977513860954,0.0,6.988977513860954,0.22908315184322015,0.0,False
1,0.0,241.9015249612658,4.319670088594032,56.0,9-N1-2-B-034901,Etouvie Quai A,Martinique,7,836,42317.33333333333,153619.19240924725,11056.821019198629,0.0,mercedes_ecitaro,Mercedes-Benz eCitaro,78.96851937889966,555.0,2026-04-08 15:28:45.000000000,2026-04-08 15:27:49.000000000,0.2419015249612658,153.61919240924723,15.550812318938515,11.05682101919863,0.0,11.05682101919863,0.17199499363197868,0.0,False
0,0.0,0.0,0.0,30.0,9-N1-2-B-034901,Martinique,Martinique,7,837,42347.33333333333,153619.19240924725,2500.0,0.0,mercedes_ecitaro,Mercedes-Benz eCitaro,78.9647656251459,555.0,2026-04-08 15:29:15.000000000,2026-04-08 15:28:45.000000000,0.0,153.61919240924723,0.0,2.5,0.0,2.5,0.020833333333333332,0.0,False
1,0.0,330.7630000086095,4.9367611941583505,67.0,9-N1-2-B-034901,Martinique,Collège R.Parks,7,838,42414.33333333333,153949.95540925587,12381.899008765697,0.0,mercedes_ecitaro,Mercedes-Benz eCitaro,78.92324474258398,555.0,2026-04-08 15:30:22.000000000,2026-04-08 15:29:15.000000000,0.3307630000086095,153.94995540925586,17.77234029897006,12.381899008765696,0.0,12.381899008765696,0.2304408982186949,0.0,False
0,0.0,0.0,0.0,30.0,9-N1-2-B-034901,Collège R.Parks,Collège R.Parks,7,839,42444.33333333333,153949.95540925587,2500.0,0.0,mercedes_ecitaro,Mercedes-Benz eCitaro,78.91949098883022,555.0,2026-04-08 15:30:52.000000000,2026-04-08 15:30:22.000000000,0.0,153.94995540925586,0.0,2.5,0.0,2.5,0.020833333333333332,0.0,False
1,0.0,296.81987678393193,4.01107941599908,74.0,9-N1-2-B-034901,Collège R.Parks,Languedoc,7,840,42518.33333333333,154246.7752860398,10407.985877821335,0.0,mercedes_ecitaro,Mercedes-Benz eCitaro,78.88094289298644,555.0,2026-04-08 15:32:06.000000000,2026-04-08 15:30:52.000000000,0.29681987678393196,154.2467752860398,14.439885897596689,10.407985877821334,0.0,10.407985877821334,0.2139419319329941,0.0,False
0,0.0,0.0,0.0,30.0,9-N1-2-B-034901,Languedoc,Languedoc,7,841,42548.33333333333,154246.7752860398,2500.0,0.0,mercedes_ecitaro,Mercedes-Benz eCitaro,78.87718913923268,555.0,2026-04-08 15:32:36.000000000,2026-04-08 15:32:06.000000000,0.0,154.2467752860398,0.0,2.5,0.0,2.5,0.020833333333333332,0.0,False
1,0.0,297.726462758007,5.316543977821554,56.0,9-N1-2-B-034901,Languedoc,Les coursives,7,842,42604.33333333333,154544.5017487978,13217.496071507208,0.0,mercedes_ecitaro,Mercedes-Benz eCitaro,78.84014310419744,555.0,2026-04-08 15:33:32.000000000,2026-04-08 15:32:36.000000000,0.297726462758007,154.5445017487978,19.139558320157594,13.217496071507208,0.0,13.217496071507208,0.2056054944456677,0.0,False
0,0.0,0.0,0.0,30.0,9-N1-2-B-034901,Les coursives,Les coursives,7,843,42634.33333333333,154544.5017487978,2500.0,0.0,mercedes_ecitaro,Mercedes-Benz eCitaro,78.83638935044368,555.0,2026-04-08 15:34:02.000000000,2026-04-08 15:33:32.000000000,0.0,154.5445017487978,0.0,2.5,0.0,2.5,0.020833333333333332,0.0,False
1,0.0,227.94980309080773,5.065551179795728,45.0,9-N1-2-B-034901,Les coursives,La Fontaine,7,844,42679.33333333333,154772.4515518886,12663.459214121442,0.0,mercedes_ecitaro,Mercedes-Benz eCitaro,78.80786804590737,555.0,2026-04-08 15:34:47.000000000,2026-04-08 15:34:02.000000000,0.22794980309080773,154.7724515518886,18.23598424726462,12.663459214121442,0.0,12.663459214121442,0.15829324017651802,0.0,False
0,0.0,0.0,0.0,30.0,9-N1-2-B-034901,La Fontaine,La Fontaine,7,845,42709.33333333333,154772.4515518886,2500.0,0.0,mercedes_ecitaro,Mercedes-Benz eCitaro,78.80411429215361,555.0,2026-04-08 15:35:17.000000000,2026-04-08 15:34:47.000000000,0.0,154.7724515518886,0.0,2.5,0.0,2.5,0.020833333333333332,0.0,False
1,0.0,278.8940733458619,4.572033989276425,61.0,9-N1-2-B-034901,La Fontaine,Place la Barre,7,846,42770.33333333333,155051.34562523448,11594.0864387973,0.0,mercedes_ecitaro,Mercedes-Benz eCitaro,78.76871693115427,555.0,2026-04-08 15:36:18.000000000,2026-04-08 15:35:17.000000000,0.2788940733458619,155.0513456252345,16.459322361395127,11.5940864387973,0.0,11.5940864387973,0.19645535354628757,0.0,False
0,0.0,0.0,0.0,30.0,9-N1-2-B-034901,Place la Barre,Place la Barre,7,847,42800.33333333333,155051.34562523448,2500.0,0.0,mercedes_ecitaro,Mercedes-Benz eCitaro,78.76496317740052,555.0,2026-04-08 15:36:48.000000000,2026-04-08 15:36:18.000000000,0.0,155.0513456252345,0.0,2.5,0.0,2.5,0.020833333333333332,0.0,False
1,0.0,552.9827646282706,5.882795368385858,94.0,9-N1-2-B-034901,Place la Barre,Sully,7,848,42894.33333333333,155604.32838986276,14494.837120605796,0.0,mercedes_ecitaro,Mercedes-Benz eCitaro,78.69676924900529,555.0,2026-04-08 15:38:22.000000000,2026-04-08 15:36:48.000000000,0.5529827646282706,155.60432838986276,21.178063326189086,14.494837120605796,0.0,14.494837120605796,0.37847630259359577,0.0,False
0,0.0,0.0,0.0,30.0,9-N1-2-B-034901,Sully,Sully,7,849,42924.33333333333,155604.32838986276,2500.0,0.0,mercedes_ecitaro,Mercedes-Benz eCitaro,78.69301549525153,555.0,2026-04-08 15:38:52.000000000,2026-04-08 15:38:22.000000000,0.0,155.60432838986276,0.0,2.5,0.0,2.5,0.020833333333333332,0.0,False
1,0.0,541.2636534432309,5.820039284335816,93.0,9-N1-2-B-034901,Sully,Espace Alliance,7,850,43017.33333333333,156145.59204330598,14351.314697241989,0.0,mercedes_ecitaro,Mercedes-Benz eCitaro,78.62621508149559,555.0,2026-04-08 15:40:25.000000000,2026-04-08 15:38:52.000000000,0.5412636534432308,156.14559204330598,20.952141423608936,14.351314697241989,0.0,14.351314697241989,0.37074229634541805,0.0,False
0,0.0,0.0,0.0,30.0,9-N1-2-B-034901,Espace Alliance,Espace Alliance,7,851,43047.33333333333,156145.59204330598,2500.0,0.0,mercedes_ecitaro,Mercedes-Benz eCitaro,78.62246132774183,555.0,2026-04-08 15:40:55.000000000,2026-04-08 15:40:25.000000000,0.0,156.14559204330598,0.0,2.5,0.0,2.5,0.020833333333333332,0.0,False
1,0.0,306.8484114845754,5.789592669520291,53.0,9-N1-2-B-034901,Espace Alliance,Faubourg de Hem,7,852,43100.33333333333,156452.44045479054,14281.864401781007,0.0,mercedes_ecitaro,Mercedes-Benz eCitaro,78.58457650225162,555.0,2026-04-08 15:41:48.000000000,2026-04-08 15:40:55.000000000,0.3068484114845754,156.45244045479055,20.842533610273048,14.281864401781007,0.0,14.281864401781007,0.21026078147066482,0.0,False
0,0.0,0.0,0.0,30.0,9-N1-2-B-034901,Faubourg de Hem,Faubourg de Hem,7,853,43130.33333333333,156452.44045479054,2500.0,0.0,mercedes_ecitaro,Mercedes-Benz eCitaro,78.58082274849788,555.0,2026-04-08 15:42:18.000000000,2026-04-08 15:41:48.000000000,0.0,156.45244045479055,0.0,2.5,0.0,2.5,0.020833333333333332,0.0,False
1,0.0,296.4471853943004,7.058266318911914,42.0,9-N1-2-B-034901,Faubourg de Hem,Egl. St-Firmin,7,854,43172.33333333333,156748.88764018484,17282.560219061117,0.0,mercedes_ecitaro,Mercedes-Benz eCitaro,78.54449304233168,555.0,2026-04-08 15:43:00.000000000,2026-04-08 15:42:18.000000000,0.29644718539430037,156.74888764018485,25.409758748082893,17.282560219061118,0.0,17.282560219061118,0.20162986922237972,0.0,False
0,0.0,0.0,0.0,30.0,9-N1-2-B-034901,Egl. St-Firmin,Egl. St-Firmin,7,855,43202.33333333333,156748.88764018484,2500.0,0.0,mercedes_ecitaro,Mercedes-Benz eCitaro,78.54073928857792,555.0,2026-04-08 15:43:30.000000000,2026-04-08 15:43:00.000000000,0.0,156.74888764018485,0.0,2.5,0.0,2.5,0.020833333333333332,0.0,False
1,0.0,397.9625757415526,7.106474566813439,56.0,9-N1-2-B-034901,Egl. St-Firmin,Zoo d'Amiens,7,856,43258.33333333333,157146.8502159264,17401.196362585695,0.0,mercedes_ecitaro,Mercedes-Benz eCitaro,78.49196716664075,555.0,2026-04-08 15:44:26.000000000,2026-04-08 15:43:30.000000000,0.3979625757415526,157.14685021592638,25.58330844052838,17.401196362585694,0.0,17.401196362585694,0.270685276751333,0.0,False
0,0.0,0.0,0.0,30.0,9-N1-2-B-034901,Zoo d'Amiens,Zoo d'Amiens,7,857,43288.33333333333,157146.8502159264,2500.0,0.0,mercedes_ecitaro,Mercedes-Benz eCitaro,78.48821341288699,555.0,2026-04-08 15:44:56.000000000,2026-04-08 15:44:26.000000000,0.0,157.14685021592638,0.0,2.5,0.0,2.5,0.020833333333333332,0.0,False
1,0.0,387.76459722543666,6.924367807597084,56.0,9-N1-2-B-034901,Zoo d'Amiens,Jean Jaurès,7,858,43344.33333333333,157534.61481315183,16954.920605978714,0.0,mercedes_ecitaro,Mercedes-Benz eCitaro,78.44069211389126,555.0,2026-04-08 15:45:52.000000000,2026-04-08 15:44:56.000000000,0.38776459722543666,157.53461481315182,24.9277241073495,16.954920605978714,0.0,16.954920605978714,0.26374320942633556,0.0,False
0,0.0,0.0,0.0,30.0,9-N1-2-B-034901,Jean Jaurès,Jean Jaurès,7,859,43374.33333333333,157534.61481315183,2500.0,0.0,mercedes_ecitaro,Mercedes-Benz eCitaro,78.4369383601375,555.0,2026-04-08 15:46:22.000000000,2026-04-08 15:45:52.000000000,0.0,157.53461481315182,0.0,2.5,0.0,2.5,0.020833333333333332,0.0,False
1,0.0,353.81886733206454,6.675827685510652,53.0,9-N1-2-B-034901,Jean Jaurès,Saint-Jacques,7,860,43427.33333333333,157888.4336804839,16353.911877036153,0.0,mercedes_ecitaro,Mercedes-Benz eCitaro,78.39355711241564,555.0,2026-04-08 15:47:15.000000000,2026-04-08 15:46:22.000000000,0.3538188673320645,157.8884336804839,24.032979667838347,16.353911877036154,0.0,16.353911877036154,0.24076592485636555,0.0,False
0,0.0,0.0,0.0,30.0,9-N1-2-B-034901,Saint-Jacques,Saint-Jacques,7,861,43457.33333333333,157888.4336804839,2500.0,0.0,mercedes_ecitaro,Mercedes-Benz eCitaro,78.38980335866188,555.0,2026-04-08 15:47:45.000000000,2026-04-08 15:47:15.000000000,0.0,157.8884336804839,0.0,2.5,0.0,2.5,0.020833333333333332,0.0,False
1,0.0,242.8037375118653,7.35768901551107,33.0,9-N1-2-B-034901,Saint-Jacques,M. Culture A,7,862,43490.33333333333,158131.23741799576,18025.307499846742,0.0,mercedes_ecitaro,Mercedes-Benz eCitaro,78.36003182975823,555.0,2026-04-08 15:48:18.000000000,2026-04-08 15:47:45.000000000,0.24280373751186532,158.13123741799575,26.487680455839854,18.025307499846743,0.0,18.025307499846743,0.16523198541526182,0.0,False
0,0.0,0.0,0.0,30.0,9-N1-2-B-034901,M. Culture A,M. Culture A,7,863,43520.33333333333,158131.23741799576,2500.0,0.0,mercedes_ecitaro,Mercedes-Benz eCitaro,78.35627807600447,555.0,2026-04-08 15:48:48.000000000,2026-04-08 15:48:18.000000000,0.0,158.13123741799575,0.0,2.5,0.0,2.5,0.020833333333333332,0.0,False
1,0.0,296.74165114956037,2.472847092913003,120.0,9-N1-2-B-034901,M. Culture A,Hôtel de Ville,7,864,43640.33333333333,158427.9790691453,7285.495885312494,0.0,mercedes_ecitaro,Mercedes-Benz eCitaro,78.31252134396055,555.0,2026-04-08 15:50:48.000000000,2026-04-08 15:48:48.000000000,0.29674165114956036,158.42797906914532,8.90224953448681,7.285495885312494,0.0,7.285495885312494,0.24284986284374976,0.0,False
0,0.0,0.0,0.0,30.0,9-N1-2-B-034901,Hôtel de Ville,Hôtel de Ville,7,865,43670.33333333333,158427.9790691453,2500.0,0.0,mercedes_ecitaro,Mercedes-Benz eCitaro,78.3087675902068,555.0,2026-04-08 15:51:18.000000000,2026-04-08 15:50:48.000000000,0.0,158.42797906914532,0.0,2.5,0.0,2.5,0.020833333333333332,0.0,False
1,0.0,228.2941059416939,4.005159753363051,57.0,9-N1-2-B-034901,Hôtel de Ville,Jacobins,7,866,43727.33333333333,158656.273175087,10395.62297288138,0.0,mercedes_ecitaro,Mercedes-Benz eCitaro,78.27911040755143,555.0,2026-04-08 15:52:15.000000000,2026-04-08 15:51:18.000000000,0.22829410594169391,158.656273175087,14.418575112106984,10.39562297288138,0.0,10.39562297288138,0.16459736373728853,0.0,False
0,0.0,0.0,0.0,30.0,9-N1-2-B-034901,Jacobins,Jacobins,7,867,43757.33333333333,158656.273175087,2500.0,0.0,mercedes_ecitaro,Mercedes-Benz eCitaro,78.27535665379767,555.0,2026-04-08 15:52:45.000000000,2026-04-08 15:52:15.000000000,0.0,158.656273175087,0.0,2.5,0.0,2.5,0.020833333333333332,0.0,False
1,0.0,326.11241962366006,4.026079254613087,81.0,9-N1-2-B-034901,Jacobins,Emile Zola,7,868,43838.33333333333,158982.38559471065,10439.32601398859,0.0,mercedes_ecitaro,Mercedes-Benz eCitaro,78.23303506184908,555.0,2026-04-08 15:54:06.000000000,2026-04-08 15:52:45.000000000,0.32611241962366005,158.98238559471065,14.493885316607114,10.43932601398859,0.0,10.43932601398859,0.23488483531474327,0.0,False
0,0.0,0.0,0.0,30.0,9-N1-2-B-034901,Emile Zola,Emile Zola,7,869,43868.33333333333,158982.38559471065,2500.0,0.0,mercedes_ecitaro,Mercedes-Benz eCitaro,78.22928130809532,555.0,2026-04-08 15:54:36.000000000,2026-04-08 15:54:06.000000000,0.0,158.98238559471065,0.0,2.5,0.0,2.5,0.020833333333333332,0.0,False
1,0.0,355.48637357572056,2.1943603307143245,162.0,9-N1-2-B-034901,Emile Zola,Gare du Nord B,7,870,44030.33333333333,159337.87196828637,6736.177798628873,0.0,mercedes_ecitaro,Mercedes-Benz eCitaro,78.1746636502686,555.0,2026-04-08 15:57:18.000000000,2026-04-08 15:54:36.000000000,0.35548637357572055,159.33787196828638,7.899697190571568,6.736177798628873,0.0,6.736177798628873,0.3031280009382993,0.0,False
0,0.0,0.0,0.0,30.0,9-N1-2-B-034901,Gare du Nord B,Gare du Nord B,7,871,44060.33333333333,159337.87196828637,2500.0,0.0,mercedes_ecitaro,Mercedes-Benz eCitaro,78.17090989651484,555.0,2026-04-08 15:57:48.000000000,2026-04-08 15:57:18.000000000,0.0,159.33787196828638,0.0,2.5,0.0,2.5,0.020833333333333332,0.0,False
1,0.0,368.1948881034494,3.95908481831666,93.0,9-N1-2-B-034901,Gare du Nord B,Caserne Dejean,7,872,44153.33333333333,159706.06685638984,10299.502354459812,0.0,mercedes_ecitaro,Mercedes-Benz eCitaro,78.12296926994003,555.0,2026-04-08 15:59:21.000000000,2026-04-08 15:57:48.000000000,0.3681948881034494,159.70606685638984,14.252705345939976,10.299502354459811,0.0,10.299502354459811,0.2660704774902118,0.0,False
0,0.0,0.0,0.0,30.0,9-N1-2-B-034901,Caserne Dejean,Caserne Dejean,7,873,44183.33333333333,159706.06685638984,2500.0,0.0,mercedes_ecitaro,Mercedes-Benz eCitaro,78.11921551618627,555.0,2026-04-08 15:59:51.000000000,2026-04-08 15:59:21.000000000,0.0,159.70606685638984,0.0,2.5,0.0,2.5,0.020833333333333332,0.0,False
1,0.0,355.3755273513469,3.862777471210292,92.0,9-N1-2-B-034901,Caserne Dejean,Pinceau,7,874,44275.33333333333,160061.44238374117,10099.178424665342,0.0,mercedes_ecitaro,Mercedes-Benz eCitaro,78.07271279270934,555.0,2026-04-08 16:01:23.000000000,2026-04-08 15:59:51.000000000,0.35537552735134686,160.06144238374117,13.905998896357051,10.099178424665343,0.0,10.099178424665343,0.2580901152970032,0.0,False
0,0.0,0.0,0.0,30.0,9-N1-2-B-034901,Pinceau,Pinceau,7,875,44305.33333333333,160061.44238374117,2500.0,0.0,mercedes_ecitaro,Mercedes-Benz eCitaro,78.06895903895558,555.0,2026-04-08 16:01:53.000000000,2026-04-08 16:01:23.000000000,0.0,160.06144238374117,0.0,2.5,0.0,2.5,0.020833333333333332,0.0,False
1,0.0,447.05548624280317,3.8874390108069843,115.0,9-N1-2-B-034901,Pinceau,L. de Luzarches,7,876,44420.33333333333,160508.49786998398,10150.400279848174,0.0,mercedes_ecitaro,Mercedes-Benz eCitaro,78.01053581412162,555.0,2026-04-08 16:03:48.000000000,2026-04-08 16:01:53.000000000,0.44705548624280317,160.50849786998398,13.994780438905144,10.150400279848174,0.0,10.150400279848174,0.3242488978284834,0.0,False
0,0.0,0.0,0.0,30.0,9-N1-2-B-034901,L. de Luzarches,L. de Luzarches,7,877,44450.33333333333,160508.49786998398,2500.0,0.0,mercedes_ecitaro,Mercedes-Benz eCitaro,78.00678206036787,555.0,2026-04-08 16:04:18.000000000,2026-04-08 16:03:48.000000000,0.0,160.50849786998398,0.0,2.5,0.0,2.5,0.020833333333333332,0.0,False
1,0.0,324.8685267650074,8.121713169125185,40.0,9-N1-2-B-034901,L. de Luzarches,Egl. St-Acheul,7,878,44490.33333333333,160833.36639674898,19987.224845856923,0.0,mercedes_ecitaro,Mercedes-Benz eCitaro,77.96676759621201,555.0,2026-04-08 16:04:58.000000000,2026-04-08 16:04:18.000000000,0.3248685267650074,160.83336639674897,29.238167408850664,19.98722484585692,0.0,19.98722484585692,0.2220802760650769,0.0,False
0,0.0,0.0,0.0,30.0,9-N1-2-B-034901,Egl. St-Acheul,Egl. St-Acheul,7,879,44520.33333333333,160833.36639674898,2500.0,0.0,mercedes_ecitaro,Mercedes-Benz eCitaro,77.96301384245825,555.0,2026-04-08 16:05:28.000000000,2026-04-08 16:04:58.000000000,0.0,160.83336639674897,0.0,2.5,0.0,2.5,0.020833333333333332,0.0,False
1,0.0,451.79666905185246,8.214484891851862,55.0,9-N1-2-B-034901,Egl. St-Acheul,Mercey,7,880,44575.33333333333,161285.16306580085,20232.30889370291,0.0,mercedes_ecitaro,Mercedes-Benz eCitaro,77.90731929845657,555.0,2026-04-08 16:06:23.000000000,2026-04-08 16:05:28.000000000,0.45179666905185245,161.28516306580084,29.572145610666706,20.23230889370291,0.0,20.23230889370291,0.30910471920935007,0.0,False
0,0.0,0.0,0.0,30.0,9-N1-2-B-034901,Mercey,Mercey,7,881,44605.33333333333,161285.16306580085,2500.0,0.0,mercedes_ecitaro,Mercedes-Benz eCitaro,77.90356554470281,555.0,2026-04-08 16:06:53.000000000,2026-04-08 16:06:23.000000000,0.0,161.28516306580084,0.0,2.5,0.0,2.5,0.020833333333333332,0.0,False
1,0.0,481.8036462949089,8.166163496523879,59.0,9-N1-2-B-034901,Mercey,Sobo,7,882,44664.33333333333,161766.96671209575,20104.461940156947,0.0,mercedes_ecitaro,Mercedes-Benz eCitaro,77.84419801444909,555.0,2026-04-08 16:07:52.000000000,2026-04-08 16:06:53.000000000,0.4818036462949089,161.76696671209575,29.398188587485965,20.10446194015695,0.0,20.10446194015695,0.32948979290812774,0.0,False
0,0.0,0.0,0.0,30.0,9-N1-2-B-034901,Sobo,Sobo,7,883,44694.33333333333,161766.96671209575,2500.0,0.0,mercedes_ecitaro,Mercedes-Benz eCitaro,77.84044426069534,555.0,2026-04-08 16:08:22.000000000,2026-04-08 16:07:52.000000000,0.0,161.76696671209575,0.0,2.5,0.0,2.5,0.020833333333333332,0.0,False
1,0.0,707.5852717526406,8.22773571805396,86.0,9-N1-2-B-034901,Sobo,Pont de l'Avre,7,884,44780.33333333333,162474.5519838484,20267.440548072263,0.0,mercedes_ecitaro,Mercedes-Benz eCitaro,77.75320702910703,555.0,2026-04-08 16:09:48.000000000,2026-04-08 16:08:22.000000000,0.7075852717526405,162.4745519838484,29.61984858499426,20.267440548072262,0.0,20.267440548072262,0.4841666353150596,0.0,False
0,0.0,0.0,0.0,30.0,9-N1-2-B-034901,Pont de l'Avre,Pont de l'Avre,7,885,44810.33333333333,162474.5519838484,2500.0,0.0,mercedes_ecitaro,Mercedes-Benz eCitaro,77.74945327535329,555.0,2026-04-08 16:10:18.000000000,2026-04-08 16:09:48.000000000,0.0,162.4745519838484,0.0,2.5,0.0,2.5,0.020833333333333332,0.0,False
1,0.0,296.6141068969825,7.062240640404345,42.0,9-N1-2-B-034901,Pont de l'Avre,Cité du Château,7,886,44852.33333333333,162771.16609074536,17292.32707664838,0.0,mercedes_ecitaro,Mercedes-Benz eCitaro,77.71310303825521,555.0,2026-04-08 16:11:00.000000000,2026-04-08 16:10:18.000000000,0.2966141068969825,162.77116609074537,25.424066305455643,17.29232707664838,0.0,17.29232707664838,0.20174381589423113,0.0,False
0,0.0,0.0,0.0,30.0,9-N1-2-B-034901,Cité du Château,Cité du Château,7,887,44882.33333333333,162771.16609074536,2500.0,0.0,mercedes_ecitaro,Mercedes-Benz eCitaro,77.70934928450147,555.0,2026-04-08 16:11:30.000000000,2026-04-08 16:11:00.000000000,0.0,162.77116609074537,0.0,2.5,0.0,2.5,0.020833333333333332,0.0,False
1,0.0,332.9543642312839,6.936549254818414,48.0,9-N1-2-B-034901,Cité du Château,La Rose Rouge,7,888,44930.33333333333,163104.12045497666,16984.614749484874,0.0,mercedes_ecitaro,Mercedes-Benz eCitaro,77.66854540522343,555.0,2026-04-08 16:12:18.000000000,2026-04-08 16:11:30.000000000,0.3329543642312839,163.10412045497665,24.97157731734629,16.984614749484873,0.0,16.984614749484873,0.22646152999313165,0.0,False
0,0.0,0.0,0.0,30.0,9-N1-2-B-034901,La Rose Rouge,La Rose Rouge,7,889,44960.33333333333,163104.12045497666,2500.0,0.0,mercedes_ecitaro,Mercedes-Benz eCitaro,77.66479165146967,555.0,2026-04-08 16:12:48.000000000,2026-04-08 16:12:18.000000000,0.0,163.10412045497665,0.0,2.5,0.0,2.5,0.020833333333333332,0.0,False
1,0.0,225.1396338173497,7.262568832817732,31.0,9-N1-2-B-034901,La Rose Rouge,Poidevin,7,890,44991.33333333333,163329.260088794,17787.818516889005,0.0,mercedes_ecitaro,Mercedes-Benz eCitaro,77.63719293405107,555.0,2026-04-08 16:13:19.000000000,2026-04-08 16:12:48.000000000,0.2251396338173497,163.329260088794,26.145247798143835,17.787818516889004,0.0,17.787818516889004,0.1531728816732109,0.0,False
0,0.0,0.0,0.0,30.0,9-N1-2-B-034901,Poidevin,Poidevin,7,891,45021.33333333333,163329.260088794,2500.0,0.0,mercedes_ecitaro,Mercedes-Benz eCitaro,77.63343918029732,555.0,2026-04-08 16:13:49.000000000,2026-04-08 16:13:19.000000000,0.0,163.329260088794,0.0,2.5,0.0,2.5,0.020833333333333332,0.0,False
1,0.0,314.5014195772681,7.147759535847002,44.0,9-N1-2-B-034901,Poidevin,M. de Longueau,7,892,45065.33333333333,163643.76150837127,17503.08167993473,0.0,mercedes_ecitaro,Mercedes-Benz eCitaro,77.59489385527644,555.0,2026-04-08 16:14:33.000000000,2026-04-08 16:13:49.000000000,0.3145014195772681,163.64376150837128,25.731934329049206,17.50308167993473,0.0,17.50308167993473,0.21392655386586892,0.0,False
0,0.0,0.0,0.0,30.0,9-N1-2-B-034901,M. de Longueau,M. de Longueau,7,893,45095.33333333333,163643.76150837127,2500.0,0.0,mercedes_ecitaro,Mercedes-Benz eCitaro,77.59114010152268,555.0,2026-04-08 16:15:03.000000000,2026-04-08 16:14:33.000000000,0.0,163.64376150837128,0.0,2.5,0.0,2.5,0.020833333333333332,0.0,False
1,0.0,256.63398574137216,6.936053668685734,37.0,9-N1-2-B-034901,M. de Longueau,La Fourche,7,894,45132.33333333333,163900.39549411266,16983.406243795107,0.0,mercedes_ecitaro,Mercedes-Benz eCitaro,77.55968934921935,555.0,2026-04-08 16:15:40.000000000,2026-04-08 16:15:03.000000000,0.25663398574137214,163.90039549411264,24.96979320726864,16.983406243795105,0.0,16.983406243795105,0.17455167528344973,0.0,False
0,0.0,0.0,0.0,30.0,9-N1-2-B-034901,La Fourche,La Fourche,7,895,45162.33333333333,163900.39549411266,2500.0,0.0,mercedes_ecitaro,Mercedes-Benz eCitaro,77.5559355954656,555.0,2026-04-08 16:16:10.000000000,2026-04-08 16:15:40.000000000,0.0,163.90039549411264,0.0,2.5,0.0,2.5,0.020833333333333332,0.0,False
1,0.0,651.0902221706201,6.643777777251225,98.0,9-N1-2-B-034901,La Fourche,Croix de Fer,7,896,45260.33333333333,164551.48571628326,16277.07312975203,0.0,mercedes_ecitaro,Mercedes-Benz eCitaro,77.47609809963399,555.0,2026-04-08 16:17:48.000000000,2026-04-08 16:16:10.000000000,0.6510902221706201,164.55148571628325,23.91759999810441,16.27707312975203,0.0,16.27707312975203,0.44309810186547194,0.0,False
0,0.0,0.0,0.0,30.0,9-N1-2-B-034901,Croix de Fer,Croix de Fer,7,897,45290.33333333333,164551.48571628326,2500.0,0.0,mercedes_ecitaro,Mercedes-Benz eCitaro,77.47234434588023,555.0,2026-04-08 16:18:18.000000000,2026-04-08 16:17:48.000000000,0.0,164.55148571628325,0.0,2.5,0.0,2.5,0.020833333333333332,0.0,False
1,0.0,703.41712703917,4.953641739712465,142.0,9-N1-2-B-034901,Croix de Fer,C. Cial Glisy,7,898,45432.33333333333,165254.90284332243,12418.700315873617,0.0,mercedes_ecitaro,Mercedes-Benz eCitaro,77.38408331260425,555.0,2026-04-08 16:20:40.000000000,2026-04-08 16:18:18.000000000,0.70341712703917,165.25490284332244,17.833110262964873,12.418700315873616,0.0,12.418700315873616,0.48984873468168155,0.0,False
0,0.0,0.0,0.0,30.0,9-N1-2-B-034901,C. Cial Glisy,C. Cial Glisy,7,899,45462.33333333333,165254.90284332243,2500.0,0.0,mercedes_ecitaro,Mercedes-Benz eCitaro,77.38032955885049,555.0,2026-04-08 16:21:10.000000000,2026-04-08 16:20:40.000000000,0.0,165.25490284332244,0.0,2.5,0.0,2.5,0.020833333333333332,0.0,False
1,0.0,136.72688382470434,4.883102993739441,28.0,9-N1-2-B-034901,C. Cial Glisy,Capitaine Nemo,7,900,45490.33333333333,165391.62972714714,12265.122289306848,0.0,mercedes_ecitaro,Mercedes-Benz eCitaro,77.3631411992859,555.0,2026-04-08 16:21:38.000000000,2026-04-08 16:21:10.000000000,0.13672688382470435,165.39162972714715,17.57917077746199,12.265122289306849,0.0,12.265122289306849,0.0953953955834977,0.0,False
0,0.0,0.0,0.0,30.0,9-N1-2-B-034901,Capitaine Nemo,Capitaine Nemo,7,901,45520.33333333333,165391.62972714714,2500.0,0.0,mercedes_ecitaro,Mercedes-Benz eCitaro,77.35938744553215,555.0,2026-04-08 16:22:08.000000000,2026-04-08 16:21:38.000000000,0.0,165.39162972714715,0.0,2.5,0.0,2.5,0.020833333333333332,0.0,False
1,0.0,323.4478124594319,2.488060095841784,130.0,9-N1-2-B-034901,Capitaine Nemo,Pôle J. Verne,7,902,45650.33333333333,165715.07753960657,7315.620110681674,0.0,mercedes_ecitaro,Mercedes-Benz eCitaro,77.31178831568288,555.0,2026-04-08 16:24:18.000000000,2026-04-08 16:22:08.000000000,0.3234478124594319,165.71507753960657,8.957016345030421,7.3156201106816745,0.0,7.3156201106816745,0.26417517066350493,0.0,False
0,0.0,0.0,0.0,30.0,9-N1-2-B-034901,Pôle J. Verne,Pôle J. Verne,7,903,45680.33333333333,165715.07753960657,2500.0,0.0,mercedes_ecitaro,Mercedes-Benz eCitaro,77.30803456192912,555.0,2026-04-08 16:24:48.000000000,2026-04-08 16:24:18.000000000,0.0,165.71507753960657,0.0,2.5,0.0,2.5,0.020833333333333332,0.0,False
1,0.0,334.0181708930427,4.7044812801837,71.0,9-N1-4-B-035101,Pôle J. Verne,Capitaine Nemo,7,904,45751.33333333333,166049.09571049962,11878.580971251235,0.0,mercedes_ecitaro,Mercedes-Benz eCitaro,77.26582338830755,555.0,2026-04-08 16:25:59.000000000,2026-04-08 16:24:48.000000000,0.3340181708930427,166.0490957104996,16.93613260866132,11.878580971251235,0.0,11.878580971251235,0.23427201359967714,0.0,False
0,0.0,0.0,0.0,30.0,9-N1-4-B-035101,Capitaine Nemo,Capitaine Nemo,7,905,45781.33333333333,166049.09571049962,2500.0,0.0,mercedes_ecitaro,Mercedes-Benz eCitaro,77.2620696345538,555.0,2026-04-08 16:26:29.000000000,2026-04-08 16:25:59.000000000,0.0,166.0490957104996,0.0,2.5,0.0,2.5,0.020833333333333332,0.0,False
1,0.0,122.91799931516653,5.8532380626269775,21.0,9-N1-4-B-035101,Capitaine Nemo,C. Cial Glisy,7,906,45802.33333333333,166172.01370981478,14427.177180198683,0.0,mercedes_ecitaro,Mercedes-Benz eCitaro,77.24690593481485,555.0,2026-04-08 16:26:50.000000000,2026-04-08 16:26:29.000000000,0.12291799931516653,166.1720137098148,21.07165702545712,14.427177180198683,0.0,14.427177180198683,0.08415853355115899,0.0,False
0,0.0,0.0,0.0,30.0,9-N1-4-B-035101,C. Cial Glisy,C. Cial Glisy,7,907,45832.33333333333,166172.01370981478,2500.0,0.0,mercedes_ecitaro,Mercedes-Benz eCitaro,77.24315218106109,555.0,2026-04-08 16:27:20.000000000,2026-04-08 16:26:50.000000000,0.0,166.1720137098148,0.0,2.5,0.0,2.5,0.020833333333333332,0.0,False
1,0.0,685.9620842301216,4.6664087362593305,147.0,9-N1-4-B-035101,C. Cial Glisy,Croix de Fer,7,908,45979.33333333333,166857.9757940449,11796.619365870161,0.0,mercedes_ecitaro,Mercedes-Benz eCitaro,77.15636023677766,555.0,2026-04-08 16:29:47.000000000,2026-04-08 16:27:20.000000000,0.6859620842301216,166.8579757940449,16.79907145053359,11.79661936587016,0.0,11.79661936587016,0.4816952907730316,0.0,False
0,0.0,0.0,0.0,30.0,9-N1-4-B-035101,Croix de Fer,Croix de Fer,7,909,46009.33333333333,166857.9757940449,2500.0,0.0,mercedes_ecitaro,Mercedes-Benz eCitaro,77.1526064830239,555.0,2026-04-08 16:30:17.000000000,2026-04-08 16:29:47.000000000,0.0,166.8579757940449,0.0,2.5,0.0,2.5,0.020833333333333332,0.0,False
1,0.0,746.5227463047001,6.912247650969446,108.0,9-N1-4-B-035101,Croix de Fer,La Fourche,7,910,46117.33333333333,167604.4985403496,16925.39814763343,0.0,mercedes_ecitaro,Mercedes-Benz eCitaro,77.06111784438805,555.0,2026-04-08 16:32:05.000000000,2026-04-08 16:30:17.000000000,0.7465227463047002,167.6044985403496,24.88409154349001,16.92539814763343,0.0,16.92539814763343,0.5077619444290029,0.0,False
0,0.0,0.0,0.0,30.0,9-N1-4-B-035101,La Fourche,La Fourche,7,911,46147.33333333333,167604.4985403496,2500.0,0.0,mercedes_ecitaro,Mercedes-Benz eCitaro,77.05736409063431,555.0,2026-04-08 16:32:35.000000000,2026-04-08 16:32:05.000000000,0.0,167.6044985403496,0.0,2.5,0.0,2.5,0.020833333333333332,0.0,False
1,0.0,236.45430499839583,7.38919703119987,32.0,9-N1-4-B-035101,La Fourche,M. de Longueau,7,912,46179.33333333333,167840.952845348,18104.29412886066,0.0,mercedes_ecitaro,Mercedes-Benz eCitaro,77.02836822416165,555.0,2026-04-08 16:33:07.000000000,2026-04-08 16:32:35.000000000,0.23645430499839581,167.840952845348,26.60110931231953,18.10429412886066,0.0,18.10429412886066,0.16092705892320586,0.0,False
0,0.0,0.0,0.0,30.0,9-N1-4-B-035101,M. de Longueau,M. de Longueau,7,913,46209.33333333333,167840.952845348,2500.0,0.0,mercedes_ecitaro,Mercedes-Benz eCitaro,77.0246144704079,555.0,2026-04-08 16:33:37.000000000,2026-04-08 16:33:07.000000000,0.0,167.840952845348,0.0,2.5,0.0,2.5,0.020833333333333332,0.0,False
1,0.0,238.2314886825274,7.219136020682649,33.0,9-N1-4-B-035101,M. de Longueau,Poidevin,7,914,46242.33333333333,168079.18433403052,17679.857275640912,0.0,mercedes_ecitaro,Mercedes-Benz eCitaro,76.99541350493762,555.0,2026-04-08 16:34:10.000000000,2026-04-08 16:33:37.000000000,0.23823148868252741,168.07918433403051,25.98888967445754,17.679857275640913,0.0,17.679857275640913,0.1620653583600417,0.0,False
0,0.0,0.0,0.0,30.0,9-N1-4-B-035101,Poidevin,Poidevin,7,915,46272.33333333333,168079.18433403052,2500.0,0.0,mercedes_ecitaro,Mercedes-Benz eCitaro,76.99165975118386,555.0,2026-04-08 16:34:40.000000000,2026-04-08 16:34:10.000000000,0.0,168.07918433403051,0.0,2.5,0.0,2.5,0.020833333333333332,0.0,False
1,0.0,283.0530932557657,7.257771621942711,39.0,9-N1-4-B-035101,Poidevin,La Rose Rouge,7,916,46311.33333333333,168362.23742728628,17775.879384511274,0.0,mercedes_ecitaro,Mercedes-Benz eCitaro,76.95696208872161,555.0,2026-04-08 16:35:19.000000000,2026-04-08 16:34:40.000000000,0.2830530932557657,168.3622374272863,26.127977838993758,17.775879384511274,0.0,17.775879384511274,0.1925720266655388,0.0,False
0,0.0,0.0,0.0,30.0,9-N1-4-B-035101,La Rose Rouge,La Rose Rouge,7,917,46341.33333333333,168362.23742728628,2500.0,0.0,mercedes_ecitaro,Mercedes-Benz eCitaro,76.95320833496785,555.0,2026-04-08 16:35:49.000000000,2026-04-08 16:35:19.000000000,0.0,168.3622374272863,0.0,2.5,0.0,2.5,0.020833333333333332,0.0,False
1,0.0,382.52636844861735,7.356276316319565,52.0,9-N1-4-B-035101,La Rose Rouge,Cité du Château,7,918,46393.33333333333,168744.7637957349,18021.769783997195,0.0,mercedes_ecitaro,Mercedes-Benz eCitaro,76.90630483002451,555.0,2026-04-08 16:36:41.000000000,2026-04-08 16:35:49.000000000,0.38252636844861737,168.7447637957349,26.482594738750432,18.021769783997197,0.0,18.021769783997197,0.26031445243551504,0.0,False
0,0.0,0.0,0.0,30.0,9-N1-4-B-035101,Cité du Château,Cité du Château,7,919,46423.33333333333,168744.7637957349,2500.0,0.0,mercedes_ecitaro,Mercedes-Benz eCitaro,76.90255107627075,555.0,2026-04-08 16:37:11.000000000,2026-04-08 16:36:41.000000000,0.0,168.7447637957349,0.0,2.5,0.0,2.5,0.020833333333333332,0.0,False
1,0.0,259.04003764462647,7.195556601239624,36.0,9-N1-4-B-035101,Cité du Château,Pont de l'Avre,7,920,46459.33333333333,169003.80383337953,17621.370476656775,0.0,mercedes_ecitaro,Mercedes-Benz eCitaro,76.8708008591957,555.0,2026-04-08 16:37:47.000000000,2026-04-08 16:37:11.000000000,0.25904003764462646,169.00380383337952,25.904003764462647,17.621370476656775,0.0,17.621370476656775,0.17621370476656775,0.0,False
0,0.0,0.0,0.0,30.0,9-N1-4-B-035101,Pont de l'Avre,Pont de l'Avre,7,921,46489.33333333333,169003.80383337953,2500.0,0.0,mercedes_ecitaro,Mercedes-Benz eCitaro,76.86704710544194,555.0,2026-04-08 16:38:17.000000000,2026-04-08 16:37:47.000000000,0.0,169.00380383337952,0.0,2.5,0.0,2.5,0.020833333333333332,0.0,False
1,0.0,778.6426370279388,6.655065273743067,117.0,9-N1-4-B-035101,Pont de l'Avre,Sobo,7,922,46606.33333333333,169782.44647040748,16304.11753685129,0.0,mercedes_ecitaro,Mercedes-Benz eCitaro,76.77157254328921,555.0,2026-04-08 16:40:14.000000000,2026-04-08 16:38:17.000000000,0.7786426370279388,169.78244647040748,23.95823498547504,16.30411753685129,0.0,16.30411753685129,0.529883819947667,0.0,False
0,0.0,0.0,0.0,30.0,9-N1-4-B-035101,Sobo,Sobo,7,923,46636.33333333333,169782.44647040748,2500.0,0.0,mercedes_ecitaro,Mercedes-Benz eCitaro,76.76781878953545,555.0,2026-04-08 16:40:44.000000000,2026-04-08 16:40:14.000000000,0.0,169.78244647040748,0.0,2.5,0.0,2.5,0.020833333333333332,0.0,False
1,0.0,494.86888000554234,6.598251733407231,75.0,9-N1-4-B-035101,Sobo,Mercey,7,924,46711.33333333333,170277.31535041303,16168.181881260052,0.0,mercedes_ecitaro,Mercedes-Benz eCitaro,76.70712741610731,555.0,2026-04-08 16:41:59.000000000,2026-04-08 16:40:44.000000000,0.49486888000554236,170.27731535041303,23.753706240266034,16.168181881260054,0.0,16.168181881260054,0.3368371225262511,0.0,False
0,0.0,0.0,0.0,30.0,9-N1-4-B-035101,Mercey,Mercey,7,925,46741.33333333333,170277.31535041303,2500.0,0.0,mercedes_ecitaro,Mercedes-Benz eCitaro,76.70337366235356,555.0,2026-04-08 16:42:29.000000000,2026-04-08 16:41:59.000000000,0.0,170.27731535041303,0.0,2.5,0.0,2.5,0.020833333333333332,0.0,False
1,0.0,443.51095510688015,6.71986295616485,66.0,9-N1-4-B-035101,Mercey,Egl. St-Acheul,7,926,46807.33333333333,170720.8263055199,16459.72967793986,0.0,mercedes_ecitaro,Mercedes-Benz eCitaro,76.64900218293693,555.0,2026-04-08 16:43:35.000000000,2026-04-08 16:42:29.000000000,0.44351095510688016,170.7208263055199,24.191506642193463,16.459729677939862,0.0,16.459729677939862,0.3017617107622308,0.0,False
0,0.0,0.0,0.0,30.0,9-N1-4-B-035101,Egl. St-Acheul,Egl. St-Acheul,7,927,46837.33333333333,170720.8263055199,2500.0,0.0,mercedes_ecitaro,Mercedes-Benz eCitaro,76.64524842918317,555.0,2026-04-08 16:44:05.000000000,2026-04-08 16:43:35.000000000,0.0,170.7208263055199,0.0,2.5,0.0,2.5,0.020833333333333332,0.0,False
1,0.0,277.40496861036326,6.604880205008649,42.0,9-N1-4-B-035101,Egl. St-Acheul,L. de Luzarches,7,928,46879.33333333333,170998.23127413026,16184.017525487165,0.0,mercedes_ecitaro,Mercedes-Benz eCitaro,76.61122797192239,555.0,2026-04-08 16:44:47.000000000,2026-04-08 16:44:05.000000000,0.27740496861036323,170.99823127413026,23.777568738031135,16.184017525487164,0.0,16.184017525487164,0.18881353779735024,0.0,False
0,0.0,0.0,0.0,30.0,9-N1-4-B-035101,L. de Luzarches,L. de Luzarches,7,929,46909.33333333333,170998.23127413026,2500.0,0.0,mercedes_ecitaro,Mercedes-Benz eCitaro,76.60747421816865,555.0,2026-04-08 16:45:17.000000000,2026-04-08 16:44:47.000000000,0.0,170.99823127413026,0.0,2.5,0.0,2.5,0.020833333333333332,0.0,False
1,0.0,343.1323580300078,3.855419753146155,89.0,9-N1-4-B-035101,L. de Luzarches,Pinceau,7,930,46998.33333333333,171341.36363216027,10083.906448902566,0.0,mercedes_ecitaro,Mercedes-Benz eCitaro,76.56255591616902,555.0,2026-04-08 16:46:46.000000000,2026-04-08 16:45:17.000000000,0.3431323580300078,171.34136363216027,13.879511111326158,10.083906448902566,0.0,10.083906448902566,0.249296576097869,0.0,False
0,0.0,0.0,0.0,30.0,9-N1-4-B-035101,Pinceau,Pinceau,7,931,47028.33333333333,171341.36363216027,2500.0,0.0,mercedes_ecitaro,Mercedes-Benz eCitaro,76.55880216241528,555.0,2026-04-08 16:47:16.000000000,2026-04-08 16:46:46.000000000,0.0,171.34136363216027,0.0,2.5,0.0,2.5,0.020833333333333332,0.0,False
1,0.0,405.8966158731125,3.793426316571145,107.0,9-N1-4-B-035101,Pinceau,Caserne Dejean,7,932,47135.33333333333,171747.2602480334,9955.410597282218,0.0,mercedes_ecitaro,Mercedes-Benz eCitaro,76.50548740095834,555.0,2026-04-08 16:49:03.000000000,2026-04-08 16:47:16.000000000,0.40589661587311254,171.7472602480334,13.656334739656122,9.955410597282219,0.0,9.955410597282219,0.29589692608588813,0.0,False
0,0.0,0.0,0.0,30.0,9-N1-4-B-035101,Caserne Dejean,Caserne Dejean,7,933,47165.33333333333,171747.2602480334,2500.0,0.0,mercedes_ecitaro,Mercedes-Benz eCitaro,76.5017336472046,555.0,2026-04-08 16:49:33.000000000,2026-04-08 16:49:03.000000000,0.0,171.7472602480334,0.0,2.5,0.0,2.5,0.020833333333333332,0.0,False
1,0.0,391.6364257160486,3.7657348626543135,104.0,9-N1-4-B-035101,Caserne Dejean,Gare du Nord A,7,934,47269.33333333333,172138.89667374943,9898.116829554354,0.0,mercedes_ecitaro,Mercedes-Benz eCitaro,76.45021191796167,555.0,2026-04-08 16:51:17.000000000,2026-04-08 16:49:33.000000000,0.3916364257160486,172.13889667374943,13.55664550555553,9.898116829554354,0.0,9.898116829554354,0.2859455972982369,0.0,False
0,0.0,0.0,0.0,30.0,9-N1-4-B-035101,Gare du Nord A,Gare du Nord A,7,935,47299.33333333333,172138.89667374943,2500.0,0.0,mercedes_ecitaro,Mercedes-Benz eCitaro,76.44645816420791,555.0,2026-04-08 16:51:47.000000000,2026-04-08 16:51:17.000000000,0.0,172.13889667374943,0.0,2.5,0.0,2.5,0.020833333333333332,0.0,False
1,0.0,327.94171057791687,2.2158223687697087,148.0,9-N1-4-B-035101,Gare du Nord A,René Goblet,7,936,47447.33333333333,172466.83838432736,6778.373636749175,0.0,mercedes_ecitaro,Mercedes-Benz eCitaro,76.3962479891209,555.0,2026-04-08 16:54:15.000000000,2026-04-08 16:51:47.000000000,0.3279417105779169,172.46683838432736,7.976960527570951,6.7783736367491745,0.0,6.7783736367491745,0.2786664717330216,0.0,False
0,0.0,0.0,0.0,30.0,9-N1-4-B-035101,René Goblet,René Goblet,7,937,47477.33333333333,172466.83838432736,2500.0,0.0,mercedes_ecitaro,Mercedes-Benz eCitaro,76.39249423536714,555.0,2026-04-08 16:54:45.000000000,2026-04-08 16:54:15.000000000,0.0,172.46683838432736,0.0,2.5,0.0,2.5,0.020833333333333332,0.0,False
1,0.0,225.21730590675048,4.170690850125009,54.0,9-N1-4-B-035101,René Goblet,P. de Justice,7,938,47531.33333333333,172692.05569023412,10742.498468974078,0.0,mercedes_ecitaro,Mercedes-Benz eCitaro,76.36346045572125,555.0,2026-04-08 16:55:39.000000000,2026-04-08 16:54:45.000000000,0.2252173059067505,172.69205569023413,15.014487060450033,10.742498468974079,0.0,10.742498468974079,0.16113747703461115,0.0,False
0,0.0,0.0,0.0,30.0,9-N1-4-B-035101,P. de Justice,P. de Justice,7,939,47561.33333333333,172692.05569023412,2500.0,0.0,mercedes_ecitaro,Mercedes-Benz eCitaro,76.3597067019675,555.0,2026-04-08 16:56:09.000000000,2026-04-08 16:55:39.000000000,0.0,172.69205569023413,0.0,2.5,0.0,2.5,0.020833333333333332,0.0,False
1,0.0,229.9992746993994,3.965504736196541,58.0,9-N1-4-B-035101,P. de Justice,Dusevel,7,940,47619.33333333333,172922.05496493352,10312.884400903367,0.0,mercedes_ecitaro,Mercedes-Benz eCitaro,76.32976939990282,555.0,2026-04-08 16:57:07.000000000,2026-04-08 16:56:09.000000000,0.2299992746993994,172.92205496493352,14.275817050307548,10.312884400903368,0.0,10.312884400903368,0.1661520264589987,0.0,False
0,0.0,0.0,0.0,30.0,9-N1-4-B-035101,Dusevel,Dusevel,7,941,47649.33333333333,172922.05496493352,2500.0,0.0,mercedes_ecitaro,Mercedes-Benz eCitaro,76.32601564614906,555.0,2026-04-08 16:57:37.000000000,2026-04-08 16:57:07.000000000,0.0,172.92205496493352,0.0,2.5,0.0,2.5,0.020833333333333332,0.0,False
1,0.0,218.8226139254244,3.587255965990564,61.0,9-N1-4-B-035101,Dusevel,Beffroi,7,942,47710.33333333333,173140.87757885893,9530.33656798103,0.0,mercedes_ecitaro,Mercedes-Benz eCitaro,76.29691902299356,555.0,2026-04-08 16:58:38.000000000,2026-04-08 16:57:37.000000000,0.2188226139254244,173.14087757885892,12.914121477566031,9.530336567981031,0.0,9.530336567981031,0.1614862585130119,0.0,False
0,0.0,0.0,0.0,30.0,9-N1-4-B-035101,Beffroi,Beffroi,7,943,47740.33333333333,173140.87757885893,2500.0,0.0,mercedes_ecitaro,Mercedes-Benz eCitaro,76.29316526923981,555.0,2026-04-08 16:59:08.000000000,2026-04-08 16:58:38.000000000,0.0,173.14087757885892,0.0,2.5,0.0,2.5,0.020833333333333332,0.0,False
1,0.0,189.07722066752729,3.501430012361616,54.0,9-N1-4-B-035101,Beffroi,Place du Marché,7,944,47794.33333333333,173329.95479952646,9354.377011673041,0.0,mercedes_ecitaro,Mercedes-Benz eCitaro,76.26788316920826,555.0,2026-04-08 17:00:02.000000000,2026-04-08 16:59:08.000000000,0.18907722066752727,173.32995479952646,12.605148044501819,9.35437701167304,0.0,9.35437701167304,0.14031565517509562,0.0,False
0,0.0,0.0,0.0,30.0,9-N1-4-B-035101,Place du Marché,Place du Marché,7,945,47824.33333333333,173329.95479952646,2500.0,0.0,mercedes_ecitaro,Mercedes-Benz eCitaro,76.2641294154545,555.0,2026-04-08 17:00:32.000000000,2026-04-08 17:00:02.000000000,0.0,173.32995479952646,0.0,2.5,0.0,2.5,0.020833333333333332,0.0,False
1,0.0,171.78613535708172,3.817469674601816,45.0,9-N1-4-B-035101,Place du Marché,M. Culture B,7,946,47869.33333333333,173501.74093488354,10005.207964905961,0.0,mercedes_ecitaro,Mercedes-Benz eCitaro,76.24159516328129,555.0,2026-04-08 17:01:17.000000000,2026-04-08 17:00:32.000000000,0.17178613535708173,173.50174093488354,13.742890828566539,10.005207964905962,0.0,10.005207964905962,0.12506509956132453,0.0,False
0,0.0,0.0,0.0,30.0,9-N1-4-B-035101,M. Culture B,M. Culture B,7,947,47899.33333333333,173501.74093488354,2500.0,0.0,mercedes_ecitaro,Mercedes-Benz eCitaro,76.23784140952753,555.0,2026-04-08 17:01:47.000000000,2026-04-08 17:01:17.000000000,0.0,173.50174093488354,0.0,2.5,0.0,2.5,0.020833333333333332,0.0,False
1,0.0,291.81191051704656,6.07941480243847,48.0,9-N1-4-B-035101,M. Culture B,Saint-Jacques,7,948,47947.33333333333,173793.55284540058,14947.805699382516,0.0,mercedes_ecitaro,Mercedes-Benz eCitaro,76.20193076520471,555.0,2026-04-08 17:02:35.000000000,2026-04-08 17:01:47.000000000,0.2918119105170466,173.7935528454006,21.885893288778494,14.947805699382515,0.0,14.947805699382515,0.1993040759917669,0.0,False
0,0.0,0.0,0.0,30.0,9-N1-4-B-035101,Saint-Jacques,Saint-Jacques,7,949,47977.33333333333,173793.55284540058,2500.0,0.0,mercedes_ecitaro,Mercedes-Benz eCitaro,76.19817701145095,555.0,2026-04-08 17:03:05.000000000,2026-04-08 17:02:35.000000000,0.0,173.7935528454006,0.0,2.5,0.0,2.5,0.020833333333333332,0.0,False
1,0.0,350.7042974526486,5.656520926655622,62.0,9-N1-4-B-035101,Saint-Jacques,Jean Jaurès,7,950,48039.33333333333,174144.25714285322,13979.689002432178,0.0,mercedes_ecitaro,Mercedes-Benz eCitaro,76.15479659512708,555.0,2026-04-08 17:04:07.000000000,2026-04-08 17:03:05.000000000,0.3507042974526486,174.14425714285323,20.36347533596024,13.979689002432178,0.0,13.979689002432178,0.24076131059744307,0.0,False
0,0.0,0.0,0.0,30.0,9-N1-4-B-035101,Jean Jaurès,Jean Jaurès,7,951,48069.33333333333,174144.25714285322,2500.0,0.0,mercedes_ecitaro,Mercedes-Benz eCitaro,76.15104284137333,555.0,2026-04-08 17:04:37.000000000,2026-04-08 17:04:07.000000000,0.0,174.14425714285323,0.0,2.5,0.0,2.5,0.020833333333333332,0.0,False
1,0.0,402.8160957322576,5.5946679962813555,72.0,9-N1-4-B-035101,Jean Jaurès,Zoo d'Amiens,7,952,48141.33333333333,174547.0732385855,13839.983331209853,0.0,mercedes_ecitaro,Mercedes-Benz eCitaro,76.10116902756717,555.0,2026-04-08 17:05:49.000000000,2026-04-08 17:04:37.000000000,0.40281609573225763,174.54707323858548,20.14080478661288,13.839983331209853,0.0,13.839983331209853,0.276799666624197,0.0,False
0,0.0,0.0,0.0,30.0,9-N1-4-B-035101,Zoo d'Amiens,Zoo d'Amiens,7,953,48171.33333333333,174547.0732385855,2500.0,0.0,mercedes_ecitaro,Mercedes-Benz eCitaro,76.09741527381341,555.0,2026-04-08 17:06:19.000000000,2026-04-08 17:05:49.000000000,0.0,174.54707323858548,0.0,2.5,0.0,2.5,0.020833333333333332,0.0,False
1,0.0,376.38436041502575,5.790528621769627,65.0,9-N1-4-B-035101,Zoo d'Amiens,Egl. St-Firmin,7,954,48236.33333333333,174923.4575990005,14283.997606969104,0.0,mercedes_ecitaro,Mercedes-Benz eCitaro,76.05094581212907,555.0,2026-04-08 17:07:24.000000000,2026-04-08 17:06:19.000000000,0.37638436041502576,174.9234575990005,20.845903038370658,14.283997606969104,0.0,14.283997606969104,0.25790551234805326,0.0,False
0,0.0,0.0,0.0,30.0,9-N1-4-B-035101,Egl. St-Firmin,Egl. St-Firmin,7,955,48266.33333333333,174923.4575990005,2500.0,0.0,mercedes_ecitaro,Mercedes-Benz eCitaro,76.04719205837532,555.0,2026-04-08 17:07:54.000000000,2026-04-08 17:07:24.000000000,0.0,174.9234575990005,0.0,2.5,0.0,2.5,0.020833333333333332,0.0,False
1,0.0,300.7481358168622,5.674493128620042,53.0,9-N1-4-B-035101,Egl. St-Firmin,Faubourg de Hem,7,956,48319.33333333333,175224.20573481737,14020.370787798545,0.0,mercedes_ecitaro,Mercedes-Benz eCitaro,76.0100008846139,555.0,2026-04-08 17:08:47.000000000,2026-04-08 17:07:54.000000000,0.3007481358168622,175.22420573481736,20.428175263032152,14.020370787798544,0.0,14.020370787798544,0.20641101437592305,0.0,False
0,0.0,0.0,0.0,30.0,9-N1-4-B-035101,Faubourg de Hem,Faubourg de Hem,7,957,48349.33333333333,175224.20573481737,2500.0,0.0,mercedes_ecitaro,Mercedes-Benz eCitaro,76.00624713086015,555.0,2026-04-08 17:09:17.000000000,2026-04-08 17:08:47.000000000,0.0,175.22420573481736,0.0,2.5,0.0,2.5,0.020833333333333332,0.0,False
1,0.0,242.018982618479,5.5004314231472495,44.0,9-N1-4-B-035101,Faubourg de Hem,Espace Alliance,7,958,48393.33333333333,175466.22471743583,13628.030793913387,0.0,mercedes_ecitaro,Mercedes-Benz eCitaro,75.9762354514341,555.0,2026-04-08 17:10:01.000000000,2026-04-08 17:09:17.000000000,0.24201898261847898,175.46622471743584,19.8015531233301,13.628030793913387,0.0,13.628030793913387,0.16656482081449694,0.0,False
0,0.0,0.0,0.0,30.0,9-N1-4-B-035101,Espace Alliance,Espace Alliance,7,959,48423.33333333333,175466.22471743583,2500.0,0.0,mercedes_ecitaro,Mercedes-Benz eCitaro,75.97248169768035,555.0,2026-04-08 17:10:31.000000000,2026-04-08 17:10:01.000000000,0.0,175.46622471743584,0.0,2.5,0.0,2.5,0.020833333333333332,0.0,False
1,0.0,512.4653653664171,5.631487531499089,91.0,9-N1-4-B-035101,Espace Alliance,Sully,7,960,48514.33333333333,175978.69008280226,13923.090033058785,0.0,mercedes_ecitaro,Mercedes-Benz eCitaro,75.90906822455682,555.0,2026-04-08 17:12:02.000000000,2026-04-08 17:10:31.000000000,0.5124653653664172,175.97869008280227,20.273355113396722,13.923090033058784,0.0,13.923090033058784,0.35194477583565265,0.0,False
0,0.0,0.0,0.0,30.0,9-N1-4-B-035101,Sully,Sully,7,961,48544.33333333333,175978.69008280226,2500.0,0.0,mercedes_ecitaro,Mercedes-Benz eCitaro,75.90531447080306,555.0,2026-04-08 17:12:32.000000000,2026-04-08 17:12:02.000000000,0.0,175.97869008280227,0.0,2.5,0.0,2.5,0.020833333333333332,0.0,False
1,0.0,581.4235833007191,5.537367460006848,105.0,9-N1-4-B-035101,Sully,Place la Barre,7,962,48649.33333333333,176560.113666103,13710.977433876818,0.0,mercedes_ecitaro,Mercedes-Benz eCitaro,75.83325978458899,555.0,2026-04-08 17:14:17.000000000,2026-04-08 17:12:32.000000000,0.5814235833007191,176.56011366610298,19.934522856024653,13.710977433876819,0.0,13.710977433876819,0.3999035084880738,0.0,False
0,0.0,0.0,0.0,30.0,9-N1-4-B-035101,Place la Barre,Place la Barre,7,963,48679.33333333333,176560.113666103,2500.0,0.0,mercedes_ecitaro,Mercedes-Benz eCitaro,75.82950603083523,555.0,2026-04-08 17:14:47.000000000,2026-04-08 17:14:17.000000000,0.0,176.56011366610298,0.0,2.5,0.0,2.5,0.020833333333333332,0.0,False
1,0.0,321.16148117311843,4.654514219900267,69.0,9-N1-4-B-035101,Place la Barre,La Fontaine,7,964,48748.33333333333,176881.27514727612,11771.043507106238,0.0,mercedes_ecitaro,Mercedes-Benz eCitaro,75.78885527998487,555.0,2026-04-08 17:15:56.000000000,2026-04-08 17:14:47.000000000,0.32116148117311843,176.8812751472761,16.75625119164096,11.771043507106238,0.0,11.771043507106238,0.2256116672195362,0.0,False
0,0.0,0.0,0.0,30.0,9-N1-4-B-035101,La Fontaine,La Fontaine,7,965,48778.33333333333,176881.27514727612,2500.0,0.0,mercedes_ecitaro,Mercedes-Benz eCitaro,75.78510152623112,555.0,2026-04-08 17:16:26.000000000,2026-04-08 17:15:56.000000000,0.0,176.8812751472761,0.0,2.5,0.0,2.5,0.020833333333333332,0.0,False
1,0.0,233.68404358993675,5.31100099068038,44.0,9-N1-4-B-035101,La Fontaine,Les Coursives,7,966,48822.33333333333,177114.95919086607,13205.182837280407,0.0,mercedes_ecitaro,Mercedes-Benz eCitaro,75.75602104350637,555.0,2026-04-08 17:17:10.000000000,2026-04-08 17:16:26.000000000,0.23368404358993675,177.11495919086607,19.11960356644937,13.205182837280407,0.0,13.205182837280407,0.1613966791223161,0.0,False
0,0.0,0.0,0.0,30.0,9-N1-4-B-035101,Les Coursives,Les Coursives,7,967,48852.33333333333,177114.95919086607,2500.0,0.0,mercedes_ecitaro,Mercedes-Benz eCitaro,75.75226728975261,555.0,2026-04-08 17:17:40.000000000,2026-04-08 17:17:10.000000000,0.0,177.11495919086607,0.0,2.5,0.0,2.5,0.020833333333333332,0.0,False
1,0.0,293.0331102299119,5.327874731452944,55.0,9-N1-4-B-035101,Les Coursives,Languedoc,7,968,48907.33333333333,177407.99230109598,13242.677402966896,0.0,mercedes_ecitaro,Mercedes-Benz eCitaro,75.71581347307779,555.0,2026-04-08 17:18:35.000000000,2026-04-08 17:17:40.000000000,0.2930331102299119,177.407992301096,19.1803490332306,13.242677402966896,0.0,13.242677402966896,0.20231868254532756,0.0,False
0,0.0,0.0,0.0,30.0,9-N1-4-B-035101,Languedoc,Languedoc,7,969,48937.33333333333,177407.99230109598,2500.0,0.0,mercedes_ecitaro,Mercedes-Benz eCitaro,75.71205971932403,555.0,2026-04-08 17:19:05.000000000,2026-04-08 17:18:35.000000000,0.0,177.407992301096,0.0,2.5,0.0,2.5,0.020833333333333332,0.0,False
1,0.0,320.6006811443548,4.007508514304435,80.0,9-N1-4-B-035101,Languedoc,Collège R.Parks,7,970,49017.33333333333,177728.59298224034,10400.52786970044,0.0,mercedes_ecitaro,Mercedes-Benz eCitaro,75.67041596409,555.0,2026-04-08 17:20:25.000000000,2026-04-08 17:19:05.000000000,0.3206006811443548,177.72859298224034,14.427030651495967,10.40052786970044,0.0,10.40052786970044,0.23112284154889867,0.0,False
0,0.0,0.0,0.0,30.0,9-N1-4-B-035101,Collège R.Parks,Collège R.Parks,7,971,49047.33333333333,177728.59298224034,2500.0,0.0,mercedes_ecitaro,Mercedes-Benz eCitaro,75.66666221033624,555.0,2026-04-08 17:20:55.000000000,2026-04-08 17:20:25.000000000,0.0,177.72859298224034,0.0,2.5,0.0,2.5,0.020833333333333332,0.0,False
1,0.0,270.8261413947126,5.0152989147169,54.0,9-N1-4-B-035101,Collège R.Parks,Martinique,7,972,49101.33333333333,177999.41912363505,12553.382066466642,0.0,mercedes_ecitaro,Mercedes-Benz eCitaro,75.63273415069713,555.0,2026-04-08 17:21:49.000000000,2026-04-08 17:20:55.000000000,0.27082614139471256,177.99941912363505,18.05507609298084,12.553382066466641,0.0,12.553382066466641,0.18830073099699965,0.0,False
0,0.0,0.0,0.0,30.0,9-N1-4-B-035101,Martinique,Martinique,7,973,49131.33333333333,177999.41912363505,2500.0,0.0,mercedes_ecitaro,Mercedes-Benz eCitaro,75.62898039694338,555.0,2026-04-08 17:22:19.000000000,2026-04-08 17:21:49.000000000,0.0,177.99941912363505,0.0,2.5,0.0,2.5,0.020833333333333332,0.0,False
1,0.0,274.08690803195344,2.3227704070504527,118.0,9-N1-4-B-035101,Martinique,Etouvie Quai A,7,974,49249.33333333333,178273.506031667,6988.977513860954,0.0,mercedes_ecitaro,Mercedes-Benz eCitaro,75.58770415336804,555.0,2026-04-08 17:24:17.000000000,2026-04-08 17:22:19.000000000,0.27408690803195346,178.273506031667,8.361973465381629,6.988977513860954,0.0,6.988977513860954,0.22908315184322015,0.0,False
1,0.0,241.9015249612658,4.319670088594032,56.0,9-N1-2-B-034901,Etouvie Quai A,Martinique,8,975,49305.33333333333,178515.40755662826,11056.821019198629,0.0,mercedes_ecitaro,Mercedes-Benz eCitaro,75.55671406442534,555.0,2026-04-08 17:25:13.000000000,2026-04-08 17:24:17.000000000,0.2419015249612658,178.51540755662825,15.550812318938515,11.05682101919863,0.0,11.05682101919863,0.17199499363197868,0.0,False
0,0.0,0.0,0.0,30.0,9-N1-2-B-034901,Martinique,Martinique,8,976,49335.33333333333,178515.40755662826,2500.0,0.0,mercedes_ecitaro,Mercedes-Benz eCitaro,75.55296031067158,555.0,2026-04-08 17:25:43.000000000,2026-04-08 17:25:13.000000000,0.0,178.51540755662825,0.0,2.5,0.0,2.5,0.020833333333333332,0.0,False
1,0.0,330.7630000086095,4.9367611941583505,67.0,9-N1-2-B-034901,Martinique,Collège R.Parks,8,977,49402.33333333333,178846.17055663688,12381.899008765697,0.0,mercedes_ecitaro,Mercedes-Benz eCitaro,75.51143942810965,555.0,2026-04-08 17:26:50.000000000,2026-04-08 17:25:43.000000000,0.3307630000086095,178.84617055663688,17.77234029897006,12.381899008765696,0.0,12.381899008765696,0.2304408982186949,0.0,False
0,0.0,0.0,0.0,30.0,9-N1-2-B-034901,Collège R.Parks,Collège R.Parks,8,978,49432.33333333333,178846.17055663688,2500.0,0.0,mercedes_ecitaro,Mercedes-Benz eCitaro,75.5076856743559,555.0,2026-04-08 17:27:20.000000000,2026-04-08 17:26:50.000000000,0.0,178.84617055663688,0.0,2.5,0.0,2.5,0.020833333333333332,0.0,False
1,0.0,296.81987678393193,4.01107941599908,74.0,9-N1-2-B-034901,Collège R.Parks,Languedoc,8,979,49506.33333333333,179142.9904334208,10407.985877821335,0.0,mercedes_ecitaro,Mercedes-Benz eCitaro,75.46913757851212,555.0,2026-04-08 17:28:34.000000000,2026-04-08 17:27:20.000000000,0.29681987678393196,179.1429904334208,14.439885897596689,10.407985877821334,0.0,10.407985877821334,0.2139419319329941,0.0,False
0,0.0,0.0,0.0,30.0,9-N1-2-B-034901,Languedoc,Languedoc,8,980,49536.33333333333,179142.9904334208,2500.0,0.0,mercedes_ecitaro,Mercedes-Benz eCitaro,75.46538382475836,555.0,2026-04-08 17:29:04.000000000,2026-04-08 17:28:34.000000000,0.0,179.1429904334208,0.0,2.5,0.0,2.5,0.020833333333333332,0.0,False
1,0.0,297.726462758007,5.316543977821554,56.0,9-N1-2-B-034901,Languedoc,Les coursives,8,981,49592.33333333333,179440.7168961788,13217.496071507208,0.0,mercedes_ecitaro,Mercedes-Benz eCitaro,75.4283377897231,555.0,2026-04-08 17:30:00.000000000,2026-04-08 17:29:04.000000000,0.297726462758007,179.4407168961788,19.139558320157594,13.217496071507208,0.0,13.217496071507208,0.2056054944456677,0.0,False
0,0.0,0.0,0.0,30.0,9-N1-2-B-034901,Les coursives,Les coursives,8,982,49622.33333333333,179440.7168961788,2500.0,0.0,mercedes_ecitaro,Mercedes-Benz eCitaro,75.42458403596935,555.0,2026-04-08 17:30:30.000000000,2026-04-08 17:30:00.000000000,0.0,179.4407168961788,0.0,2.5,0.0,2.5,0.020833333333333332,0.0,False
1,0.0,227.94980309080773,5.065551179795728,45.0,9-N1-2-B-034901,Les coursives,La Fontaine,8,983,49667.33333333333,179668.6666992696,12663.459214121442,0.0,mercedes_ecitaro,Mercedes-Benz eCitaro,75.39606273143303,555.0,2026-04-08 17:31:15.000000000,2026-04-08 17:30:30.000000000,0.22794980309080773,179.6686666992696,18.23598424726462,12.663459214121442,0.0,12.663459214121442,0.15829324017651802,0.0,False
0,0.0,0.0,0.0,30.0,9-N1-2-B-034901,La Fontaine,La Fontaine,8,984,49697.33333333333,179668.6666992696,2500.0,0.0,mercedes_ecitaro,Mercedes-Benz eCitaro,75.39230897767928,555.0,2026-04-08 17:31:45.000000000,2026-04-08 17:31:15.000000000,0.0,179.6686666992696,0.0,2.5,0.0,2.5,0.020833333333333332,0.0,False
1,0.0,278.8940733458619,4.572033989276425,61.0,9-N1-2-B-034901,La Fontaine,Place la Barre,8,985,49758.33333333333,179947.56077261548,11594.0864387973,0.0,mercedes_ecitaro,Mercedes-Benz eCitaro,75.35691161667995,555.0,2026-04-08 17:32:46.000000000,2026-04-08 17:31:45.000000000,0.2788940733458619,179.94756077261547,16.459322361395127,11.5940864387973,0.0,11.5940864387973,0.19645535354628757,0.0,False
0,0.0,0.0,0.0,30.0,9-N1-2-B-034901,Place la Barre,Place la Barre,8,986,49788.33333333333,179947.56077261548,2500.0,0.0,mercedes_ecitaro,Mercedes-Benz eCitaro,75.3531578629262,555.0,2026-04-08 17:33:16.000000000,2026-04-08 17:32:46.000000000,0.0,179.94756077261547,0.0,2.5,0.0,2.5,0.020833333333333332,0.0,False
1,0.0,552.9827646282706,5.882795368385858,94.0,9-N1-2-B-034901,Place la Barre,Sully,8,987,49882.33333333333,180500.54353724376,14494.837120605796,0.0,mercedes_ecitaro,Mercedes-Benz eCitaro,75.28496393453095,555.0,2026-04-08 17:34:50.000000000,2026-04-08 17:33:16.000000000,0.5529827646282706,180.50054353724377,21.178063326189086,14.494837120605796,0.0,14.494837120605796,0.37847630259359577,0.0,False
0,0.0,0.0,0.0,30.0,9-N1-2-B-034901,Sully,Sully,8,988,49912.33333333333,180500.54353724376,2500.0,0.0,mercedes_ecitaro,Mercedes-Benz eCitaro,75.28121018077721,555.0,2026-04-08 17:35:20.000000000,2026-04-08 17:34:50.000000000,0.0,180.50054353724377,0.0,2.5,0.0,2.5,0.020833333333333332,0.0,False
1,0.0,541.2636534432309,5.820039284335816,93.0,9-N1-2-B-034901,Sully,Espace Alliance,8,989,50005.33333333333,181041.807190687,14351.314697241989,0.0,mercedes_ecitaro,Mercedes-Benz eCitaro,75.21440976702127,555.0,2026-04-08 17:36:53.000000000,2026-04-08 17:35:20.000000000,0.5412636534432308,181.041807190687,20.952141423608936,14.351314697241989,0.0,14.351314697241989,0.37074229634541805,0.0,False
0,0.0,0.0,0.0,30.0,9-N1-2-B-034901,Espace Alliance,Espace Alliance,8,990,50035.33333333333,181041.807190687,2500.0,0.0,mercedes_ecitaro,Mercedes-Benz eCitaro,75.21065601326751,555.0,2026-04-08 17:37:23.000000000,2026-04-08 17:36:53.000000000,0.0,181.041807190687,0.0,2.5,0.0,2.5,0.020833333333333332,0.0,False
1,0.0,306.8484114845754,5.789592669520291,53.0,9-N1-2-B-034901,Espace Alliance,Faubourg de Hem,8,991,50088.33333333333,181348.65560217155,14281.864401781007,0.0,mercedes_ecitaro,Mercedes-Benz eCitaro,75.1727711877773,555.0,2026-04-08 17:38:16.000000000,2026-04-08 17:37:23.000000000,0.3068484114845754,181.34865560217156,20.842533610273048,14.281864401781007,0.0,14.281864401781007,0.21026078147066482,0.0,False
0,0.0,0.0,0.0,30.0,9-N1-2-B-034901,Faubourg de Hem,Faubourg de Hem,8,992,50118.33333333333,181348.65560217155,2500.0,0.0,mercedes_ecitaro,Mercedes-Benz eCitaro,75.16901743402354,555.0,2026-04-08 17:38:46.000000000,2026-04-08 17:38:16.000000000,0.0,181.34865560217156,0.0,2.5,0.0,2.5,0.020833333333333332,0.0,False
1,0.0,296.4471853943004,7.058266318911914,42.0,9-N1-2-B-034901,Faubourg de Hem,Egl. St-Firmin,8,993,50160.33333333333,181645.10278756585,17282.560219061117,0.0,mercedes_ecitaro,Mercedes-Benz eCitaro,75.13268772785736,555.0,2026-04-08 17:39:28.000000000,2026-04-08 17:38:46.000000000,0.29644718539430037,181.64510278756586,25.409758748082893,17.282560219061118,0.0,17.282560219061118,0.20162986922237972,0.0,False
0,0.0,0.0,0.0,30.0,9-N1-2-B-034901,Egl. St-Firmin,Egl. St-Firmin,8,994,50190.33333333333,181645.10278756585,2500.0,0.0,mercedes_ecitaro,Mercedes-Benz eCitaro,75.1289339741036,555.0,2026-04-08 17:39:58.000000000,2026-04-08 17:39:28.000000000,0.0,181.64510278756586,0.0,2.5,0.0,2.5,0.020833333333333332,0.0,False
1,0.0,397.9625757415526,7.106474566813439,56.0,9-N1-2-B-034901,Egl. St-Firmin,Zoo d'Amiens,8,995,50246.33333333333,182043.0653633074,17401.196362585695,0.0,mercedes_ecitaro,Mercedes-Benz eCitaro,75.08016185216643,555.0,2026-04-08 17:40:54.000000000,2026-04-08 17:39:58.000000000,0.3979625757415526,182.0430653633074,25.58330844052838,17.401196362585694,0.0,17.401196362585694,0.270685276751333,0.0,False
0,0.0,0.0,0.0,30.0,9-N1-2-B-034901,Zoo d'Amiens,Zoo d'Amiens,8,996,50276.33333333333,182043.0653633074,2500.0,0.0,mercedes_ecitaro,Mercedes-Benz eCitaro,75.07640809841267,555.0,2026-04-08 17:41:24.000000000,2026-04-08 17:40:54.000000000,0.0,182.0430653633074,0.0,2.5,0.0,2.5,0.020833333333333332,0.0,False
1,0.0,387.76459722543666,6.924367807597084,56.0,9-N1-2-B-034901,Zoo d'Amiens,Jean Jaurès,8,997,50332.33333333333,182430.82996053284,16954.920605978714,0.0,mercedes_ecitaro,Mercedes-Benz eCitaro,75.02888679941694,555.0,2026-04-08 17:42:20.000000000,2026-04-08 17:41:24.000000000,0.38776459722543666,182.43082996053283,24.9277241073495,16.954920605978714,0.0,16.954920605978714,0.26374320942633556,0.0,False
0,0.0,0.0,0.0,30.0,9-N1-2-B-034901,Jean Jaurès,Jean Jaurès,8,998,50362.33333333333,182430.82996053284,2500.0,0.0,mercedes_ecitaro,Mercedes-Benz eCitaro,75.02513304566318,555.0,2026-04-08 17:42:50.000000000,2026-04-08 17:42:20.000000000,0.0,182.43082996053283,0.0,2.5,0.0,2.5,0.020833333333333332,0.0,False
1,0.0,353.81886733206454,6.675827685510652,53.0,9-N1-2-B-034901,Jean Jaurès,Saint-Jacques,8,999,50415.33333333333,182784.6488278649,16353.911877036153,0.0,mercedes_ecitaro,Mercedes-Benz eCitaro,74.98175179794131,555.0,2026-04-08 17:43:43.000000000,2026-04-08 17:42:50.000000000,0.3538188673320645,182.7846488278649,24.032979667838347,16.353911877036154,0.0,16.353911877036154,0.24076592485636555,0.0,False
0,0.0,0.0,0.0,30.0,9-N1-2-B-034901,Saint-Jacques,Saint-Jacques,8,1000,50445.33333333333,182784.6488278649,2500.0,0.0,mercedes_ecitaro,Mercedes-Benz eCitaro,74.97799804418756,555.0,2026-04-08 17:44:13.000000000,2026-04-08 17:43:43.000000000,0.0,182.7846488278649,0.0,2.5,0.0,2.5,0.020833333333333332,0.0,False
1,0.0,242.8037375118653,7.35768901551107,33.0,9-N1-2-B-034901,Saint-Jacques,M. Culture A,8,1001,50478.33333333333,183027.45256537676,18025.307499846742,0.0,mercedes_ecitaro,Mercedes-Benz eCitaro,74.9482265152839,555.0,2026-04-08 17:44:46.000000000,2026-04-08 17:44:13.000000000,0.24280373751186532,183.02745256537676,26.487680455839854,18.025307499846743,0.0,18.025307499846743,0.16523198541526182,0.0,False
0,0.0,0.0,0.0,30.0,9-N1-2-B-034901,M. Culture A,M. Culture A,8,1002,50508.33333333333,183027.45256537676,2500.0,0.0,mercedes_ecitaro,Mercedes-Benz eCitaro,74.94447276153015,555.0,2026-04-08 17:45:16.000000000,2026-04-08 17:44:46.000000000,0.0,183.02745256537676,0.0,2.5,0.0,2.5,0.020833333333333332,0.0,False
1,0.0,296.74165114956037,2.472847092913003,120.0,9-N1-2-B-034901,M. Culture A,Hôtel de Ville,8,1003,50628.33333333333,183324.19421652632,7285.495885312494,0.0,mercedes_ecitaro,Mercedes-Benz eCitaro,74.90071602948623,555.0,2026-04-08 17:47:16.000000000,2026-04-08 17:45:16.000000000,0.29674165114956036,183.3241942165263,8.90224953448681,7.285495885312494,0.0,7.285495885312494,0.24284986284374976,0.0,False
0,0.0,0.0,0.0,30.0,9-N1-2-B-034901,Hôtel de Ville,Hôtel de Ville,8,1004,50658.33333333333,183324.19421652632,2500.0,0.0,mercedes_ecitaro,Mercedes-Benz eCitaro,74.89696227573248,555.0,2026-04-08 17:47:46.000000000,2026-04-08 17:47:16.000000000,0.0,183.3241942165263,0.0,2.5,0.0,2.5,0.020833333333333332,0.0,False
1,0.0,228.2941059416939,4.005159753363051,57.0,9-N1-2-B-034901,Hôtel de Ville,Jacobins,8,1005,50715.33333333333,183552.488322468,10395.62297288138,0.0,mercedes_ecitaro,Mercedes-Benz eCitaro,74.8673050930771,555.0,2026-04-08 17:48:43.000000000,2026-04-08 17:47:46.000000000,0.22829410594169391,183.552488322468,14.418575112106984,10.39562297288138,0.0,10.39562297288138,0.16459736373728853,0.0,False
0,0.0,0.0,0.0,30.0,9-N1-2-B-034901,Jacobins,Jacobins,8,1006,50745.33333333333,183552.488322468,2500.0,0.0,mercedes_ecitaro,Mercedes-Benz eCitaro,74.86355133932335,555.0,2026-04-08 17:49:13.000000000,2026-04-08 17:48:43.000000000,0.0,183.552488322468,0.0,2.5,0.0,2.5,0.020833333333333332,0.0,False
1,0.0,326.11241962366006,4.026079254613087,81.0,9-N1-2-B-034901,Jacobins,Emile Zola,8,1007,50826.33333333333,183878.60074209166,10439.32601398859,0.0,mercedes_ecitaro,Mercedes-Benz eCitaro,74.82122974737476,555.0,2026-04-08 17:50:34.000000000,2026-04-08 17:49:13.000000000,0.32611241962366005,183.87860074209166,14.493885316607114,10.43932601398859,0.0,10.43932601398859,0.23488483531474327,0.0,False
0,0.0,0.0,0.0,30.0,9-N1-2-B-034901,Emile Zola,Emile Zola,8,1008,50856.33333333333,183878.60074209166,2500.0,0.0,mercedes_ecitaro,Mercedes-Benz eCitaro,74.817475993621,555.0,2026-04-08 17:51:04.000000000,2026-04-08 17:50:34.000000000,0.0,183.87860074209166,0.0,2.5,0.0,2.5,0.020833333333333332,0.0,False
1,0.0,355.48637357572056,2.1943603307143245,162.0,9-N1-2-B-034901,Emile Zola,Gare du Nord B,8,1009,51018.33333333333,184234.08711566738,6736.177798628873,0.0,mercedes_ecitaro,Mercedes-Benz eCitaro,74.76285833579428,555.0,2026-04-08 17:53:46.000000000,2026-04-08 17:51:04.000000000,0.35548637357572055,184.2340871156674,7.899697190571568,6.736177798628873,0.0,6.736177798628873,0.3031280009382993,0.0,False
0,0.0,0.0,0.0,30.0,9-N1-2-B-034901,Gare du Nord B,Gare du Nord B,8,1010,51048.33333333333,184234.08711566738,2500.0,0.0,mercedes_ecitaro,Mercedes-Benz eCitaro,74.75910458204052,555.0,2026-04-08 17:54:16.000000000,2026-04-08 17:53:46.000000000,0.0,184.2340871156674,0.0,2.5,0.0,2.5,0.020833333333333332,0.0,False
1,0.0,368.1948881034494,3.95908481831666,93.0,9-N1-2-B-034901,Gare du Nord B,Caserne Dejean,8,1011,51141.33333333333,184602.28200377084,10299.502354459812,0.0,mercedes_ecitaro,Mercedes-Benz eCitaro,74.71116395546571,555.0,2026-04-08 17:55:49.000000000,2026-04-08 17:54:16.000000000,0.3681948881034494,184.60228200377085,14.252705345939976,10.299502354459811,0.0,10.299502354459811,0.2660704774902118,0.0,False
0,0.0,0.0,0.0,30.0,9-N1-2-B-034901,Caserne Dejean,Caserne Dejean,8,1012,51171.33333333333,184602.28200377084,2500.0,0.0,mercedes_ecitaro,Mercedes-Benz eCitaro,74.70741020171195,555.0,2026-04-08 17:56:19.000000000,2026-04-08 17:55:49.000000000,0.0,184.60228200377085,0.0,2.5,0.0,2.5,0.020833333333333332,0.0,False
1,0.0,355.3755273513469,3.862777471210292,92.0,9-N1-2-B-034901,Caserne Dejean,Pinceau,8,1013,51263.33333333333,184957.65753112218,10099.178424665342,0.0,mercedes_ecitaro,Mercedes-Benz eCitaro,74.66090747823502,555.0,2026-04-08 17:57:51.000000000,2026-04-08 17:56:19.000000000,0.35537552735134686,184.95765753112218,13.905998896357051,10.099178424665343,0.0,10.099178424665343,0.2580901152970032,0.0,False
0,0.0,0.0,0.0,30.0,9-N1-2-B-034901,Pinceau,Pinceau,8,1014,51293.33333333333,184957.65753112218,2500.0,0.0,mercedes_ecitaro,Mercedes-Benz eCitaro,74.65715372448126,555.0,2026-04-08 17:58:21.000000000,2026-04-08 17:57:51.000000000,0.0,184.95765753112218,0.0,2.5,0.0,2.5,0.020833333333333332,0.0,False
1,0.0,447.05548624280317,3.8874390108069843,115.0,9-N1-2-B-034901,Pinceau,L. de Luzarches,8,1015,51408.33333333333,185404.713017365,10150.400279848174,0.0,mercedes_ecitaro,Mercedes-Benz eCitaro,74.5987304996473,555.0,2026-04-08 18:00:16.000000000,2026-04-08 17:58:21.000000000,0.44705548624280317,185.404713017365,13.994780438905144,10.150400279848174,0.0,10.150400279848174,0.3242488978284834,0.0,False
0,0.0,0.0,0.0,30.0,9-N1-2-B-034901,L. de Luzarches,L. de Luzarches,8,1016,51438.33333333333,185404.713017365,2500.0,0.0,mercedes_ecitaro,Mercedes-Benz eCitaro,74.59497674589355,555.0,2026-04-08 18:00:46.000000000,2026-04-08 18:00:16.000000000,0.0,185.404713017365,0.0,2.5,0.0,2.5,0.020833333333333332,0.0,False
1,0.0,324.8685267650074,8.121713169125185,40.0,9-N1-2-B-034901,L. de Luzarches,Egl. St-Acheul,8,1017,51478.33333333333,185729.58154413,19987.224845856923,0.0,mercedes_ecitaro,Mercedes-Benz eCitaro,74.55496228173769,555.0,2026-04-08 18:01:26.000000000,2026-04-08 18:00:46.000000000,0.3248685267650074,185.72958154412999,29.238167408850664,19.98722484585692,0.0,19.98722484585692,0.2220802760650769,0.0,False
0,0.0,0.0,0.0,30.0,9-N1-2-B-034901,Egl. St-Acheul,Egl. St-Acheul,8,1018,51508.33333333333,185729.58154413,2500.0,0.0,mercedes_ecitaro,Mercedes-Benz eCitaro,74.55120852798393,555.0,2026-04-08 18:01:56.000000000,2026-04-08 18:01:26.000000000,0.0,185.72958154412999,0.0,2.5,0.0,2.5,0.020833333333333332,0.0,False
1,0.0,451.79666905185246,8.214484891851862,55.0,9-N1-2-B-034901,Egl. St-Acheul,Mercey,8,1019,51563.33333333333,186181.37821318186,20232.30889370291,0.0,mercedes_ecitaro,Mercedes-Benz eCitaro,74.49551398398225,555.0,2026-04-08 18:02:51.000000000,2026-04-08 18:01:56.000000000,0.45179666905185245,186.18137821318186,29.572145610666706,20.23230889370291,0.0,20.23230889370291,0.30910471920935007,0.0,False
0,0.0,0.0,0.0,30.0,9-N1-2-B-034901,Mercey,Mercey,8,1020,51593.33333333333,186181.37821318186,2500.0,0.0,mercedes_ecitaro,Mercedes-Benz eCitaro,74.4917602302285,555.0,2026-04-08 18:03:21.000000000,2026-04-08 18:02:51.000000000,0.0,186.18137821318186,0.0,2.5,0.0,2.5,0.020833333333333332,0.0,False
1,0.0,481.8036462949089,8.166163496523879,59.0,9-N1-2-B-034901,Mercey,Sobo,8,1021,51652.33333333333,186663.18185947675,20104.461940156947,0.0,mercedes_ecitaro,Mercedes-Benz eCitaro,74.43239269997477,555.0,2026-04-08 18:04:20.000000000,2026-04-08 18:03:21.000000000,0.4818036462949089,186.66318185947677,29.398188587485965,20.10446194015695,0.0,20.10446194015695,0.32948979290812774,0.0,False
0,0.0,0.0,0.0,30.0,9-N1-2-B-034901,Sobo,Sobo,8,1022,51682.33333333333,186663.18185947675,2500.0,0.0,mercedes_ecitaro,Mercedes-Benz eCitaro,74.42863894622101,555.0,2026-04-08 18:04:50.000000000,2026-04-08 18:04:20.000000000,0.0,186.66318185947677,0.0,2.5,0.0,2.5,0.020833333333333332,0.0,False
1,0.0,707.5852717526406,8.22773571805396,86.0,9-N1-2-B-034901,Sobo,Pont de l'Avre,8,1023,51768.33333333333,187370.7671312294,20267.440548072263,0.0,mercedes_ecitaro,Mercedes-Benz eCitaro,74.34140171463272,555.0,2026-04-08 18:06:16.000000000,2026-04-08 18:04:50.000000000,0.7075852717526405,187.3707671312294,29.61984858499426,20.267440548072262,0.0,20.267440548072262,0.4841666353150596,0.0,False
0,0.0,0.0,0.0,30.0,9-N1-2-B-034901,Pont de l'Avre,Pont de l'Avre,8,1024,51798.33333333333,187370.7671312294,2500.0,0.0,mercedes_ecitaro,Mercedes-Benz eCitaro,74.33764796087897,555.0,2026-04-08 18:06:46.000000000,2026-04-08 18:06:16.000000000,0.0,187.3707671312294,0.0,2.5,0.0,2.5,0.020833333333333332,0.0,False
1,0.0,296.6141068969825,7.062240640404345,42.0,9-N1-2-B-034901,Pont de l'Avre,Cité du Château,8,1025,51840.33333333333,187667.38123812637,17292.32707664838,0.0,mercedes_ecitaro,Mercedes-Benz eCitaro,74.3012977237809,555.0,2026-04-08 18:07:28.000000000,2026-04-08 18:06:46.000000000,0.2966141068969825,187.66738123812638,25.424066305455643,17.29232707664838,0.0,17.29232707664838,0.20174381589423113,0.0,False
0,0.0,0.0,0.0,30.0,9-N1-2-B-034901,Cité du Château,Cité du Château,8,1026,51870.33333333333,187667.38123812637,2500.0,0.0,mercedes_ecitaro,Mercedes-Benz eCitaro,74.29754397002715,555.0,2026-04-08 18:07:58.000000000,2026-04-08 18:07:28.000000000,0.0,187.66738123812638,0.0,2.5,0.0,2.5,0.020833333333333332,0.0,False
1,0.0,332.9543642312839,6.936549254818414,48.0,9-N1-2-B-034901,Cité du Château,La Rose Rouge,8,1027,51918.33333333333,188000.33560235766,16984.614749484874,0.0,mercedes_ecitaro,Mercedes-Benz eCitaro,74.2567400907491,555.0,2026-04-08 18:08:46.000000000,2026-04-08 18:07:58.000000000,0.3329543642312839,188.00033560235767,24.97157731734629,16.984614749484873,0.0,16.984614749484873,0.22646152999313165,0.0,False
0,0.0,0.0,0.0,30.0,9-N1-2-B-034901,La Rose Rouge,La Rose Rouge,8,1028,51948.33333333333,188000.33560235766,2500.0,0.0,mercedes_ecitaro,Mercedes-Benz eCitaro,74.25298633699535,555.0,2026-04-08 18:09:16.000000000,2026-04-08 18:08:46.000000000,0.0,188.00033560235767,0.0,2.5,0.0,2.5,0.020833333333333332,0.0,False
1,0.0,225.1396338173497,7.262568832817732,31.0,9-N1-2-B-034901,La Rose Rouge,Poidevin,8,1029,51979.33333333333,188225.475236175,17787.818516889005,0.0,mercedes_ecitaro,Mercedes-Benz eCitaro,74.22538761957675,555.0,2026-04-08 18:09:47.000000000,2026-04-08 18:09:16.000000000,0.2251396338173497,188.225475236175,26.145247798143835,17.787818516889004,0.0,17.787818516889004,0.1531728816732109,0.0,False
0,0.0,0.0,0.0,30.0,9-N1-2-B-034901,Poidevin,Poidevin,8,1030,52009.33333333333,188225.475236175,2500.0,0.0,mercedes_ecitaro,Mercedes-Benz eCitaro,74.22163386582301,555.0,2026-04-08 18:10:17.000000000,2026-04-08 18:09:47.000000000,0.0,188.225475236175,0.0,2.5,0.0,2.5,0.020833333333333332,0.0,False
1,0.0,314.5014195772681,7.147759535847002,44.0,9-N1-2-B-034901,Poidevin,M. de Longueau,8,1031,52053.33333333333,188539.97665575228,17503.08167993473,0.0,mercedes_ecitaro,Mercedes-Benz eCitaro,74.18308854080212,555.0,2026-04-08 18:11:01.000000000,2026-04-08 18:10:17.000000000,0.3145014195772681,188.53997665575227,25.731934329049206,17.50308167993473,0.0,17.50308167993473,0.21392655386586892,0.0,False
0,0.0,0.0,0.0,30.0,9-N1-2-B-034901,M. de Longueau,M. de Longueau,8,1032,52083.33333333333,188539.97665575228,2500.0,0.0,mercedes_ecitaro,Mercedes-Benz eCitaro,74.17933478704836,555.0,2026-04-08 18:11:31.000000000,2026-04-08 18:11:01.000000000,0.0,188.53997665575227,0.0,2.5,0.0,2.5,0.020833333333333332,0.0,False
1,0.0,256.63398574137216,6.936053668685734,37.0,9-N1-2-B-034901,M. de Longueau,La Fourche,8,1033,52120.33333333333,188796.61064149367,16983.406243795107,0.0,mercedes_ecitaro,Mercedes-Benz eCitaro,74.14788403474505,555.0,2026-04-08 18:12:08.000000000,2026-04-08 18:11:31.000000000,0.25663398574137214,188.79661064149366,24.96979320726864,16.983406243795105,0.0,16.983406243795105,0.17455167528344973,0.0,False
0,0.0,0.0,0.0,30.0,9-N1-2-B-034901,La Fourche,La Fourche,8,1034,52150.33333333333,188796.61064149367,2500.0,0.0,mercedes_ecitaro,Mercedes-Benz eCitaro,74.14413028099129,555.0,2026-04-08 18:12:38.000000000,2026-04-08 18:12:08.000000000,0.0,188.79661064149366,0.0,2.5,0.0,2.5,0.020833333333333332,0.0,False
1,0.0,651.0902221706201,6.643777777251225,98.0,9-N1-2-B-034901,La Fourche,Croix de Fer,8,1035,52248.33333333333,189447.70086366427,16277.07312975203,0.0,mercedes_ecitaro,Mercedes-Benz eCitaro,74.06429278515968,555.0,2026-04-08 18:14:16.000000000,2026-04-08 18:12:38.000000000,0.6510902221706201,189.44770086366427,23.91759999810441,16.27707312975203,0.0,16.27707312975203,0.44309810186547194,0.0,False
0,0.0,0.0,0.0,30.0,9-N1-2-B-034901,Croix de Fer,Croix de Fer,8,1036,52278.33333333333,189447.70086366427,2500.0,0.0,mercedes_ecitaro,Mercedes-Benz eCitaro,74.06053903140592,555.0,2026-04-08 18:14:46.000000000,2026-04-08 18:14:16.000000000,0.0,189.44770086366427,0.0,2.5,0.0,2.5,0.020833333333333332,0.0,False
1,0.0,703.41712703917,4.953641739712465,142.0,9-N1-2-B-034901,Croix de Fer,C. Cial Glisy,8,1037,52420.33333333333,190151.11799070344,12418.700315873617,0.0,mercedes_ecitaro,Mercedes-Benz eCitaro,73.97227799812994,555.0,2026-04-08 18:17:08.000000000,2026-04-08 18:14:46.000000000,0.70341712703917,190.15111799070343,17.833110262964873,12.418700315873616,0.0,12.418700315873616,0.48984873468168155,0.0,False
0,0.0,0.0,0.0,30.0,9-N1-2-B-034901,C. Cial Glisy,C. Cial Glisy,8,1038,52450.33333333333,190151.11799070344,2500.0,0.0,mercedes_ecitaro,Mercedes-Benz eCitaro,73.96852424437618,555.0,2026-04-08 18:17:38.000000000,2026-04-08 18:17:08.000000000,0.0,190.15111799070343,0.0,2.5,0.0,2.5,0.020833333333333332,0.0,False
1,0.0,136.72688382470434,4.883102993739441,28.0,9-N1-2-B-034901,C. Cial Glisy,Capitaine Nemo,8,1039,52478.33333333333,190287.84487452815,12265.122289306848,0.0,mercedes_ecitaro,Mercedes-Benz eCitaro,73.95133588481158,555.0,2026-04-08 18:18:06.000000000,2026-04-08 18:17:38.000000000,0.13672688382470435,190.28784487452816,17.57917077746199,12.265122289306849,0.0,12.265122289306849,0.0953953955834977,0.0,False
0,0.0,0.0,0.0,30.0,9-N1-2-B-034901,Capitaine Nemo,Capitaine Nemo,8,1040,52508.33333333333,190287.84487452815,2500.0,0.0,mercedes_ecitaro,Mercedes-Benz eCitaro,73.94758213105784,555.0,2026-04-08 18:18:36.000000000,2026-04-08 18:18:06.000000000,0.0,190.28784487452816,0.0,2.5,0.0,2.5,0.020833333333333332,0.0,False
1,0.0,323.4478124594319,2.488060095841784,130.0,9-N1-2-B-034901,Capitaine Nemo,Pôle J. Verne,8,1041,52638.33333333333,190611.29268698758,7315.620110681674,0.0,mercedes_ecitaro,Mercedes-Benz eCitaro,73.89998300120855,555.0,2026-04-08 18:20:46.000000000,2026-04-08 18:18:36.000000000,0.3234478124594319,190.61129268698758,8.957016345030421,7.3156201106816745,0.0,7.3156201106816745,0.26417517066350493,0.0,False
0,0.0,0.0,0.0,30.0,9-N1-2-B-034901,Pôle J. Verne,Pôle J. Verne,8,1042,52668.33333333333,190611.29268698758,2500.0,0.0,mercedes_ecitaro,Mercedes-Benz eCitaro,73.89622924745481,555.0,2026-04-08 18:21:16.000000000,2026-04-08 18:20:46.000000000,0.0,190.61129268698758,0.0,2.5,0.0,2.5,0.020833333333333332,0.0,False
1,0.0,334.0181708930427,4.7044812801837,71.0,9-N1-4-B-035101,Pôle J. Verne,Capitaine Nemo,8,1043,52739.33333333333,190945.31085788063,11878.580971251235,0.0,mercedes_ecitaro,Mercedes-Benz eCitaro,73.85401807383323,555.0,2026-04-08 18:22:27.000000000,2026-04-08 18:21:16.000000000,0.3340181708930427,190.94531085788063,16.93613260866132,11.878580971251235,0.0,11.878580971251235,0.23427201359967714,0.0,False
0,0.0,0.0,0.0,30.0,9-N1-4-B-035101,Capitaine Nemo,Capitaine Nemo,8,1044,52769.33333333333,190945.31085788063,2500.0,0.0,mercedes_ecitaro,Mercedes-Benz eCitaro,73.85026432007948,555.0,2026-04-08 18:22:57.000000000,2026-04-08 18:22:27.000000000,0.0,190.94531085788063,0.0,2.5,0.0,2.5,0.020833333333333332,0.0,False
1,0.0,122.91799931516653,5.8532380626269775,21.0,9-N1-4-B-035101,Capitaine Nemo,C. Cial Glisy,8,1045,52790.33333333333,191068.2288571958,14427.177180198683,0.0,mercedes_ecitaro,Mercedes-Benz eCitaro,73.83510062034054,555.0,2026-04-08 18:23:18.000000000,2026-04-08 18:22:57.000000000,0.12291799931516653,191.06822885719578,21.07165702545712,14.427177180198683,0.0,14.427177180198683,0.08415853355115899,0.0,False
0,0.0,0.0,0.0,30.0,9-N1-4-B-035101,C. Cial Glisy,C. Cial Glisy,8,1046,52820.33333333333,191068.2288571958,2500.0,0.0,mercedes_ecitaro,Mercedes-Benz eCitaro,73.83134686658678,555.0,2026-04-08 18:23:48.000000000,2026-04-08 18:23:18.000000000,0.0,191.06822885719578,0.0,2.5,0.0,2.5,0.020833333333333332,0.0,False
1,0.0,685.9620842301216,4.6664087362593305,147.0,9-N1-4-B-035101,C. Cial Glisy,Croix de Fer,8,1047,52967.33333333333,191754.1909414259,11796.619365870161,0.0,mercedes_ecitaro,Mercedes-Benz eCitaro,73.74455492230337,555.0,2026-04-08 18:26:15.000000000,2026-04-08 18:23:48.000000000,0.6859620842301216,191.75419094142592,16.79907145053359,11.79661936587016,0.0,11.79661936587016,0.4816952907730316,0.0,False
0,0.0,0.0,0.0,30.0,9-N1-4-B-035101,Croix de Fer,Croix de Fer,8,1048,52997.33333333333,191754.1909414259,2500.0,0.0,mercedes_ecitaro,Mercedes-Benz eCitaro,73.74080116854961,555.0,2026-04-08 18:26:45.000000000,2026-04-08 18:26:15.000000000,0.0,191.75419094142592,0.0,2.5,0.0,2.5,0.020833333333333332,0.0,False
1,0.0,746.5227463047001,6.912247650969446,108.0,9-N1-4-B-035101,Croix de Fer,La Fourche,8,1049,53105.33333333333,192500.7136877306,16925.39814763343,0.0,mercedes_ecitaro,Mercedes-Benz eCitaro,73.64931252991374,555.0,2026-04-08 18:28:33.000000000,2026-04-08 18:26:45.000000000,0.7465227463047002,192.5007136877306,24.88409154349001,16.92539814763343,0.0,16.92539814763343,0.5077619444290029,0.0,False
0,0.0,0.0,0.0,30.0,9-N1-4-B-035101,La Fourche,La Fourche,8,1050,53135.33333333333,192500.7136877306,2500.0,0.0,mercedes_ecitaro,Mercedes-Benz eCitaro,73.64555877615999,555.0,2026-04-08 18:29:03.000000000,2026-04-08 18:28:33.000000000,0.0,192.5007136877306,0.0,2.5,0.0,2.5,0.020833333333333332,0.0,False
1,0.0,236.45430499839583,7.38919703119987,32.0,9-N1-4-B-035101,La Fourche,M. de Longueau,8,1051,53167.33333333333,192737.167992729,18104.29412886066,0.0,mercedes_ecitaro,Mercedes-Benz eCitaro,73.61656290968735,555.0,2026-04-08 18:29:35.000000000,2026-04-08 18:29:03.000000000,0.23645430499839581,192.73716799272898,26.60110931231953,18.10429412886066,0.0,18.10429412886066,0.16092705892320586,0.0,False
0,0.0,0.0,0.0,30.0,9-N1-4-B-035101,M. de Longueau,M. de Longueau,8,1052,53197.33333333333,192737.167992729,2500.0,0.0,mercedes_ecitaro,Mercedes-Benz eCitaro,73.61280915593359,555.0,2026-04-08 18:30:05.000000000,2026-04-08 18:29:35.000000000,0.0,192.73716799272898,0.0,2.5,0.0,2.5,0.020833333333333332,0.0,False
1,0.0,238.2314886825274,7.219136020682649,33.0,9-N1-4-B-035101,M. de Longueau,Poidevin,8,1053,53230.33333333333,192975.39948141153,17679.857275640912,0.0,mercedes_ecitaro,Mercedes-Benz eCitaro,73.58360819046331,555.0,2026-04-08 18:30:38.000000000,2026-04-08 18:30:05.000000000,0.23823148868252741,192.97539948141153,25.98888967445754,17.679857275640913,0.0,17.679857275640913,0.1620653583600417,0.0,False
0,0.0,0.0,0.0,30.0,9-N1-4-B-035101,Poidevin,Poidevin,8,1054,53260.33333333333,192975.39948141153,2500.0,0.0,mercedes_ecitaro,Mercedes-Benz eCitaro,73.57985443670955,555.0,2026-04-08 18:31:08.000000000,2026-04-08 18:30:38.000000000,0.0,192.97539948141153,0.0,2.5,0.0,2.5,0.020833333333333332,0.0,False
1,0.0,283.0530932557657,7.257771621942711,39.0,9-N1-4-B-035101,Poidevin,La Rose Rouge,8,1055,53299.33333333333,193258.4525746673,17775.879384511274,0.0,mercedes_ecitaro,Mercedes-Benz eCitaro,73.5451567742473,555.0,2026-04-08 18:31:47.000000000,2026-04-08 18:31:08.000000000,0.2830530932557657,193.25845257466727,26.127977838993758,17.775879384511274,0.0,17.775879384511274,0.1925720266655388,0.0,False
0,0.0,0.0,0.0,30.0,9-N1-4-B-035101,La Rose Rouge,La Rose Rouge,8,1056,53329.33333333333,193258.4525746673,2500.0,0.0,mercedes_ecitaro,Mercedes-Benz eCitaro,73.54140302049355,555.0,2026-04-08 18:32:17.000000000,2026-04-08 18:31:47.000000000,0.0,193.25845257466727,0.0,2.5,0.0,2.5,0.020833333333333332,0.0,False
1,0.0,382.52636844861735,7.356276316319565,52.0,9-N1-4-B-035101,La Rose Rouge,Cité du Château,8,1057,53381.33333333333,193640.97894311592,18021.769783997195,0.0,mercedes_ecitaro,Mercedes-Benz eCitaro,73.49449951555022,555.0,2026-04-08 18:33:09.000000000,2026-04-08 18:32:17.000000000,0.38252636844861737,193.64097894311593,26.482594738750432,18.021769783997197,0.0,18.021769783997197,0.26031445243551504,0.0,False
0,0.0,0.0,0.0,30.0,9-N1-4-B-035101,Cité du Château,Cité du Château,8,1058,53411.33333333333,193640.97894311592,2500.0,0.0,mercedes_ecitaro,Mercedes-Benz eCitaro,73.49074576179646,555.0,2026-04-08 18:33:39.000000000,2026-04-08 18:33:09.000000000,0.0,193.64097894311593,0.0,2.5,0.0,2.5,0.020833333333333332,0.0,False
1,0.0,259.04003764462647,7.195556601239624,36.0,9-N1-4-B-035101,Cité du Château,Pont de l'Avre,8,1059,53447.33333333333,193900.01898076053,17621.370476656775,0.0,mercedes_ecitaro,Mercedes-Benz eCitaro,73.4589955447214,555.0,2026-04-08 18:34:15.000000000,2026-04-08 18:33:39.000000000,0.25904003764462646,193.90001898076054,25.904003764462647,17.621370476656775,0.0,17.621370476656775,0.17621370476656775,0.0,False
0,0.0,0.0,0.0,30.0,9-N1-4-B-035101,Pont de l'Avre,Pont de l'Avre,8,1060,53477.33333333333,193900.01898076053,2500.0,0.0,mercedes_ecitaro,Mercedes-Benz eCitaro,73.45524179096765,555.0,2026-04-08 18:34:45.000000000,2026-04-08 18:34:15.000000000,0.0,193.90001898076054,0.0,2.5,0.0,2.5,0.020833333333333332,0.0,False
1,0.0,778.6426370279388,6.655065273743067,117.0,9-N1-4-B-035101,Pont de l'Avre,Sobo,8,1061,53594.33333333333,194678.6616177885,16304.11753685129,0.0,mercedes_ecitaro,Mercedes-Benz eCitaro,73.35976722881492,555.0,2026-04-08 18:36:42.000000000,2026-04-08 18:34:45.000000000,0.7786426370279388,194.6786616177885,23.95823498547504,16.30411753685129,0.0,16.30411753685129,0.529883819947667,0.0,False
0,0.0,0.0,0.0,30.0,9-N1-4-B-035101,Sobo,Sobo,8,1062,53624.33333333333,194678.6616177885,2500.0,0.0,mercedes_ecitaro,Mercedes-Benz eCitaro,73.35601347506116,555.0,2026-04-08 18:37:12.000000000,2026-04-08 18:36:42.000000000,0.0,194.6786616177885,0.0,2.5,0.0,2.5,0.020833333333333332,0.0,False
1,0.0,494.86888000554234,6.598251733407231,75.0,9-N1-4-B-035101,Sobo,Mercey,8,1063,53699.33333333333,195173.53049779404,16168.181881260052,0.0,mercedes_ecitaro,Mercedes-Benz eCitaro,73.295322101633,555.0,2026-04-08 18:38:27.000000000,2026-04-08 18:37:12.000000000,0.49486888000554236,195.17353049779405,23.753706240266034,16.168181881260054,0.0,16.168181881260054,0.3368371225262511,0.0,False
0,0.0,0.0,0.0,30.0,9-N1-4-B-035101,Mercey,Mercey,8,1064,53729.33333333333,195173.53049779404,2500.0,0.0,mercedes_ecitaro,Mercedes-Benz eCitaro,73.29156834787926,555.0,2026-04-08 18:38:57.000000000,2026-04-08 18:38:27.000000000,0.0,195.17353049779405,0.0,2.5,0.0,2.5,0.020833333333333332,0.0,False
1,0.0,443.51095510688015,6.71986295616485,66.0,9-N1-4-B-035101,Mercey,Egl. St-Acheul,8,1065,53795.33333333333,195617.0414529009,16459.72967793986,0.0,mercedes_ecitaro,Mercedes-Benz eCitaro,73.23719686846263,555.0,2026-04-08 18:40:03.000000000,2026-04-08 18:38:57.000000000,0.44351095510688016,195.6170414529009,24.191506642193463,16.459729677939862,0.0,16.459729677939862,0.3017617107622308,0.0,False
0,0.0,0.0,0.0,30.0,9-N1-4-B-035101,Egl. St-Acheul,Egl. St-Acheul,8,1066,53825.33333333333,195617.0414529009,2500.0,0.0,mercedes_ecitaro,Mercedes-Benz eCitaro,73.23344311470888,555.0,2026-04-08 18:40:33.000000000,2026-04-08 18:40:03.000000000,0.0,195.6170414529009,0.0,2.5,0.0,2.5,0.020833333333333332,0.0,False
1,0.0,277.40496861036326,6.604880205008649,42.0,9-N1-4-B-035101,Egl. St-Acheul,L. de Luzarches,8,1067,53867.33333333333,195894.44642151127,16184.017525487165,0.0,mercedes_ecitaro,Mercedes-Benz eCitaro,73.1994226574481,555.0,2026-04-08 18:41:15.000000000,2026-04-08 18:40:33.000000000,0.27740496861036323,195.89444642151128,23.777568738031135,16.184017525487164,0.0,16.184017525487164,0.18881353779735024,0.0,False
0,0.0,0.0,0.0,30.0,9-N1-4-B-035101,L. de Luzarches,L. de Luzarches,8,1068,53897.33333333333,195894.44642151127,2500.0,0.0,mercedes_ecitaro,Mercedes-Benz eCitaro,73.19566890369434,555.0,2026-04-08 18:41:45.000000000,2026-04-08 18:41:15.000000000,0.0,195.89444642151128,0.0,2.5,0.0,2.5,0.020833333333333332,0.0,False
1,0.0,343.1323580300078,3.855419753146155,89.0,9-N1-4-B-035101,L. de Luzarches,Pinceau,8,1069,53986.33333333333,196237.57877954128,10083.906448902566,0.0,mercedes_ecitaro,Mercedes-Benz eCitaro,73.15075060169472,555.0,2026-04-08 18:43:14.000000000,2026-04-08 18:41:45.000000000,0.3431323580300078,196.23757877954128,13.879511111326158,10.083906448902566,0.0,10.083906448902566,0.249296576097869,0.0,False
0,0.0,0.0,0.0,30.0,9-N1-4-B-035101,Pinceau,Pinceau,8,1070,54016.33333333333,196237.57877954128,2500.0,0.0,mercedes_ecitaro,Mercedes-Benz eCitaro,73.14699684794097,555.0,2026-04-08 18:43:44.000000000,2026-04-08 18:43:14.000000000,0.0,196.23757877954128,0.0,2.5,0.0,2.5,0.020833333333333332,0.0,False
1,0.0,405.8966158731125,3.793426316571145,107.0,9-N1-4-B-035101,Pinceau,Caserne Dejean,8,1071,54123.33333333333,196643.4753954144,9955.410597282218,0.0,mercedes_ecitaro,Mercedes-Benz eCitaro,73.09368208648405,555.0,2026-04-08 18:45:31.000000000,2026-04-08 18:43:44.000000000,0.40589661587311254,196.64347539541438,13.656334739656122,9.955410597282219,0.0,9.955410597282219,0.29589692608588813,0.0,False
0,0.0,0.0,0.0,30.0,9-N1-4-B-035101,Caserne Dejean,Caserne Dejean,8,1072,54153.33333333333,196643.4753954144,2500.0,0.0,mercedes_ecitaro,Mercedes-Benz eCitaro,73.0899283327303,555.0,2026-04-08 18:46:01.000000000,2026-04-08 18:45:31.000000000,0.0,196.64347539541438,0.0,2.5,0.0,2.5,0.020833333333333332,0.0,False
1,0.0,391.6364257160486,3.7657348626543135,104.0,9-N1-4-B-035101,Caserne Dejean,Gare du Nord A,8,1073,54257.33333333333,197035.11182113044,9898.116829554354,0.0,mercedes_ecitaro,Mercedes-Benz eCitaro,73.03840660348737,555.0,2026-04-08 18:47:45.000000000,2026-04-08 18:46:01.000000000,0.3916364257160486,197.03511182113044,13.55664550555553,9.898116829554354,0.0,9.898116829554354,0.2859455972982369,0.0,False
0,0.0,0.0,0.0,30.0,9-N1-4-B-035101,Gare du Nord A,Gare du Nord A,8,1074,54287.33333333333,197035.11182113044,2500.0,0.0,mercedes_ecitaro,Mercedes-Benz eCitaro,73.03465284973362,555.0,2026-04-08 18:48:15.000000000,2026-04-08 18:47:45.000000000,0.0,197.03511182113044,0.0,2.5,0.0,2.5,0.020833333333333332,0.0,False
1,0.0,327.94171057791687,2.2158223687697087,148.0,9-N1-4-B-035101,Gare du Nord A,René Goblet,8,1075,54435.33333333333,197363.05353170837,6778.373636749175,0.0,mercedes_ecitaro,Mercedes-Benz eCitaro,72.98444267464659,555.0,2026-04-08 18:50:43.000000000,2026-04-08 18:48:15.000000000,0.3279417105779169,197.36305353170837,7.976960527570951,6.7783736367491745,0.0,6.7783736367491745,0.2786664717330216,0.0,False
0,0.0,0.0,0.0,30.0,9-N1-4-B-035101,René Goblet,René Goblet,8,1076,54465.33333333333,197363.05353170837,2500.0,0.0,mercedes_ecitaro,Mercedes-Benz eCitaro,72.98068892089283,555.0,2026-04-08 18:51:13.000000000,2026-04-08 18:50:43.000000000,0.0,197.36305353170837,0.0,2.5,0.0,2.5,0.020833333333333332,0.0,False
1,0.0,225.21730590675048,4.170690850125009,54.0,9-N1-4-B-035101,René Goblet,P. de Justice,8,1077,54519.33333333333,197588.27083761513,10742.498468974078,0.0,mercedes_ecitaro,Mercedes-Benz eCitaro,72.95165514124696,555.0,2026-04-08 18:52:07.000000000,2026-04-08 18:51:13.000000000,0.2252173059067505,197.58827083761514,15.014487060450033,10.742498468974079,0.0,10.742498468974079,0.16113747703461115,0.0,False
0,0.0,0.0,0.0,30.0,9-N1-4-B-035101,P. de Justice,P. de Justice,8,1078,54549.33333333333,197588.27083761513,2500.0,0.0,mercedes_ecitaro,Mercedes-Benz eCitaro,72.9479013874932,555.0,2026-04-08 18:52:37.000000000,2026-04-08 18:52:07.000000000,0.0,197.58827083761514,0.0,2.5,0.0,2.5,0.020833333333333332,0.0,False
1,0.0,229.9992746993994,3.965504736196541,58.0,9-N1-4-B-035101,P. de Justice,Dusevel,8,1079,54607.33333333333,197818.27011231452,10312.884400903367,0.0,mercedes_ecitaro,Mercedes-Benz eCitaro,72.91796408542851,555.0,2026-04-08 18:53:35.000000000,2026-04-08 18:52:37.000000000,0.2299992746993994,197.81827011231454,14.275817050307548,10.312884400903368,0.0,10.312884400903368,0.1661520264589987,0.0,False
0,0.0,0.0,0.0,30.0,9-N1-4-B-035101,Dusevel,Dusevel,8,1080,54637.33333333333,197818.27011231452,2500.0,0.0,mercedes_ecitaro,Mercedes-Benz eCitaro,72.91421033167477,555.0,2026-04-08 18:54:05.000000000,2026-04-08 18:53:35.000000000,0.0,197.81827011231454,0.0,2.5,0.0,2.5,0.020833333333333332,0.0,False
1,0.0,218.8226139254244,3.587255965990564,61.0,9-N1-4-B-035101,Dusevel,Beffroi,8,1081,54698.33333333333,198037.09272623993,9530.33656798103,0.0,mercedes_ecitaro,Mercedes-Benz eCitaro,72.88511370851926,555.0,2026-04-08 18:55:06.000000000,2026-04-08 18:54:05.000000000,0.2188226139254244,198.03709272623993,12.914121477566031,9.530336567981031,0.0,9.530336567981031,0.1614862585130119,0.0,False
0,0.0,0.0,0.0,30.0,9-N1-4-B-035101,Beffroi,Beffroi,8,1082,54728.33333333333,198037.09272623993,2500.0,0.0,mercedes_ecitaro,Mercedes-Benz eCitaro,72.88135995476551,555.0,2026-04-08 18:55:36.000000000,2026-04-08 18:55:06.000000000,0.0,198.03709272623993,0.0,2.5,0.0,2.5,0.020833333333333332,0.0,False
1,0.0,189.07722066752729,3.501430012361616,54.0,9-N1-4-B-035101,Beffroi,Place du Marché,8,1083,54782.33333333333,198226.16994690747,9354.377011673041,0.0,mercedes_ecitaro,Mercedes-Benz eCitaro,72.85607785473395,555.0,2026-04-08 18:56:30.000000000,2026-04-08 18:55:36.000000000,0.18907722066752727,198.22616994690748,12.605148044501819,9.35437701167304,0.0,9.35437701167304,0.14031565517509562,0.0,False
0,0.0,0.0,0.0,30.0,9-N1-4-B-035101,Place du Marché,Place du Marché,8,1084,54812.33333333333,198226.16994690747,2500.0,0.0,mercedes_ecitaro,Mercedes-Benz eCitaro,72.85232410098021,555.0,2026-04-08 18:57:00.000000000,2026-04-08 18:56:30.000000000,0.0,198.22616994690748,0.0,2.5,0.0,2.5,0.020833333333333332,0.0,False
1,0.0,171.78613535708172,3.817469674601816,45.0,9-N1-4-B-035101,Place du Marché,M. Culture B,8,1085,54857.33333333333,198397.95608226454,10005.207964905961,0.0,mercedes_ecitaro,Mercedes-Benz eCitaro,72.829789848807,555.0,2026-04-08 18:57:45.000000000,2026-04-08 18:57:00.000000000,0.17178613535708173,198.39795608226456,13.742890828566539,10.005207964905962,0.0,10.005207964905962,0.12506509956132453,0.0,False
0,0.0,0.0,0.0,30.0,9-N1-4-B-035101,M. Culture B,M. Culture B,8,1086,54887.33333333333,198397.95608226454,2500.0,0.0,mercedes_ecitaro,Mercedes-Benz eCitaro,72.82603609505324,555.0,2026-04-08 18:58:15.000000000,2026-04-08 18:57:45.000000000,0.0,198.39795608226456,0.0,2.5,0.0,2.5,0.020833333333333332,0.0,False
1,0.0,291.81191051704656,6.07941480243847,48.0,9-N1-4-B-035101,M. Culture B,Saint-Jacques,8,1087,54935.33333333333,198689.7679927816,14947.805699382516,0.0,mercedes_ecitaro,Mercedes-Benz eCitaro,72.7901254507304,555.0,2026-04-08 18:59:03.000000000,2026-04-08 18:58:15.000000000,0.2918119105170466,198.68976799278158,21.885893288778494,14.947805699382515,0.0,14.947805699382515,0.1993040759917669,0.0,False
0,0.0,0.0,0.0,30.0,9-N1-4-B-035101,Saint-Jacques,Saint-Jacques,8,1088,54965.33333333333,198689.7679927816,2500.0,0.0,mercedes_ecitaro,Mercedes-Benz eCitaro,72.78637169697664,555.0,2026-04-08 18:59:33.000000000,2026-04-08 18:59:03.000000000,0.0,198.68976799278158,0.0,2.5,0.0,2.5,0.020833333333333332,0.0,False
1,0.0,350.7042974526486,5.656520926655622,62.0,9-N1-4-B-035101,Saint-Jacques,Jean Jaurès,8,1089,55027.33333333333,199040.47229023423,13979.689002432178,0.0,mercedes_ecitaro,Mercedes-Benz eCitaro,72.74299128065277,555.0,2026-04-08 19:00:35.000000000,2026-04-08 18:59:33.000000000,0.3507042974526486,199.04047229023422,20.36347533596024,13.979689002432178,0.0,13.979689002432178,0.24076131059744307,0.0,False
0,0.0,0.0,0.0,30.0,9-N1-4-B-035101,Jean Jaurès,Jean Jaurès,8,1090,55057.33333333333,199040.47229023423,2500.0,0.0,mercedes_ecitaro,Mercedes-Benz eCitaro,72.73923752689902,555.0,2026-04-08 19:01:05.000000000,2026-04-08 19:00:35.000000000,0.0,199.04047229023422,0.0,2.5,0.0,2.5,0.020833333333333332,0.0,False
1,0.0,402.8160957322576,5.5946679962813555,72.0,9-N1-4-B-035101,Jean Jaurès,Zoo d'Amiens,8,1091,55129.33333333333,199443.2883859665,13839.983331209853,0.0,mercedes_ecitaro,Mercedes-Benz eCitaro,72.68936371309286,555.0,2026-04-08 19:02:17.000000000,2026-04-08 19:01:05.000000000,0.40281609573225763,199.4432883859665,20.14080478661288,13.839983331209853,0.0,13.839983331209853,0.276799666624197,0.0,False
0,0.0,0.0,0.0,30.0,9-N1-4-B-035101,Zoo d'Amiens,Zoo d'Amiens,8,1092,55159.33333333333,199443.2883859665,2500.0,0.0,mercedes_ecitaro,Mercedes-Benz eCitaro,72.6856099593391,555.0,2026-04-08 19:02:47.000000000,2026-04-08 19:02:17.000000000,0.0,199.4432883859665,0.0,2.5,0.0,2.5,0.020833333333333332,0.0,False
1,0.0,376.38436041502575,5.790528621769627,65.0,9-N1-4-B-035101,Zoo d'Amiens,Egl. St-Firmin,8,1093,55224.33333333333,199819.67274638152,14283.997606969104,0.0,mercedes_ecitaro,Mercedes-Benz eCitaro,72.63914049765478,555.0,2026-04-08 19:03:52.000000000,2026-04-08 19:02:47.000000000,0.37638436041502576,199.8196727463815,20.845903038370658,14.283997606969104,0.0,14.283997606969104,0.25790551234805326,0.0,False
0,0.0,0.0,0.0,30.0,9-N1-4-B-035101,Egl. St-Firmin,Egl. St-Firmin,8,1094,55254.33333333333,199819.67274638152,2500.0,0.0,mercedes_ecitaro,Mercedes-Benz eCitaro,72.63538674390102,555.0,2026-04-08 19:04:22.000000000,2026-04-08 19:03:52.000000000,0.0,199.8196727463815,0.0,2.5,0.0,2.5,0.020833333333333332,0.0,False
1,0.0,300.7481358168622,5.674493128620042,53.0,9-N1-4-B-035101,Egl. St-Firmin,Faubourg de Hem,8,1095,55307.33333333333,200120.42088219838,14020.370787798545,0.0,mercedes_ecitaro,Mercedes-Benz eCitaro,72.5981955701396,555.0,2026-04-08 19:05:15.000000000,2026-04-08 19:04:22.000000000,0.3007481358168622,200.12042088219837,20.428175263032152,14.020370787798544,0.0,14.020370787798544,0.20641101437592305,0.0,False
0,0.0,0.0,0.0,30.0,9-N1-4-B-035101,Faubourg de Hem,Faubourg de Hem,8,1096,55337.33333333333,200120.42088219838,2500.0,0.0,mercedes_ecitaro,Mercedes-Benz eCitaro,72.59444181638584,555.0,2026-04-08 19:05:45.000000000,2026-04-08 19:05:15.000000000,0.0,200.12042088219837,0.0,2.5,0.0,2.5,0.020833333333333332,0.0,False
1,0.0,242.018982618479,5.5004314231472495,44.0,9-N1-4-B-035101,Faubourg de Hem,Espace Alliance,8,1097,55381.33333333333,200362.43986481684,13628.030793913387,0.0,mercedes_ecitaro,Mercedes-Benz eCitaro,72.5644301369598,555.0,2026-04-08 19:06:29.000000000,2026-04-08 19:05:45.000000000,0.24201898261847898,200.36243986481685,19.8015531233301,13.628030793913387,0.0,13.628030793913387,0.16656482081449694,0.0,False
0,0.0,0.0,0.0,30.0,9-N1-4-B-035101,Espace Alliance,Espace Alliance,8,1098,55411.33333333333,200362.43986481684,2500.0,0.0,mercedes_ecitaro,Mercedes-Benz eCitaro,72.56067638320604,555.0,2026-04-08 19:06:59.000000000,2026-04-08 19:06:29.000000000,0.0,200.36243986481685,0.0,2.5,0.0,2.5,0.020833333333333332,0.0,False
1,0.0,512.4653653664171,5.631487531499089,91.0,9-N1-4-B-035101,Espace Alliance,Sully,8,1099,55502.33333333333,200874.90523018327,13923.090033058785,0.0,mercedes_ecitaro,Mercedes-Benz eCitaro,72.49726291008251,555.0,2026-04-08 19:08:30.000000000,2026-04-08 19:06:59.000000000,0.5124653653664172,200.87490523018326,20.273355113396722,13.923090033058784,0.0,13.923090033058784,0.35194477583565265,0.0,False
0,0.0,0.0,0.0,30.0,9-N1-4-B-035101,Sully,Sully,8,1100,55532.33333333333,200874.90523018327,2500.0,0.0,mercedes_ecitaro,Mercedes-Benz eCitaro,72.49350915632876,555.0,2026-04-08 19:09:00.000000000,2026-04-08 19:08:30.000000000,0.0,200.87490523018326,0.0,2.5,0.0,2.5,0.020833333333333332,0.0,False
1,0.0,581.4235833007191,5.537367460006848,105.0,9-N1-4-B-035101,Sully,Place la Barre,8,1101,55637.33333333333,201456.328813484,13710.977433876818,0.0,mercedes_ecitaro,Mercedes-Benz eCitaro,72.4214544701147,555.0,2026-04-08 19:10:45.000000000,2026-04-08 19:09:00.000000000,0.5814235833007191,201.456328813484,19.934522856024653,13.710977433876819,0.0,13.710977433876819,0.3999035084880738,0.0,False
0,0.0,0.0,0.0,30.0,9-N1-4-B-035101,Place la Barre,Place la Barre,8,1102,55667.33333333333,201456.328813484,2500.0,0.0,mercedes_ecitaro,Mercedes-Benz eCitaro,72.41770071636094,555.0,2026-04-08 19:11:15.000000000,2026-04-08 19:10:45.000000000,0.0,201.456328813484,0.0,2.5,0.0,2.5,0.020833333333333332,0.0,False
1,0.0,321.16148117311843,4.654514219900267,69.0,9-N1-4-B-035101,Place la Barre,La Fontaine,8,1103,55736.33333333333,201777.49029465712,11771.043507106238,0.0,mercedes_ecitaro,Mercedes-Benz eCitaro,72.37704996551057,555.0,2026-04-08 19:12:24.000000000,2026-04-08 19:11:15.000000000,0.32116148117311843,201.77749029465713,16.75625119164096,11.771043507106238,0.0,11.771043507106238,0.2256116672195362,0.0,False
0,0.0,0.0,0.0,30.0,9-N1-4-B-035101,La Fontaine,La Fontaine,8,1104,55766.33333333333,201777.49029465712,2500.0,0.0,mercedes_ecitaro,Mercedes-Benz eCitaro,72.37329621175681,555.0,2026-04-08 19:12:54.000000000,2026-04-08 19:12:24.000000000,0.0,201.77749029465713,0.0,2.5,0.0,2.5,0.020833333333333332,0.0,False
1,0.0,233.68404358993675,5.31100099068038,44.0,9-N1-4-B-035101,La Fontaine,Les Coursives,8,1105,55810.33333333333,202011.17433824707,13205.182837280407,0.0,mercedes_ecitaro,Mercedes-Benz eCitaro,72.34421572903207,555.0,2026-04-08 19:13:38.000000000,2026-04-08 19:12:54.000000000,0.23368404358993675,202.0111743382471,19.11960356644937,13.205182837280407,0.0,13.205182837280407,0.1613966791223161,0.0,False
0,0.0,0.0,0.0,30.0,9-N1-4-B-035101,Les Coursives,Les Coursives,8,1106,55840.33333333333,202011.17433824707,2500.0,0.0,mercedes_ecitaro,Mercedes-Benz eCitaro,72.34046197527832,555.0,2026-04-08 19:14:08.000000000,2026-04-08 19:13:38.000000000,0.0,202.0111743382471,0.0,2.5,0.0,2.5,0.020833333333333332,0.0,False
1,0.0,293.0331102299119,5.327874731452944,55.0,9-N1-4-B-035101,Les Coursives,Languedoc,8,1107,55895.33333333333,202304.20744847698,13242.677402966896,0.0,mercedes_ecitaro,Mercedes-Benz eCitaro,72.30400815860348,555.0,2026-04-08 19:15:03.000000000,2026-04-08 19:14:08.000000000,0.2930331102299119,202.30420744847697,19.1803490332306,13.242677402966896,0.0,13.242677402966896,0.20231868254532756,0.0,False
0,0.0,0.0,0.0,30.0,9-N1-4-B-035101,Languedoc,Languedoc,8,1108,55925.33333333333,202304.20744847698,2500.0,0.0,mercedes_ecitaro,Mercedes-Benz eCitaro,72.30025440484972,555.0,2026-04-08 19:15:33.000000000,2026-04-08 19:15:03.000000000,0.0,202.30420744847697,0.0,2.5,0.0,2.5,0.020833333333333332,0.0,False
1,0.0,320.6006811443548,4.007508514304435,80.0,9-N1-4-B-035101,Languedoc,Collège R.Parks,8,1109,56005.33333333333,202624.80812962135,10400.52786970044,0.0,mercedes_ecitaro,Mercedes-Benz eCitaro,72.25861064961569,555.0,2026-04-08 19:16:53.000000000,2026-04-08 19:15:33.000000000,0.3206006811443548,202.62480812962136,14.427030651495967,10.40052786970044,0.0,10.40052786970044,0.23112284154889867,0.0,False
0,0.0,0.0,0.0,30.0,9-N1-4-B-035101,Collège R.Parks,Collège R.Parks,8,1110,56035.33333333333,202624.80812962135,2500.0,0.0,mercedes_ecitaro,Mercedes-Benz eCitaro,72.25485689586193,555.0,2026-04-08 19:17:23.000000000,2026-04-08 19:16:53.000000000,0.0,202.62480812962136,0.0,2.5,0.0,2.5,0.020833333333333332,0.0,False
1,0.0,270.8261413947126,5.0152989147169,54.0,9-N1-4-B-035101,Collège R.Parks,Martinique,8,1111,56089.33333333333,202895.63427101605,12553.382066466642,0.0,mercedes_ecitaro,Mercedes-Benz eCitaro,72.22092883622284,555.0,2026-04-08 19:18:17.000000000,2026-04-08 19:17:23.000000000,0.27082614139471256,202.89563427101606,18.05507609298084,12.553382066466641,0.0,12.553382066466641,0.18830073099699965,0.0,False
0,0.0,0.0,0.0,30.0,9-N1-4-B-035101,Martinique,Martinique,8,1112,56119.33333333333,202895.63427101605,2500.0,0.0,mercedes_ecitaro,Mercedes-Benz eCitaro,72.21717508246908,555.0,2026-04-08 19:18:47.000000000,2026-04-08 19:18:17.000000000,0.0,202.89563427101606,0.0,2.5,0.0,2.5,0.020833333333333332,0.0,False
1,0.0,274.08690803195344,2.3227704070504527,118.0,9-N1-4-B-035101,Martinique,Etouvie Quai A,8,1113,56237.33333333333,203169.721179048,6988.977513860954,0.0,mercedes_ecitaro,Mercedes-Benz eCitaro,72.17589883889373,555.0,2026-04-08 19:20:45.000000000,2026-04-08 19:18:47.000000000,0.27408690803195346,203.169721179048,8.361973465381629,6.988977513860954,0.0,6.988977513860954,0.22908315184322015,0.0,False
1,0.0,4000.0,12.0,333.3333333333333,DEPOT_IN,Etouvie Quai A,Depot,9,1114,56570.666666666664,207169.721179048,31747.7392,0.0,mercedes_ecitaro,Mercedes-Benz eCitaro,71.64624019358175,555.0,2026-04-08 19:26:18.333333334,2026-04-08 19:20:45.000000001,4.0,207.169721179048,43.2,31.7477392,0.0,31.7477392,2.939605481481481,0.0,True
