SegmentIndex,Cycle,TripID,SegmentType,StartStop,EndStop,StartTime,EndTime,TravelTime_min,Distance_km,Speed_km_h,AveragePower_kW,EnergyUsed_kWh,SoC_Start_pct,SoC_End_pct,CumulativeDistance_km,IsDepotSegment
1,0,DEPOT_OUT,depot_deadhead,Depot,Etouvie Quai A,2026-04-08 03:43:27.666666667,2026-04-08 03:49:01.000000000,5.555555555555555,4.0,43.2,34.4504392,3.1898554814814815,100.0,97.87342967901235,4.0,True
2,1,9-N1-2-B-034901,line_service,Etouvie Quai A,Martinique,2026-04-08 03:49:01.000000000,2026-04-08 03:49:57.000000000,0.9333333333333333,0.2419015249612658,15.550812318938515,12.08656880128932,0.18801329246450055,97.87342967901235,97.748087484036,4.241901524961266,False
3,1,9-N1-2-B-034901,line_service,Martinique,Collège R.Parks,2026-04-08 03:50:27.000000000,2026-04-08 03:51:34.000000000,1.1166666666666667,0.3307630000086095,17.77234029897006,13.555791611470482,0.2522883438801451,97.73419859514712,97.5660063658937,4.572664524969875,False
4,1,9-N1-2-B-034901,line_service,Collège R.Parks,Languedoc,2026-04-08 03:52:04.000000000,2026-04-08 03:53:18.000000000,1.2333333333333334,0.29681987678393196,14.439885897596689,11.365252764990835,0.23361908461370048,97.5521174770048,97.39637142059567,4.869484401753807,False
5,1,9-N1-2-B-034901,line_service,Languedoc,Les coursives,2026-04-08 03:53:48.000000000,2026-04-08 03:54:44.000000000,0.9333333333333333,0.297726462758007,19.139558320157594,14.479521904527621,0.22523700740376298,97.38248253170678,97.23232452677094,5.167210864511814,False
6,1,9-N1-2-B-034901,line_service,Les coursives,La Fontaine,2026-04-08 03:55:14.000000000,2026-04-08 03:55:59.000000000,0.75,0.22794980309080773,18.23598424726462,13.867291099605595,0.17334113874506996,97.21843563788205,97.10287487871867,5.395160667602622,False
7,1,9-N1-2-B-034901,line_service,La Fontaine,Place la Barre,2026-04-08 03:56:29.000000000,2026-04-08 03:57:30.000000000,1.0166666666666666,0.2788940733458619,16.459322361395127,12.68291694163475,0.2149049815110332,97.08898598982978,96.94571600215576,5.674054740948485,False
8,1,9-N1-2-B-034901,line_service,Place la Barre,Sully,2026-04-08 03:58:00.000000000,2026-04-08 03:59:34.000000000,1.5666666666666667,0.5529827646282706,21.178063326189086,15.887360880206767,0.4148366452053989,96.93182711326688,96.6552693497966,6.227037505576755,False
9,1,9-N1-2-B-034901,line_service,Sully,Espace Alliance,2026-04-08 04:00:04.000000000,2026-04-08 04:01:37.000000000,1.55,0.5412636534432308,20.952141423608936,15.729432196236612,0.4063436650694458,96.64138046090771,96.37048468419475,6.768301159019986,False
10,1,9-N1-2-B-034901,line_service,Espace Alliance,Faubourg de Hem,2026-04-08 04:02:07.000000000,2026-04-08 04:03:00.000000000,0.8833333333333333,0.3068484114845754,20.842533610273048,15.652987376486395,0.23044675859827193,96.35659579530586,96.20296462290702,7.075149570504561,False
11,1,9-N1-2-B-034901,line_service,Faubourg de Hem,Egl. St-Firmin,2026-04-08 04:03:30.000000000,2026-04-08 04:04:12.000000000,0.7,0.29644718539430037,25.409758748082893,18.942057390181887,0.220990669552122,96.18907573401813,96.04174862098338,7.371596755898861,False
12,1,9-N1-2-B-034901,line_service,Egl. St-Firmin,Zoo d'Amiens,2026-04-08 04:04:42.000000000,2026-04-08 04:05:38.000000000,0.9333333333333333,0.3979625757415526,25.58330844052838,19.07151843294624,0.2966680645124971,96.02785973209448,95.83008102241949,7.769559331640414,False
13,1,9-N1-2-B-034901,line_service,Zoo d'Amiens,Jean Jaurès,2026-04-08 04:06:08.000000000,2026-04-08 04:07:04.000000000,0.9333333333333333,0.38776459722543666,24.9277241073495,18.58429760190798,0.28908907380745746,95.8161921335306,95.62346608432563,8.15732392886585,False
14,1,9-N1-2-B-034901,line_service,Jean Jaurès,Saint-Jacques,2026-04-08 04:07:34.000000000,2026-04-08 04:08:27.000000000,0.8833333333333333,0.3538188673320645,24.032979667838347,17.927174140413598,0.2639278415116446,95.60957719543674,95.43362530109565,8.511142796197916,False
15,1,9-N1-2-B-034901,line_service,Saint-Jacques,M. Culture A,2026-04-08 04:08:57.000000000,2026-04-08 04:09:30.000000000,0.55,0.24280373751186532,26.487680455839854,19.75186842032748,0.1810587938530019,95.41973641220676,95.29903054963809,8.753946533709781,False
16,1,9-N1-2-B-034901,line_service,M. Culture A,Hôtel de Ville,2026-04-08 04:10:00.000000000,2026-04-08 04:12:00.000000000,2.0,0.29674165114956036,8.90224953448681,7.878244573638238,0.26260815245460795,95.2851416607492,95.11006955911279,9.050688184859341,False
17,1,9-N1-2-B-034901,line_service,Hôtel de Ville,Jacobins,2026-04-08 04:12:30.000000000,2026-04-08 04:13:27.000000000,0.95,0.22829410594169391,14.418575112106984,11.351497055087,0.17973203670554416,95.0961806702239,94.97635931242021,9.278982290801036,False
18,1,9-N1-2-B-034901,line_service,Jacobins,Emile Zola,2026-04-08 04:13:57.000000000,2026-04-08 04:15:18.000000000,1.35,0.32611241962366005,14.493885316607114,11.400121734172236,0.2565027390188753,94.96247042353131,94.79146859751873,9.605094710424694,False
19,1,9-N1-2-B-034901,line_service,Emile Zola,Gare du Nord B,2026-04-08 04:15:48.000000000,2026-04-08 04:18:30.000000000,2.7,0.35548637357572055,7.899697190571568,7.2624718685315655,0.32681123408392043,94.77757970862984,94.5597055525739,9.960581084000417,False
20,1,9-N1-2-B-034901,line_service,Gare du Nord B,Caserne Dejean,2026-04-08 04:19:00.000000000,2026-04-08 04:20:33.000000000,1.55,0.3681948881034494,14.252705345939976,11.244532705520063,0.2904837615592683,94.54581666368502,94.3521608226455,10.328775972103866,False
21,1,9-N1-2-B-034901,line_service,Caserne Dejean,Pinceau,2026-04-08 04:21:03.000000000,2026-04-08 04:22:35.000000000,1.5333333333333334,0.35537552735134686,13.905998896357051,11.021525823010094,0.28166121547692463,94.33827193375662,94.15049779010533,10.684151499455213,False
22,1,9-N1-2-B-034901,line_service,Pinceau,L. de Luzarches,2026-04-08 04:23:05.000000000,2026-04-08 04:25:00.000000000,1.9166666666666667,0.44705548624280317,13.994780438905144,11.07855830186122,0.3538983901983445,94.13660890121643,93.9006766410842,11.131206985698016,False
23,1,9-N1-2-B-034901,line_service,L. de Luzarches,Egl. St-Acheul,2026-04-08 04:25:30.000000000,2026-04-08 04:26:10.000000000,0.6666666666666666,0.3248685267650074,29.238167408850664,21.88298673915759,0.24314429710175098,93.88678775219532,93.72469155412749,11.456075512463023,False
24,1,9-N1-2-B-034901,line_service,Egl. St-Acheul,Mercey,2026-04-08 04:26:40.000000000,2026-04-08 04:27:35.000000000,0.9166666666666666,0.45179666905185245,29.572145610666706,22.148418284070946,0.33837861267330616,93.7108026652386,93.48521692345639,11.907872181514877,False
25,1,9-N1-2-B-034901,line_service,Mercey,Sobo,2026-04-08 04:28:05.000000000,2026-04-08 04:29:04.000000000,0.9833333333333333,0.4818036462949089,29.398188587485965,22.009978589942314,0.36071909355738796,93.4713280345675,93.23084863886258,12.389675827809786,False
26,1,9-N1-2-B-034901,line_service,Sobo,Pont de l'Avre,2026-04-08 04:29:34.000000000,2026-04-08 04:31:00.000000000,1.4333333333333333,0.7075852717526405,29.61984858499426,22.18645260081327,0.530009701019428,93.2169597499737,92.86361994929408,13.097261099562427,False
27,1,9-N1-2-B-034901,line_service,Pont de l'Avre,Cité du Château,2026-04-08 04:31:30.000000000,2026-04-08 04:32:12.000000000,0.7,0.2966141068969825,25.424066305455643,18.952717051821182,0.22111503227124713,92.84973106040519,92.70232103889101,13.39387520645941,False
28,1,9-N1-2-B-034901,line_service,Cité du Château,La Rose Rouge,2026-04-08 04:32:42.000000000,2026-04-08 04:33:30.000000000,0.8,0.3329543642312839,24.97157731734629,18.61673519188507,0.24822313589180092,92.68843215000213,92.5229500594076,13.726829570690693,False
29,1,9-N1-2-B-034901,line_service,La Rose Rouge,Poidevin,2026-04-08 04:34:00.000000000,2026-04-08 04:34:31.000000000,0.5166666666666667,0.2251396338173497,26.145247798143835,19.493118954380797,0.1678574132182791,92.5090611705187,92.39715622837319,13.951969204508043,False
30,1,9-N1-2-B-034901,line_service,Poidevin,M. de Longueau,2026-04-08 04:35:01.000000000,2026-04-08 04:35:45.000000000,0.7333333333333333,0.3145014195772681,25.731934329049206,19.182665796909017,0.23445480418444353,92.3832673394843,92.22696413669468,14.26647062408531,False
31,1,9-N1-2-B-034901,line_service,M. de Longueau,La Fourche,2026-04-08 04:36:15.000000000,2026-04-08 04:36:52.000000000,0.6166666666666667,0.25663398574137214,24.96979320726864,18.615415085336245,0.19132509948817805,92.21307524780579,92.08552518148034,14.523104609826682,False
32,1,9-N1-2-B-034901,line_service,La Fourche,Croix de Fer,2026-04-08 04:37:22.000000000,2026-04-08 04:39:00.000000000,1.6333333333333333,0.6510902221706201,23.91759999810441,17.84308013403265,0.4857282925375555,92.07163629259145,91.74781743089974,15.174194831997301,False
33,1,9-N1-2-B-034901,line_service,Croix de Fer,C. Cial Glisy,2026-04-08 04:39:30.000000000,2026-04-08 04:41:52.000000000,2.3666666666666667,0.70341712703917,17.833110262964873,13.596520036751444,0.5363071792274181,91.73392854201086,91.3763904225259,15.877611959036473,False
34,1,9-N1-2-B-034901,line_service,C. Cial Glisy,Capitaine Nemo,2026-04-08 04:42:22.000000000,2026-04-08 04:42:50.000000000,0.4666666666666667,0.13672688382470435,17.57917077746199,13.426525887753735,0.10442853468252905,91.36250153363702,91.29288251051534,16.014338842861175,False
35,1,9-N1-2-B-034901,line_service,Capitaine Nemo,Pôle J. Verne,2026-04-08 04:43:20.000000000,2026-04-08 04:45:30.000000000,2.1666666666666665,0.3234478124594319,8.957016345030421,7.911995684014775,0.2857109552560891,91.27899362162644,91.08851965145573,16.337786655320606,False
36,1,9-N1-4-B-035101,line_service,Pôle J. Verne,Capitaine Nemo,2026-04-08 04:46:00.000000000,2026-04-08 04:47:11.000000000,1.1833333333333333,0.3340181708930427,16.93613260866132,12.998346897480362,0.25635628603364047,91.07463076256683,90.90372657187774,16.671804826213652,False
37,1,9-N1-4-B-035101,line_service,Capitaine Nemo,C. Cial Glisy,2026-04-08 04:47:41.000000000,2026-04-08 04:48:02.000000000,0.35,0.12291799931516653,21.07165702545712,15.812917585812425,0.09224201925057249,90.88983768298885,90.82834300348847,16.79472282552882,False
38,1,9-N1-4-B-035101,line_service,C. Cial Glisy,Croix de Fer,2026-04-08 04:48:32.000000000,2026-04-08 04:50:59.000000000,2.45,0.6859620842301216,16.79907145053359,12.9074980317801,0.5270561696310208,90.81445411459958,90.46308333484556,17.48068490975894,False
39,1,9-N1-4-B-035101,line_service,Croix de Fer,La Fourche,2026-04-08 04:51:29.000000000,2026-04-08 04:53:17.000000000,1.8,0.7465227463047002,24.88409154349001,18.55204485821827,0.5565613457465481,90.44919444595668,90.07815354879232,18.22720765606364,False
40,1,9-N1-4-B-035101,line_service,La Fourche,M. de Longueau,2026-04-08 04:53:47.000000000,2026-04-08 04:54:19.000000000,0.5333333333333333,0.23645430499839581,26.60110931231953,19.837888242149457,0.17633678437466183,90.06426465990343,89.94670680365365,18.463661961062037,False
41,1,9-N1-4-B-035101,line_service,M. de Longueau,Poidevin,2026-04-08 04:54:49.000000000,2026-04-08 04:55:22.000000000,0.55,0.23823148868252741,25.98888967445754,19.375436167720004,0.1776081648707667,89.93281791476477,89.81441247151758,18.701893449744563,False
42,1,9-N1-4-B-035101,line_service,Poidevin,La Rose Rouge,2026-04-08 04:55:52.000000000,2026-04-08 04:56:31.000000000,0.65,0.2830530932557657,26.127977838993758,19.480106487676945,0.2110344869498336,89.8005235826287,89.65983392466214,18.98494654300033,False
43,1,9-N1-4-B-035101,line_service,La Rose Rouge,Cité du Château,2026-04-08 04:57:01.000000000,2026-04-08 04:57:53.000000000,0.8666666666666667,0.38252636844861737,26.482594738750432,19.74801525501541,0.28524910923911145,89.64594503577325,89.45577896294718,19.367472911448946,False
44,1,9-N1-4-B-035101,line_service,Cité du Château,Pont de l'Avre,2026-04-08 04:58:23.000000000,2026-04-08 04:58:59.000000000,0.6,0.25904003764462646,25.904003764462647,19.3116680021364,0.193116680021364,89.44189007405829,89.31314562071071,19.626512949093573,False
45,1,9-N1-4-B-035101,line_service,Pont de l'Avre,Sobo,2026-04-08 04:59:29.000000000,2026-04-08 05:01:26.000000000,1.95,0.7786426370279388,23.95823498547504,17.87268022597897,0.5808621073443166,89.29925673182183,88.91201532692561,20.405155586121513,False
46,1,9-N1-4-B-035101,line_service,Sobo,Mercey,2026-04-08 05:01:56.000000000,2026-04-08 05:03:11.000000000,1.25,0.49486888000554236,23.753706240266034,17.723875596437267,0.36924740825910973,88.89812643803673,88.65196149919731,20.900024466127057,False
47,1,9-N1-4-B-035101,line_service,Mercey,Egl. St-Acheul,2026-04-08 05:03:41.000000000,2026-04-08 05:04:47.000000000,1.1,0.44351095510688016,24.191506642193463,18.04295332249385,0.3307874775790539,88.63807261030843,88.41754762525572,21.343535421233938,False
48,1,9-N1-4-B-035101,line_service,Egl. St-Acheul,L. de Luzarches,2026-04-08 05:05:17.000000000,2026-04-08 05:05:59.000000000,0.7,0.27740496861036323,23.777568738031135,17.74121336558846,0.20698082259853207,88.40365873636684,88.26567152130116,21.6209403898443,False
49,1,9-N1-4-B-035101,line_service,L. de Luzarches,Pinceau,2026-04-08 05:06:29.000000000,2026-04-08 05:07:58.000000000,1.4833333333333334,0.3431323580300078,13.879511111326158,11.004519972906111,0.27205618821906774,88.25178263241226,88.07041184026622,21.96407274787431,False
50,1,9-N1-4-B-035101,line_service,Pinceau,Caserne Dejean,2026-04-08 05:08:28.000000000,2026-04-08 05:10:15.000000000,1.7833333333333334,0.40589661587311254,13.656334739656122,10.861409934698443,0.32282523972575927,88.05652295137733,87.84130612489349,22.369969363747423,False
51,1,9-N1-4-B-035101,line_service,Caserne Dejean,Gare du Nord A,2026-04-08 05:10:45.000000000,2026-04-08 05:12:29.000000000,1.7333333333333334,0.3916364257160486,13.55664550555553,10.797585272349695,0.31193024120121343,87.8274172360046,87.61946374187046,22.761605789463474,False
52,1,9-N1-4-B-035101,line_service,Gare du Nord A,René Goblet,2026-04-08 05:12:59.000000000,2026-04-08 05:15:27.000000000,2.466666666666667,0.3279417105779169,7.976960527570951,7.309793127281074,0.3005137174548886,87.60557485298158,87.4052323746783,23.08954750004139,False
53,1,9-N1-4-B-035101,line_service,René Goblet,P. de Justice,2026-04-08 05:15:57.000000000,2026-04-08 05:16:51.000000000,0.9,0.2252173059067505,15.014487060450033,11.737285646721439,0.17605928470082158,87.39134348578942,87.2739706293222,23.31476480594814,False
54,1,9-N1-4-B-035101,line_service,P. de Justice,Dusevel,2026-04-08 05:17:21.000000000,2026-04-08 05:18:19.000000000,0.9666666666666667,0.2299992746993994,14.275817050307548,11.259425997860737,0.18140186329886743,87.26008174043332,87.13914716490073,23.54476408064754,False
55,1,9-N1-4-B-035101,line_service,Dusevel,Beffroi,2026-04-08 05:18:49.000000000,2026-04-08 05:19:50.000000000,1.0166666666666666,0.2188226139254244,12.914121477566031,10.387668565415401,0.1760132729139832,87.12525827601185,87.0079160940692,23.763586694572965,False
56,1,9-N1-4-B-035101,line_service,Beffroi,Place du Marché,2026-04-08 05:20:20.000000000,2026-04-08 05:21:14.000000000,0.9,0.18907722066752727,12.605148044501819,10.191420812679045,0.15287131219018568,86.9940272051803,86.89211299705352,23.952663915240493,False
57,1,9-N1-4-B-035101,line_service,Place du Marché,M. Culture B,2026-04-08 05:21:44.000000000,2026-04-08 05:22:29.000000000,0.75,0.17178613535708173,13.742890828566539,10.91687632541456,0.136460954067682,86.87822410816463,86.78725013878618,24.124450050597574,False
58,1,9-N1-4-B-035101,line_service,M. Culture B,Saint-Jacques,2026-04-08 05:22:59.000000000,2026-04-08 05:23:47.000000000,0.8,0.2918119105170466,21.885893288778494,16.385370113942585,0.2184716015192345,86.77336124989728,86.62771351555112,24.41626196111462,False
59,1,9-N1-4-B-035101,line_service,Saint-Jacques,Jean Jaurès,2026-04-08 05:24:17.000000000,2026-04-08 05:25:19.000000000,1.0333333333333334,0.3507042974526486,20.36347533596024,15.32020185396715,0.26384792081832315,86.61382462666224,86.43792601278335,24.76696625856727,False
60,1,9-N1-4-B-035101,line_service,Jean Jaurès,Zoo d'Amiens,2026-04-08 05:25:49.000000000,2026-04-08 05:27:01.000000000,1.2,0.40281609573225763,20.14080478661288,15.166246752306563,0.3033249350461313,86.42403712389446,86.22182050053038,25.169782354299528,False
61,1,9-N1-4-B-035101,line_service,Zoo d'Amiens,Egl. St-Firmin,2026-04-08 05:27:31.000000000,2026-04-08 05:28:36.000000000,1.0833333333333333,0.37638436041502576,20.845903038370658,15.655335649169396,0.2826657825544474,86.2079316116415,86.01948775660519,25.546166714714552,False
62,1,9-N1-4-B-035101,line_service,Egl. St-Firmin,Faubourg de Hem,2026-04-08 05:29:06.000000000,2026-04-08 05:29:59.000000000,0.8833333333333333,0.3007481358168622,20.428175263032152,15.365021453635112,0.22620726028962804,86.0055988677163,85.85479402752321,25.846914850531416,False
63,1,9-N1-4-B-035101,line_service,Faubourg de Hem,Espace Alliance,2026-04-08 05:30:29.000000000,2026-04-08 05:31:13.000000000,0.7333333333333333,0.24201898261847898,19.8015531233301,14.932558498063928,0.18250904830967024,85.84090513863433,85.71923243976121,26.088933833149895,False
64,1,9-N1-4-B-035101,line_service,Espace Alliance,Sully,2026-04-08 05:31:43.000000000,2026-04-08 05:33:14.000000000,1.5166666666666666,0.5124653653664172,20.273355113396722,15.257837425164176,0.38568422380276113,85.70534355087233,85.44822073500382,26.60139919851631,False
65,1,9-N1-4-B-035101,line_service,Sully,Place la Barre,2026-04-08 05:33:44.000000000,2026-04-08 05:35:29.000000000,1.75,0.5814235833007191,19.934522856024653,15.024028151252374,0.43820082107819425,85.43433184611493,85.14219796539614,27.18282278181703,False
66,1,9-N1-4-B-035101,line_service,Place la Barre,La Fontaine,2026-04-08 05:35:59.000000000,2026-04-08 05:37:08.000000000,1.15,0.32116148117311843,16.75625119164096,12.879144765057834,0.24685027466360848,85.12830907650725,84.96374222673151,27.50398426299015,False
67,1,9-N1-4-B-035101,line_service,La Fontaine,Les Coursives,2026-04-08 05:37:38.000000000,2026-04-08 05:38:22.000000000,0.7333333333333333,0.23368404358993675,19.11960356644937,14.465925742583915,0.17680575907602564,84.94985333784263,84.83198283179195,27.737668306580087,False
68,1,9-N1-4-B-035101,line_service,Les Coursives,Languedoc,2026-04-08 05:38:52.000000000,2026-04-08 05:39:47.000000000,0.9166666666666666,0.2930331102299119,19.1803490332306,14.507325425441149,0.22163969399979536,84.81809394290305,84.67033414690319,28.03070141681,False
69,1,9-N1-4-B-035101,line_service,Languedoc,Collège R.Parks,2026-04-08 05:40:17.000000000,2026-04-08 05:41:37.000000000,1.3333333333333333,0.3206006811443548,14.427030651495967,11.356954589578384,0.2523767686572974,84.6564452580143,84.48819407890943,28.351302097954353,False
70,1,9-N1-4-B-035101,line_service,Collège R.Parks,Martinique,2026-04-08 05:42:07.000000000,2026-04-08 05:43:01.000000000,0.9,0.27082614139471256,18.05507609298084,13.745538236155447,0.20618307354233173,84.47430519002054,84.336849807659,28.622128239349067,False
71,1,9-N1-4-B-035101,line_service,Martinique,Etouvie Quai A,2026-04-08 05:43:31.000000000,2026-04-08 05:45:29.000000000,1.9666666666666666,0.27408690803195346,8.361973465381629,7.545927911989002,0.2473387482263062,84.32296091877011,84.15806841995257,28.896215147381017,False
72,2,9-N1-2-B-034901,line_service,Etouvie Quai A,Martinique,2026-04-08 05:45:29.000000000,2026-04-08 05:46:25.000000000,0.9333333333333333,0.2419015249612658,15.550812318938515,12.08656880128932,0.18801329246450055,84.15806841995257,84.03272622497624,29.138116672342285,False
73,2,9-N1-2-B-034901,line_service,Martinique,Collège R.Parks,2026-04-08 05:46:55.000000000,2026-04-08 05:48:02.000000000,1.1166666666666667,0.3307630000086095,17.77234029897006,13.555791611470482,0.2522883438801451,84.01883733608734,83.85064510683392,29.468879672350898,False
74,2,9-N1-2-B-034901,line_service,Collège R.Parks,Languedoc,2026-04-08 05:48:32.000000000,2026-04-08 05:49:46.000000000,1.2333333333333334,0.29681987678393196,14.439885897596689,11.365252764990835,0.23361908461370048,83.83675621794504,83.6810101615359,29.76569954913483,False
75,2,9-N1-2-B-034901,line_service,Languedoc,Les coursives,2026-04-08 05:50:16.000000000,2026-04-08 05:51:12.000000000,0.9333333333333333,0.297726462758007,19.139558320157594,14.479521904527621,0.22523700740376298,83.66712127264701,83.51696326771116,30.063426011892837,False
76,2,9-N1-2-B-034901,line_service,Les coursives,La Fontaine,2026-04-08 05:51:42.000000000,2026-04-08 05:52:27.000000000,0.75,0.22794980309080773,18.23598424726462,13.867291099605595,0.17334113874506996,83.50307437882228,83.3875136196589,30.291375814983642,False
77,2,9-N1-2-B-034901,line_service,La Fontaine,Place la Barre,2026-04-08 05:52:57.000000000,2026-04-08 05:53:58.000000000,1.0166666666666666,0.2788940733458619,16.459322361395127,12.68291694163475,0.2149049815110332,83.37362473077002,83.23035474309599,30.570269888329506,False
78,2,9-N1-2-B-034901,line_service,Place la Barre,Sully,2026-04-08 05:54:28.000000000,2026-04-08 05:56:02.000000000,1.5666666666666667,0.5529827646282706,21.178063326189086,15.887360880206767,0.4148366452053989,83.2164658542071,82.93990809073684,31.123252652957778,False
79,2,9-N1-2-B-034901,line_service,Sully,Espace Alliance,2026-04-08 05:56:32.000000000,2026-04-08 05:58:05.000000000,1.55,0.5412636534432308,20.952141423608936,15.729432196236612,0.4063436650694458,82.92601920184794,82.65512342513497,31.66451630640101,False
80,2,9-N1-2-B-034901,line_service,Espace Alliance,Faubourg de Hem,2026-04-08 05:58:35.000000000,2026-04-08 05:59:28.000000000,0.8833333333333333,0.3068484114845754,20.842533610273048,15.652987376486395,0.23044675859827193,82.64123453624609,82.48760336384724,31.97136471788558,False
81,2,9-N1-2-B-034901,line_service,Faubourg de Hem,Egl. St-Firmin,2026-04-08 05:59:58.000000000,2026-04-08 06:00:40.000000000,0.7,0.29644718539430037,25.409758748082893,18.942057390181887,0.220990669552122,82.47371447495836,82.32638736192361,32.267811903279885,False
82,2,9-N1-2-B-034901,line_service,Egl. St-Firmin,Zoo d'Amiens,2026-04-08 06:01:10.000000000,2026-04-08 06:02:06.000000000,0.9333333333333333,0.3979625757415526,25.58330844052838,19.07151843294624,0.2966680645124971,82.31249847303472,82.11471976335972,32.66577447902144,False
83,2,9-N1-2-B-034901,line_service,Zoo d'Amiens,Jean Jaurès,2026-04-08 06:02:36.000000000,2026-04-08 06:03:32.000000000,0.9333333333333333,0.38776459722543666,24.9277241073495,18.58429760190798,0.28908907380745746,82.10083087447083,81.90810482526587,33.05353907624687,False
84,2,9-N1-2-B-034901,line_service,Jean Jaurès,Saint-Jacques,2026-04-08 06:04:02.000000000,2026-04-08 06:04:55.000000000,0.8833333333333333,0.3538188673320645,24.032979667838347,17.927174140413598,0.2639278415116446,81.89421593637697,81.71826404203587,33.40735794357894,False
85,2,9-N1-2-B-034901,line_service,Saint-Jacques,M. Culture A,2026-04-08 06:05:25.000000000,2026-04-08 06:05:58.000000000,0.55,0.24280373751186532,26.487680455839854,19.75186842032748,0.1810587938530019,81.70437515314698,81.58366929057831,33.6501616810908,False
86,2,9-N1-2-B-034901,line_service,M. Culture A,Hôtel de Ville,2026-04-08 06:06:28.000000000,2026-04-08 06:08:28.000000000,2.0,0.29674165114956036,8.90224953448681,7.878244573638238,0.26260815245460795,81.56978040168943,81.39470830005303,33.94690333224036,False
87,2,9-N1-2-B-034901,line_service,Hôtel de Ville,Jacobins,2026-04-08 06:08:58.000000000,2026-04-08 06:09:55.000000000,0.95,0.22829410594169391,14.418575112106984,11.351497055087,0.17973203670554416,81.38081941116414,81.26099805336044,34.17519743818205,False
88,2,9-N1-2-B-034901,line_service,Jacobins,Emile Zola,2026-04-08 06:10:25.000000000,2026-04-08 06:11:46.000000000,1.35,0.32611241962366005,14.493885316607114,11.400121734172236,0.2565027390188753,81.24710916447155,81.07610733845897,34.501309857805715,False
89,2,9-N1-2-B-034901,line_service,Emile Zola,Gare du Nord B,2026-04-08 06:12:16.000000000,2026-04-08 06:14:58.000000000,2.7,0.35548637357572055,7.899697190571568,7.2624718685315655,0.32681123408392043,81.06221844957008,80.84434429351413,34.85679623138144,False
90,2,9-N1-2-B-034901,line_service,Gare du Nord B,Caserne Dejean,2026-04-08 06:15:28.000000000,2026-04-08 06:17:01.000000000,1.55,0.3681948881034494,14.252705345939976,11.244532705520063,0.2904837615592683,80.83045540462524,80.63679956358573,35.22499111948488,False
91,2,9-N1-2-B-034901,line_service,Caserne Dejean,Pinceau,2026-04-08 06:17:31.000000000,2026-04-08 06:19:03.000000000,1.5333333333333334,0.35537552735134686,13.905998896357051,11.021525823010094,0.28166121547692463,80.62291067469684,80.43513653104556,35.580366646836225,False
92,2,9-N1-2-B-034901,line_service,Pinceau,L. de Luzarches,2026-04-08 06:19:33.000000000,2026-04-08 06:21:28.000000000,1.9166666666666667,0.44705548624280317,13.994780438905144,11.07855830186122,0.3538983901983445,80.42124764215667,80.18531538202444,36.02742213307903,False
93,2,9-N1-2-B-034901,line_service,L. de Luzarches,Egl. St-Acheul,2026-04-08 06:21:58.000000000,2026-04-08 06:22:38.000000000,0.6666666666666666,0.3248685267650074,29.238167408850664,21.88298673915759,0.24314429710175098,80.17142649313556,80.00933029506771,36.35229065984404,False
94,2,9-N1-2-B-034901,line_service,Egl. St-Acheul,Mercey,2026-04-08 06:23:08.000000000,2026-04-08 06:24:03.000000000,0.9166666666666666,0.45179666905185245,29.572145610666706,22.148418284070946,0.33837861267330616,79.99544140617883,79.76985566439663,36.80408732889589,False
95,2,9-N1-2-B-034901,line_service,Mercey,Sobo,2026-04-08 06:24:33.000000000,2026-04-08 06:25:32.000000000,0.9833333333333333,0.4818036462949089,29.398188587485965,22.009978589942314,0.36071909355738796,79.75596677550774,79.5154873798028,37.2858909751908,False
96,2,9-N1-2-B-034901,line_service,Sobo,Pont de l'Avre,2026-04-08 06:26:02.000000000,2026-04-08 06:27:28.000000000,1.4333333333333333,0.7075852717526405,29.61984858499426,22.18645260081327,0.530009701019428,79.50159849091392,79.1482586902343,37.993476246943445,False
97,2,9-N1-2-B-034901,line_service,Pont de l'Avre,Cité du Château,2026-04-08 06:27:58.000000000,2026-04-08 06:28:40.000000000,0.7,0.2966141068969825,25.424066305455643,18.952717051821182,0.22111503227124713,79.13436980134541,78.98695977983125,38.29009035384043,False
98,2,9-N1-2-B-034901,line_service,Cité du Château,La Rose Rouge,2026-04-08 06:29:10.000000000,2026-04-08 06:29:58.000000000,0.8,0.3329543642312839,24.97157731734629,18.61673519188507,0.24822313589180092,78.97307089094237,78.80758880034783,38.62304471807171,False
99,2,9-N1-2-B-034901,line_service,La Rose Rouge,Poidevin,2026-04-08 06:30:28.000000000,2026-04-08 06:30:59.000000000,0.5166666666666667,0.2251396338173497,26.145247798143835,19.493118954380797,0.1678574132182791,78.79369991145894,78.68179496931342,38.84818435188906,False
100,2,9-N1-2-B-034901,line_service,Poidevin,M. de Longueau,2026-04-08 06:31:29.000000000,2026-04-08 06:32:13.000000000,0.7333333333333333,0.3145014195772681,25.731934329049206,19.182665796909017,0.23445480418444353,78.66790608042453,78.5116028776349,39.16268577146633,False
101,2,9-N1-2-B-034901,line_service,M. de Longueau,La Fourche,2026-04-08 06:32:43.000000000,2026-04-08 06:33:20.000000000,0.6166666666666667,0.25663398574137214,24.96979320726864,18.615415085336245,0.19132509948817805,78.49771398874601,78.37016392242056,39.419319757207695,False
102,2,9-N1-2-B-034901,line_service,La Fourche,Croix de Fer,2026-04-08 06:33:50.000000000,2026-04-08 06:35:28.000000000,1.6333333333333333,0.6510902221706201,23.91759999810441,17.84308013403265,0.4857282925375555,78.35627503353167,78.03245617183997,40.07040997937832,False
103,2,9-N1-2-B-034901,line_service,Croix de Fer,C. Cial Glisy,2026-04-08 06:35:58.000000000,2026-04-08 06:38:20.000000000,2.3666666666666667,0.70341712703917,17.833110262964873,13.596520036751444,0.5363071792274181,78.01856728295108,77.66102916346614,40.773827106417485,False
104,2,9-N1-2-B-034901,line_service,C. Cial Glisy,Capitaine Nemo,2026-04-08 06:38:50.000000000,2026-04-08 06:39:18.000000000,0.4666666666666667,0.13672688382470435,17.57917077746199,13.426525887753735,0.10442853468252905,77.64714027457725,77.57752125145556,40.910553990242185,False
105,2,9-N1-2-B-034901,line_service,Capitaine Nemo,Pôle J. Verne,2026-04-08 06:39:48.000000000,2026-04-08 06:41:58.000000000,2.1666666666666665,0.3234478124594319,8.957016345030421,7.911995684014775,0.2857109552560891,77.56363236256666,77.37315839239595,41.23400180270162,False
106,2,9-N1-4-B-035101,line_service,Pôle J. Verne,Capitaine Nemo,2026-04-08 06:42:28.000000000,2026-04-08 06:43:39.000000000,1.1833333333333333,0.3340181708930427,16.93613260866132,12.998346897480362,0.25635628603364047,77.35926950350705,77.18836531281796,41.56801997359466,False
107,2,9-N1-4-B-035101,line_service,Capitaine Nemo,C. Cial Glisy,2026-04-08 06:44:09.000000000,2026-04-08 06:44:30.000000000,0.35,0.12291799931516653,21.07165702545712,15.812917585812425,0.09224201925057249,77.17447642392908,77.1129817444287,41.69093797290983,False
108,2,9-N1-4-B-035101,line_service,C. Cial Glisy,Croix de Fer,2026-04-08 06:45:00.000000000,2026-04-08 06:47:27.000000000,2.45,0.6859620842301216,16.79907145053359,12.9074980317801,0.5270561696310208,77.09909285553981,76.74772207578579,42.37690005713995,False
109,2,9-N1-4-B-035101,line_service,Croix de Fer,La Fourche,2026-04-08 06:47:57.000000000,2026-04-08 06:49:45.000000000,1.8,0.7465227463047002,24.88409154349001,18.55204485821827,0.5565613457465481,76.7338331868969,76.36279228973254,43.12342280344465,False
110,2,9-N1-4-B-035101,line_service,La Fourche,M. de Longueau,2026-04-08 06:50:15.000000000,2026-04-08 06:50:47.000000000,0.5333333333333333,0.23645430499839581,26.60110931231953,19.837888242149457,0.17633678437466183,76.34890340084365,76.23134554459386,43.35987710844305,False
111,2,9-N1-4-B-035101,line_service,M. de Longueau,Poidevin,2026-04-08 06:51:17.000000000,2026-04-08 06:51:50.000000000,0.55,0.23823148868252741,25.98888967445754,19.375436167720004,0.1776081648707667,76.21745665570498,76.09905121245781,43.598108597125574,False
112,2,9-N1-4-B-035101,line_service,Poidevin,La Rose Rouge,2026-04-08 06:52:20.000000000,2026-04-08 06:52:59.000000000,0.65,0.2830530932557657,26.127977838993758,19.480106487676945,0.2110344869498336,76.08516232356892,75.94447266560236,43.88116169038134,False
113,2,9-N1-4-B-035101,line_service,La Rose Rouge,Cité du Château,2026-04-08 06:53:29.000000000,2026-04-08 06:54:21.000000000,0.8666666666666667,0.38252636844861737,26.482594738750432,19.74801525501541,0.28524910923911145,75.93058377671348,75.7404177038874,44.26368805882996,False
114,2,9-N1-4-B-035101,line_service,Cité du Château,Pont de l'Avre,2026-04-08 06:54:51.000000000,2026-04-08 06:55:27.000000000,0.6,0.25904003764462646,25.904003764462647,19.3116680021364,0.193116680021364,75.72652881499852,75.59778436165094,44.52272809647459,False
115,2,9-N1-4-B-035101,line_service,Pont de l'Avre,Sobo,2026-04-08 06:55:57.000000000,2026-04-08 06:57:54.000000000,1.95,0.7786426370279388,23.95823498547504,17.87268022597897,0.5808621073443166,75.58389547276205,75.19665406786584,45.30137073350252,False
116,2,9-N1-4-B-035101,line_service,Sobo,Mercey,2026-04-08 06:58:24.000000000,2026-04-08 06:59:39.000000000,1.25,0.49486888000554236,23.753706240266034,17.723875596437267,0.36924740825910973,75.18276517897695,74.93660024013754,45.796239613508064,False
117,2,9-N1-4-B-035101,line_service,Mercey,Egl. St-Acheul,2026-04-08 07:00:09.000000000,2026-04-08 07:01:15.000000000,1.1,0.44351095510688016,24.191506642193463,18.04295332249385,0.3307874775790539,74.92271135124865,74.70218636619595,46.239750568614944,False
118,2,9-N1-4-B-035101,line_service,Egl. St-Acheul,L. de Luzarches,2026-04-08 07:01:45.000000000,2026-04-08 07:02:27.000000000,0.7,0.27740496861036323,23.777568738031135,17.74121336558846,0.20698082259853207,74.68829747730706,74.55031026224137,46.51715553722531,False
119,2,9-N1-4-B-035101,line_service,L. de Luzarches,Pinceau,2026-04-08 07:02:57.000000000,2026-04-08 07:04:26.000000000,1.4833333333333334,0.3431323580300078,13.879511111326158,11.004519972906111,0.27205618821906774,74.53642137335248,74.35505058120643,46.86028789525531,False
120,2,9-N1-4-B-035101,line_service,Pinceau,Caserne Dejean,2026-04-08 07:04:56.000000000,2026-04-08 07:06:43.000000000,1.7833333333333334,0.40589661587311254,13.656334739656122,10.861409934698443,0.32282523972575927,74.34116169231754,74.1259448658337,47.26618451112843,False
121,2,9-N1-4-B-035101,line_service,Caserne Dejean,Gare du Nord A,2026-04-08 07:07:13.000000000,2026-04-08 07:08:57.000000000,1.7333333333333334,0.3916364257160486,13.55664550555553,10.797585272349695,0.31193024120121343,74.11205597694482,73.90410248281067,47.65782093684447,False
122,2,9-N1-4-B-035101,line_service,Gare du Nord A,René Goblet,2026-04-08 07:09:27.000000000,2026-04-08 07:11:55.000000000,2.466666666666667,0.3279417105779169,7.976960527570951,7.309793127281074,0.3005137174548886,73.89021359392177,73.68987111561852,47.98576264742239,False
123,2,9-N1-4-B-035101,line_service,René Goblet,P. de Justice,2026-04-08 07:12:25.000000000,2026-04-08 07:13:19.000000000,0.9,0.2252173059067505,15.014487060450033,11.737285646721439,0.17605928470082158,73.67598222672963,73.55860937026242,48.21097995332914,False
124,2,9-N1-4-B-035101,line_service,P. de Justice,Dusevel,2026-04-08 07:13:49.000000000,2026-04-08 07:14:47.000000000,0.9666666666666667,0.2299992746993994,14.275817050307548,11.259425997860737,0.18140186329886743,73.54472048137352,73.42378590584094,48.44097922802853,False
125,2,9-N1-4-B-035101,line_service,Dusevel,Beffroi,2026-04-08 07:15:17.000000000,2026-04-08 07:16:18.000000000,1.0166666666666666,0.2188226139254244,12.914121477566031,10.387668565415401,0.1760132729139832,73.40989701695204,73.2925548350094,48.65980184195396,False
126,2,9-N1-4-B-035101,line_service,Beffroi,Place du Marché,2026-04-08 07:16:48.000000000,2026-04-08 07:17:42.000000000,0.9,0.18907722066752727,12.605148044501819,10.191420812679045,0.15287131219018568,73.27866594612051,73.17675173799373,48.848879062621485,False
127,2,9-N1-4-B-035101,line_service,Place du Marché,M. Culture B,2026-04-08 07:18:12.000000000,2026-04-08 07:18:57.000000000,0.75,0.17178613535708173,13.742890828566539,10.91687632541456,0.136460954067682,73.16286284910483,73.07188887972637,49.020665197978566,False
128,2,9-N1-4-B-035101,line_service,M. Culture B,Saint-Jacques,2026-04-08 07:19:27.000000000,2026-04-08 07:20:15.000000000,0.8,0.2918119105170466,21.885893288778494,16.385370113942585,0.2184716015192345,73.05799999083749,72.91235225649132,49.312477108495614,False
129,2,9-N1-4-B-035101,line_service,Saint-Jacques,Jean Jaurès,2026-04-08 07:20:45.000000000,2026-04-08 07:21:47.000000000,1.0333333333333334,0.3507042974526486,20.36347533596024,15.32020185396715,0.26384792081832315,72.89846336760243,72.72256475372355,49.663181405948265,False
130,2,9-N1-4-B-035101,line_service,Jean Jaurès,Zoo d'Amiens,2026-04-08 07:22:17.000000000,2026-04-08 07:23:29.000000000,1.2,0.40281609573225763,20.14080478661288,15.166246752306563,0.3033249350461313,72.70867586483466,72.50645924147057,50.06599750168052,False
131,2,9-N1-4-B-035101,line_service,Zoo d'Amiens,Egl. St-Firmin,2026-04-08 07:23:59.000000000,2026-04-08 07:25:04.000000000,1.0833333333333333,0.37638436041502576,20.845903038370658,15.655335649169396,0.2826657825544474,72.49257035258168,72.30412649754538,50.442381862095544,False
132,2,9-N1-4-B-035101,line_service,Egl. St-Firmin,Faubourg de Hem,2026-04-08 07:25:34.000000000,2026-04-08 07:26:27.000000000,0.8833333333333333,0.3007481358168622,20.428175263032152,15.365021453635112,0.22620726028962804,72.2902376086565,72.13943276846341,50.743129997912405,False
133,2,9-N1-4-B-035101,line_service,Faubourg de Hem,Espace Alliance,2026-04-08 07:26:57.000000000,2026-04-08 07:27:41.000000000,0.7333333333333333,0.24201898261847898,19.8015531233301,14.932558498063928,0.18250904830967024,72.12554387957451,72.0038711807014,50.98514898053088,False
134,2,9-N1-4-B-035101,line_service,Espace Alliance,Sully,2026-04-08 07:28:11.000000000,2026-04-08 07:29:42.000000000,1.5166666666666666,0.5124653653664172,20.273355113396722,15.257837425164176,0.38568422380276113,71.98998229181251,71.732859475944,51.4976143458973,False
135,2,9-N1-4-B-035101,line_service,Sully,Place la Barre,2026-04-08 07:30:12.000000000,2026-04-08 07:31:57.000000000,1.75,0.5814235833007191,19.934522856024653,15.024028151252374,0.43820082107819425,71.71897058705511,71.4268367063363,52.079037929198016,False
136,2,9-N1-4-B-035101,line_service,Place la Barre,La Fontaine,2026-04-08 07:32:27.000000000,2026-04-08 07:33:36.000000000,1.15,0.32116148117311843,16.75625119164096,12.879144765057834,0.24685027466360848,71.41294781744742,71.24838096767168,52.40019941037113,False
137,2,9-N1-4-B-035101,line_service,La Fontaine,Les Coursives,2026-04-08 07:34:06.000000000,2026-04-08 07:34:50.000000000,0.7333333333333333,0.23368404358993675,19.11960356644937,14.465925742583915,0.17680575907602564,71.2344920787828,71.1166215727321,52.63388345396107,False
138,2,9-N1-4-B-035101,line_service,Les Coursives,Languedoc,2026-04-08 07:35:20.000000000,2026-04-08 07:36:15.000000000,0.9166666666666666,0.2930331102299119,19.1803490332306,14.507325425441149,0.22163969399979536,71.10273268384321,70.95497288784335,52.926916564190975,False
139,2,9-N1-4-B-035101,line_service,Languedoc,Collège R.Parks,2026-04-08 07:36:45.000000000,2026-04-08 07:38:05.000000000,1.3333333333333333,0.3206006811443548,14.427030651495967,11.356954589578384,0.2523767686572974,70.94108399895447,70.7728328198496,53.24751724533533,False
140,2,9-N1-4-B-035101,line_service,Collège R.Parks,Martinique,2026-04-08 07:38:35.000000000,2026-04-08 07:39:29.000000000,0.9,0.27082614139471256,18.05507609298084,13.745538236155447,0.20618307354233173,70.7589439309607,70.62148854859915,53.51834338673004,False
141,2,9-N1-4-B-035101,line_service,Martinique,Etouvie Quai A,2026-04-08 07:39:59.000000000,2026-04-08 07:41:57.000000000,1.9666666666666666,0.27408690803195346,8.361973465381629,7.545927911989002,0.2473387482263062,70.60759965971026,70.44270716089272,53.79243029476199,False
142,3,9-N1-2-B-034901,line_service,Etouvie Quai A,Martinique,2026-04-08 07:41:57.000000000,2026-04-08 07:42:53.000000000,0.9333333333333333,0.2419015249612658,15.550812318938515,12.08656880128932,0.18801329246450055,70.44270716089272,70.31736496591638,54.034331819723256,False
143,3,9-N1-2-B-034901,line_service,Martinique,Collège R.Parks,2026-04-08 07:43:23.000000000,2026-04-08 07:44:30.000000000,1.1166666666666667,0.3307630000086095,17.77234029897006,13.555791611470482,0.2522883438801451,70.3034760770275,70.13528384777406,54.365094819731866,False
144,3,9-N1-2-B-034901,line_service,Collège R.Parks,Languedoc,2026-04-08 07:45:00.000000000,2026-04-08 07:46:14.000000000,1.2333333333333334,0.29681987678393196,14.439885897596689,11.365252764990835,0.23361908461370048,70.12139495888518,69.96564890247603,54.6619146965158,False
145,3,9-N1-2-B-034901,line_service,Languedoc,Les coursives,2026-04-08 07:46:44.000000000,2026-04-08 07:47:40.000000000,0.9333333333333333,0.297726462758007,19.139558320157594,14.479521904527621,0.22523700740376298,69.95176001358715,69.80160200865132,54.95964115927381,False
146,3,9-N1-2-B-034901,line_service,Les coursives,La Fontaine,2026-04-08 07:48:10.000000000,2026-04-08 07:48:55.000000000,0.75,0.22794980309080773,18.23598424726462,13.867291099605595,0.17334113874506996,69.78771311976242,69.67215236059904,55.18759096236462,False
147,3,9-N1-2-B-034901,line_service,La Fontaine,Place la Barre,2026-04-08 07:49:25.000000000,2026-04-08 07:50:26.000000000,1.0166666666666666,0.2788940733458619,16.459322361395127,12.68291694163475,0.2149049815110332,69.65826347171014,69.51499348403613,55.46648503571048,False
148,3,9-N1-2-B-034901,line_service,Place la Barre,Sully,2026-04-08 07:50:56.000000000,2026-04-08 07:52:30.000000000,1.5666666666666667,0.5529827646282706,21.178063326189086,15.887360880206767,0.4148366452053989,69.50110459514724,69.22454683167697,56.019467800338745,False
149,3,9-N1-2-B-034901,line_service,Sully,Espace Alliance,2026-04-08 07:53:00.000000000,2026-04-08 07:54:33.000000000,1.55,0.5412636534432308,20.952141423608936,15.729432196236612,0.4063436650694458,69.21065794278807,68.93976216607511,56.560731453781976,False
150,3,9-N1-2-B-034901,line_service,Espace Alliance,Faubourg de Hem,2026-04-08 07:55:03.000000000,2026-04-08 07:55:56.000000000,0.8833333333333333,0.3068484114845754,20.842533610273048,15.652987376486395,0.23044675859827193,68.92587327718623,68.77224210478738,56.867579865266556,False
151,3,9-N1-2-B-034901,line_service,Faubourg de Hem,Egl. St-Firmin,2026-04-08 07:56:26.000000000,2026-04-08 07:57:08.000000000,0.7,0.29644718539430037,25.409758748082893,18.942057390181887,0.220990669552122,68.75835321589848,68.61102610286373,57.164027050660856,False
152,3,9-N1-2-B-034901,line_service,Egl. St-Firmin,Zoo d'Amiens,2026-04-08 07:57:38.000000000,2026-04-08 07:58:34.000000000,0.9333333333333333,0.3979625757415526,25.58330844052838,19.07151843294624,0.2966680645124971,68.59713721397485,68.39935850429984,57.561989626402415,False
153,3,9-N1-2-B-034901,line_service,Zoo d'Amiens,Jean Jaurès,2026-04-08 07:59:04.000000000,2026-04-08 08:00:00.000000000,0.9333333333333333,0.38776459722543666,24.9277241073495,18.58429760190798,0.28908907380745746,68.38546961541095,68.19274356620599,57.949754223627856,False
154,3,9-N1-2-B-034901,line_service,Jean Jaurès,Saint-Jacques,2026-04-08 08:00:30.000000000,2026-04-08 08:01:23.000000000,0.8833333333333333,0.3538188673320645,24.032979667838347,17.927174140413598,0.2639278415116446,68.17885467731709,68.002902782976,58.303573090959915,False
155,3,9-N1-2-B-034901,line_service,Saint-Jacques,M. Culture A,2026-04-08 08:01:53.000000000,2026-04-08 08:02:26.000000000,0.55,0.24280373751186532,26.487680455839854,19.75186842032748,0.1810587938530019,67.9890138940871,67.86830803151844,58.54637682847178,False
156,3,9-N1-2-B-034901,line_service,M. Culture A,Hôtel de Ville,2026-04-08 08:02:56.000000000,2026-04-08 08:04:56.000000000,2.0,0.29674165114956036,8.90224953448681,7.878244573638238,0.26260815245460795,67.85441914262955,67.67934704099315,58.84311847962134,False
157,3,9-N1-2-B-034901,line_service,Hôtel de Ville,Jacobins,2026-04-08 08:05:26.000000000,2026-04-08 08:06:23.000000000,0.95,0.22829410594169391,14.418575112106984,11.351497055087,0.17973203670554416,67.66545815210425,67.54563679430055,59.07141258556303,False
158,3,9-N1-2-B-034901,line_service,Jacobins,Emile Zola,2026-04-08 08:06:53.000000000,2026-04-08 08:08:14.000000000,1.35,0.32611241962366005,14.493885316607114,11.400121734172236,0.2565027390188753,67.53174790541166,67.36074607939908,59.397525005186694,False
159,3,9-N1-2-B-034901,line_service,Emile Zola,Gare du Nord B,2026-04-08 08:08:44.000000000,2026-04-08 08:11:26.000000000,2.7,0.35548637357572055,7.899697190571568,7.2624718685315655,0.32681123408392043,67.34685719051019,67.12898303445425,59.753011378762416,False
160,3,9-N1-2-B-034901,line_service,Gare du Nord B,Caserne Dejean,2026-04-08 08:11:56.000000000,2026-04-08 08:13:29.000000000,1.55,0.3681948881034494,14.252705345939976,11.244532705520063,0.2904837615592683,67.11509414556535,66.92143830452584,60.12120626686586,False
161,3,9-N1-2-B-034901,line_service,Caserne Dejean,Pinceau,2026-04-08 08:13:59.000000000,2026-04-08 08:15:31.000000000,1.5333333333333334,0.35537552735134686,13.905998896357051,11.021525823010094,0.28166121547692463,66.90754941563695,66.71977527198567,60.47658179421721,False
162,3,9-N1-2-B-034901,line_service,Pinceau,L. de Luzarches,2026-04-08 08:16:01.000000000,2026-04-08 08:17:56.000000000,1.9166666666666667,0.44705548624280317,13.994780438905144,11.07855830186122,0.3538983901983445,66.70588638309678,66.46995412296454,60.923637280460014,False
163,3,9-N1-2-B-034901,line_service,L. de Luzarches,Egl. St-Acheul,2026-04-08 08:18:26.000000000,2026-04-08 08:19:06.000000000,0.6666666666666666,0.3248685267650074,29.238167408850664,21.88298673915759,0.24314429710175098,66.45606523407565,66.29396903600781,61.248505807225015,False
164,3,9-N1-2-B-034901,line_service,Egl. St-Acheul,Mercey,2026-04-08 08:19:36.000000000,2026-04-08 08:20:31.000000000,0.9166666666666666,0.45179666905185245,29.572145610666706,22.148418284070946,0.33837861267330616,66.28008014711892,66.05449440533673,61.70030247627687,False
165,3,9-N1-2-B-034901,line_service,Mercey,Sobo,2026-04-08 08:21:01.000000000,2026-04-08 08:22:00.000000000,0.9833333333333333,0.4818036462949089,29.398188587485965,22.009978589942314,0.36071909355738796,66.04060551644784,65.8001261207429,62.18210612257178,False
166,3,9-N1-2-B-034901,line_service,Sobo,Pont de l'Avre,2026-04-08 08:22:30.000000000,2026-04-08 08:23:56.000000000,1.4333333333333333,0.7075852717526405,29.61984858499426,22.18645260081327,0.530009701019428,65.78623723185402,65.4328974311744,62.88969139432442,False
167,3,9-N1-2-B-034901,line_service,Pont de l'Avre,Cité du Château,2026-04-08 08:24:26.000000000,2026-04-08 08:25:08.000000000,0.7,0.2966141068969825,25.424066305455643,18.952717051821182,0.22111503227124713,65.4190085422855,65.27159852077133,63.186305501221405,False
168,3,9-N1-2-B-034901,line_service,Cité du Château,La Rose Rouge,2026-04-08 08:25:38.000000000,2026-04-08 08:26:26.000000000,0.8,0.3329543642312839,24.97157731734629,18.61673519188507,0.24822313589180092,65.25770963188245,65.09222754128791,63.51925986545269,False
169,3,9-N1-2-B-034901,line_service,La Rose Rouge,Poidevin,2026-04-08 08:26:56.000000000,2026-04-08 08:27:27.000000000,0.5166666666666667,0.2251396338173497,26.145247798143835,19.493118954380797,0.1678574132182791,65.07833865239903,64.96643371025351,63.74439949927004,False
170,3,9-N1-2-B-034901,line_service,Poidevin,M. de Longueau,2026-04-08 08:27:57.000000000,2026-04-08 08:28:41.000000000,0.7333333333333333,0.3145014195772681,25.731934329049206,19.182665796909017,0.23445480418444353,64.95254482136463,64.79624161857498,64.0589009188473,False
171,3,9-N1-2-B-034901,line_service,M. de Longueau,La Fourche,2026-04-08 08:29:11.000000000,2026-04-08 08:29:48.000000000,0.6166666666666667,0.25663398574137214,24.96979320726864,18.615415085336245,0.19132509948817805,64.7823527296861,64.65480266336064,64.31553490458867,False
172,3,9-N1-2-B-034901,line_service,La Fourche,Croix de Fer,2026-04-08 08:30:18.000000000,2026-04-08 08:31:56.000000000,1.6333333333333333,0.6510902221706201,23.91759999810441,17.84308013403265,0.4857282925375555,64.64091377447176,64.31709491278005,64.9666251267593,False
173,3,9-N1-2-B-034901,line_service,Croix de Fer,C. Cial Glisy,2026-04-08 08:32:26.000000000,2026-04-08 08:34:48.000000000,2.3666666666666667,0.70341712703917,17.833110262964873,13.596520036751444,0.5363071792274181,64.30320602389115,63.94566790440621,65.67004225379847,False
174,3,9-N1-2-B-034901,line_service,C. Cial Glisy,Capitaine Nemo,2026-04-08 08:35:18.000000000,2026-04-08 08:35:46.000000000,0.4666666666666667,0.13672688382470435,17.57917077746199,13.426525887753735,0.10442853468252905,63.931779015517314,63.862159992395625,65.80676913762318,False
175,3,9-N1-2-B-034901,line_service,Capitaine Nemo,Pôle J. Verne,2026-04-08 08:36:16.000000000,2026-04-08 08:38:26.000000000,2.1666666666666665,0.3234478124594319,8.957016345030421,7.911995684014775,0.2857109552560891,63.84827110350674,63.65779713333601,66.13021695008261,False
176,3,9-N1-4-B-035101,line_service,Pôle J. Verne,Capitaine Nemo,2026-04-08 08:38:56.000000000,2026-04-08 08:40:07.000000000,1.1833333333333333,0.3340181708930427,16.93613260866132,12.998346897480362,0.25635628603364047,63.643908244447125,63.47300405375803,66.46423512097566,False
177,3,9-N1-4-B-035101,line_service,Capitaine Nemo,C. Cial Glisy,2026-04-08 08:40:37.000000000,2026-04-08 08:40:58.000000000,0.35,0.12291799931516653,21.07165702545712,15.812917585812425,0.09224201925057249,63.45911516486914,63.39762048536876,66.58715312029082,False
178,3,9-N1-4-B-035101,line_service,C. Cial Glisy,Croix de Fer,2026-04-08 08:41:28.000000000,2026-04-08 08:43:55.000000000,2.45,0.6859620842301216,16.79907145053359,12.9074980317801,0.5270561696310208,63.38373159647987,63.032360816725856,67.27311520452095,False
179,3,9-N1-4-B-035101,line_service,Croix de Fer,La Fourche,2026-04-08 08:44:25.000000000,2026-04-08 08:46:13.000000000,1.8,0.7465227463047002,24.88409154349001,18.55204485821827,0.5565613457465481,63.01847192783697,62.6474310306726,68.01963795082565,False
180,3,9-N1-4-B-035101,line_service,La Fourche,M. de Longueau,2026-04-08 08:46:43.000000000,2026-04-08 08:47:15.000000000,0.5333333333333333,0.23645430499839581,26.60110931231953,19.837888242149457,0.17633678437466183,62.63354214178371,62.51598428553394,68.25609225582404,False
181,3,9-N1-4-B-035101,line_service,M. de Longueau,Poidevin,2026-04-08 08:47:45.000000000,2026-04-08 08:48:18.000000000,0.55,0.23823148868252741,25.98888967445754,19.375436167720004,0.1776081648707667,62.502095396645046,62.38368995339787,68.49432374450657,False
182,3,9-N1-4-B-035101,line_service,Poidevin,La Rose Rouge,2026-04-08 08:48:48.000000000,2026-04-08 08:49:27.000000000,0.65,0.2830530932557657,26.127977838993758,19.480106487676945,0.2110344869498336,62.36980106450898,62.22911140654242,68.77737683776233,False
183,3,9-N1-4-B-035101,line_service,La Rose Rouge,Cité du Château,2026-04-08 08:49:57.000000000,2026-04-08 08:50:49.000000000,0.8666666666666667,0.38252636844861737,26.482594738750432,19.74801525501541,0.28524910923911145,62.21522251765353,62.025056444827456,69.15990320621094,False
184,3,9-N1-4-B-035101,line_service,Cité du Château,Pont de l'Avre,2026-04-08 08:51:19.000000000,2026-04-08 08:51:55.000000000,0.6,0.25904003764462646,25.904003764462647,19.3116680021364,0.193116680021364,62.01116755593856,61.88242310259099,69.41894324385557,False
185,3,9-N1-4-B-035101,line_service,Pont de l'Avre,Sobo,2026-04-08 08:52:25.000000000,2026-04-08 08:54:22.000000000,1.95,0.7786426370279388,23.95823498547504,17.87268022597897,0.5808621073443166,61.8685342137021,61.48129280880589,70.19758588088351,False
186,3,9-N1-4-B-035101,line_service,Sobo,Mercey,2026-04-08 08:54:52.000000000,2026-04-08 08:56:07.000000000,1.25,0.49486888000554236,23.753706240266034,17.723875596437267,0.36924740825910973,61.467403919917,61.22123898107759,70.69245476088905,False
187,3,9-N1-4-B-035101,line_service,Mercey,Egl. St-Acheul,2026-04-08 08:56:37.000000000,2026-04-08 08:57:43.000000000,1.1,0.44351095510688016,24.191506642193463,18.04295332249385,0.3307874775790539,61.2073500921887,60.986825107136,71.13596571599592,False
188,3,9-N1-4-B-035101,line_service,Egl. St-Acheul,L. de Luzarches,2026-04-08 08:58:13.000000000,2026-04-08 08:58:55.000000000,0.7,0.27740496861036323,23.777568738031135,17.74121336558846,0.20698082259853207,60.972936218247106,60.83494900318142,71.41337068460629,False
189,3,9-N1-4-B-035101,line_service,L. de Luzarches,Pinceau,2026-04-08 08:59:25.000000000,2026-04-08 09:00:54.000000000,1.4833333333333334,0.3431323580300078,13.879511111326158,11.004519972906111,0.27205618821906774,60.82106011429253,60.63968932214648,71.7565030426363,False
190,3,9-N1-4-B-035101,line_service,Pinceau,Caserne Dejean,2026-04-08 09:01:24.000000000,2026-04-08 09:03:11.000000000,1.7833333333333334,0.40589661587311254,13.656334739656122,10.861409934698443,0.32282523972575927,60.625800433257595,60.410583606773756,72.1623996585094,False
191,3,9-N1-4-B-035101,line_service,Caserne Dejean,Gare du Nord A,2026-04-08 09:03:41.000000000,2026-04-08 09:05:25.000000000,1.7333333333333334,0.3916364257160486,13.55664550555553,10.797585272349695,0.31193024120121343,60.39669471788486,60.18874122375072,72.55403608422544,False
192,3,9-N1-4-B-035101,line_service,Gare du Nord A,René Goblet,2026-04-08 09:05:55.000000000,2026-04-08 09:08:23.000000000,2.466666666666667,0.3279417105779169,7.976960527570951,7.309793127281074,0.3005137174548886,60.174852334861825,59.97450985655857,72.88197779480336,False
193,3,9-N1-4-B-035101,line_service,René Goblet,P. de Justice,2026-04-08 09:08:53.000000000,2026-04-08 09:09:47.000000000,0.9,0.2252173059067505,15.014487060450033,11.737285646721439,0.17605928470082158,59.960620967669676,59.84324811120246,73.10719510071011,False
194,3,9-N1-4-B-035101,line_service,P. de Justice,Dusevel,2026-04-08 09:10:17.000000000,2026-04-08 09:11:15.000000000,0.9666666666666667,0.2299992746993994,14.275817050307548,11.259425997860737,0.18140186329886743,59.82935922231357,59.708424646781,73.33719437540951,False
195,3,9-N1-4-B-035101,line_service,Dusevel,Beffroi,2026-04-08 09:11:45.000000000,2026-04-08 09:12:46.000000000,1.0166666666666666,0.2188226139254244,12.914121477566031,10.387668565415401,0.1760132729139832,59.694535757892105,59.57719357594945,73.55601698933494,False
196,3,9-N1-4-B-035101,line_service,Beffroi,Place du Marché,2026-04-08 09:13:16.000000000,2026-04-08 09:14:10.000000000,0.9,0.18907722066752727,12.605148044501819,10.191420812679045,0.15287131219018568,59.56330468706056,59.461390478933765,73.74509421000246,False
197,3,9-N1-4-B-035101,line_service,Place du Marché,M. Culture B,2026-04-08 09:14:40.000000000,2026-04-08 09:15:25.000000000,0.75,0.17178613535708173,13.742890828566539,10.91687632541456,0.136460954067682,59.44750159004488,59.35652762066642,73.91688034535954,False
198,3,9-N1-4-B-035101,line_service,M. Culture B,Saint-Jacques,2026-04-08 09:15:55.000000000,2026-04-08 09:16:43.000000000,0.8,0.2918119105170466,21.885893288778494,16.385370113942585,0.2184716015192345,59.342638731777534,59.19699099743138,74.2086922558766,False
199,3,9-N1-4-B-035101,line_service,Saint-Jacques,Jean Jaurès,2026-04-08 09:17:13.000000000,2026-04-08 09:18:15.000000000,1.0333333333333334,0.3507042974526486,20.36347533596024,15.32020185396715,0.26384792081832315,59.183102108542485,59.0072034946636,74.55939655332925,False
200,3,9-N1-4-B-035101,line_service,Jean Jaurès,Zoo d'Amiens,2026-04-08 09:18:45.000000000,2026-04-08 09:19:57.000000000,1.2,0.40281609573225763,20.14080478661288,15.166246752306563,0.3033249350461313,58.993314605774714,58.79109798241062,74.9622126490615,False
201,3,9-N1-4-B-035101,line_service,Zoo d'Amiens,Egl. St-Firmin,2026-04-08 09:20:27.000000000,2026-04-08 09:21:32.000000000,1.0833333333333333,0.37638436041502576,20.845903038370658,15.655335649169396,0.2826657825544474,58.77720909352173,58.588765238485436,75.33859700947653,False
202,3,9-N1-4-B-035101,line_service,Egl. St-Firmin,Faubourg de Hem,2026-04-08 09:22:02.000000000,2026-04-08 09:22:55.000000000,0.8833333333333333,0.3007481358168622,20.428175263032152,15.365021453635112,0.22620726028962804,58.57487634959654,58.42407150940346,75.63934514529339,False
203,3,9-N1-4-B-035101,line_service,Faubourg de Hem,Espace Alliance,2026-04-08 09:23:25.000000000,2026-04-08 09:24:09.000000000,0.7333333333333333,0.24201898261847898,19.8015531233301,14.932558498063928,0.18250904830967024,58.41018262051457,58.28850992164145,75.88136412791188,False
204,3,9-N1-4-B-035101,line_service,Espace Alliance,Sully,2026-04-08 09:24:39.000000000,2026-04-08 09:26:10.000000000,1.5166666666666666,0.5124653653664172,20.273355113396722,15.257837425164176,0.38568422380276113,58.27462103275256,58.01749821688405,76.39382949327829,False
205,3,9-N1-4-B-035101,line_service,Sully,Place la Barre,2026-04-08 09:26:40.000000000,2026-04-08 09:28:25.000000000,1.75,0.5814235833007191,19.934522856024653,15.024028151252374,0.43820082107819425,58.00360932799516,57.711475447276364,76.97525307657901,False
206,3,9-N1-4-B-035101,line_service,Place la Barre,La Fontaine,2026-04-08 09:28:55.000000000,2026-04-08 09:30:04.000000000,1.15,0.32116148117311843,16.75625119164096,12.879144765057834,0.24685027466360848,57.69758655838747,57.53301970861173,77.29641455775213,False
207,3,9-N1-4-B-035101,line_service,La Fontaine,Les Coursives,2026-04-08 09:30:34.000000000,2026-04-08 09:31:18.000000000,0.7333333333333333,0.23368404358993675,19.11960356644937,14.465925742583915,0.17680575907602564,57.51913081972284,57.40126031367216,77.53009860134206,False
208,3,9-N1-4-B-035101,line_service,Les Coursives,Languedoc,2026-04-08 09:31:48.000000000,2026-04-08 09:32:43.000000000,0.9166666666666666,0.2930331102299119,19.1803490332306,14.507325425441149,0.22163969399979536,57.38737142478327,57.23961162878341,77.82313171157197,False
209,3,9-N1-4-B-035101,line_service,Languedoc,Collège R.Parks,2026-04-08 09:33:13.000000000,2026-04-08 09:34:33.000000000,1.3333333333333333,0.3206006811443548,14.427030651495967,11.356954589578384,0.2523767686572974,57.225722739894515,57.057471560789644,78.14373239271632,False
210,3,9-N1-4-B-035101,line_service,Collège R.Parks,Martinique,2026-04-08 09:35:03.000000000,2026-04-08 09:35:57.000000000,0.9,0.27082614139471256,18.05507609298084,13.745538236155447,0.20618307354233173,57.04358267190076,56.9061272895392,78.41455853411104,False
211,3,9-N1-4-B-035101,line_service,Martinique,Etouvie Quai A,2026-04-08 09:36:27.000000000,2026-04-08 09:38:25.000000000,1.9666666666666666,0.27408690803195346,8.361973465381629,7.545927911989002,0.2473387482263062,56.89223840065031,56.72734590183277,78.688645442143,False
212,4,9-N1-2-B-034901,line_service,Etouvie Quai A,Martinique,2026-04-08 09:38:25.000000000,2026-04-08 09:39:21.000000000,0.9333333333333333,0.2419015249612658,15.550812318938515,12.08656880128932,0.18801329246450055,56.72734590183277,56.602003706856436,78.93054696710426,False
213,4,9-N1-2-B-034901,line_service,Martinique,Collège R.Parks,2026-04-08 09:39:51.000000000,2026-04-08 09:40:58.000000000,1.1166666666666667,0.3307630000086095,17.77234029897006,13.555791611470482,0.2522883438801451,56.58811481796754,56.419922588714115,79.26130996711288,False
214,4,9-N1-2-B-034901,line_service,Collège R.Parks,Languedoc,2026-04-08 09:41:28.000000000,2026-04-08 09:42:42.000000000,1.2333333333333334,0.29681987678393196,14.439885897596689,11.365252764990835,0.23361908461370048,56.40603369982522,56.250287643416094,79.55812984389681,False
215,4,9-N1-2-B-034901,line_service,Languedoc,Les coursives,2026-04-08 09:43:12.000000000,2026-04-08 09:44:08.000000000,0.9333333333333333,0.297726462758007,19.139558320157594,14.479521904527621,0.22523700740376298,56.2363987545272,56.08624074959136,79.85585630665481,False
216,4,9-N1-2-B-034901,line_service,Les coursives,La Fontaine,2026-04-08 09:44:38.000000000,2026-04-08 09:45:23.000000000,0.75,0.22794980309080773,18.23598424726462,13.867291099605595,0.17334113874506996,56.07235186070247,55.95679110153909,80.08380610974562,False
217,4,9-N1-2-B-034901,line_service,La Fontaine,Place la Barre,2026-04-08 09:45:53.000000000,2026-04-08 09:46:54.000000000,1.0166666666666666,0.2788940733458619,16.459322361395127,12.68291694163475,0.2149049815110332,55.942902212650196,55.79963222497618,80.36270018309148,False
218,4,9-N1-2-B-034901,line_service,Place la Barre,Sully,2026-04-08 09:47:24.000000000,2026-04-08 09:48:58.000000000,1.5666666666666667,0.5529827646282706,21.178063326189086,15.887360880206767,0.4148366452053989,55.785743336087286,55.50918557261702,80.91568294771974,False
219,4,9-N1-2-B-034901,line_service,Sully,Espace Alliance,2026-04-08 09:49:28.000000000,2026-04-08 09:51:01.000000000,1.55,0.5412636534432308,20.952141423608936,15.729432196236612,0.4063436650694458,55.49529668372813,55.224400907015166,81.45694660116297,False
220,4,9-N1-2-B-034901,line_service,Espace Alliance,Faubourg de Hem,2026-04-08 09:51:31.000000000,2026-04-08 09:52:24.000000000,0.8833333333333333,0.3068484114845754,20.842533610273048,15.652987376486395,0.23044675859827193,55.21051201812627,55.05688084572743,81.76379501264755,False
221,4,9-N1-2-B-034901,line_service,Faubourg de Hem,Egl. St-Firmin,2026-04-08 09:52:54.000000000,2026-04-08 09:53:36.000000000,0.7,0.29644718539430037,25.409758748082893,18.942057390181887,0.220990669552122,55.042991956838534,54.895664843803786,82.06024219804185,False
222,4,9-N1-2-B-034901,line_service,Egl. St-Firmin,Zoo d'Amiens,2026-04-08 09:54:06.000000000,2026-04-08 09:55:02.000000000,0.9333333333333333,0.3979625757415526,25.58330844052838,19.07151843294624,0.2966680645124971,54.88177595491489,54.683997245239894,82.4582047737834,False
223,4,9-N1-2-B-034901,line_service,Zoo d'Amiens,Jean Jaurès,2026-04-08 09:55:32.000000000,2026-04-08 09:56:28.000000000,0.9333333333333333,0.38776459722543666,24.9277241073495,18.58429760190798,0.28908907380745746,54.67010835635101,54.47738230714603,82.84596937100883,False
224,4,9-N1-2-B-034901,line_service,Jean Jaurès,Saint-Jacques,2026-04-08 09:56:58.000000000,2026-04-08 09:57:51.000000000,0.8833333333333333,0.3538188673320645,24.032979667838347,17.927174140413598,0.2639278415116446,54.463493418257144,54.28754152391605,83.1997882383409,False
225,4,9-N1-2-B-034901,line_service,Saint-Jacques,M. Culture A,2026-04-08 09:58:21.000000000,2026-04-08 09:58:54.000000000,0.55,0.24280373751186532,26.487680455839854,19.75186842032748,0.1810587938530019,54.273652635027155,54.152946772458485,83.44259197585276,False
226,4,9-N1-2-B-034901,line_service,M. Culture A,Hôtel de Ville,2026-04-08 09:59:24.000000000,2026-04-08 10:01:24.000000000,2.0,0.29674165114956036,8.90224953448681,7.878244573638238,0.26260815245460795,54.1390578835696,53.9639857819332,83.73933362700231,False
227,4,9-N1-2-B-034901,line_service,Hôtel de Ville,Jacobins,2026-04-08 10:01:54.000000000,2026-04-08 10:02:51.000000000,0.95,0.22829410594169391,14.418575112106984,11.351497055087,0.17973203670554416,53.950096893044304,53.83027553524061,83.96762773294401,False
228,4,9-N1-2-B-034901,line_service,Jacobins,Emile Zola,2026-04-08 10:03:21.000000000,2026-04-08 10:04:42.000000000,1.35,0.32611241962366005,14.493885316607114,11.400121734172236,0.2565027390188753,53.81638664635172,53.64538482033913,84.29374015256766,False
229,4,9-N1-2-B-034901,line_service,Emile Zola,Gare du Nord B,2026-04-08 10:05:12.000000000,2026-04-08 10:07:54.000000000,2.7,0.35548637357572055,7.899697190571568,7.2624718685315655,0.32681123408392043,53.63149593145024,53.41362177539429,84.6492265261434,False
230,4,9-N1-2-B-034901,line_service,Gare du Nord B,Caserne Dejean,2026-04-08 10:08:24.000000000,2026-04-08 10:09:57.000000000,1.55,0.3681948881034494,14.252705345939976,11.244532705520063,0.2904837615592683,53.399732886505404,53.20607704546589,85.01742141424684,False
231,4,9-N1-2-B-034901,line_service,Caserne Dejean,Pinceau,2026-04-08 10:10:27.000000000,2026-04-08 10:11:59.000000000,1.5333333333333334,0.35537552735134686,13.905998896357051,11.021525823010094,0.28166121547692463,53.192188156577,53.004414012925714,85.3727969415982,False
232,4,9-N1-2-B-034901,line_service,Pinceau,L. de Luzarches,2026-04-08 10:12:29.000000000,2026-04-08 10:14:24.000000000,1.9166666666666667,0.44705548624280317,13.994780438905144,11.07855830186122,0.3538983901983445,52.99052512403682,52.75459286390459,85.81985242784098,False
233,4,9-N1-2-B-034901,line_service,L. de Luzarches,Egl. St-Acheul,2026-04-08 10:14:54.000000000,2026-04-08 10:15:34.000000000,0.6666666666666666,0.3248685267650074,29.238167408850664,21.88298673915759,0.24314429710175098,52.7407039750157,52.57860777694787,86.144720954606,False
234,4,9-N1-2-B-034901,line_service,Egl. St-Acheul,Mercey,2026-04-08 10:16:04.000000000,2026-04-08 10:16:59.000000000,0.9166666666666666,0.45179666905185245,29.572145610666706,22.148418284070946,0.33837861267330616,52.56471888805898,52.33913314627677,86.59651762365786,False
235,4,9-N1-2-B-034901,line_service,Mercey,Sobo,2026-04-08 10:17:29.000000000,2026-04-08 10:18:28.000000000,0.9833333333333333,0.4818036462949089,29.398188587485965,22.009978589942314,0.36071909355738796,52.32524425738788,52.084764861682956,87.07832126995277,False
236,4,9-N1-2-B-034901,line_service,Sobo,Pont de l'Avre,2026-04-08 10:18:58.000000000,2026-04-08 10:20:24.000000000,1.4333333333333333,0.7075852717526405,29.61984858499426,22.18645260081327,0.530009701019428,52.07087597279407,51.71753617211445,87.7859065417054,False
237,4,9-N1-2-B-034901,line_service,Pont de l'Avre,Cité du Château,2026-04-08 10:20:54.000000000,2026-04-08 10:21:36.000000000,0.7,0.2966141068969825,25.424066305455643,18.952717051821182,0.22111503227124713,51.70364728322556,51.55623726171139,88.0825206486024,False
238,4,9-N1-2-B-034901,line_service,Cité du Château,La Rose Rouge,2026-04-08 10:22:06.000000000,2026-04-08 10:22:54.000000000,0.8,0.3329543642312839,24.97157731734629,18.61673519188507,0.24822313589180092,51.5423483728225,51.376866282227965,88.41547501283368,False
239,4,9-N1-2-B-034901,line_service,La Rose Rouge,Poidevin,2026-04-08 10:23:24.000000000,2026-04-08 10:23:55.000000000,0.5166666666666667,0.2251396338173497,26.145247798143835,19.493118954380797,0.1678574132182791,51.36297739333908,51.25107245119356,88.64061464665103,False
240,4,9-N1-2-B-034901,line_service,Poidevin,M. de Longueau,2026-04-08 10:24:25.000000000,2026-04-08 10:25:09.000000000,0.7333333333333333,0.3145014195772681,25.731934329049206,19.182665796909017,0.23445480418444353,51.237183562304665,51.080880359515035,88.9551160662283,False
241,4,9-N1-2-B-034901,line_service,M. de Longueau,La Fourche,2026-04-08 10:25:39.000000000,2026-04-08 10:26:16.000000000,0.6166666666666667,0.25663398574137214,24.96979320726864,18.615415085336245,0.19132509948817805,51.06699147062614,50.93944140430069,89.21175005196966,False
242,4,9-N1-2-B-034901,line_service,La Fourche,Croix de Fer,2026-04-08 10:26:46.000000000,2026-04-08 10:28:24.000000000,1.6333333333333333,0.6510902221706201,23.91759999810441,17.84308013403265,0.4857282925375555,50.925552515411795,50.601733653720096,89.86284027414028,False
243,4,9-N1-2-B-034901,line_service,Croix de Fer,C. Cial Glisy,2026-04-08 10:28:54.000000000,2026-04-08 10:31:16.000000000,2.3666666666666667,0.70341712703917,17.833110262964873,13.596520036751444,0.5363071792274181,50.5878447648312,50.23030664534625,90.56625740117946,False
244,4,9-N1-2-B-034901,line_service,C. Cial Glisy,Capitaine Nemo,2026-04-08 10:31:46.000000000,2026-04-08 10:32:14.000000000,0.4666666666666667,0.13672688382470435,17.57917077746199,13.426525887753735,0.10442853468252905,50.21641775645737,50.14679873333568,90.70298428500416,False
245,4,9-N1-2-B-034901,line_service,Capitaine Nemo,Pôle J. Verne,2026-04-08 10:32:44.000000000,2026-04-08 10:34:54.000000000,2.1666666666666665,0.3234478124594319,8.957016345030421,7.911995684014775,0.2857109552560891,50.132909844446786,49.94243587427606,91.0264320974636,False
246,4,9-N1-4-B-035101,line_service,Pôle J. Verne,Capitaine Nemo,2026-04-08 10:35:24.000000000,2026-04-08 10:36:35.000000000,1.1833333333333333,0.3340181708930427,16.93613260866132,12.998346897480362,0.25635628603364047,49.928546985387165,49.75764279469808,91.36045026835664,False
247,4,9-N1-4-B-035101,line_service,Capitaine Nemo,C. Cial Glisy,2026-04-08 10:37:05.000000000,2026-04-08 10:37:26.000000000,0.35,0.12291799931516653,21.07165702545712,15.812917585812425,0.09224201925057249,49.743753905809186,49.6822592263088,91.4833682676718,False
248,4,9-N1-4-B-035101,line_service,C. Cial Glisy,Croix de Fer,2026-04-08 10:37:56.000000000,2026-04-08 10:40:23.000000000,2.45,0.6859620842301216,16.79907145053359,12.9074980317801,0.5270561696310208,49.66837033741991,49.316999557665895,92.16933035190192,False
249,4,9-N1-4-B-035101,line_service,Croix de Fer,La Fourche,2026-04-08 10:40:53.000000000,2026-04-08 10:42:41.000000000,1.8,0.7465227463047002,24.88409154349001,18.55204485821827,0.5565613457465481,49.30311066877701,48.93206977161264,92.91585309820663,False
250,4,9-N1-4-B-035101,line_service,La Fourche,M. de Longueau,2026-04-08 10:43:11.000000000,2026-04-08 10:43:43.000000000,0.5333333333333333,0.23645430499839581,26.60110931231953,19.837888242149457,0.17633678437466183,48.918180882723746,48.80062302647398,93.15230740320501,False
251,4,9-N1-4-B-035101,line_service,M. de Longueau,Poidevin,2026-04-08 10:44:13.000000000,2026-04-08 10:44:46.000000000,0.55,0.23823148868252741,25.98888967445754,19.375436167720004,0.1776081648707667,48.786734137585086,48.6683286943379,93.39053889188756,False
252,4,9-N1-4-B-035101,line_service,Poidevin,La Rose Rouge,2026-04-08 10:45:16.000000000,2026-04-08 10:45:55.000000000,0.65,0.2830530932557657,26.127977838993758,19.480106487676945,0.2110344869498336,48.654439805449016,48.51375014748246,93.67359198514332,False
253,4,9-N1-4-B-035101,line_service,La Rose Rouge,Cité du Château,2026-04-08 10:46:25.000000000,2026-04-08 10:47:17.000000000,0.8666666666666667,0.38252636844861737,26.482594738750432,19.74801525501541,0.28524910923911145,48.49986125859357,48.309695185767495,94.05611835359193,False
254,4,9-N1-4-B-035101,line_service,Cité du Château,Pont de l'Avre,2026-04-08 10:47:47.000000000,2026-04-08 10:48:23.000000000,0.6,0.25904003764462646,25.904003764462647,19.3116680021364,0.193116680021364,48.29580629687861,48.16706184353103,94.31515839123655,False
255,4,9-N1-4-B-035101,line_service,Pont de l'Avre,Sobo,2026-04-08 10:48:53.000000000,2026-04-08 10:50:50.000000000,1.95,0.7786426370279388,23.95823498547504,17.87268022597897,0.5808621073443166,48.153172954642145,47.76593154974593,95.09380102826448,False
256,4,9-N1-4-B-035101,line_service,Sobo,Mercey,2026-04-08 10:51:20.000000000,2026-04-08 10:52:35.000000000,1.25,0.49486888000554236,23.753706240266034,17.723875596437267,0.36924740825910973,47.75204266085704,47.50587772201763,95.58866990827002,False
257,4,9-N1-4-B-035101,line_service,Mercey,Egl. St-Acheul,2026-04-08 10:53:05.000000000,2026-04-08 10:54:11.000000000,1.1,0.44351095510688016,24.191506642193463,18.04295332249385,0.3307874775790539,47.49198883312874,47.27146384807603,96.0321808633769,False
258,4,9-N1-4-B-035101,line_service,Egl. St-Acheul,L. de Luzarches,2026-04-08 10:54:41.000000000,2026-04-08 10:55:23.000000000,0.7,0.27740496861036323,23.777568738031135,17.74121336558846,0.20698082259853207,47.257574959187146,47.119587744121446,96.30958583198726,False
259,4,9-N1-4-B-035101,line_service,L. de Luzarches,Pinceau,2026-04-08 10:55:53.000000000,2026-04-08 10:57:22.000000000,1.4833333333333334,0.3431323580300078,13.879511111326158,11.004519972906111,0.27205618821906774,47.10569885523256,46.92432806308652,96.65271819001727,False
260,4,9-N1-4-B-035101,line_service,Pinceau,Caserne Dejean,2026-04-08 10:57:52.000000000,2026-04-08 10:59:39.000000000,1.7833333333333334,0.40589661587311254,13.656334739656122,10.861409934698443,0.32282523972575927,46.91043917419763,46.69522234771378,97.05861480589037,False
261,4,9-N1-4-B-035101,line_service,Caserne Dejean,Gare du Nord A,2026-04-08 11:00:09.000000000,2026-04-08 11:01:53.000000000,1.7333333333333334,0.3916364257160486,13.55664550555553,10.797585272349695,0.31193024120121343,46.681333458824895,46.47337996469075,97.45025123160643,False
262,4,9-N1-4-B-035101,line_service,Gare du Nord A,René Goblet,2026-04-08 11:02:23.000000000,2026-04-08 11:04:51.000000000,2.466666666666667,0.3279417105779169,7.976960527570951,7.309793127281074,0.3005137174548886,46.459491075801864,46.2591485974986,97.77819294218433,False
263,4,9-N1-4-B-035101,line_service,René Goblet,P. de Justice,2026-04-08 11:05:21.000000000,2026-04-08 11:06:15.000000000,0.9,0.2252173059067505,15.014487060450033,11.737285646721439,0.17605928470082158,46.24525970860971,46.127886852142495,98.0034102480911,False
264,4,9-N1-4-B-035101,line_service,P. de Justice,Dusevel,2026-04-08 11:06:45.000000000,2026-04-08 11:07:43.000000000,0.9666666666666667,0.2299992746993994,14.275817050307548,11.259425997860737,0.18140186329886743,46.1139979632536,45.99306338772102,98.2334095227905,False
265,4,9-N1-4-B-035101,line_service,Dusevel,Beffroi,2026-04-08 11:08:13.000000000,2026-04-08 11:09:14.000000000,1.0166666666666666,0.2188226139254244,12.914121477566031,10.387668565415401,0.1760132729139832,45.97917449883213,45.861832316889476,98.45223213671592,False
266,4,9-N1-4-B-035101,line_service,Beffroi,Place du Marché,2026-04-08 11:09:44.000000000,2026-04-08 11:10:38.000000000,0.9,0.18907722066752727,12.605148044501819,10.191420812679045,0.15287131219018568,45.84794342800058,45.7460292198738,98.64130935738345,False
267,4,9-N1-4-B-035101,line_service,Place du Marché,M. Culture B,2026-04-08 11:11:08.000000000,2026-04-08 11:11:53.000000000,0.75,0.17178613535708173,13.742890828566539,10.91687632541456,0.136460954067682,45.732140330984905,45.64116636160646,98.81309549274053,False
268,4,9-N1-4-B-035101,line_service,M. Culture B,Saint-Jacques,2026-04-08 11:12:23.000000000,2026-04-08 11:13:11.000000000,0.8,0.2918119105170466,21.885893288778494,16.385370113942585,0.2184716015192345,45.627277472717566,45.48162973837141,99.10490740325757,False
269,4,9-N1-4-B-035101,line_service,Saint-Jacques,Jean Jaurès,2026-04-08 11:13:41.000000000,2026-04-08 11:14:43.000000000,1.0333333333333334,0.3507042974526486,20.36347533596024,15.32020185396715,0.26384792081832315,45.46774084948252,45.29184223560364,99.45561170071024,False
270,4,9-N1-4-B-035101,line_service,Jean Jaurès,Zoo d'Amiens,2026-04-08 11:15:13.000000000,2026-04-08 11:16:25.000000000,1.2,0.40281609573225763,20.14080478661288,15.166246752306563,0.3033249350461313,45.27795334671475,45.075736723350666,99.85842779644248,False
271,4,9-N1-4-B-035101,line_service,Zoo d'Amiens,Egl. St-Firmin,2026-04-08 11:16:55.000000000,2026-04-08 11:18:00.000000000,1.0833333333333333,0.37638436041502576,20.845903038370658,15.655335649169396,0.2826657825544474,45.06184783446178,44.873403979425476,100.23481215685752,False
272,4,9-N1-4-B-035101,line_service,Egl. St-Firmin,Faubourg de Hem,2026-04-08 11:18:30.000000000,2026-04-08 11:19:23.000000000,0.8833333333333333,0.3007481358168622,20.428175263032152,15.365021453635112,0.22620726028962804,44.85951509053658,44.7087102503435,100.53556029267438,False
273,4,9-N1-4-B-035101,line_service,Faubourg de Hem,Espace Alliance,2026-04-08 11:19:53.000000000,2026-04-08 11:20:37.000000000,0.7333333333333333,0.24201898261847898,19.8015531233301,14.932558498063928,0.18250904830967024,44.69482136145461,44.573148662581495,100.77757927529285,False
274,4,9-N1-4-B-035101,line_service,Espace Alliance,Sully,2026-04-08 11:21:07.000000000,2026-04-08 11:22:38.000000000,1.5166666666666666,0.5124653653664172,20.273355113396722,15.257837425164176,0.38568422380276113,44.5592597736926,44.3021369578241,101.29004464065926,False
275,4,9-N1-4-B-035101,line_service,Sully,Place la Barre,2026-04-08 11:23:08.000000000,2026-04-08 11:24:53.000000000,1.75,0.5814235833007191,19.934522856024653,15.024028151252374,0.43820082107819425,44.28824806893521,43.99611418821642,101.87146822396,False
276,4,9-N1-4-B-035101,line_service,Place la Barre,La Fontaine,2026-04-08 11:25:23.000000000,2026-04-08 11:26:32.000000000,1.15,0.32116148117311843,16.75625119164096,12.879144765057834,0.24685027466360848,43.982225299327524,43.817658449551786,102.1926297051331,False
277,4,9-N1-4-B-035101,line_service,La Fontaine,Les Coursives,2026-04-08 11:27:02.000000000,2026-04-08 11:27:46.000000000,0.7333333333333333,0.23368404358993675,19.11960356644937,14.465925742583915,0.17680575907602564,43.8037695606629,43.68589905461221,102.42631374872305,False
278,4,9-N1-4-B-035101,line_service,Les Coursives,Languedoc,2026-04-08 11:28:16.000000000,2026-04-08 11:29:11.000000000,0.9166666666666666,0.2930331102299119,19.1803490332306,14.507325425441149,0.22163969399979536,43.67201016572332,43.52425036972345,102.71934685895295,False
279,4,9-N1-4-B-035101,line_service,Languedoc,Collège R.Parks,2026-04-08 11:29:41.000000000,2026-04-08 11:31:01.000000000,1.3333333333333333,0.3206006811443548,14.427030651495967,11.356954589578384,0.2523767686572974,43.51036148083456,43.3421103017297,103.0399475400973,False
280,4,9-N1-4-B-035101,line_service,Collège R.Parks,Martinique,2026-04-08 11:31:31.000000000,2026-04-08 11:32:25.000000000,0.9,0.27082614139471256,18.05507609298084,13.745538236155447,0.20618307354233173,43.328221412840804,43.19076603047925,103.31077368149202,False
281,4,9-N1-4-B-035101,line_service,Martinique,Etouvie Quai A,2026-04-08 11:32:55.000000000,2026-04-08 11:34:53.000000000,1.9666666666666666,0.27408690803195346,8.361973465381629,7.545927911989002,0.2473387482263062,43.17687714159037,43.01198464277283,103.58486058952397,False
282,5,9-N1-2-B-034901,line_service,Etouvie Quai A,Martinique,2026-04-08 11:34:53.000000000,2026-04-08 11:35:49.000000000,0.9333333333333333,0.2419015249612658,15.550812318938515,12.08656880128932,0.18801329246450055,43.01198464277283,42.8866424477965,103.82676211448525,False
283,5,9-N1-2-B-034901,line_service,Martinique,Collège R.Parks,2026-04-08 11:36:19.000000000,2026-04-08 11:37:26.000000000,1.1166666666666667,0.3307630000086095,17.77234029897006,13.555791611470482,0.2522883438801451,42.872753558907604,42.704561329654176,104.15752511449385,False
284,5,9-N1-2-B-034901,line_service,Collège R.Parks,Languedoc,2026-04-08 11:37:56.000000000,2026-04-08 11:39:10.000000000,1.2333333333333334,0.29681987678393196,14.439885897596689,11.365252764990835,0.23361908461370048,42.69067244076529,42.534926384356154,104.4543449912778,False
285,5,9-N1-2-B-034901,line_service,Languedoc,Les coursives,2026-04-08 11:39:40.000000000,2026-04-08 11:40:36.000000000,0.9333333333333333,0.297726462758007,19.139558320157594,14.479521904527621,0.22523700740376298,42.52103749546726,42.37087949053142,104.75207145403579,False
286,5,9-N1-2-B-034901,line_service,Les coursives,La Fontaine,2026-04-08 11:41:06.000000000,2026-04-08 11:41:51.000000000,0.75,0.22794980309080773,18.23598424726462,13.867291099605595,0.17334113874506996,42.35699060164253,42.24142984247915,104.98002125712661,False
287,5,9-N1-2-B-034901,line_service,La Fontaine,Place la Barre,2026-04-08 11:42:21.000000000,2026-04-08 11:43:22.000000000,1.0166666666666666,0.2788940733458619,16.459322361395127,12.68291694163475,0.2149049815110332,42.22754095359026,42.08427096591624,105.25891533047246,False
288,5,9-N1-2-B-034901,line_service,Place la Barre,Sully,2026-04-08 11:43:52.000000000,2026-04-08 11:45:26.000000000,1.5666666666666667,0.5529827646282706,21.178063326189086,15.887360880206767,0.4148366452053989,42.07038207702735,41.79382431355708,105.81189809510073,False
289,5,9-N1-2-B-034901,line_service,Sully,Espace Alliance,2026-04-08 11:45:56.000000000,2026-04-08 11:47:29.000000000,1.55,0.5412636534432308,20.952141423608936,15.729432196236612,0.4063436650694458,41.77993542466819,41.50903964795523,106.35316174854395,False
290,5,9-N1-2-B-034901,line_service,Espace Alliance,Faubourg de Hem,2026-04-08 11:47:59.000000000,2026-04-08 11:48:52.000000000,0.8833333333333333,0.3068484114845754,20.842533610273048,15.652987376486395,0.23044675859827193,41.495150759066334,41.34151958666749,106.66001016002852,False
291,5,9-N1-2-B-034901,line_service,Faubourg de Hem,Egl. St-Firmin,2026-04-08 11:49:22.000000000,2026-04-08 11:50:04.000000000,0.7,0.29644718539430037,25.409758748082893,18.942057390181887,0.220990669552122,41.327630697778595,41.18030358474385,106.95645734542282,False
292,5,9-N1-2-B-034901,line_service,Egl. St-Firmin,Zoo d'Amiens,2026-04-08 11:50:34.000000000,2026-04-08 11:51:30.000000000,0.9333333333333333,0.3979625757415526,25.58330844052838,19.07151843294624,0.2966680645124971,41.16641469585496,40.968635986179955,107.35441992116438,False
293,5,9-N1-2-B-034901,line_service,Zoo d'Amiens,Jean Jaurès,2026-04-08 11:52:00.000000000,2026-04-08 11:52:56.000000000,0.9333333333333333,0.38776459722543666,24.9277241073495,18.58429760190798,0.28908907380745746,40.95474709729107,40.7620210480861,107.7421845183898,False
294,5,9-N1-2-B-034901,line_service,Jean Jaurès,Saint-Jacques,2026-04-08 11:53:26.000000000,2026-04-08 11:54:19.000000000,0.8833333333333333,0.3538188673320645,24.032979667838347,17.927174140413598,0.2639278415116446,40.748132159197205,40.57218026485611,108.09600338572189,False
295,5,9-N1-2-B-034901,line_service,Saint-Jacques,M. Culture A,2026-04-08 11:54:49.000000000,2026-04-08 11:55:22.000000000,0.55,0.24280373751186532,26.487680455839854,19.75186842032748,0.1810587938530019,40.558291375967215,40.437585513398545,108.33880712323374,False
296,5,9-N1-2-B-034901,line_service,M. Culture A,Hôtel de Ville,2026-04-08 11:55:52.000000000,2026-04-08 11:57:52.000000000,2.0,0.29674165114956036,8.90224953448681,7.878244573638238,0.26260815245460795,40.42369662450965,40.24862452287324,108.6355487743833,False
297,5,9-N1-2-B-034901,line_service,Hôtel de Ville,Jacobins,2026-04-08 11:58:22.000000000,2026-04-08 11:59:19.000000000,0.95,0.22829410594169391,14.418575112106984,11.351497055087,0.17973203670554416,40.23473563398435,40.114914276180656,108.86384288032498,False
298,5,9-N1-2-B-034901,line_service,Jacobins,Emile Zola,2026-04-08 11:59:49.000000000,2026-04-08 12:01:10.000000000,1.35,0.32611241962366005,14.493885316607114,11.400121734172236,0.2565027390188753,40.10102538729177,39.930023561279185,109.18995529994865,False
299,5,9-N1-2-B-034901,line_service,Emile Zola,Gare du Nord B,2026-04-08 12:01:40.000000000,2026-04-08 12:04:22.000000000,2.7,0.35548637357572055,7.899697190571568,7.2624718685315655,0.32681123408392043,39.91613467239029,39.69826051633435,109.54544167352437,False
300,5,9-N1-2-B-034901,line_service,Gare du Nord B,Caserne Dejean,2026-04-08 12:04:52.000000000,2026-04-08 12:06:25.000000000,1.55,0.3681948881034494,14.252705345939976,11.244532705520063,0.2904837615592683,39.68437162744546,39.49071578640595,109.91363656162783,False
301,5,9-N1-2-B-034901,line_service,Caserne Dejean,Pinceau,2026-04-08 12:06:55.000000000,2026-04-08 12:08:27.000000000,1.5333333333333334,0.35537552735134686,13.905998896357051,11.021525823010094,0.28166121547692463,39.47682689751706,39.289052753865775,110.26901208897917,False
302,5,9-N1-2-B-034901,line_service,Pinceau,L. de Luzarches,2026-04-08 12:08:57.000000000,2026-04-08 12:10:52.000000000,1.9166666666666667,0.44705548624280317,13.994780438905144,11.07855830186122,0.3538983901983445,39.27516386497688,39.03923160484465,110.71606757522197,False
303,5,9-N1-2-B-034901,line_service,L. de Luzarches,Egl. St-Acheul,2026-04-08 12:11:22.000000000,2026-04-08 12:12:02.000000000,0.6666666666666666,0.3248685267650074,29.238167408850664,21.88298673915759,0.24314429710175098,39.02534271595576,38.86324651788793,111.04093610198699,False
304,5,9-N1-2-B-034901,line_service,Egl. St-Acheul,Mercey,2026-04-08 12:12:32.000000000,2026-04-08 12:13:27.000000000,0.9166666666666666,0.45179666905185245,29.572145610666706,22.148418284070946,0.33837861267330616,38.84935762899904,38.623771887216826,111.49273277103883,False
305,5,9-N1-2-B-034901,line_service,Mercey,Sobo,2026-04-08 12:13:57.000000000,2026-04-08 12:14:56.000000000,0.9833333333333333,0.4818036462949089,29.398188587485965,22.009978589942314,0.36071909355738796,38.60988299832794,38.36940360262301,111.97453641733374,False
306,5,9-N1-2-B-034901,line_service,Sobo,Pont de l'Avre,2026-04-08 12:15:26.000000000,2026-04-08 12:16:52.000000000,1.4333333333333333,0.7075852717526405,29.61984858499426,22.18645260081327,0.530009701019428,38.35551471373412,38.002174913054496,112.68212168908639,False
307,5,9-N1-2-B-034901,line_service,Pont de l'Avre,Cité du Château,2026-04-08 12:17:22.000000000,2026-04-08 12:18:04.000000000,0.7,0.2966141068969825,25.424066305455643,18.952717051821182,0.22111503227124713,37.98828602416561,37.84087600265145,112.97873579598337,False
308,5,9-N1-2-B-034901,line_service,Cité du Château,La Rose Rouge,2026-04-08 12:18:34.000000000,2026-04-08 12:19:22.000000000,0.8,0.3329543642312839,24.97157731734629,18.61673519188507,0.24822313589180092,37.826987113762556,37.66150502316802,113.31169016021465,False
309,5,9-N1-2-B-034901,line_service,La Rose Rouge,Poidevin,2026-04-08 12:19:52.000000000,2026-04-08 12:20:23.000000000,0.5166666666666667,0.2251396338173497,26.145247798143835,19.493118954380797,0.1678574132182791,37.647616134279126,37.535711192133604,113.536829794032,False
310,5,9-N1-2-B-034901,line_service,Poidevin,M. de Longueau,2026-04-08 12:20:53.000000000,2026-04-08 12:21:37.000000000,0.7333333333333333,0.3145014195772681,25.731934329049206,19.182665796909017,0.23445480418444353,37.52182230324471,37.36551910045508,113.85133121360927,False
311,5,9-N1-2-B-034901,line_service,M. de Longueau,La Fourche,2026-04-08 12:22:07.000000000,2026-04-08 12:22:44.000000000,0.6166666666666667,0.25663398574137214,24.96979320726864,18.615415085336245,0.19132509948817805,37.35163021156619,37.224080145240734,114.10796519935064,False
312,5,9-N1-2-B-034901,line_service,La Fourche,Croix de Fer,2026-04-08 12:23:14.000000000,2026-04-08 12:24:52.000000000,1.6333333333333333,0.6510902221706201,23.91759999810441,17.84308013403265,0.4857282925375555,37.21019125635184,36.886372394660135,114.75905542152127,False
313,5,9-N1-2-B-034901,line_service,Croix de Fer,C. Cial Glisy,2026-04-08 12:25:22.000000000,2026-04-08 12:27:44.000000000,2.3666666666666667,0.70341712703917,17.833110262964873,13.596520036751444,0.5363071792274181,36.87248350577125,36.5149453862863,115.46247254856043,False
314,5,9-N1-2-B-034901,line_service,C. Cial Glisy,Capitaine Nemo,2026-04-08 12:28:14.000000000,2026-04-08 12:28:42.000000000,0.4666666666666667,0.13672688382470435,17.57917077746199,13.426525887753735,0.10442853468252905,36.501056497397414,36.43143747427573,115.59919943238513,False
315,5,9-N1-2-B-034901,line_service,Capitaine Nemo,Pôle J. Verne,2026-04-08 12:29:12.000000000,2026-04-08 12:31:22.000000000,2.1666666666666665,0.3234478124594319,8.957016345030421,7.911995684014775,0.2857109552560891,36.41754858538684,36.22707461521612,115.92264724484457,False
316,5,9-N1-4-B-035101,line_service,Pôle J. Verne,Capitaine Nemo,2026-04-08 12:31:52.000000000,2026-04-08 12:33:03.000000000,1.1833333333333333,0.3340181708930427,16.93613260866132,12.998346897480362,0.25635628603364047,36.213185726327225,36.04228153563813,116.25666541573761,False
317,5,9-N1-4-B-035101,line_service,Capitaine Nemo,C. Cial Glisy,2026-04-08 12:33:33.000000000,2026-04-08 12:33:54.000000000,0.35,0.12291799931516653,21.07165702545712,15.812917585812425,0.09224201925057249,36.02839264674924,35.966897967248855,116.37958341505278,False
318,5,9-N1-4-B-035101,line_service,C. Cial Glisy,Croix de Fer,2026-04-08 12:34:24.000000000,2026-04-08 12:36:51.000000000,2.45,0.6859620842301216,16.79907145053359,12.9074980317801,0.5270561696310208,35.95300907835997,35.60163829860595,117.0655454992829,False
319,5,9-N1-4-B-035101,line_service,Croix de Fer,La Fourche,2026-04-08 12:37:21.000000000,2026-04-08 12:39:09.000000000,1.8,0.7465227463047002,24.88409154349001,18.55204485821827,0.5565613457465481,35.58774940971706,35.2167085125527,117.81206824558761,False
320,5,9-N1-4-B-035101,line_service,La Fourche,M. de Longueau,2026-04-08 12:39:39.000000000,2026-04-08 12:40:11.000000000,0.5333333333333333,0.23645430499839581,26.60110931231953,19.837888242149457,0.17633678437466183,35.2028196236638,35.08526176741404,118.048522550586,False
321,5,9-N1-4-B-035101,line_service,M. de Longueau,Poidevin,2026-04-08 12:40:41.000000000,2026-04-08 12:41:14.000000000,0.55,0.23823148868252741,25.98888967445754,19.375436167720004,0.1776081648707667,35.07137287852514,34.952967435277955,118.28675403926853,False
322,5,9-N1-4-B-035101,line_service,Poidevin,La Rose Rouge,2026-04-08 12:41:44.000000000,2026-04-08 12:42:23.000000000,0.65,0.2830530932557657,26.127977838993758,19.480106487676945,0.2110344869498336,34.93907854638907,34.79838888842252,118.56980713252429,False
323,5,9-N1-4-B-035101,line_service,La Rose Rouge,Cité du Château,2026-04-08 12:42:53.000000000,2026-04-08 12:43:45.000000000,0.8666666666666667,0.38252636844861737,26.482594738750432,19.74801525501541,0.28524910923911145,34.78449999953362,34.59433392670755,118.95233350097291,False
324,5,9-N1-4-B-035101,line_service,Cité du Château,Pont de l'Avre,2026-04-08 12:44:15.000000000,2026-04-08 12:44:51.000000000,0.6,0.25904003764462646,25.904003764462647,19.3116680021364,0.193116680021364,34.58044503781866,34.451700584471084,119.21137353861752,False
325,5,9-N1-4-B-035101,line_service,Pont de l'Avre,Sobo,2026-04-08 12:45:21.000000000,2026-04-08 12:47:18.000000000,1.95,0.7786426370279388,23.95823498547504,17.87268022597897,0.5808621073443166,34.4378116955822,34.05057029068598,119.99001617564547,False
326,5,9-N1-4-B-035101,line_service,Sobo,Mercey,2026-04-08 12:47:48.000000000,2026-04-08 12:49:03.000000000,1.25,0.49486888000554236,23.753706240266034,17.723875596437267,0.36924740825910973,34.0366814017971,33.79051646295768,120.484885055651,False
327,5,9-N1-4-B-035101,line_service,Mercey,Egl. St-Acheul,2026-04-08 12:49:33.000000000,2026-04-08 12:50:39.000000000,1.1,0.44351095510688016,24.191506642193463,18.04295332249385,0.3307874775790539,33.7766275740688,33.55610258901609,120.92839601075788,False
328,5,9-N1-4-B-035101,line_service,Egl. St-Acheul,L. de Luzarches,2026-04-08 12:51:09.000000000,2026-04-08 12:51:51.000000000,0.7,0.27740496861036323,23.777568738031135,17.74121336558846,0.20698082259853207,33.542213700127206,33.4042264850615,121.20580097936825,False
329,5,9-N1-4-B-035101,line_service,L. de Luzarches,Pinceau,2026-04-08 12:52:21.000000000,2026-04-08 12:53:50.000000000,1.4833333333333334,0.3431323580300078,13.879511111326158,11.004519972906111,0.27205618821906774,33.390337596172614,33.20896680402657,121.54893333739825,False
330,5,9-N1-4-B-035101,line_service,Pinceau,Caserne Dejean,2026-04-08 12:54:20.000000000,2026-04-08 12:56:07.000000000,1.7833333333333334,0.40589661587311254,13.656334739656122,10.861409934698443,0.32282523972575927,33.19507791513769,32.979861088653834,121.95482995327136,False
331,5,9-N1-4-B-035101,line_service,Caserne Dejean,Gare du Nord A,2026-04-08 12:56:37.000000000,2026-04-08 12:58:21.000000000,1.7333333333333334,0.3916364257160486,13.55664550555553,10.797585272349695,0.31193024120121343,32.96597219976495,32.7580187056308,122.3464663789874,False
332,5,9-N1-4-B-035101,line_service,Gare du Nord A,René Goblet,2026-04-08 12:58:51.000000000,2026-04-08 13:01:19.000000000,2.466666666666667,0.3279417105779169,7.976960527570951,7.309793127281074,0.3005137174548886,32.74412981674192,32.54378733843866,122.67440808956532,False
333,5,9-N1-4-B-035101,line_service,René Goblet,P. de Justice,2026-04-08 13:01:49.000000000,2026-04-08 13:02:43.000000000,0.9,0.2252173059067505,15.014487060450033,11.737285646721439,0.17605928470082158,32.52989844954976,32.41252559308255,122.89962539547207,False
334,5,9-N1-4-B-035101,line_service,P. de Justice,Dusevel,2026-04-08 13:03:13.000000000,2026-04-08 13:04:11.000000000,0.9666666666666667,0.2299992746993994,14.275817050307548,11.259425997860737,0.18140186329886743,32.39863670419366,32.277702128661076,123.12962467017147,False
335,5,9-N1-4-B-035101,line_service,Dusevel,Beffroi,2026-04-08 13:04:41.000000000,2026-04-08 13:05:42.000000000,1.0166666666666666,0.2188226139254244,12.914121477566031,10.387668565415401,0.1760132729139832,32.26381323977219,32.14647105782953,123.34844728409689,False
336,5,9-N1-4-B-035101,line_service,Beffroi,Place du Marché,2026-04-08 13:06:12.000000000,2026-04-08 13:07:06.000000000,0.9,0.18907722066752727,12.605148044501819,10.191420812679045,0.15287131219018568,32.132582168940644,32.03066796081386,123.53752450476443,False
337,5,9-N1-4-B-035101,line_service,Place du Marché,M. Culture B,2026-04-08 13:07:36.000000000,2026-04-08 13:08:21.000000000,0.75,0.17178613535708173,13.742890828566539,10.91687632541456,0.136460954067682,32.01677907192496,31.925805102546505,123.7093106401215,False
338,5,9-N1-4-B-035101,line_service,M. Culture B,Saint-Jacques,2026-04-08 13:08:51.000000000,2026-04-08 13:09:39.000000000,0.8,0.2918119105170466,21.885893288778494,16.385370113942585,0.2184716015192345,31.91191621365762,31.766268479311464,124.00112255063856,False
339,5,9-N1-4-B-035101,line_service,Saint-Jacques,Jean Jaurès,2026-04-08 13:10:09.000000000,2026-04-08 13:11:11.000000000,1.0333333333333334,0.3507042974526486,20.36347533596024,15.32020185396715,0.26384792081832315,31.752379590422578,31.576480976543692,124.3518268480912,False
340,5,9-N1-4-B-035101,line_service,Jean Jaurès,Zoo d'Amiens,2026-04-08 13:11:41.000000000,2026-04-08 13:12:53.000000000,1.2,0.40281609573225763,20.14080478661288,15.166246752306563,0.3033249350461313,31.562592087654807,31.360375464290726,124.75464294382347,False
341,5,9-N1-4-B-035101,line_service,Zoo d'Amiens,Egl. St-Firmin,2026-04-08 13:13:23.000000000,2026-04-08 13:14:28.000000000,1.0833333333333333,0.37638436041502576,20.845903038370658,15.655335649169396,0.2826657825544474,31.346486575401826,31.15804272036553,125.1310273042385,False
342,5,9-N1-4-B-035101,line_service,Egl. St-Firmin,Faubourg de Hem,2026-04-08 13:14:58.000000000,2026-04-08 13:15:51.000000000,0.8833333333333333,0.3007481358168622,20.428175263032152,15.365021453635112,0.22620726028962804,31.144153831476643,30.993348991283554,125.43177544005535,False
343,5,9-N1-4-B-035101,line_service,Faubourg de Hem,Espace Alliance,2026-04-08 13:16:21.000000000,2026-04-08 13:17:05.000000000,0.7333333333333333,0.24201898261847898,19.8015531233301,14.932558498063928,0.18250904830967024,30.97946010239467,30.857787403521556,125.67379442267384,False
344,5,9-N1-4-B-035101,line_service,Espace Alliance,Sully,2026-04-08 13:17:35.000000000,2026-04-08 13:19:06.000000000,1.5166666666666666,0.5124653653664172,20.273355113396722,15.257837425164176,0.38568422380276113,30.843898514632656,30.586775698764157,126.18625978804025,False
345,5,9-N1-4-B-035101,line_service,Sully,Place la Barre,2026-04-08 13:19:36.000000000,2026-04-08 13:21:21.000000000,1.75,0.5814235833007191,19.934522856024653,15.024028151252374,0.43820082107819425,30.57288680987527,30.280752929156478,126.76768337134098,False
346,5,9-N1-4-B-035101,line_service,Place la Barre,La Fontaine,2026-04-08 13:21:51.000000000,2026-04-08 13:23:00.000000000,1.15,0.32116148117311843,16.75625119164096,12.879144765057834,0.24685027466360848,30.266864040267578,30.10229719049184,127.08884485251409,False
347,5,9-N1-4-B-035101,line_service,La Fontaine,Les Coursives,2026-04-08 13:23:30.000000000,2026-04-08 13:24:14.000000000,0.7333333333333333,0.23368404358993675,19.11960356644937,14.465925742583915,0.17680575907602564,30.088408301602954,29.97053779555226,127.32252889610402,False
348,5,9-N1-4-B-035101,line_service,Les Coursives,Languedoc,2026-04-08 13:24:44.000000000,2026-04-08 13:25:39.000000000,0.9166666666666666,0.2930331102299119,19.1803490332306,14.507325425441149,0.22163969399979536,29.956648906663375,29.8088891106635,127.61556200633393,False
349,5,9-N1-4-B-035101,line_service,Languedoc,Collège R.Parks,2026-04-08 13:26:09.000000000,2026-04-08 13:27:29.000000000,1.3333333333333333,0.3206006811443548,14.427030651495967,11.356954589578384,0.2523767686572974,29.795000221774615,29.626749042669758,127.93616268747829,False
350,5,9-N1-4-B-035101,line_service,Collège R.Parks,Martinique,2026-04-08 13:27:59.000000000,2026-04-08 13:28:53.000000000,0.9,0.27082614139471256,18.05507609298084,13.745538236155447,0.20618307354233173,29.612860153780858,29.475404771419306,128.206988828873,False
351,5,9-N1-4-B-035101,line_service,Martinique,Etouvie Quai A,2026-04-08 13:29:23.000000000,2026-04-08 13:31:21.000000000,1.9666666666666666,0.27408690803195346,8.361973465381629,7.545927911989002,0.2473387482263062,29.46151588253042,29.296623383712884,128.48107573690496,False
352,6,9-N1-2-B-034901,line_service,Etouvie Quai A,Martinique,2026-04-08 13:31:21.000000000,2026-04-08 13:32:17.000000000,0.9333333333333333,0.2419015249612658,15.550812318938515,12.08656880128932,0.18801329246450055,29.296623383712884,29.171281188736558,128.72297726186622,False
353,6,9-N1-2-B-034901,line_service,Martinique,Collège R.Parks,2026-04-08 13:32:47.000000000,2026-04-08 13:33:54.000000000,1.1166666666666667,0.3307630000086095,17.77234029897006,13.555791611470482,0.2522883438801451,29.157392299847658,28.989200070594237,129.05374026187482,False
354,6,9-N1-2-B-034901,line_service,Collège R.Parks,Languedoc,2026-04-08 13:34:24.000000000,2026-04-08 13:35:38.000000000,1.2333333333333334,0.29681987678393196,14.439885897596689,11.365252764990835,0.23361908461370048,28.975311181705337,28.819565125296208,129.35056013865878,False
355,6,9-N1-2-B-034901,line_service,Languedoc,Les coursives,2026-04-08 13:36:08.000000000,2026-04-08 13:37:04.000000000,0.9333333333333333,0.297726462758007,19.139558320157594,14.479521904527621,0.22523700740376298,28.805676236407322,28.655518231471476,129.64828660141677,False
356,6,9-N1-2-B-034901,line_service,Les coursives,La Fontaine,2026-04-08 13:37:34.000000000,2026-04-08 13:38:19.000000000,0.75,0.22794980309080773,18.23598424726462,13.867291099605595,0.17334113874506996,28.64162934258259,28.526068583419203,129.87623640450758,False
357,6,9-N1-2-B-034901,line_service,La Fontaine,Place la Barre,2026-04-08 13:38:49.000000000,2026-04-08 13:39:50.000000000,1.0166666666666666,0.2788940733458619,16.459322361395127,12.68291694163475,0.2149049815110332,28.512179694530317,28.3689097068563,130.15513047785345,False
358,6,9-N1-2-B-034901,line_service,Place la Barre,Sully,2026-04-08 13:40:20.000000000,2026-04-08 13:41:54.000000000,1.5666666666666667,0.5529827646282706,21.178063326189086,15.887360880206767,0.4148366452053989,28.3550208179674,28.078463054497135,130.70811324248172,False
359,6,9-N1-2-B-034901,line_service,Sully,Espace Alliance,2026-04-08 13:42:24.000000000,2026-04-08 13:43:57.000000000,1.55,0.5412636534432308,20.952141423608936,15.729432196236612,0.4063436650694458,28.06457416560825,27.793678388895287,131.24937689592494,False
360,6,9-N1-2-B-034901,line_service,Espace Alliance,Faubourg de Hem,2026-04-08 13:44:27.000000000,2026-04-08 13:45:20.000000000,0.8833333333333333,0.3068484114845754,20.842533610273048,15.652987376486395,0.23044675859827193,27.779789500006387,27.62615832760754,131.5562253074095,False
361,6,9-N1-2-B-034901,line_service,Faubourg de Hem,Egl. St-Firmin,2026-04-08 13:45:50.000000000,2026-04-08 13:46:32.000000000,0.7,0.29644718539430037,25.409758748082893,18.942057390181887,0.220990669552122,27.612269438718656,27.464942325683907,131.8526724928038,False
362,6,9-N1-2-B-034901,line_service,Egl. St-Firmin,Zoo d'Amiens,2026-04-08 13:47:02.000000000,2026-04-08 13:47:58.000000000,0.9333333333333333,0.3979625757415526,25.58330844052838,19.07151843294624,0.2966680645124971,27.451053436795007,27.253274727120015,132.25063506854536,False
363,6,9-N1-2-B-034901,line_service,Zoo d'Amiens,Jean Jaurès,2026-04-08 13:48:28.000000000,2026-04-08 13:49:24.000000000,0.9333333333333333,0.38776459722543666,24.9277241073495,18.58429760190798,0.28908907380745746,27.23938583823113,27.04665978902615,132.63839966577078,False
364,6,9-N1-2-B-034901,line_service,Jean Jaurès,Saint-Jacques,2026-04-08 13:49:54.000000000,2026-04-08 13:50:47.000000000,0.8833333333333333,0.3538188673320645,24.032979667838347,17.927174140413598,0.2639278415116446,27.032770900137265,26.85681900579617,132.99221853310286,False
365,6,9-N1-2-B-034901,line_service,Saint-Jacques,M. Culture A,2026-04-08 13:51:17.000000000,2026-04-08 13:51:50.000000000,0.55,0.24280373751186532,26.487680455839854,19.75186842032748,0.1810587938530019,26.84293011690727,26.7222242543386,133.2350222706147,False
366,6,9-N1-2-B-034901,line_service,M. Culture A,Hôtel de Ville,2026-04-08 13:52:20.000000000,2026-04-08 13:54:20.000000000,2.0,0.29674165114956036,8.90224953448681,7.878244573638238,0.26260815245460795,26.708335365449713,26.533263263813296,133.53176392176428,False
367,6,9-N1-2-B-034901,line_service,Hôtel de Ville,Jacobins,2026-04-08 13:54:50.000000000,2026-04-08 13:55:47.000000000,0.95,0.22829410594169391,14.418575112106984,11.351497055087,0.17973203670554416,26.51937437492441,26.39955301712071,133.76005802770595,False
368,6,9-N1-2-B-034901,line_service,Jacobins,Emile Zola,2026-04-08 13:56:17.000000000,2026-04-08 13:57:38.000000000,1.35,0.32611241962366005,14.493885316607114,11.400121734172236,0.2565027390188753,26.385664128231824,26.21466230221924,134.0861704473296,False
369,6,9-N1-2-B-034901,line_service,Emile Zola,Gare du Nord B,2026-04-08 13:58:08.000000000,2026-04-08 14:00:50.000000000,2.7,0.35548637357572055,7.899697190571568,7.2624718685315655,0.32681123408392043,26.200773413330353,25.98289925727441,134.44165682090534,False
370,6,9-N1-2-B-034901,line_service,Gare du Nord B,Caserne Dejean,2026-04-08 14:01:20.000000000,2026-04-08 14:02:53.000000000,1.55,0.3681948881034494,14.252705345939976,11.244532705520063,0.2904837615592683,25.96901036838551,25.77535452734601,134.8098517090088,False
371,6,9-N1-2-B-034901,line_service,Caserne Dejean,Pinceau,2026-04-08 14:03:23.000000000,2026-04-08 14:04:55.000000000,1.5333333333333334,0.35537552735134686,13.905998896357051,11.021525823010094,0.28166121547692463,25.76146563845711,25.57369149480583,135.16522723636012,False
372,6,9-N1-2-B-034901,line_service,Pinceau,L. de Luzarches,2026-04-08 14:05:25.000000000,2026-04-08 14:07:20.000000000,1.9166666666666667,0.44705548624280317,13.994780438905144,11.07855830186122,0.3538983901983445,25.559802605916943,25.323870345784698,135.61228272260294,False
373,6,9-N1-2-B-034901,line_service,L. de Luzarches,Egl. St-Acheul,2026-04-08 14:07:50.000000000,2026-04-08 14:08:30.000000000,0.6666666666666666,0.3248685267650074,29.238167408850664,21.88298673915759,0.24314429710175098,25.309981456895812,25.147885258827984,135.93715124936796,False
374,6,9-N1-2-B-034901,line_service,Egl. St-Acheul,Mercey,2026-04-08 14:09:00.000000000,2026-04-08 14:09:55.000000000,0.9166666666666666,0.45179666905185245,29.572145610666706,22.148418284070946,0.33837861267330616,25.133996369939098,24.908410628156886,136.3889479184198,False
375,6,9-N1-2-B-034901,line_service,Mercey,Sobo,2026-04-08 14:10:25.000000000,2026-04-08 14:11:24.000000000,0.9833333333333333,0.4818036462949089,29.398188587485965,22.009978589942314,0.36071909355738796,24.894521739268,24.654042343563063,136.8707515647147,False
376,6,9-N1-2-B-034901,line_service,Sobo,Pont de l'Avre,2026-04-08 14:11:54.000000000,2026-04-08 14:13:20.000000000,1.4333333333333333,0.7075852717526405,29.61984858499426,22.18645260081327,0.530009701019428,24.640153454674177,24.286813653994557,137.57833683646734,False
377,6,9-N1-2-B-034901,line_service,Pont de l'Avre,Cité du Château,2026-04-08 14:13:50.000000000,2026-04-08 14:14:32.000000000,0.7,0.2966141068969825,25.424066305455643,18.952717051821182,0.22111503227124713,24.272924765105657,24.12551474359151,137.87495094336433,False
378,6,9-N1-2-B-034901,line_service,Cité du Château,La Rose Rouge,2026-04-08 14:15:02.000000000,2026-04-08 14:15:50.000000000,0.8,0.3329543642312839,24.97157731734629,18.61673519188507,0.24822313589180092,24.11162585470261,23.946143764108072,138.2079053075956,False
379,6,9-N1-2-B-034901,line_service,La Rose Rouge,Poidevin,2026-04-08 14:16:20.000000000,2026-04-08 14:16:51.000000000,0.5166666666666667,0.2251396338173497,26.145247798143835,19.493118954380797,0.1678574132182791,23.932254875219186,23.820349933073658,138.43304494141296,False
380,6,9-N1-2-B-034901,line_service,Poidevin,M. de Longueau,2026-04-08 14:17:21.000000000,2026-04-08 14:18:05.000000000,0.7333333333333333,0.3145014195772681,25.731934329049206,19.182665796909017,0.23445480418444353,23.806461044184772,23.650157841395142,138.74754636099024,False
381,6,9-N1-2-B-034901,line_service,M. de Longueau,La Fourche,2026-04-08 14:18:35.000000000,2026-04-08 14:19:12.000000000,0.6166666666666667,0.25663398574137214,24.96979320726864,18.615415085336245,0.19132509948817805,23.636268952506242,23.508718886180787,139.00418034673163,False
382,6,9-N1-2-B-034901,line_service,La Fourche,Croix de Fer,2026-04-08 14:19:42.000000000,2026-04-08 14:21:20.000000000,1.6333333333333333,0.6510902221706201,23.91759999810441,17.84308013403265,0.4857282925375555,23.4948299972919,23.171011135600196,139.65527056890227,False
383,6,9-N1-2-B-034901,line_service,Croix de Fer,C. Cial Glisy,2026-04-08 14:21:50.000000000,2026-04-08 14:24:12.000000000,2.3666666666666667,0.70341712703917,17.833110262964873,13.596520036751444,0.5363071792274181,23.15712224671131,22.799584127226353,140.35868769594143,False
384,6,9-N1-2-B-034901,line_service,C. Cial Glisy,Capitaine Nemo,2026-04-08 14:24:42.000000000,2026-04-08 14:25:10.000000000,0.4666666666666667,0.13672688382470435,17.57917077746199,13.426525887753735,0.10442853468252905,22.785695238337468,22.716076215215793,140.49541457976613,False
385,6,9-N1-2-B-034901,line_service,Capitaine Nemo,Pôle J. Verne,2026-04-08 14:25:40.000000000,2026-04-08 14:27:50.000000000,2.1666666666666665,0.3234478124594319,8.957016345030421,7.911995684014775,0.2857109552560891,22.702187326326893,22.511713356156164,140.81886239222555,False
386,6,9-N1-4-B-035101,line_service,Pôle J. Verne,Capitaine Nemo,2026-04-08 14:28:20.000000000,2026-04-08 14:29:31.000000000,1.1833333333333333,0.3340181708930427,16.93613260866132,12.998346897480362,0.25635628603364047,22.49782446726728,22.326920276578193,141.1528805631186,False
387,6,9-N1-4-B-035101,line_service,Capitaine Nemo,C. Cial Glisy,2026-04-08 14:30:01.000000000,2026-04-08 14:30:22.000000000,0.35,0.12291799931516653,21.07165702545712,15.812917585812425,0.09224201925057249,22.313031387689293,22.251536708188908,141.27579856243378,False
388,6,9-N1-4-B-035101,line_service,C. Cial Glisy,Croix de Fer,2026-04-08 14:30:52.000000000,2026-04-08 14:33:19.000000000,2.45,0.6859620842301216,16.79907145053359,12.9074980317801,0.5270561696310208,22.237647819300022,21.886277039546016,141.9617606466639,False
389,6,9-N1-4-B-035101,line_service,Croix de Fer,La Fourche,2026-04-08 14:33:49.000000000,2026-04-08 14:35:37.000000000,1.8,0.7465227463047002,24.88409154349001,18.55204485821827,0.5565613457465481,21.872388150657116,21.501347253492753,142.70828339296858,False
390,6,9-N1-4-B-035101,line_service,La Fourche,M. de Longueau,2026-04-08 14:36:07.000000000,2026-04-08 14:36:39.000000000,0.5333333333333333,0.23645430499839581,26.60110931231953,19.837888242149457,0.17633678437466183,21.487458364603867,21.369900508354092,142.94473769796699,False
391,6,9-N1-4-B-035101,line_service,M. de Longueau,Poidevin,2026-04-08 14:37:09.000000000,2026-04-08 14:37:42.000000000,0.55,0.23823148868252741,25.98888967445754,19.375436167720004,0.1776081648707667,21.356011619465193,21.23760617621801,143.1829691866495,False
392,6,9-N1-4-B-035101,line_service,Poidevin,La Rose Rouge,2026-04-08 14:38:12.000000000,2026-04-08 14:38:51.000000000,0.65,0.2830530932557657,26.127977838993758,19.480106487676945,0.2110344869498336,21.223717287329123,21.083027629362576,143.46602227990527,False
393,6,9-N1-4-B-035101,line_service,La Rose Rouge,Cité du Château,2026-04-08 14:39:21.000000000,2026-04-08 14:40:13.000000000,0.8666666666666667,0.38252636844861737,26.482594738750432,19.74801525501541,0.28524910923911145,21.069138740473676,20.878972667647616,143.8485486483539,False
394,6,9-N1-4-B-035101,line_service,Cité du Château,Pont de l'Avre,2026-04-08 14:40:43.000000000,2026-04-08 14:41:19.000000000,0.6,0.25904003764462646,25.904003764462647,19.3116680021364,0.193116680021364,20.865083778758716,20.73633932541115,144.1075886859985,False
395,6,9-N1-4-B-035101,line_service,Pont de l'Avre,Sobo,2026-04-08 14:41:49.000000000,2026-04-08 14:43:46.000000000,1.95,0.7786426370279388,23.95823498547504,17.87268022597897,0.5808621073443166,20.72245043652225,20.33520903162605,144.88623132302646,False
396,6,9-N1-4-B-035101,line_service,Sobo,Mercey,2026-04-08 14:44:16.000000000,2026-04-08 14:45:31.000000000,1.25,0.49486888000554236,23.753706240266034,17.723875596437267,0.36924740825910973,20.32132014273715,20.075155203897737,145.38110020303202,False
397,6,9-N1-4-B-035101,line_service,Mercey,Egl. St-Acheul,2026-04-08 14:46:01.000000000,2026-04-08 14:47:07.000000000,1.1,0.44351095510688016,24.191506642193463,18.04295332249385,0.3307874775790539,20.06126631500885,19.840741329956145,145.8246111581389,False
398,6,9-N1-4-B-035101,line_service,Egl. St-Acheul,L. de Luzarches,2026-04-08 14:47:37.000000000,2026-04-08 14:48:19.000000000,0.7,0.27740496861036323,23.777568738031135,17.74121336558846,0.20698082259853207,19.82685244106726,19.688865226001568,146.10201612674925,False
399,6,9-N1-4-B-035101,line_service,L. de Luzarches,Pinceau,2026-04-08 14:48:49.000000000,2026-04-08 14:50:18.000000000,1.4833333333333334,0.3431323580300078,13.879511111326158,11.004519972906111,0.27205618821906774,19.674976337112668,19.493605544966627,146.44514848477925,False
400,6,9-N1-4-B-035101,line_service,Pinceau,Caserne Dejean,2026-04-08 14:50:48.000000000,2026-04-08 14:52:35.000000000,1.7833333333333334,0.40589661587311254,13.656334739656122,10.861409934698443,0.32282523972575927,19.47971665607774,19.264499829593902,146.85104510065239,False
401,6,9-N1-4-B-035101,line_service,Caserne Dejean,Gare du Nord A,2026-04-08 14:53:05.000000000,2026-04-08 14:54:49.000000000,1.7333333333333334,0.3916364257160486,13.55664550555553,10.797585272349695,0.31193024120121343,19.250610940705002,19.04265744657087,147.24268152636841,False
402,6,9-N1-4-B-035101,line_service,Gare du Nord A,René Goblet,2026-04-08 14:55:19.000000000,2026-04-08 14:57:47.000000000,2.466666666666667,0.3279417105779169,7.976960527570951,7.309793127281074,0.3005137174548886,19.02876855768197,18.828426079378715,147.57062323694635,False
403,6,9-N1-4-B-035101,line_service,René Goblet,P. de Justice,2026-04-08 14:58:17.000000000,2026-04-08 14:59:11.000000000,0.9,0.2252173059067505,15.014487060450033,11.737285646721439,0.17605928470082158,18.814537190489816,18.697164334022602,147.7958405428531,False
404,6,9-N1-4-B-035101,line_service,P. de Justice,Dusevel,2026-04-08 14:59:41.000000000,2026-04-08 15:00:39.000000000,0.9666666666666667,0.2299992746993994,14.275817050307548,11.259425997860737,0.18140186329886743,18.683275445133717,18.56234086960113,148.0258398175525,False
405,6,9-N1-4-B-035101,line_service,Dusevel,Beffroi,2026-04-08 15:01:09.000000000,2026-04-08 15:02:10.000000000,1.0166666666666666,0.2188226139254244,12.914121477566031,10.387668565415401,0.1760132729139832,18.548451980712244,18.431109798769583,148.2446624314779,False
406,6,9-N1-4-B-035101,line_service,Beffroi,Place du Marché,2026-04-08 15:02:40.000000000,2026-04-08 15:03:34.000000000,0.9,0.18907722066752727,12.605148044501819,10.191420812679045,0.15287131219018568,18.417220909880697,18.31530670175391,148.43373965214545,False
407,6,9-N1-4-B-035101,line_service,Place du Marché,M. Culture B,2026-04-08 15:04:04.000000000,2026-04-08 15:04:49.000000000,0.75,0.17178613535708173,13.742890828566539,10.91687632541456,0.136460954067682,18.30141781286501,18.210443843486573,148.60552578750253,False
408,6,9-N1-4-B-035101,line_service,M. Culture B,Saint-Jacques,2026-04-08 15:05:19.000000000,2026-04-08 15:06:07.000000000,0.8,0.2918119105170466,21.885893288778494,16.385370113942585,0.2184716015192345,18.196554954597673,18.050907220251517,148.89733769801958,False
409,6,9-N1-4-B-035101,line_service,Saint-Jacques,Jean Jaurès,2026-04-08 15:06:37.000000000,2026-04-08 15:07:39.000000000,1.0333333333333334,0.3507042974526486,20.36347533596024,15.32020185396715,0.26384792081832315,18.03701833136263,17.86111971748376,149.24804199547222,False
410,6,9-N1-4-B-035101,line_service,Jean Jaurès,Zoo d'Amiens,2026-04-08 15:08:09.000000000,2026-04-08 15:09:21.000000000,1.2,0.40281609573225763,20.14080478661288,15.166246752306563,0.3033249350461313,17.84723082859486,17.64501420523078,149.6508580912045,False
411,6,9-N1-4-B-035101,line_service,Zoo d'Amiens,Egl. St-Firmin,2026-04-08 15:09:51.000000000,2026-04-08 15:10:56.000000000,1.0833333333333333,0.37638436041502576,20.845903038370658,15.655335649169396,0.2826657825544474,17.631125316341894,17.442681461305583,150.02724245161951,False
412,6,9-N1-4-B-035101,line_service,Egl. St-Firmin,Faubourg de Hem,2026-04-08 15:11:26.000000000,2026-04-08 15:12:19.000000000,0.8833333333333333,0.3007481358168622,20.428175263032152,15.365021453635112,0.22620726028962804,17.428792572416697,17.277987732223608,150.32799058743637,False
413,6,9-N1-4-B-035101,line_service,Faubourg de Hem,Espace Alliance,2026-04-08 15:12:49.000000000,2026-04-08 15:13:33.000000000,0.7333333333333333,0.24201898261847898,19.8015531233301,14.932558498063928,0.18250904830967024,17.264098843334722,17.14242614446161,150.57000957005482,False
414,6,9-N1-4-B-035101,line_service,Espace Alliance,Sully,2026-04-08 15:14:03.000000000,2026-04-08 15:15:34.000000000,1.5166666666666666,0.5124653653664172,20.273355113396722,15.257837425164176,0.38568422380276113,17.128537255572724,16.87141443970421,151.08247493542126,False
415,6,9-N1-4-B-035101,line_service,Sully,Place la Barre,2026-04-08 15:16:04.000000000,2026-04-08 15:17:49.000000000,1.75,0.5814235833007191,19.934522856024653,15.024028151252374,0.43820082107819425,16.857525550815325,16.56539167009653,151.663898518722,False
416,6,9-N1-4-B-035101,line_service,Place la Barre,La Fontaine,2026-04-08 15:18:19.000000000,2026-04-08 15:19:28.000000000,1.15,0.32116148117311843,16.75625119164096,12.879144765057834,0.24685027466360848,16.551502781207645,16.386935931431907,151.9850599998951,False
417,6,9-N1-4-B-035101,line_service,La Fontaine,Les Coursives,2026-04-08 15:19:58.000000000,2026-04-08 15:20:42.000000000,0.7333333333333333,0.23368404358993675,19.11960356644937,14.465925742583915,0.17680575907602564,16.373047042543007,16.25517653649233,152.21874404348506,False
418,6,9-N1-4-B-035101,line_service,Les Coursives,Languedoc,2026-04-08 15:21:12.000000000,2026-04-08 15:22:07.000000000,0.9166666666666666,0.2930331102299119,19.1803490332306,14.507325425441149,0.22163969399979536,16.24128764760343,16.093527851603568,152.51177715371497,False
419,6,9-N1-4-B-035101,line_service,Languedoc,Collège R.Parks,2026-04-08 15:22:37.000000000,2026-04-08 15:23:57.000000000,1.3333333333333333,0.3206006811443548,14.427030651495967,11.356954589578384,0.2523767686572974,16.079638962714668,15.911387783609811,152.83237783485933,False
420,6,9-N1-4-B-035101,line_service,Collège R.Parks,Martinique,2026-04-08 15:24:27.000000000,2026-04-08 15:25:21.000000000,0.9,0.27082614139471256,18.05507609298084,13.745538236155447,0.20618307354233173,15.897498894720911,15.760043512359374,153.10320397625404,False
421,6,9-N1-4-B-035101,line_service,Martinique,Etouvie Quai A,2026-04-08 15:25:51.000000000,2026-04-08 15:27:49.000000000,1.9666666666666666,0.27408690803195346,8.361973465381629,7.545927911989002,0.2473387482263062,15.746154623470474,15.581262124652937,153.377290884286,False
422,7,9-N1-2-B-034901,line_service,Etouvie Quai A,Martinique,2026-04-08 15:27:49.000000000,2026-04-08 15:28:45.000000000,0.9333333333333333,0.2419015249612658,15.550812318938515,12.08656880128932,0.18801329246450055,15.581262124652937,15.455919929676611,153.61919240924723,False
423,7,9-N1-2-B-034901,line_service,Martinique,Collège R.Parks,2026-04-08 15:29:15.000000000,2026-04-08 15:30:22.000000000,1.1166666666666667,0.3307630000086095,17.77234029897006,13.555791611470482,0.2522883438801451,15.442031040787725,15.27383881153429,153.94995540925586,False
424,7,9-N1-2-B-034901,line_service,Collège R.Parks,Languedoc,2026-04-08 15:30:52.000000000,2026-04-08 15:32:06.000000000,1.2333333333333334,0.29681987678393196,14.439885897596689,11.365252764990835,0.23361908461370048,15.259949922645404,15.104203866236261,154.2467752860398,False
425,7,9-N1-2-B-034901,line_service,Languedoc,Les coursives,2026-04-08 15:32:36.000000000,2026-04-08 15:33:32.000000000,0.9333333333333333,0.297726462758007,19.139558320157594,14.479521904527621,0.22523700740376298,15.090314977347376,14.940156972411529,154.5445017487978,False
426,7,9-N1-2-B-034901,line_service,Les coursives,La Fontaine,2026-04-08 15:34:02.000000000,2026-04-08 15:34:47.000000000,0.75,0.22794980309080773,18.23598424726462,13.867291099605595,0.17334113874506996,14.926268083522643,14.810707324359257,154.7724515518886,False
427,7,9-N1-2-B-034901,line_service,La Fontaine,Place la Barre,2026-04-08 15:35:17.000000000,2026-04-08 15:36:18.000000000,1.0166666666666666,0.2788940733458619,16.459322361395127,12.68291694163475,0.2149049815110332,14.796818435470371,14.653548447796354,155.0513456252345,False
428,7,9-N1-2-B-034901,line_service,Place la Barre,Sully,2026-04-08 15:36:48.000000000,2026-04-08 15:38:22.000000000,1.5666666666666667,0.5529827646282706,21.178063326189086,15.887360880206767,0.4148366452053989,14.639659558907454,14.363101795437188,155.60432838986276,False
429,7,9-N1-2-B-034901,line_service,Sully,Espace Alliance,2026-04-08 15:38:52.000000000,2026-04-08 15:40:25.000000000,1.55,0.5412636534432308,20.952141423608936,15.729432196236612,0.4063436650694458,14.349212906548303,14.078317129835341,156.14559204330598,False
430,7,9-N1-2-B-034901,line_service,Espace Alliance,Faubourg de Hem,2026-04-08 15:40:55.000000000,2026-04-08 15:41:48.000000000,0.8833333333333333,0.3068484114845754,20.842533610273048,15.652987376486395,0.23044675859827193,14.064428240946441,13.910797068547595,156.45244045479055,False
431,7,9-N1-2-B-034901,line_service,Faubourg de Hem,Egl. St-Firmin,2026-04-08 15:42:18.000000000,2026-04-08 15:43:00.000000000,0.7,0.29644718539430037,25.409758748082893,18.942057390181887,0.220990669552122,13.896908179658709,13.74958106662396,156.74888764018485,False
432,7,9-N1-2-B-034901,line_service,Egl. St-Firmin,Zoo d'Amiens,2026-04-08 15:43:30.000000000,2026-04-08 15:44:26.000000000,0.9333333333333333,0.3979625757415526,25.58330844052838,19.07151843294624,0.2966680645124971,13.735692177735075,13.537913468060069,157.14685021592638,False
433,7,9-N1-2-B-034901,line_service,Zoo d'Amiens,Jean Jaurès,2026-04-08 15:44:56.000000000,2026-04-08 15:45:52.000000000,0.9333333333333333,0.38776459722543666,24.9277241073495,18.58429760190798,0.28908907380745746,13.524024579171183,13.331298529966205,157.53461481315182,False
434,7,9-N1-2-B-034901,line_service,Jean Jaurès,Saint-Jacques,2026-04-08 15:46:22.000000000,2026-04-08 15:47:15.000000000,0.8833333333333333,0.3538188673320645,24.032979667838347,17.927174140413598,0.2639278415116446,13.317409641077319,13.141457746736222,157.8884336804839,False
435,7,9-N1-2-B-034901,line_service,Saint-Jacques,M. Culture A,2026-04-08 15:47:45.000000000,2026-04-08 15:48:18.000000000,0.55,0.24280373751186532,26.487680455839854,19.75186842032748,0.1810587938530019,13.127568857847322,13.006862995278652,158.13123741799575,False
436,7,9-N1-2-B-034901,line_service,M. Culture A,Hôtel de Ville,2026-04-08 15:48:48.000000000,2026-04-08 15:50:48.000000000,2.0,0.29674165114956036,8.90224953448681,7.878244573638238,0.26260815245460795,12.992974106389767,12.81790200475335,158.42797906914532,False
437,7,9-N1-2-B-034901,line_service,Hôtel de Ville,Jacobins,2026-04-08 15:51:18.000000000,2026-04-08 15:52:15.000000000,0.95,0.22829410594169391,14.418575112106984,11.351497055087,0.17973203670554416,12.804013115864464,12.684191758060763,158.656273175087,False
438,7,9-N1-2-B-034901,line_service,Jacobins,Emile Zola,2026-04-08 15:52:45.000000000,2026-04-08 15:54:06.000000000,1.35,0.32611241962366005,14.493885316607114,11.400121734172236,0.2565027390188753,12.670302869171877,12.499301043159292,158.98238559471065,False
439,7,9-N1-2-B-034901,line_service,Emile Zola,Gare du Nord B,2026-04-08 15:54:36.000000000,2026-04-08 15:57:18.000000000,2.7,0.35548637357572055,7.899697190571568,7.2624718685315655,0.32681123408392043,12.485412154270406,12.267537998214465,159.33787196828638,False
440,7,9-N1-2-B-034901,line_service,Gare du Nord B,Caserne Dejean,2026-04-08 15:57:48.000000000,2026-04-08 15:59:21.000000000,1.55,0.3681948881034494,14.252705345939976,11.244532705520063,0.2904837615592683,12.253649109325565,12.059993268286064,159.70606685638984,False
441,7,9-N1-2-B-034901,line_service,Caserne Dejean,Pinceau,2026-04-08 15:59:51.000000000,2026-04-08 16:01:23.000000000,1.5333333333333334,0.35537552735134686,13.905998896357051,11.021525823010094,0.28166121547692463,12.046104379397178,11.858330235745882,160.06144238374117,False
442,7,9-N1-2-B-034901,line_service,Pinceau,L. de Luzarches,2026-04-08 16:01:53.000000000,2026-04-08 16:03:48.000000000,1.9166666666666667,0.44705548624280317,13.994780438905144,11.07855830186122,0.3538983901983445,11.844441346856996,11.608509086724766,160.50849786998398,False
443,7,9-N1-2-B-034901,line_service,L. de Luzarches,Egl. St-Acheul,2026-04-08 16:04:18.000000000,2026-04-08 16:04:58.000000000,0.6666666666666666,0.3248685267650074,29.238167408850664,21.88298673915759,0.24314429710175098,11.594620197835866,11.432523999768037,160.83336639674897,False
444,7,9-N1-2-B-034901,line_service,Egl. St-Acheul,Mercey,2026-04-08 16:05:28.000000000,2026-04-08 16:06:23.000000000,0.9166666666666666,0.45179666905185245,29.572145610666706,22.148418284070946,0.33837861267330616,11.418635110879151,11.19304936909694,161.28516306580084,False
445,7,9-N1-2-B-034901,line_service,Mercey,Sobo,2026-04-08 16:06:53.000000000,2026-04-08 16:07:52.000000000,0.9833333333333333,0.4818036462949089,29.398188587485965,22.009978589942314,0.36071909355738796,11.179160480208054,10.938681084503116,161.76696671209575,False
446,7,9-N1-2-B-034901,line_service,Sobo,Pont de l'Avre,2026-04-08 16:08:22.000000000,2026-04-08 16:09:48.000000000,1.4333333333333333,0.7075852717526405,29.61984858499426,22.18645260081327,0.530009701019428,10.92479219561423,10.57145239493461,162.4745519838484,False
447,7,9-N1-2-B-034901,line_service,Pont de l'Avre,Cité du Château,2026-04-08 16:10:18.000000000,2026-04-08 16:11:00.000000000,0.7,0.2966141068969825,25.424066305455643,18.952717051821182,0.22111503227124713,10.557563506045724,10.410153484531563,162.77116609074537,False
448,7,9-N1-2-B-034901,line_service,Cité du Château,La Rose Rouge,2026-04-08 16:11:30.000000000,2026-04-08 16:12:18.000000000,0.8,0.3329543642312839,24.97157731734629,18.61673519188507,0.24822313589180092,10.396264595642663,10.230782505048126,163.10412045497665,False
449,7,9-N1-2-B-034901,line_service,La Rose Rouge,Poidevin,2026-04-08 16:12:48.000000000,2026-04-08 16:13:19.000000000,0.5166666666666667,0.2251396338173497,26.145247798143835,19.493118954380797,0.1678574132182791,10.21689361615924,10.104988674013711,163.329260088794,False
450,7,9-N1-2-B-034901,line_service,Poidevin,M. de Longueau,2026-04-08 16:13:49.000000000,2026-04-08 16:14:33.000000000,0.7333333333333333,0.3145014195772681,25.731934329049206,19.182665796909017,0.23445480418444353,10.091099785124825,9.934796582335196,163.64376150837128,False
451,7,9-N1-2-B-034901,line_service,M. de Longueau,La Fourche,2026-04-08 16:15:03.000000000,2026-04-08 16:15:40.000000000,0.6166666666666667,0.25663398574137214,24.96979320726864,18.615415085336245,0.19132509948817805,9.920907693446296,9.793357627120841,163.90039549411264,False
452,7,9-N1-2-B-034901,line_service,La Fourche,Croix de Fer,2026-04-08 16:16:10.000000000,2026-04-08 16:17:48.000000000,1.6333333333333333,0.6510902221706201,23.91759999810441,17.84308013403265,0.4857282925375555,9.779468738231955,9.45564987654025,164.55148571628325,False
453,7,9-N1-2-B-034901,line_service,Croix de Fer,C. Cial Glisy,2026-04-08 16:18:18.000000000,2026-04-08 16:20:40.000000000,2.3666666666666667,0.70341712703917,17.833110262964873,13.596520036751444,0.5363071792274181,9.441760987651364,9.084222868166421,165.25490284332244,False
454,7,9-N1-2-B-034901,line_service,C. Cial Glisy,Capitaine Nemo,2026-04-08 16:21:10.000000000,2026-04-08 16:21:38.000000000,0.4666666666666667,0.13672688382470435,17.57917077746199,13.426525887753735,0.10442853468252905,9.070333979277521,9.000714956155846,165.39162972714715,False
455,7,9-N1-2-B-034901,line_service,Capitaine Nemo,Pôle J. Verne,2026-04-08 16:22:08.000000000,2026-04-08 16:24:18.000000000,2.1666666666666665,0.3234478124594319,8.957016345030421,7.911995684014775,0.2857109552560891,8.986826067266946,8.796352097096232,165.71507753960657,False
456,7,9-N1-4-B-035101,line_service,Pôle J. Verne,Capitaine Nemo,2026-04-08 16:24:48.000000000,2026-04-08 16:25:59.000000000,1.1833333333333333,0.3340181708930427,16.93613260866132,12.998346897480362,0.25635628603364047,8.782463208207332,8.611559017518246,166.0490957104996,False
457,7,9-N1-4-B-035101,line_service,Capitaine Nemo,C. Cial Glisy,2026-04-08 16:26:29.000000000,2026-04-08 16:26:50.000000000,0.35,0.12291799931516653,21.07165702545712,15.812917585812425,0.09224201925057249,8.597670128629346,8.536175449128962,166.1720137098148,False
458,7,9-N1-4-B-035101,line_service,C. Cial Glisy,Croix de Fer,2026-04-08 16:27:20.000000000,2026-04-08 16:29:47.000000000,2.45,0.6859620842301216,16.79907145053359,12.9074980317801,0.5270561696310208,8.522286560240076,8.17091578048607,166.8579757940449,False
459,7,9-N1-4-B-035101,line_service,Croix de Fer,La Fourche,2026-04-08 16:30:17.000000000,2026-04-08 16:32:05.000000000,1.8,0.7465227463047002,24.88409154349001,18.55204485821827,0.5565613457465481,8.15702689159717,7.7859859944328065,167.6044985403496,False
460,7,9-N1-4-B-035101,line_service,La Fourche,M. de Longueau,2026-04-08 16:32:35.000000000,2026-04-08 16:33:07.000000000,0.5333333333333333,0.23645430499839581,26.60110931231953,19.837888242149457,0.17633678437466183,7.772097105543921,7.654539249294146,167.840952845348,False
461,7,9-N1-4-B-035101,line_service,M. de Longueau,Poidevin,2026-04-08 16:33:37.000000000,2026-04-08 16:34:10.000000000,0.55,0.23823148868252741,25.98888967445754,19.375436167720004,0.1776081648707667,7.64065036040526,7.522244917158076,168.07918433403051,False
462,7,9-N1-4-B-035101,line_service,Poidevin,La Rose Rouge,2026-04-08 16:34:40.000000000,2026-04-08 16:35:19.000000000,0.65,0.2830530932557657,26.127977838993758,19.480106487676945,0.2110344869498336,7.508356028269176,7.367666370302629,168.3622374272863,False
463,7,9-N1-4-B-035101,line_service,La Rose Rouge,Cité du Château,2026-04-08 16:35:49.000000000,2026-04-08 16:36:41.000000000,0.8666666666666667,0.38252636844861737,26.482594738750432,19.74801525501541,0.28524910923911145,7.3537774814137435,7.16361140858767,168.7447637957349,False
464,7,9-N1-4-B-035101,line_service,Cité du Château,Pont de l'Avre,2026-04-08 16:37:11.000000000,2026-04-08 16:37:47.000000000,0.6,0.25904003764462646,25.904003764462647,19.3116680021364,0.193116680021364,7.14972251969877,7.020978066351205,169.00380383337952,False
465,7,9-N1-4-B-035101,line_service,Pont de l'Avre,Sobo,2026-04-08 16:38:17.000000000,2026-04-08 16:40:14.000000000,1.95,0.7786426370279388,23.95823498547504,17.87268022597897,0.5808621073443166,7.007089177462305,6.619847772566104,169.78244647040748,False
466,7,9-N1-4-B-035101,line_service,Sobo,Mercey,2026-04-08 16:40:44.000000000,2026-04-08 16:41:59.000000000,1.25,0.49486888000554236,23.753706240266034,17.723875596437267,0.36924740825910973,6.605958883677204,6.359793944837804,170.27731535041303,False
467,7,9-N1-4-B-035101,line_service,Mercey,Egl. St-Acheul,2026-04-08 16:42:29.000000000,2026-04-08 16:43:35.000000000,1.1,0.44351095510688016,24.191506642193463,18.04295332249385,0.3307874775790539,6.345905055948904,6.125380070896199,170.7208263055199,False
468,7,9-N1-4-B-035101,line_service,Egl. St-Acheul,L. de Luzarches,2026-04-08 16:44:05.000000000,2026-04-08 16:44:47.000000000,0.7,0.27740496861036323,23.777568738031135,17.74121336558846,0.20698082259853207,6.111491182007313,5.973503966941621,170.99823127413026,False
469,7,9-N1-4-B-035101,line_service,L. de Luzarches,Pinceau,2026-04-08 16:45:17.000000000,2026-04-08 16:46:46.000000000,1.4833333333333334,0.3431323580300078,13.879511111326158,11.004519972906111,0.27205618821906774,5.959615078052721,5.7782442859066805,171.34136363216027,False
470,7,9-N1-4-B-035101,line_service,Pinceau,Caserne Dejean,2026-04-08 16:47:16.000000000,2026-04-08 16:49:03.000000000,1.7833333333333334,0.40589661587311254,13.656334739656122,10.861409934698443,0.32282523972575927,5.764355397017795,5.549138570533955,171.7472602480334,False
471,7,9-N1-4-B-035101,line_service,Caserne Dejean,Gare du Nord A,2026-04-08 16:49:33.000000000,2026-04-08 16:51:17.000000000,1.7333333333333334,0.3916364257160486,13.55664550555553,10.797585272349695,0.31193024120121343,5.535249681645055,5.327296187510925,172.13889667374943,False
472,7,9-N1-4-B-035101,line_service,Gare du Nord A,René Goblet,2026-04-08 16:51:47.000000000,2026-04-08 16:54:15.000000000,2.466666666666667,0.3279417105779169,7.976960527570951,7.309793127281074,0.3005137174548886,5.313407298622025,5.113064820318769,172.46683838432736,False
473,7,9-N1-4-B-035101,line_service,René Goblet,P. de Justice,2026-04-08 16:54:45.000000000,2026-04-08 16:55:39.000000000,0.9,0.2252173059067505,15.014487060450033,11.737285646721439,0.17605928470082158,5.099175931429883,4.98180307496267,172.69205569023413,False
474,7,9-N1-4-B-035101,line_service,P. de Justice,Dusevel,2026-04-08 16:56:09.000000000,2026-04-08 16:57:07.000000000,0.9666666666666667,0.2299992746993994,14.275817050307548,11.259425997860737,0.18140186329886743,4.96791418607377,4.846979610541197,172.92205496493352,False
475,7,9-N1-4-B-035101,line_service,Dusevel,Beffroi,2026-04-08 16:57:37.000000000,2026-04-08 16:58:38.000000000,1.0166666666666666,0.2188226139254244,12.914121477566031,10.387668565415401,0.1760132729139832,4.833090721652297,4.715748539709637,173.14087757885892,False
476,7,9-N1-4-B-035101,line_service,Beffroi,Place du Marché,2026-04-08 16:59:08.000000000,2026-04-08 17:00:02.000000000,0.9,0.18907722066752727,12.605148044501819,10.191420812679045,0.15287131219018568,4.701859650820751,4.599945442693965,173.32995479952646,False
477,7,9-N1-4-B-035101,line_service,Place du Marché,M. Culture B,2026-04-08 17:00:32.000000000,2026-04-08 17:01:17.000000000,0.75,0.17178613535708173,13.742890828566539,10.91687632541456,0.136460954067682,4.586056553805079,4.495082584426626,173.50174093488354,False
478,7,9-N1-4-B-035101,line_service,M. Culture B,Saint-Jacques,2026-04-08 17:01:47.000000000,2026-04-08 17:02:35.000000000,0.8,0.2918119105170466,21.885893288778494,16.385370113942585,0.2184716015192345,4.481193695537726,4.335545961191585,173.7935528454006,False
479,7,9-N1-4-B-035101,line_service,Saint-Jacques,Jean Jaurès,2026-04-08 17:03:05.000000000,2026-04-08 17:04:07.000000000,1.0333333333333334,0.3507042974526486,20.36347533596024,15.32020185396715,0.26384792081832315,4.321657072302685,4.145758458423813,174.14425714285323,False
480,7,9-N1-4-B-035101,line_service,Jean Jaurès,Zoo d'Amiens,2026-04-08 17:04:37.000000000,2026-04-08 17:05:49.000000000,1.2,0.40281609573225763,20.14080478661288,15.166246752306563,0.3033249350461313,4.1318695695349135,3.929652946170833,174.54707323858548,False
481,7,9-N1-4-B-035101,line_service,Zoo d'Amiens,Egl. St-Firmin,2026-04-08 17:06:19.000000000,2026-04-08 17:07:24.000000000,1.0833333333333333,0.37638436041502576,20.845903038370658,15.655335649169396,0.2826657825544474,3.9157640572819474,3.727320202245636,174.9234575990005,False
482,7,9-N1-4-B-035101,line_service,Egl. St-Firmin,Faubourg de Hem,2026-04-08 17:07:54.000000000,2026-04-08 17:08:47.000000000,0.8833333333333333,0.3007481358168622,20.428175263032152,15.365021453635112,0.22620726028962804,3.7134313133567503,3.562626473163661,175.22420573481736,False
483,7,9-N1-4-B-035101,line_service,Faubourg de Hem,Espace Alliance,2026-04-08 17:09:17.000000000,2026-04-08 17:10:01.000000000,0.7333333333333333,0.24201898261847898,19.8015531233301,14.932558498063928,0.18250904830967024,3.5487375842747753,3.4270648854016628,175.46622471743584,False
484,7,9-N1-4-B-035101,line_service,Espace Alliance,Sully,2026-04-08 17:10:31.000000000,2026-04-08 17:12:02.000000000,1.5166666666666666,0.5124653653664172,20.273355113396722,15.257837425164176,0.38568422380276113,3.413175996512777,3.156053180644264,175.97869008280227,False
485,7,9-N1-4-B-035101,line_service,Sully,Place la Barre,2026-04-08 17:12:32.000000000,2026-04-08 17:14:17.000000000,1.75,0.5814235833007191,19.934522856024653,15.024028151252374,0.43820082107819425,3.1421642917553783,2.8500304110365846,176.56011366610298,False
486,7,9-N1-4-B-035101,line_service,Place la Barre,La Fontaine,2026-04-08 17:14:47.000000000,2026-04-08 17:15:56.000000000,1.15,0.32116148117311843,16.75625119164096,12.879144765057834,0.24685027466360848,2.836141522147699,2.6715746723719604,176.8812751472761,False
487,7,9-N1-4-B-035101,line_service,La Fontaine,Les Coursives,2026-04-08 17:16:26.000000000,2026-04-08 17:17:10.000000000,0.7333333333333333,0.23368404358993675,19.11960356644937,14.465925742583915,0.17680575907602564,2.6576857834830605,2.539815277432382,177.11495919086607,False
488,7,9-N1-4-B-035101,line_service,Les Coursives,Languedoc,2026-04-08 17:17:40.000000000,2026-04-08 17:18:35.000000000,0.9166666666666666,0.2930331102299119,19.1803490332306,14.507325425441149,0.22163969399979536,2.525926388543482,2.3781665925436215,177.407992301096,False
489,7,9-N1-4-B-035101,line_service,Languedoc,Collège R.Parks,2026-04-08 17:19:05.000000000,2026-04-08 17:20:25.000000000,1.3333333333333333,0.3206006811443548,14.427030651495967,11.356954589578384,0.2523767686572974,2.3642777036547216,2.1960265245498647,177.72859298224034,False
490,7,9-N1-4-B-035101,line_service,Collège R.Parks,Martinique,2026-04-08 17:20:55.000000000,2026-04-08 17:21:49.000000000,0.9,0.27082614139471256,18.05507609298084,13.745538236155447,0.20618307354233173,2.182137635660979,2.0446822532994275,177.99941912363505,False
491,7,9-N1-4-B-035101,line_service,Martinique,Etouvie Quai A,2026-04-08 17:22:19.000000000,2026-04-08 17:24:17.000000000,1.9666666666666666,0.27408690803195346,8.361973465381629,7.545927911989002,0.2473387482263062,2.0307933644105276,1.865900865592991,178.273506031667,False
492,8,9-N1-2-B-034901,line_service,Etouvie Quai A,Martinique,2026-04-08 17:24:17.000000000,2026-04-08 17:25:13.000000000,0.9333333333333333,0.2419015249612658,15.550812318938515,12.08656880128932,0.18801329246450055,1.865900865592991,1.7405586706166645,178.51540755662825,False
493,8,9-N1-2-B-034901,line_service,Martinique,Collège R.Parks,2026-04-08 17:25:43.000000000,2026-04-08 17:26:50.000000000,1.1166666666666667,0.3307630000086095,17.77234029897006,13.555791611470482,0.2522883438801451,1.7266697817277787,1.5584775524743435,178.84617055663688,False
494,8,9-N1-2-B-034901,line_service,Collège R.Parks,Languedoc,2026-04-08 17:27:20.000000000,2026-04-08 17:28:34.000000000,1.2333333333333334,0.29681987678393196,14.439885897596689,11.365252764990835,0.23361908461370048,1.5445886635854578,1.388842607176315,179.1429904334208,False
495,8,9-N1-2-B-034901,line_service,Languedoc,Les coursives,2026-04-08 17:29:04.000000000,2026-04-08 17:30:00.000000000,0.9333333333333333,0.297726462758007,19.139558320157594,14.479521904527621,0.22523700740376298,1.3749537182874292,1.2247957133515968,179.4407168961788,False
496,8,9-N1-2-B-034901,line_service,Les coursives,La Fontaine,2026-04-08 17:30:30.000000000,2026-04-08 17:31:15.000000000,0.75,0.22794980309080773,18.23598424726462,13.867291099605595,0.17334113874506996,1.2109068244626968,1.0953460652993243,179.6686666992696,False
497,8,9-N1-2-B-034901,line_service,La Fontaine,Place la Barre,2026-04-08 17:31:45.000000000,2026-04-08 17:32:46.000000000,1.0166666666666666,0.2788940733458619,16.459322361395127,12.68291694163475,0.2149049815110332,1.0814571764104244,0.938187188736407,179.94756077261547,False
498,8,9-N1-2-B-034901,line_service,Place la Barre,Sully,2026-04-08 17:33:16.000000000,2026-04-08 17:34:50.000000000,1.5666666666666667,0.5529827646282706,21.178063326189086,15.887360880206767,0.4148366452053989,0.9242982998475213,0.6477405363772561,180.50054353724377,False
499,8,9-N1-2-B-034901,line_service,Sully,Espace Alliance,2026-04-08 17:35:20.000000000,2026-04-08 17:36:53.000000000,1.55,0.5412636534432308,20.952141423608936,15.729432196236612,0.4063436650694458,0.6338516474883562,0.3629558707753944,181.041807190687,False
500,8,9-N1-2-B-034901,line_service,Espace Alliance,Faubourg de Hem,2026-04-08 17:37:23.000000000,2026-04-08 17:38:16.000000000,0.8833333333333333,0.3068484114845754,20.842533610273048,15.652987376486395,0.23044675859827193,0.34906698188650864,0.19543580948764827,181.34865560217156,False
501,8,9-N1-2-B-034901,line_service,Faubourg de Hem,Egl. St-Firmin,2026-04-08 17:38:46.000000000,2026-04-08 17:39:28.000000000,0.7,0.29644718539430037,25.409758748082893,18.942057390181887,0.220990669552122,0.18154692059876254,0.034219807564014104,181.64510278756586,False
502,8,9-N1-2-B-034901,line_service,Egl. St-Firmin,Zoo d'Amiens,2026-04-08 17:39:58.000000000,2026-04-08 17:40:54.000000000,0.9333333333333333,0.3979625757415526,25.58330844052838,19.07151843294624,0.2966680645124971,0.020330918675128373,-0.17744779099986374,182.0430653633074,False
503,8,9-N1-2-B-034901,line_service,Zoo d'Amiens,Jean Jaurès,2026-04-08 17:41:24.000000000,2026-04-08 17:42:20.000000000,0.9333333333333333,0.38776459722543666,24.9277241073495,18.58429760190798,0.28908907380745746,-0.19133667988874947,-0.38406272909372774,182.43082996053283,False
504,8,9-N1-2-B-034901,line_service,Jean Jaurès,Saint-Jacques,2026-04-08 17:42:50.000000000,2026-04-08 17:43:43.000000000,0.8833333333333333,0.3538188673320645,24.032979667838347,17.927174140413598,0.2639278415116446,-0.39795161798261347,-0.5739035123237102,182.7846488278649,False
505,8,9-N1-2-B-034901,line_service,Saint-Jacques,M. Culture A,2026-04-08 17:44:13.000000000,2026-04-08 17:44:46.000000000,0.55,0.24280373751186532,26.487680455839854,19.75186842032748,0.1810587938530019,-0.5877924012126101,-0.70849826378128,183.02745256537676,False
506,8,9-N1-2-B-034901,line_service,M. Culture A,Hôtel de Ville,2026-04-08 17:45:16.000000000,2026-04-08 17:47:16.000000000,2.0,0.29674165114956036,8.90224953448681,7.878244573638238,0.26260815245460795,-0.7223871526701657,-0.8974592543065825,183.3241942165263,False
507,8,9-N1-2-B-034901,line_service,Hôtel de Ville,Jacobins,2026-04-08 17:47:46.000000000,2026-04-08 17:48:43.000000000,0.95,0.22829410594169391,14.418575112106984,11.351497055087,0.17973203670554416,-0.9113481431954682,-1.0311695009991695,183.552488322468,False
508,8,9-N1-2-B-034901,line_service,Jacobins,Emile Zola,2026-04-08 17:49:13.000000000,2026-04-08 17:50:34.000000000,1.35,0.32611241962366005,14.493885316607114,11.400121734172236,0.2565027390188753,-1.0450583898880694,-1.2160602159006402,183.87860074209166,False
509,8,9-N1-2-B-034901,line_service,Emile Zola,Gare du Nord B,2026-04-08 17:51:04.000000000,2026-04-08 17:53:46.000000000,2.7,0.35548637357572055,7.899697190571568,7.2624718685315655,0.32681123408392043,-1.229949104789526,-1.4478232608454675,184.2340871156674,False
510,8,9-N1-2-B-034901,line_service,Gare du Nord B,Caserne Dejean,2026-04-08 17:54:16.000000000,2026-04-08 17:55:49.000000000,1.55,0.3681948881034494,14.252705345939976,11.244532705520063,0.2904837615592683,-1.4617121497343675,-1.6553679907738825,184.60228200377085,False
511,8,9-N1-2-B-034901,line_service,Caserne Dejean,Pinceau,2026-04-08 17:56:19.000000000,2026-04-08 17:57:51.000000000,1.5333333333333334,0.35537552735134686,13.905998896357051,11.021525823010094,0.28166121547692463,-1.6692568796627683,-1.8570310233140503,184.95765753112218,False
512,8,9-N1-2-B-034901,line_service,Pinceau,L. de Luzarches,2026-04-08 17:58:21.000000000,2026-04-08 18:00:16.000000000,1.9166666666666667,0.44705548624280317,13.994780438905144,11.07855830186122,0.3538983901983445,-1.870919912202936,-2.1068521723351665,185.404713017365,False
513,8,9-N1-2-B-034901,line_service,L. de Luzarches,Egl. St-Acheul,2026-04-08 18:00:46.000000000,2026-04-08 18:01:26.000000000,0.6666666666666666,0.3248685267650074,29.238167408850664,21.88298673915759,0.24314429710175098,-2.1207410612240665,-2.2828372592919095,185.72958154412999,False
514,8,9-N1-2-B-034901,line_service,Egl. St-Acheul,Mercey,2026-04-08 18:01:56.000000000,2026-04-08 18:02:51.000000000,0.9166666666666666,0.45179666905185245,29.572145610666706,22.148418284070946,0.33837861267330616,-2.2967261481807952,-2.5223118899629924,186.18137821318186,False
515,8,9-N1-2-B-034901,line_service,Mercey,Sobo,2026-04-08 18:03:21.000000000,2026-04-08 18:04:20.000000000,0.9833333333333333,0.4818036462949089,29.398188587485965,22.009978589942314,0.36071909355738796,-2.536200778851878,-2.776680174556816,186.66318185947677,False
516,8,9-N1-2-B-034901,line_service,Sobo,Pont de l'Avre,2026-04-08 18:04:50.000000000,2026-04-08 18:06:16.000000000,1.4333333333333333,0.7075852717526405,29.61984858499426,22.18645260081327,0.530009701019428,-2.7905690634457017,-3.143908864125322,187.3707671312294,False
517,8,9-N1-2-B-034901,line_service,Pont de l'Avre,Cité du Château,2026-04-08 18:06:46.000000000,2026-04-08 18:07:28.000000000,0.7,0.2966141068969825,25.424066305455643,18.952717051821182,0.22111503227124713,-3.157797753014208,-3.305207774528384,187.66738123812638,False
518,8,9-N1-2-B-034901,line_service,Cité du Château,La Rose Rouge,2026-04-08 18:07:58.000000000,2026-04-08 18:08:46.000000000,0.8,0.3329543642312839,24.97157731734629,18.61673519188507,0.24822313589180092,-3.3190966634172696,-3.4845787540118067,188.00033560235767,False
519,8,9-N1-2-B-034901,line_service,La Rose Rouge,Poidevin,2026-04-08 18:09:16.000000000,2026-04-08 18:09:47.000000000,0.5166666666666667,0.2251396338173497,26.145247798143835,19.493118954380797,0.1678574132182791,-3.4984676429006925,-3.610372585046221,188.225475236175,False
520,8,9-N1-2-B-034901,line_service,Poidevin,M. de Longueau,2026-04-08 18:10:17.000000000,2026-04-08 18:11:01.000000000,0.7333333333333333,0.3145014195772681,25.731934329049206,19.182665796909017,0.23445480418444353,-3.624261473935107,-3.7805646767247367,188.53997665575227,False
521,8,9-N1-2-B-034901,line_service,M. de Longueau,La Fourche,2026-04-08 18:11:31.000000000,2026-04-08 18:12:08.000000000,0.6166666666666667,0.25663398574137214,24.96979320726864,18.615415085336245,0.19132509948817805,-3.7944535656136367,-3.9220036319390914,188.79661064149366,False
522,8,9-N1-2-B-034901,line_service,La Fourche,Croix de Fer,2026-04-08 18:12:38.000000000,2026-04-08 18:14:16.000000000,1.6333333333333333,0.6510902221706201,23.91759999810441,17.84308013403265,0.4857282925375555,-3.935892520827977,-4.259711382519683,189.44770086366427,False
523,8,9-N1-2-B-034901,line_service,Croix de Fer,C. Cial Glisy,2026-04-08 18:14:46.000000000,2026-04-08 18:17:08.000000000,2.3666666666666667,0.70341712703917,17.833110262964873,13.596520036751444,0.5363071792274181,-4.273600271408569,-4.631138390893511,190.15111799070343,False
524,8,9-N1-2-B-034901,line_service,C. Cial Glisy,Capitaine Nemo,2026-04-08 18:17:38.000000000,2026-04-08 18:18:06.000000000,0.4666666666666667,0.13672688382470435,17.57917077746199,13.426525887753735,0.10442853468252905,-4.645027279782397,-4.714646302904086,190.28784487452816,False
525,8,9-N1-2-B-034901,line_service,Capitaine Nemo,Pôle J. Verne,2026-04-08 18:18:36.000000000,2026-04-08 18:20:46.000000000,2.1666666666666665,0.3234478124594319,8.957016345030421,7.911995684014775,0.2857109552560891,-4.728535191792972,-4.9190091619637,190.61129268698758,False
526,8,9-N1-4-B-035101,line_service,Pôle J. Verne,Capitaine Nemo,2026-04-08 18:21:16.000000000,2026-04-08 18:22:27.000000000,1.1833333333333333,0.3340181708930427,16.93613260866132,12.998346897480362,0.25635628603364047,-4.9328980508526,-5.1038022415417,190.94531085788063,False
527,8,9-N1-4-B-035101,line_service,Capitaine Nemo,C. Cial Glisy,2026-04-08 18:22:57.000000000,2026-04-08 18:23:18.000000000,0.35,0.12291799931516653,21.07165702545712,15.812917585812425,0.09224201925057249,-5.117691130430586,-5.179185809930971,191.06822885719578,False
528,8,9-N1-4-B-035101,line_service,C. Cial Glisy,Croix de Fer,2026-04-08 18:23:48.000000000,2026-04-08 18:26:15.000000000,2.45,0.6859620842301216,16.79907145053359,12.9074980317801,0.5270561696310208,-5.193074698819871,-5.544445478573891,191.75419094142592,False
529,8,9-N1-4-B-035101,line_service,Croix de Fer,La Fourche,2026-04-08 18:26:45.000000000,2026-04-08 18:28:33.000000000,1.8,0.7465227463047002,24.88409154349001,18.55204485821827,0.5565613457465481,-5.558334367462777,-5.929375264627154,192.5007136877306,False
530,8,9-N1-4-B-035101,line_service,La Fourche,M. de Longueau,2026-04-08 18:29:03.000000000,2026-04-08 18:29:35.000000000,0.5333333333333333,0.23645430499839581,26.60110931231953,19.837888242149457,0.17633678437466183,-5.943264153516054,-6.060822009765829,192.73716799272898,False
531,8,9-N1-4-B-035101,line_service,M. de Longueau,Poidevin,2026-04-08 18:30:05.000000000,2026-04-08 18:30:38.000000000,0.55,0.23823148868252741,25.98888967445754,19.375436167720004,0.1776081648707667,-6.074710898654729,-6.193116341901899,192.97539948141153,False
532,8,9-N1-4-B-035101,line_service,Poidevin,La Rose Rouge,2026-04-08 18:31:08.000000000,2026-04-08 18:31:47.000000000,0.65,0.2830530932557657,26.127977838993758,19.480106487676945,0.2110344869498336,-6.207005230790784,-6.347694888757346,193.25845257466727,False
533,8,9-N1-4-B-035101,line_service,La Rose Rouge,Cité du Château,2026-04-08 18:32:17.000000000,2026-04-08 18:33:09.000000000,0.8666666666666667,0.38252636844861737,26.482594738750432,19.74801525501541,0.28524910923911145,-6.361583777646246,-6.551749850472305,193.64097894311593,False
534,8,9-N1-4-B-035101,line_service,Cité du Château,Pont de l'Avre,2026-04-08 18:33:39.000000000,2026-04-08 18:34:15.000000000,0.6,0.25904003764462646,25.904003764462647,19.3116680021364,0.193116680021364,-6.565638739361205,-6.694383192708784,193.90001898076054,False
535,8,9-N1-4-B-035101,line_service,Pont de l'Avre,Sobo,2026-04-08 18:34:45.000000000,2026-04-08 18:36:42.000000000,1.95,0.7786426370279388,23.95823498547504,17.87268022597897,0.5808621073443166,-6.70827208159767,-7.095513486493886,194.6786616177885,False
536,8,9-N1-4-B-035101,line_service,Sobo,Mercey,2026-04-08 18:37:12.000000000,2026-04-08 18:38:27.000000000,1.25,0.49486888000554236,23.753706240266034,17.723875596437267,0.36924740825910973,-7.1094023753827855,-7.355567314222185,195.17353049779405,False
537,8,9-N1-4-B-035101,line_service,Mercey,Egl. St-Acheul,2026-04-08 18:38:57.000000000,2026-04-08 18:40:03.000000000,1.1,0.44351095510688016,24.191506642193463,18.04295332249385,0.3307874775790539,-7.369456203111071,-7.589981188163762,195.6170414529009,False
538,8,9-N1-4-B-035101,line_service,Egl. St-Acheul,L. de Luzarches,2026-04-08 18:40:33.000000000,2026-04-08 18:41:15.000000000,0.7,0.27740496861036323,23.777568738031135,17.74121336558846,0.20698082259853207,-7.6038700770526475,-7.74185729211834,195.89444642151128,False
539,8,9-N1-4-B-035101,line_service,L. de Luzarches,Pinceau,2026-04-08 18:41:45.000000000,2026-04-08 18:43:14.000000000,1.4833333333333334,0.3431323580300078,13.879511111326158,11.004519972906111,0.27205618821906774,-7.7557461810072255,-7.937116973153266,196.23757877954128,False
540,8,9-N1-4-B-035101,line_service,Pinceau,Caserne Dejean,2026-04-08 18:43:44.000000000,2026-04-08 18:45:31.000000000,1.7833333333333334,0.40589661587311254,13.656334739656122,10.861409934698443,0.32282523972575927,-7.951005862042166,-8.166222688526005,196.64347539541438,False
541,8,9-N1-4-B-035101,line_service,Caserne Dejean,Gare du Nord A,2026-04-08 18:46:01.000000000,2026-04-08 18:47:45.000000000,1.7333333333333334,0.3916364257160486,13.55664550555553,10.797585272349695,0.31193024120121343,-8.180111577414891,-8.388065071549036,197.03511182113044,False
542,8,9-N1-4-B-035101,line_service,Gare du Nord A,René Goblet,2026-04-08 18:48:15.000000000,2026-04-08 18:50:43.000000000,2.466666666666667,0.3279417105779169,7.976960527570951,7.309793127281074,0.3005137174548886,-8.401953960437922,-8.602296438741178,197.36305353170837,False
543,8,9-N1-4-B-035101,line_service,René Goblet,P. de Justice,2026-04-08 18:51:13.000000000,2026-04-08 18:52:07.000000000,0.9,0.2252173059067505,15.014487060450033,11.737285646721439,0.17605928470082158,-8.616185327630063,-8.73355818409729,197.58827083761514,False
544,8,9-N1-4-B-035101,line_service,P. de Justice,Dusevel,2026-04-08 18:52:37.000000000,2026-04-08 18:53:35.000000000,0.9666666666666667,0.2299992746993994,14.275817050307548,11.259425997860737,0.18140186329886743,-8.747447072986176,-8.86838164851875,197.81827011231454,False
545,8,9-N1-4-B-035101,line_service,Dusevel,Beffroi,2026-04-08 18:54:05.000000000,2026-04-08 18:55:06.000000000,1.0166666666666666,0.2188226139254244,12.914121477566031,10.387668565415401,0.1760132729139832,-8.88227053740765,-8.999612719350296,198.03709272623993,False
546,8,9-N1-4-B-035101,line_service,Beffroi,Place du Marché,2026-04-08 18:55:36.000000000,2026-04-08 18:56:30.000000000,0.9,0.18907722066752727,12.605148044501819,10.191420812679045,0.15287131219018568,-9.013501608239196,-9.115415816365996,198.22616994690748,False
547,8,9-N1-4-B-035101,line_service,Place du Marché,M. Culture B,2026-04-08 18:57:00.000000000,2026-04-08 18:57:45.000000000,0.75,0.17178613535708173,13.742890828566539,10.91687632541456,0.136460954067682,-9.129304705254881,-9.220278674633335,198.39795608226456,False
548,8,9-N1-4-B-035101,line_service,M. Culture B,Saint-Jacques,2026-04-08 18:58:15.000000000,2026-04-08 18:59:03.000000000,0.8,0.2918119105170466,21.885893288778494,16.385370113942585,0.2184716015192345,-9.23416756352222,-9.379815297868376,198.68976799278158,False
549,8,9-N1-4-B-035101,line_service,Saint-Jacques,Jean Jaurès,2026-04-08 18:59:33.000000000,2026-04-08 19:00:35.000000000,1.0333333333333334,0.3507042974526486,20.36347533596024,15.32020185396715,0.26384792081832315,-9.393704186757262,-9.569602800636147,199.04047229023422,False
550,8,9-N1-4-B-035101,line_service,Jean Jaurès,Zoo d'Amiens,2026-04-08 19:01:05.000000000,2026-04-08 19:02:17.000000000,1.2,0.40281609573225763,20.14080478661288,15.166246752306563,0.3033249350461313,-9.583491689525033,-9.785708312889113,199.4432883859665,False
551,8,9-N1-4-B-035101,line_service,Zoo d'Amiens,Egl. St-Firmin,2026-04-08 19:02:47.000000000,2026-04-08 19:03:52.000000000,1.0833333333333333,0.37638436041502576,20.845903038370658,15.655335649169396,0.2826657825544474,-9.799597201778013,-9.988041056814296,199.8196727463815,False
552,8,9-N1-4-B-035101,line_service,Egl. St-Firmin,Faubourg de Hem,2026-04-08 19:04:22.000000000,2026-04-08 19:05:15.000000000,0.8833333333333333,0.3007481358168622,20.428175263032152,15.365021453635112,0.22620726028962804,-10.001929945703196,-10.152734785896271,200.12042088219837,False
553,8,9-N1-4-B-035101,line_service,Faubourg de Hem,Espace Alliance,2026-04-08 19:05:45.000000000,2026-04-08 19:06:29.000000000,0.7333333333333333,0.24201898261847898,19.8015531233301,14.932558498063928,0.18250904830967024,-10.166623674785157,-10.28829637365827,200.36243986481685,False
554,8,9-N1-4-B-035101,line_service,Espace Alliance,Sully,2026-04-08 19:06:59.000000000,2026-04-08 19:08:30.000000000,1.5166666666666666,0.5124653653664172,20.273355113396722,15.257837425164176,0.38568422380276113,-10.302185262547155,-10.559308078415668,200.87490523018326,False
555,8,9-N1-4-B-035101,line_service,Sully,Place la Barre,2026-04-08 19:09:00.000000000,2026-04-08 19:10:45.000000000,1.75,0.5814235833007191,19.934522856024653,15.024028151252374,0.43820082107819425,-10.573196967304568,-10.865330848023376,201.456328813484,False
556,8,9-N1-4-B-035101,line_service,Place la Barre,La Fontaine,2026-04-08 19:11:15.000000000,2026-04-08 19:12:24.000000000,1.15,0.32116148117311843,16.75625119164096,12.879144765057834,0.24685027466360848,-10.879219736912262,-11.043786586688014,201.77749029465713,False
557,8,9-N1-4-B-035101,line_service,La Fontaine,Les Coursives,2026-04-08 19:12:54.000000000,2026-04-08 19:13:38.000000000,0.7333333333333333,0.23368404358993675,19.11960356644937,14.465925742583915,0.17680575907602564,-11.0576754755769,-11.175545981627579,202.0111743382471,False
558,8,9-N1-4-B-035101,line_service,Les Coursives,Languedoc,2026-04-08 19:14:08.000000000,2026-04-08 19:15:03.000000000,0.9166666666666666,0.2930331102299119,19.1803490332306,14.507325425441149,0.22163969399979536,-11.189434870516465,-11.337194666516325,202.30420744847697,False
559,8,9-N1-4-B-035101,line_service,Languedoc,Collège R.Parks,2026-04-08 19:15:33.000000000,2026-04-08 19:16:53.000000000,1.3333333333333333,0.3206006811443548,14.427030651495967,11.356954589578384,0.2523767686572974,-11.35108355540521,-11.519334734510082,202.62480812962136,False
560,8,9-N1-4-B-035101,line_service,Collège R.Parks,Martinique,2026-04-08 19:17:23.000000000,2026-04-08 19:18:17.000000000,0.9,0.27082614139471256,18.05507609298084,13.745538236155447,0.20618307354233173,-11.533223623398968,-11.670679005760533,202.89563427101606,False
561,8,9-N1-4-B-035101,line_service,Martinique,Etouvie Quai A,2026-04-08 19:18:47.000000000,2026-04-08 19:20:45.000000000,1.9666666666666666,0.27408690803195346,8.361973465381629,7.545927911989002,0.2473387482263062,-11.684567894649419,-11.84946039346697,203.169721179048,False
562,9,DEPOT_IN,depot_deadhead,Etouvie Quai A,Depot,2026-04-08 19:20:45.000000001,2026-04-08 19:26:18.333333334,5.555555555555555,4.0,43.2,34.4504392,3.1898554814814815,-11.84946039346697,-13.976030714454637,207.169721179048,True
