Stop,Alpha,Distance,Velocity,deltaT,TripID,StartStopName,EndStopName,Cycle,PointID,Time,Total_Distance,Power,PowerC,SoC,TimeHour,StartTimeHour,Distance_km,CumulativeDistance_km,Speed_km_h,Power_kW,ChargePower_kW,NetPower_kW,EnergyUsed_kWh,EnergyCharged_kWh,IsDepotSegment,Phase
0.0,0.0,0.0,0.0,0.0,9-N1-2-B-034901,Depot,Depot,0.0,0.0,0.0,0.0,2500.0,0.0,100.0,2026-04-08 03:43:27.666666667,2026-04-08 03:43:27.666666667,0.0,0.0,0.0,2.5,0.0,2.5,0.0,0.0,False,service
1.0,0.0,4000.0,12.0,333.3333333333333,DEPOT_OUT,Depot,Etouvie Quai A,0.0,1.0,333.3333333333333,4000.0,34450.4392,0.0,97.87342967901235,2026-04-08 03:49:01.000000000,2026-04-08 03:43:27.666666667,4.0,4.0,43.2,34.4504392,0.0,34.4504392,3.1898554814814815,0.0,True,service
1.0,0.0,241.9015249612658,4.319670088594032,56.0,9-N1-2-B-034901,Etouvie Quai A,Martinique,1.0,2.0,389.3333333333333,4241.901524961266,12086.56880128932,0.0,97.748087484036,2026-04-08 03:49:57.000000000,2026-04-08 03:49:01.000000000,0.2419015249612658,4.241901524961266,15.550812318938515,12.08656880128932,0.0,12.08656880128932,0.18801329246450055,0.0,False,service
0.0,0.0,0.0,0.0,30.0,9-N1-2-B-034901,Martinique,Martinique,1.0,3.0,419.3333333333333,4241.901524961266,2500.0,0.0,97.73419859514712,2026-04-08 03:50:27.000000000,2026-04-08 03:49:57.000000000,0.0,4.241901524961266,0.0,2.5,0.0,2.5,0.020833333333333332,0.0,False,service
1.0,0.0,330.7630000086095,4.9367611941583505,67.0,9-N1-2-B-034901,Martinique,Collège R.Parks,1.0,4.0,486.3333333333333,4572.664524969875,13555.791611470482,0.0,97.5660063658937,2026-04-08 03:51:34.000000000,2026-04-08 03:50:27.000000000,0.3307630000086095,4.572664524969875,17.77234029897006,13.555791611470482,0.0,13.555791611470482,0.2522883438801451,0.0,False,service
0.0,0.0,0.0,0.0,30.0,9-N1-2-B-034901,Collège R.Parks,Collège R.Parks,1.0,5.0,516.3333333333333,4572.664524969875,2500.0,0.0,97.5521174770048,2026-04-08 03:52:04.000000000,2026-04-08 03:51:34.000000000,0.0,4.572664524969875,0.0,2.5,0.0,2.5,0.020833333333333332,0.0,False,service
1.0,0.0,296.81987678393193,4.01107941599908,74.0,9-N1-2-B-034901,Collège R.Parks,Languedoc,1.0,6.0,590.3333333333333,4869.484401753807,11365.252764990835,0.0,97.39637142059567,2026-04-08 03:53:18.000000000,2026-04-08 03:52:04.000000000,0.29681987678393196,4.869484401753807,14.439885897596689,11.365252764990835,0.0,11.365252764990835,0.23361908461370048,0.0,False,service
0.0,0.0,0.0,0.0,30.0,9-N1-2-B-034901,Languedoc,Languedoc,1.0,7.0,620.3333333333333,4869.484401753807,2500.0,0.0,97.38248253170678,2026-04-08 03:53:48.000000000,2026-04-08 03:53:18.000000000,0.0,4.869484401753807,0.0,2.5,0.0,2.5,0.020833333333333332,0.0,False,service
1.0,0.0,297.726462758007,5.316543977821554,56.0,9-N1-2-B-034901,Languedoc,Les coursives,1.0,8.0,676.3333333333333,5167.210864511814,14479.52190452762,0.0,97.23232452677094,2026-04-08 03:54:44.000000000,2026-04-08 03:53:48.000000000,0.297726462758007,5.167210864511814,19.139558320157594,14.479521904527621,0.0,14.479521904527621,0.22523700740376298,0.0,False,service
0.0,0.0,0.0,0.0,30.0,9-N1-2-B-034901,Les coursives,Les coursives,1.0,9.0,706.3333333333333,5167.210864511814,2500.0,0.0,97.21843563788205,2026-04-08 03:55:14.000000000,2026-04-08 03:54:44.000000000,0.0,5.167210864511814,0.0,2.5,0.0,2.5,0.020833333333333332,0.0,False,service
1.0,0.0,227.94980309080773,5.065551179795728,45.0,9-N1-2-B-034901,Les coursives,La Fontaine,1.0,10.0,751.3333333333333,5395.160667602622,13867.291099605594,0.0,97.10287487871867,2026-04-08 03:55:59.000000000,2026-04-08 03:55:14.000000000,0.22794980309080773,5.395160667602622,18.23598424726462,13.867291099605595,0.0,13.867291099605595,0.17334113874506996,0.0,False,service
0.0,0.0,0.0,0.0,30.0,9-N1-2-B-034901,La Fontaine,La Fontaine,1.0,11.0,781.3333333333333,5395.160667602622,2500.0,0.0,97.08898598982978,2026-04-08 03:56:29.000000000,2026-04-08 03:55:59.000000000,0.0,5.395160667602622,0.0,2.5,0.0,2.5,0.020833333333333332,0.0,False,service
1.0,0.0,278.8940733458619,4.572033989276425,61.0,9-N1-2-B-034901,La Fontaine,Place la Barre,1.0,12.0,842.3333333333333,5674.054740948484,12682.916941634749,0.0,96.94571600215576,2026-04-08 03:57:30.000000000,2026-04-08 03:56:29.000000000,0.2788940733458619,5.674054740948485,16.459322361395127,12.68291694163475,0.0,12.68291694163475,0.2149049815110332,0.0,False,service
0.0,0.0,0.0,0.0,30.0,9-N1-2-B-034901,Place la Barre,Place la Barre,1.0,13.0,872.3333333333333,5674.054740948484,2500.0,0.0,96.93182711326688,2026-04-08 03:58:00.000000000,2026-04-08 03:57:30.000000000,0.0,5.674054740948485,0.0,2.5,0.0,2.5,0.020833333333333332,0.0,False,service
1.0,0.0,552.9827646282706,5.882795368385858,94.0,9-N1-2-B-034901,Place la Barre,Sully,1.0,14.0,966.3333333333333,6227.0375055767545,15887.360880206767,0.0,96.6552693497966,2026-04-08 03:59:34.000000000,2026-04-08 03:58:00.000000000,0.5529827646282706,6.227037505576755,21.178063326189086,15.887360880206767,0.0,15.887360880206767,0.4148366452053989,0.0,False,service
0.0,0.0,0.0,0.0,30.0,9-N1-2-B-034901,Sully,Sully,1.0,15.0,996.3333333333333,6227.0375055767545,2500.0,0.0,96.64138046090771,2026-04-08 04:00:04.000000000,2026-04-08 03:59:34.000000000,0.0,6.227037505576755,0.0,2.5,0.0,2.5,0.020833333333333332,0.0,False,service
1.0,0.0,541.2636534432309,5.820039284335816,93.0,9-N1-2-B-034901,Sully,Espace Alliance,1.0,16.0,1089.3333333333333,6768.301159019986,15729.432196236612,0.0,96.37048468419475,2026-04-08 04:01:37.000000000,2026-04-08 04:00:04.000000000,0.5412636534432308,6.768301159019986,20.952141423608936,15.729432196236612,0.0,15.729432196236612,0.4063436650694458,0.0,False,service
0.0,0.0,0.0,0.0,30.0,9-N1-2-B-034901,Espace Alliance,Espace Alliance,1.0,17.0,1119.3333333333333,6768.301159019986,2500.0,0.0,96.35659579530586,2026-04-08 04:02:07.000000000,2026-04-08 04:01:37.000000000,0.0,6.768301159019986,0.0,2.5,0.0,2.5,0.020833333333333332,0.0,False,service
1.0,0.0,306.8484114845754,5.789592669520291,53.0,9-N1-2-B-034901,Espace Alliance,Faubourg de Hem,1.0,18.0,1172.3333333333333,7075.149570504561,15652.987376486395,0.0,96.20296462290702,2026-04-08 04:03:00.000000000,2026-04-08 04:02:07.000000000,0.3068484114845754,7.075149570504561,20.842533610273048,15.652987376486395,0.0,15.652987376486395,0.23044675859827193,0.0,False,service
0.0,0.0,0.0,0.0,30.0,9-N1-2-B-034901,Faubourg de Hem,Faubourg de Hem,1.0,19.0,1202.3333333333333,7075.149570504561,2500.0,0.0,96.18907573401813,2026-04-08 04:03:30.000000000,2026-04-08 04:03:00.000000000,0.0,7.075149570504561,0.0,2.5,0.0,2.5,0.020833333333333332,0.0,False,service
1.0,0.0,296.4471853943004,7.058266318911914,42.0,9-N1-2-B-034901,Faubourg de Hem,Egl. St-Firmin,1.0,20.0,1244.3333333333333,7371.596755898861,18942.057390181886,0.0,96.04174862098338,2026-04-08 04:04:12.000000000,2026-04-08 04:03:30.000000000,0.29644718539430037,7.371596755898861,25.409758748082893,18.942057390181887,0.0,18.942057390181887,0.220990669552122,0.0,False,service
0.0,0.0,0.0,0.0,30.0,9-N1-2-B-034901,Egl. St-Firmin,Egl. St-Firmin,1.0,21.0,1274.3333333333333,7371.596755898861,2500.0,0.0,96.02785973209448,2026-04-08 04:04:42.000000000,2026-04-08 04:04:12.000000000,0.0,7.371596755898861,0.0,2.5,0.0,2.5,0.020833333333333332,0.0,False,service
1.0,0.0,397.9625757415526,7.106474566813439,56.0,9-N1-2-B-034901,Egl. St-Firmin,Zoo d'Amiens,1.0,22.0,1330.3333333333333,7769.559331640414,19071.518432946243,0.0,95.83008102241949,2026-04-08 04:05:38.000000000,2026-04-08 04:04:42.000000000,0.3979625757415526,7.769559331640414,25.58330844052838,19.07151843294624,0.0,19.07151843294624,0.2966680645124971,0.0,False,service
0.0,0.0,0.0,0.0,30.0,9-N1-2-B-034901,Zoo d'Amiens,Zoo d'Amiens,1.0,23.0,1360.3333333333333,7769.559331640414,2500.0,0.0,95.8161921335306,2026-04-08 04:06:08.000000000,2026-04-08 04:05:38.000000000,0.0,7.769559331640414,0.0,2.5,0.0,2.5,0.020833333333333332,0.0,False,service
1.0,0.0,387.76459722543666,6.924367807597084,56.0,9-N1-2-B-034901,Zoo d'Amiens,Jean Jaurès,1.0,24.0,1416.3333333333333,8157.323928865851,18584.29760190798,0.0,95.62346608432563,2026-04-08 04:07:04.000000000,2026-04-08 04:06:08.000000000,0.38776459722543666,8.15732392886585,24.9277241073495,18.58429760190798,0.0,18.58429760190798,0.28908907380745746,0.0,False,service
0.0,0.0,0.0,0.0,30.0,9-N1-2-B-034901,Jean Jaurès,Jean Jaurès,1.0,25.0,1446.3333333333333,8157.323928865851,2500.0,0.0,95.60957719543674,2026-04-08 04:07:34.000000000,2026-04-08 04:07:04.000000000,0.0,8.15732392886585,0.0,2.5,0.0,2.5,0.020833333333333332,0.0,False,service
1.0,0.0,353.81886733206454,6.675827685510652,53.0,9-N1-2-B-034901,Jean Jaurès,Saint-Jacques,1.0,26.0,1499.3333333333333,8511.142796197915,17927.174140413597,0.0,95.43362530109565,2026-04-08 04:08:27.000000000,2026-04-08 04:07:34.000000000,0.3538188673320645,8.511142796197916,24.032979667838347,17.927174140413598,0.0,17.927174140413598,0.2639278415116446,0.0,False,service
0.0,0.0,0.0,0.0,30.0,9-N1-2-B-034901,Saint-Jacques,Saint-Jacques,1.0,27.0,1529.3333333333333,8511.142796197915,2500.0,0.0,95.41973641220676,2026-04-08 04:08:57.000000000,2026-04-08 04:08:27.000000000,0.0,8.511142796197916,0.0,2.5,0.0,2.5,0.020833333333333332,0.0,False,service
1.0,0.0,242.8037375118653,7.35768901551107,33.0,9-N1-2-B-034901,Saint-Jacques,M. Culture A,1.0,28.0,1562.3333333333333,8753.94653370978,19751.86842032748,0.0,95.29903054963809,2026-04-08 04:09:30.000000000,2026-04-08 04:08:57.000000000,0.24280373751186532,8.753946533709781,26.487680455839854,19.75186842032748,0.0,19.75186842032748,0.1810587938530019,0.0,False,service
0.0,0.0,0.0,0.0,30.0,9-N1-2-B-034901,M. Culture A,M. Culture A,1.0,29.0,1592.3333333333333,8753.94653370978,2500.0,0.0,95.2851416607492,2026-04-08 04:10:00.000000000,2026-04-08 04:09:30.000000000,0.0,8.753946533709781,0.0,2.5,0.0,2.5,0.020833333333333332,0.0,False,service
1.0,0.0,296.74165114956037,2.472847092913003,120.0,9-N1-2-B-034901,M. Culture A,Hôtel de Ville,1.0,30.0,1712.3333333333333,9050.688184859342,7878.244573638238,0.0,95.11006955911279,2026-04-08 04:12:00.000000000,2026-04-08 04:10:00.000000000,0.29674165114956036,9.050688184859341,8.90224953448681,7.878244573638238,0.0,7.878244573638238,0.26260815245460795,0.0,False,service
0.0,0.0,0.0,0.0,30.0,9-N1-2-B-034901,Hôtel de Ville,Hôtel de Ville,1.0,31.0,1742.3333333333333,9050.688184859342,2500.0,0.0,95.0961806702239,2026-04-08 04:12:30.000000000,2026-04-08 04:12:00.000000000,0.0,9.050688184859341,0.0,2.5,0.0,2.5,0.020833333333333332,0.0,False,service
1.0,0.0,228.2941059416939,4.005159753363051,57.0,9-N1-2-B-034901,Hôtel de Ville,Jacobins,1.0,32.0,1799.3333333333333,9278.982290801036,11351.497055087,0.0,94.97635931242021,2026-04-08 04:13:27.000000000,2026-04-08 04:12:30.000000000,0.22829410594169391,9.278982290801036,14.418575112106984,11.351497055087,0.0,11.351497055087,0.17973203670554416,0.0,False,service
0.0,0.0,0.0,0.0,30.0,9-N1-2-B-034901,Jacobins,Jacobins,1.0,33.0,1829.3333333333333,9278.982290801036,2500.0,0.0,94.96247042353131,2026-04-08 04:13:57.000000000,2026-04-08 04:13:27.000000000,0.0,9.278982290801036,0.0,2.5,0.0,2.5,0.020833333333333332,0.0,False,service
1.0,0.0,326.11241962366006,4.026079254613087,81.0,9-N1-2-B-034901,Jacobins,Emile Zola,1.0,34.0,1910.3333333333333,9605.094710424695,11400.121734172237,0.0,94.79146859751873,2026-04-08 04:15:18.000000000,2026-04-08 04:13:57.000000000,0.32611241962366005,9.605094710424694,14.493885316607114,11.400121734172236,0.0,11.400121734172236,0.2565027390188753,0.0,False,service
0.0,0.0,0.0,0.0,30.0,9-N1-2-B-034901,Emile Zola,Emile Zola,1.0,35.0,1940.3333333333333,9605.094710424695,2500.0,0.0,94.77757970862984,2026-04-08 04:15:48.000000000,2026-04-08 04:15:18.000000000,0.0,9.605094710424694,0.0,2.5,0.0,2.5,0.020833333333333332,0.0,False,service
1.0,0.0,355.48637357572056,2.1943603307143245,162.0,9-N1-2-B-034901,Emile Zola,Gare du Nord B,1.0,36.0,2102.333333333333,9960.581084000416,7262.471868531566,0.0,94.5597055525739,2026-04-08 04:18:30.000000000,2026-04-08 04:15:48.000000000,0.35548637357572055,9.960581084000417,7.899697190571568,7.2624718685315655,0.0,7.2624718685315655,0.32681123408392043,0.0,False,service
0.0,0.0,0.0,0.0,30.0,9-N1-2-B-034901,Gare du Nord B,Gare du Nord B,1.0,37.0,2132.333333333333,9960.581084000416,2500.0,0.0,94.54581666368502,2026-04-08 04:19:00.000000000,2026-04-08 04:18:30.000000000,0.0,9.960581084000417,0.0,2.5,0.0,2.5,0.020833333333333332,0.0,False,service
1.0,0.0,368.1948881034494,3.95908481831666,93.0,9-N1-2-B-034901,Gare du Nord B,Caserne Dejean,1.0,38.0,2225.333333333333,10328.775972103866,11244.532705520063,0.0,94.3521608226455,2026-04-08 04:20:33.000000000,2026-04-08 04:19:00.000000000,0.3681948881034494,10.328775972103866,14.252705345939976,11.244532705520063,0.0,11.244532705520063,0.2904837615592683,0.0,False,service
0.0,0.0,0.0,0.0,30.0,9-N1-2-B-034901,Caserne Dejean,Caserne Dejean,1.0,39.0,2255.333333333333,10328.775972103866,2500.0,0.0,94.33827193375662,2026-04-08 04:21:03.000000000,2026-04-08 04:20:33.000000000,0.0,10.328775972103866,0.0,2.5,0.0,2.5,0.020833333333333332,0.0,False,service
1.0,0.0,355.3755273513469,3.862777471210292,92.0,9-N1-2-B-034901,Caserne Dejean,Pinceau,1.0,40.0,2347.333333333333,10684.151499455213,11021.525823010094,0.0,94.15049779010533,2026-04-08 04:22:35.000000000,2026-04-08 04:21:03.000000000,0.35537552735134686,10.684151499455213,13.905998896357051,11.021525823010094,0.0,11.021525823010094,0.28166121547692463,0.0,False,service
0.0,0.0,0.0,0.0,30.0,9-N1-2-B-034901,Pinceau,Pinceau,1.0,41.0,2377.333333333333,10684.151499455213,2500.0,0.0,94.13660890121643,2026-04-08 04:23:05.000000000,2026-04-08 04:22:35.000000000,0.0,10.684151499455213,0.0,2.5,0.0,2.5,0.020833333333333332,0.0,False,service
1.0,0.0,447.05548624280317,3.8874390108069843,115.0,9-N1-2-B-034901,Pinceau,L. de Luzarches,1.0,42.0,2492.333333333333,11131.206985698016,11078.55830186122,0.0,93.9006766410842,2026-04-08 04:25:00.000000000,2026-04-08 04:23:05.000000000,0.44705548624280317,11.131206985698016,13.994780438905144,11.07855830186122,0.0,11.07855830186122,0.3538983901983445,0.0,False,service
0.0,0.0,0.0,0.0,30.0,9-N1-2-B-034901,L. de Luzarches,L. de Luzarches,1.0,43.0,2522.333333333333,11131.206985698016,2500.0,0.0,93.88678775219532,2026-04-08 04:25:30.000000000,2026-04-08 04:25:00.000000000,0.0,11.131206985698016,0.0,2.5,0.0,2.5,0.020833333333333332,0.0,False,service
1.0,0.0,324.8685267650074,8.121713169125185,40.0,9-N1-2-B-034901,L. de Luzarches,Egl. St-Acheul,1.0,44.0,2562.333333333333,11456.075512463023,21882.98673915759,0.0,93.72469155412749,2026-04-08 04:26:10.000000000,2026-04-08 04:25:30.000000000,0.3248685267650074,11.456075512463023,29.238167408850664,21.88298673915759,0.0,21.88298673915759,0.24314429710175098,0.0,False,service
0.0,0.0,0.0,0.0,30.0,9-N1-2-B-034901,Egl. St-Acheul,Egl. St-Acheul,1.0,45.0,2592.333333333333,11456.075512463023,2500.0,0.0,93.7108026652386,2026-04-08 04:26:40.000000000,2026-04-08 04:26:10.000000000,0.0,11.456075512463023,0.0,2.5,0.0,2.5,0.020833333333333332,0.0,False,service
1.0,0.0,451.79666905185246,8.214484891851862,55.0,9-N1-2-B-034901,Egl. St-Acheul,Mercey,1.0,46.0,2647.333333333333,11907.872181514877,22148.418284070947,0.0,93.48521692345639,2026-04-08 04:27:35.000000000,2026-04-08 04:26:40.000000000,0.45179666905185245,11.907872181514877,29.572145610666706,22.148418284070946,0.0,22.148418284070946,0.33837861267330616,0.0,False,service
0.0,0.0,0.0,0.0,30.0,9-N1-2-B-034901,Mercey,Mercey,1.0,47.0,2677.333333333333,11907.872181514877,2500.0,0.0,93.4713280345675,2026-04-08 04:28:05.000000000,2026-04-08 04:27:35.000000000,0.0,11.907872181514877,0.0,2.5,0.0,2.5,0.020833333333333332,0.0,False,service
1.0,0.0,481.8036462949089,8.166163496523879,59.0,9-N1-2-B-034901,Mercey,Sobo,1.0,48.0,2736.333333333333,12389.675827809786,22009.978589942315,0.0,93.23084863886258,2026-04-08 04:29:04.000000000,2026-04-08 04:28:05.000000000,0.4818036462949089,12.389675827809786,29.398188587485965,22.009978589942314,0.0,22.009978589942314,0.36071909355738796,0.0,False,service
0.0,0.0,0.0,0.0,30.0,9-N1-2-B-034901,Sobo,Sobo,1.0,49.0,2766.333333333333,12389.675827809786,2500.0,0.0,93.2169597499737,2026-04-08 04:29:34.000000000,2026-04-08 04:29:04.000000000,0.0,12.389675827809786,0.0,2.5,0.0,2.5,0.020833333333333332,0.0,False,service
1.0,0.0,707.5852717526406,8.22773571805396,86.0,9-N1-2-B-034901,Sobo,Pont de l'Avre,1.0,50.0,2852.333333333333,13097.261099562427,22186.452600813267,0.0,92.86361994929408,2026-04-08 04:31:00.000000000,2026-04-08 04:29:34.000000000,0.7075852717526405,13.097261099562427,29.61984858499426,22.18645260081327,0.0,22.18645260081327,0.530009701019428,0.0,False,service
0.0,0.0,0.0,0.0,30.0,9-N1-2-B-034901,Pont de l'Avre,Pont de l'Avre,1.0,51.0,2882.333333333333,13097.261099562427,2500.0,0.0,92.84973106040519,2026-04-08 04:31:30.000000000,2026-04-08 04:31:00.000000000,0.0,13.097261099562427,0.0,2.5,0.0,2.5,0.020833333333333332,0.0,False,service
1.0,0.0,296.6141068969825,7.062240640404345,42.0,9-N1-2-B-034901,Pont de l'Avre,Cité du Château,1.0,52.0,2924.333333333333,13393.87520645941,18952.717051821182,0.0,92.70232103889101,2026-04-08 04:32:12.000000000,2026-04-08 04:31:30.000000000,0.2966141068969825,13.39387520645941,25.424066305455643,18.952717051821182,0.0,18.952717051821182,0.22111503227124713,0.0,False,service
0.0,0.0,0.0,0.0,30.0,9-N1-2-B-034901,Cité du Château,Cité du Château,1.0,53.0,2954.333333333333,13393.87520645941,2500.0,0.0,92.68843215000213,2026-04-08 04:32:42.000000000,2026-04-08 04:32:12.000000000,0.0,13.39387520645941,0.0,2.5,0.0,2.5,0.020833333333333332,0.0,False,service
1.0,0.0,332.9543642312839,6.936549254818414,48.0,9-N1-2-B-034901,Cité du Château,La Rose Rouge,1.0,54.0,3002.333333333333,13726.829570690694,18616.73519188507,0.0,92.5229500594076,2026-04-08 04:33:30.000000000,2026-04-08 04:32:42.000000000,0.3329543642312839,13.726829570690693,24.97157731734629,18.61673519188507,0.0,18.61673519188507,0.24822313589180092,0.0,False,service
0.0,0.0,0.0,0.0,30.0,9-N1-2-B-034901,La Rose Rouge,La Rose Rouge,1.0,55.0,3032.333333333333,13726.829570690694,2500.0,0.0,92.5090611705187,2026-04-08 04:34:00.000000000,2026-04-08 04:33:30.000000000,0.0,13.726829570690693,0.0,2.5,0.0,2.5,0.020833333333333332,0.0,False,service
1.0,0.0,225.1396338173497,7.262568832817732,31.0,9-N1-2-B-034901,La Rose Rouge,Poidevin,1.0,56.0,3063.333333333333,13951.969204508043,19493.118954380796,0.0,92.39715622837319,2026-04-08 04:34:31.000000000,2026-04-08 04:34:00.000000000,0.2251396338173497,13.951969204508043,26.145247798143835,19.493118954380797,0.0,19.493118954380797,0.1678574132182791,0.0,False,service
0.0,0.0,0.0,0.0,30.0,9-N1-2-B-034901,Poidevin,Poidevin,1.0,57.0,3093.333333333333,13951.969204508043,2500.0,0.0,92.3832673394843,2026-04-08 04:35:01.000000000,2026-04-08 04:34:31.000000000,0.0,13.951969204508043,0.0,2.5,0.0,2.5,0.020833333333333332,0.0,False,service
1.0,0.0,314.5014195772681,7.147759535847002,44.0,9-N1-2-B-034901,Poidevin,M. de Longueau,1.0,58.0,3137.333333333333,14266.47062408531,19182.665796909016,0.0,92.22696413669468,2026-04-08 04:35:45.000000000,2026-04-08 04:35:01.000000000,0.3145014195772681,14.26647062408531,25.731934329049206,19.182665796909017,0.0,19.182665796909017,0.23445480418444353,0.0,False,service
0.0,0.0,0.0,0.0,30.0,9-N1-2-B-034901,M. de Longueau,M. de Longueau,1.0,59.0,3167.333333333333,14266.47062408531,2500.0,0.0,92.21307524780579,2026-04-08 04:36:15.000000000,2026-04-08 04:35:45.000000000,0.0,14.26647062408531,0.0,2.5,0.0,2.5,0.020833333333333332,0.0,False,service
1.0,0.0,256.63398574137216,6.936053668685734,37.0,9-N1-2-B-034901,M. de Longueau,La Fourche,1.0,60.0,3204.333333333333,14523.104609826682,18615.415085336244,0.0,92.08552518148034,2026-04-08 04:36:52.000000000,2026-04-08 04:36:15.000000000,0.25663398574137214,14.523104609826682,24.96979320726864,18.615415085336245,0.0,18.615415085336245,0.19132509948817805,0.0,False,service
0.0,0.0,0.0,0.0,30.0,9-N1-2-B-034901,La Fourche,La Fourche,1.0,61.0,3234.333333333333,14523.104609826682,2500.0,0.0,92.07163629259145,2026-04-08 04:37:22.000000000,2026-04-08 04:36:52.000000000,0.0,14.523104609826682,0.0,2.5,0.0,2.5,0.020833333333333332,0.0,False,service
1.0,0.0,651.0902221706201,6.643777777251225,98.0,9-N1-2-B-034901,La Fourche,Croix de Fer,1.0,62.0,3332.333333333333,15174.194831997302,17843.08013403265,0.0,91.74781743089974,2026-04-08 04:39:00.000000000,2026-04-08 04:37:22.000000000,0.6510902221706201,15.174194831997301,23.91759999810441,17.84308013403265,0.0,17.84308013403265,0.4857282925375555,0.0,False,service
0.0,0.0,0.0,0.0,30.0,9-N1-2-B-034901,Croix de Fer,Croix de Fer,1.0,63.0,3362.333333333333,15174.194831997302,2500.0,0.0,91.73392854201086,2026-04-08 04:39:30.000000000,2026-04-08 04:39:00.000000000,0.0,15.174194831997301,0.0,2.5,0.0,2.5,0.020833333333333332,0.0,False,service
1.0,0.0,703.41712703917,4.953641739712465,142.0,9-N1-2-B-034901,Croix de Fer,C. Cial Glisy,1.0,64.0,3504.333333333333,15877.611959036472,13596.520036751444,0.0,91.3763904225259,2026-04-08 04:41:52.000000000,2026-04-08 04:39:30.000000000,0.70341712703917,15.877611959036473,17.833110262964873,13.596520036751444,0.0,13.596520036751444,0.5363071792274181,0.0,False,service
0.0,0.0,0.0,0.0,30.0,9-N1-2-B-034901,C. Cial Glisy,C. Cial Glisy,1.0,65.0,3534.333333333333,15877.611959036472,2500.0,0.0,91.36250153363702,2026-04-08 04:42:22.000000000,2026-04-08 04:41:52.000000000,0.0,15.877611959036473,0.0,2.5,0.0,2.5,0.020833333333333332,0.0,False,service
1.0,0.0,136.72688382470434,4.883102993739441,28.0,9-N1-2-B-034901,C. Cial Glisy,Capitaine Nemo,1.0,66.0,3562.333333333333,16014.338842861176,13426.525887753734,0.0,91.29288251051534,2026-04-08 04:42:50.000000000,2026-04-08 04:42:22.000000000,0.13672688382470435,16.014338842861175,17.57917077746199,13.426525887753735,0.0,13.426525887753735,0.10442853468252905,0.0,False,service
0.0,0.0,0.0,0.0,30.0,9-N1-2-B-034901,Capitaine Nemo,Capitaine Nemo,1.0,67.0,3592.333333333333,16014.338842861176,2500.0,0.0,91.27899362162644,2026-04-08 04:43:20.000000000,2026-04-08 04:42:50.000000000,0.0,16.014338842861175,0.0,2.5,0.0,2.5,0.020833333333333332,0.0,False,service
1.0,0.0,323.4478124594319,2.488060095841784,130.0,9-N1-2-B-034901,Capitaine Nemo,Pôle J. Verne,1.0,68.0,3722.333333333333,16337.786655320608,7911.995684014774,0.0,91.08851965145573,2026-04-08 04:45:30.000000000,2026-04-08 04:43:20.000000000,0.3234478124594319,16.337786655320606,8.957016345030421,7.911995684014775,0.0,7.911995684014775,0.2857109552560891,0.0,False,service
0.0,0.0,0.0,0.0,30.0,9-N1-2-B-034901,Pôle J. Verne,Pôle J. Verne,1.0,69.0,3752.333333333333,16337.786655320608,2500.0,0.0,91.07463076256683,2026-04-08 04:46:00.000000000,2026-04-08 04:45:30.000000000,0.0,16.337786655320606,0.0,2.5,0.0,2.5,0.020833333333333332,0.0,False,service
1.0,0.0,334.0181708930427,4.7044812801837,71.0,9-N1-4-B-035101,Pôle J. Verne,Capitaine Nemo,1.0,70.0,3823.333333333333,16671.80482621365,12998.346897480362,0.0,90.90372657187774,2026-04-08 04:47:11.000000000,2026-04-08 04:46:00.000000000,0.3340181708930427,16.671804826213652,16.93613260866132,12.998346897480362,0.0,12.998346897480362,0.25635628603364047,0.0,False,service
0.0,0.0,0.0,0.0,30.0,9-N1-4-B-035101,Capitaine Nemo,Capitaine Nemo,1.0,71.0,3853.333333333333,16671.80482621365,2500.0,0.0,90.88983768298885,2026-04-08 04:47:41.000000000,2026-04-08 04:47:11.000000000,0.0,16.671804826213652,0.0,2.5,0.0,2.5,0.020833333333333332,0.0,False,service
1.0,0.0,122.91799931516653,5.8532380626269775,21.0,9-N1-4-B-035101,Capitaine Nemo,C. Cial Glisy,1.0,72.0,3874.333333333333,16794.722825528817,15812.917585812425,0.0,90.82834300348847,2026-04-08 04:48:02.000000000,2026-04-08 04:47:41.000000000,0.12291799931516653,16.79472282552882,21.07165702545712,15.812917585812425,0.0,15.812917585812425,0.09224201925057249,0.0,False,service
0.0,0.0,0.0,0.0,30.0,9-N1-4-B-035101,C. Cial Glisy,C. Cial Glisy,1.0,73.0,3904.333333333333,16794.722825528817,2500.0,0.0,90.81445411459958,2026-04-08 04:48:32.000000000,2026-04-08 04:48:02.000000000,0.0,16.79472282552882,0.0,2.5,0.0,2.5,0.020833333333333332,0.0,False,service
1.0,0.0,685.9620842301216,4.6664087362593305,147.0,9-N1-4-B-035101,C. Cial Glisy,Croix de Fer,1.0,74.0,4051.333333333333,17480.68490975894,12907.4980317801,0.0,90.46308333484556,2026-04-08 04:50:59.000000000,2026-04-08 04:48:32.000000000,0.6859620842301216,17.48068490975894,16.79907145053359,12.9074980317801,0.0,12.9074980317801,0.5270561696310208,0.0,False,service
0.0,0.0,0.0,0.0,30.0,9-N1-4-B-035101,Croix de Fer,Croix de Fer,1.0,75.0,4081.333333333333,17480.68490975894,2500.0,0.0,90.44919444595668,2026-04-08 04:51:29.000000000,2026-04-08 04:50:59.000000000,0.0,17.48068490975894,0.0,2.5,0.0,2.5,0.020833333333333332,0.0,False,service
1.0,0.0,746.5227463047001,6.912247650969446,108.0,9-N1-4-B-035101,Croix de Fer,La Fourche,1.0,76.0,4189.333333333333,18227.20765606364,18552.04485821827,0.0,90.07815354879232,2026-04-08 04:53:17.000000000,2026-04-08 04:51:29.000000000,0.7465227463047002,18.22720765606364,24.88409154349001,18.55204485821827,0.0,18.55204485821827,0.5565613457465481,0.0,False,service
0.0,0.0,0.0,0.0,30.0,9-N1-4-B-035101,La Fourche,La Fourche,1.0,77.0,4219.333333333333,18227.20765606364,2500.0,0.0,90.06426465990343,2026-04-08 04:53:47.000000000,2026-04-08 04:53:17.000000000,0.0,18.22720765606364,0.0,2.5,0.0,2.5,0.020833333333333332,0.0,False,service
1.0,0.0,236.45430499839583,7.38919703119987,32.0,9-N1-4-B-035101,La Fourche,M. de Longueau,1.0,78.0,4251.333333333333,18463.661961062036,19837.888242149456,0.0,89.94670680365365,2026-04-08 04:54:19.000000000,2026-04-08 04:53:47.000000000,0.23645430499839581,18.463661961062037,26.60110931231953,19.837888242149457,0.0,19.837888242149457,0.17633678437466183,0.0,False,service
0.0,0.0,0.0,0.0,30.0,9-N1-4-B-035101,M. de Longueau,M. de Longueau,1.0,79.0,4281.333333333333,18463.661961062036,2500.0,0.0,89.93281791476477,2026-04-08 04:54:49.000000000,2026-04-08 04:54:19.000000000,0.0,18.463661961062037,0.0,2.5,0.0,2.5,0.020833333333333332,0.0,False,service
1.0,0.0,238.2314886825274,7.219136020682649,33.0,9-N1-4-B-035101,M. de Longueau,Poidevin,1.0,80.0,4314.333333333333,18701.893449744563,19375.436167720003,0.0,89.81441247151758,2026-04-08 04:55:22.000000000,2026-04-08 04:54:49.000000000,0.23823148868252741,18.701893449744563,25.98888967445754,19.375436167720004,0.0,19.375436167720004,0.1776081648707667,0.0,False,service
0.0,0.0,0.0,0.0,30.0,9-N1-4-B-035101,Poidevin,Poidevin,1.0,81.0,4344.333333333333,18701.893449744563,2500.0,0.0,89.8005235826287,2026-04-08 04:55:52.000000000,2026-04-08 04:55:22.000000000,0.0,18.701893449744563,0.0,2.5,0.0,2.5,0.020833333333333332,0.0,False,service
1.0,0.0,283.0530932557657,7.257771621942711,39.0,9-N1-4-B-035101,Poidevin,La Rose Rouge,1.0,82.0,4383.333333333333,18984.94654300033,19480.106487676945,0.0,89.65983392466214,2026-04-08 04:56:31.000000000,2026-04-08 04:55:52.000000000,0.2830530932557657,18.98494654300033,26.127977838993758,19.480106487676945,0.0,19.480106487676945,0.2110344869498336,0.0,False,service
0.0,0.0,0.0,0.0,30.0,9-N1-4-B-035101,La Rose Rouge,La Rose Rouge,1.0,83.0,4413.333333333333,18984.94654300033,2500.0,0.0,89.64594503577325,2026-04-08 04:57:01.000000000,2026-04-08 04:56:31.000000000,0.0,18.98494654300033,0.0,2.5,0.0,2.5,0.020833333333333332,0.0,False,service
1.0,0.0,382.52636844861735,7.356276316319565,52.0,9-N1-4-B-035101,La Rose Rouge,Cité du Château,1.0,84.0,4465.333333333333,19367.472911448946,19748.01525501541,0.0,89.45577896294718,2026-04-08 04:57:53.000000000,2026-04-08 04:57:01.000000000,0.38252636844861737,19.367472911448946,26.482594738750432,19.74801525501541,0.0,19.74801525501541,0.28524910923911145,0.0,False,service
0.0,0.0,0.0,0.0,30.0,9-N1-4-B-035101,Cité du Château,Cité du Château,1.0,85.0,4495.333333333333,19367.472911448946,2500.0,0.0,89.44189007405829,2026-04-08 04:58:23.000000000,2026-04-08 04:57:53.000000000,0.0,19.367472911448946,0.0,2.5,0.0,2.5,0.020833333333333332,0.0,False,service
1.0,0.0,259.04003764462647,7.195556601239624,36.0,9-N1-4-B-035101,Cité du Château,Pont de l'Avre,1.0,86.0,4531.333333333333,19626.512949093572,19311.6680021364,0.0,89.31314562071071,2026-04-08 04:58:59.000000000,2026-04-08 04:58:23.000000000,0.25904003764462646,19.626512949093573,25.904003764462647,19.3116680021364,0.0,19.3116680021364,0.193116680021364,0.0,False,service
0.0,0.0,0.0,0.0,30.0,9-N1-4-B-035101,Pont de l'Avre,Pont de l'Avre,1.0,87.0,4561.333333333333,19626.512949093572,2500.0,0.0,89.29925673182183,2026-04-08 04:59:29.000000000,2026-04-08 04:58:59.000000000,0.0,19.626512949093573,0.0,2.5,0.0,2.5,0.020833333333333332,0.0,False,service
1.0,0.0,778.6426370279388,6.655065273743067,117.0,9-N1-4-B-035101,Pont de l'Avre,Sobo,1.0,88.0,4678.333333333333,20405.155586121513,17872.680225978973,0.0,88.91201532692561,2026-04-08 05:01:26.000000000,2026-04-08 04:59:29.000000000,0.7786426370279388,20.405155586121513,23.95823498547504,17.87268022597897,0.0,17.87268022597897,0.5808621073443166,0.0,False,service
0.0,0.0,0.0,0.0,30.0,9-N1-4-B-035101,Sobo,Sobo,1.0,89.0,4708.333333333333,20405.155586121513,2500.0,0.0,88.89812643803673,2026-04-08 05:01:56.000000000,2026-04-08 05:01:26.000000000,0.0,20.405155586121513,0.0,2.5,0.0,2.5,0.020833333333333332,0.0,False,service
1.0,0.0,494.86888000554234,6.598251733407231,75.0,9-N1-4-B-035101,Sobo,Mercey,1.0,90.0,4783.333333333333,20900.024466127055,17723.87559643727,0.0,88.65196149919731,2026-04-08 05:03:11.000000000,2026-04-08 05:01:56.000000000,0.49486888000554236,20.900024466127057,23.753706240266034,17.723875596437267,0.0,17.723875596437267,0.36924740825910973,0.0,False,service
0.0,0.0,0.0,0.0,30.0,9-N1-4-B-035101,Mercey,Mercey,1.0,91.0,4813.333333333333,20900.024466127055,2500.0,0.0,88.63807261030843,2026-04-08 05:03:41.000000000,2026-04-08 05:03:11.000000000,0.0,20.900024466127057,0.0,2.5,0.0,2.5,0.020833333333333332,0.0,False,service
1.0,0.0,443.51095510688015,6.71986295616485,66.0,9-N1-4-B-035101,Mercey,Egl. St-Acheul,1.0,92.0,4879.333333333333,21343.535421233937,18042.95332249385,0.0,88.41754762525572,2026-04-08 05:04:47.000000000,2026-04-08 05:03:41.000000000,0.44351095510688016,21.343535421233938,24.191506642193463,18.04295332249385,0.0,18.04295332249385,0.3307874775790539,0.0,False,service
0.0,0.0,0.0,0.0,30.0,9-N1-4-B-035101,Egl. St-Acheul,Egl. St-Acheul,1.0,93.0,4909.333333333333,21343.535421233937,2500.0,0.0,88.40365873636684,2026-04-08 05:05:17.000000000,2026-04-08 05:04:47.000000000,0.0,21.343535421233938,0.0,2.5,0.0,2.5,0.020833333333333332,0.0,False,service
1.0,0.0,277.40496861036326,6.604880205008649,42.0,9-N1-4-B-035101,Egl. St-Acheul,L. de Luzarches,1.0,94.0,4951.333333333333,21620.9403898443,17741.21336558846,0.0,88.26567152130116,2026-04-08 05:05:59.000000000,2026-04-08 05:05:17.000000000,0.27740496861036323,21.6209403898443,23.777568738031135,17.74121336558846,0.0,17.74121336558846,0.20698082259853207,0.0,False,service
0.0,0.0,0.0,0.0,30.0,9-N1-4-B-035101,L. de Luzarches,L. de Luzarches,1.0,95.0,4981.333333333333,21620.9403898443,2500.0,0.0,88.25178263241226,2026-04-08 05:06:29.000000000,2026-04-08 05:05:59.000000000,0.0,21.6209403898443,0.0,2.5,0.0,2.5,0.020833333333333332,0.0,False,service
1.0,0.0,343.1323580300078,3.855419753146155,89.0,9-N1-4-B-035101,L. de Luzarches,Pinceau,1.0,96.0,5070.333333333333,21964.07274787431,11004.519972906111,0.0,88.07041184026622,2026-04-08 05:07:58.000000000,2026-04-08 05:06:29.000000000,0.3431323580300078,21.96407274787431,13.879511111326158,11.004519972906111,0.0,11.004519972906111,0.27205618821906774,0.0,False,service
0.0,0.0,0.0,0.0,30.0,9-N1-4-B-035101,Pinceau,Pinceau,1.0,97.0,5100.333333333333,21964.07274787431,2500.0,0.0,88.05652295137733,2026-04-08 05:08:28.000000000,2026-04-08 05:07:58.000000000,0.0,21.96407274787431,0.0,2.5,0.0,2.5,0.020833333333333332,0.0,False,service
1.0,0.0,405.8966158731125,3.793426316571145,107.0,9-N1-4-B-035101,Pinceau,Caserne Dejean,1.0,98.0,5207.333333333333,22369.969363747423,10861.409934698444,0.0,87.84130612489349,2026-04-08 05:10:15.000000000,2026-04-08 05:08:28.000000000,0.40589661587311254,22.369969363747423,13.656334739656122,10.861409934698443,0.0,10.861409934698443,0.32282523972575927,0.0,False,service
0.0,0.0,0.0,0.0,30.0,9-N1-4-B-035101,Caserne Dejean,Caserne Dejean,1.0,99.0,5237.333333333333,22369.969363747423,2500.0,0.0,87.8274172360046,2026-04-08 05:10:45.000000000,2026-04-08 05:10:15.000000000,0.0,22.369969363747423,0.0,2.5,0.0,2.5,0.020833333333333332,0.0,False,service
1.0,0.0,391.6364257160486,3.7657348626543135,104.0,9-N1-4-B-035101,Caserne Dejean,Gare du Nord A,1.0,100.0,5341.333333333333,22761.605789463472,10797.585272349694,0.0,87.61946374187046,2026-04-08 05:12:29.000000000,2026-04-08 05:10:45.000000000,0.3916364257160486,22.761605789463474,13.55664550555553,10.797585272349695,0.0,10.797585272349695,0.31193024120121343,0.0,False,service
0.0,0.0,0.0,0.0,30.0,9-N1-4-B-035101,Gare du Nord A,Gare du Nord A,1.0,101.0,5371.333333333333,22761.605789463472,2500.0,0.0,87.60557485298158,2026-04-08 05:12:59.000000000,2026-04-08 05:12:29.000000000,0.0,22.761605789463474,0.0,2.5,0.0,2.5,0.020833333333333332,0.0,False,service
1.0,0.0,327.94171057791687,2.2158223687697087,148.0,9-N1-4-B-035101,Gare du Nord A,René Goblet,1.0,102.0,5519.333333333333,23089.54750004139,7309.793127281074,0.0,87.4052323746783,2026-04-08 05:15:27.000000000,2026-04-08 05:12:59.000000000,0.3279417105779169,23.08954750004139,7.976960527570951,7.309793127281074,0.0,7.309793127281074,0.3005137174548886,0.0,False,service
0.0,0.0,0.0,0.0,30.0,9-N1-4-B-035101,René Goblet,René Goblet,1.0,103.0,5549.333333333333,23089.54750004139,2500.0,0.0,87.39134348578942,2026-04-08 05:15:57.000000000,2026-04-08 05:15:27.000000000,0.0,23.08954750004139,0.0,2.5,0.0,2.5,0.020833333333333332,0.0,False,service
1.0,0.0,225.21730590675048,4.170690850125009,54.0,9-N1-4-B-035101,René Goblet,P. de Justice,1.0,104.0,5603.333333333333,23314.76480594814,11737.285646721439,0.0,87.2739706293222,2026-04-08 05:16:51.000000000,2026-04-08 05:15:57.000000000,0.2252173059067505,23.31476480594814,15.014487060450033,11.737285646721439,0.0,11.737285646721439,0.17605928470082158,0.0,False,service
0.0,0.0,0.0,0.0,30.0,9-N1-4-B-035101,P. de Justice,P. de Justice,1.0,105.0,5633.333333333333,23314.76480594814,2500.0,0.0,87.26008174043332,2026-04-08 05:17:21.000000000,2026-04-08 05:16:51.000000000,0.0,23.31476480594814,0.0,2.5,0.0,2.5,0.020833333333333332,0.0,False,service
1.0,0.0,229.9992746993994,3.965504736196541,58.0,9-N1-4-B-035101,P. de Justice,Dusevel,1.0,106.0,5691.333333333333,23544.76408064754,11259.425997860737,0.0,87.13914716490073,2026-04-08 05:18:19.000000000,2026-04-08 05:17:21.000000000,0.2299992746993994,23.54476408064754,14.275817050307548,11.259425997860737,0.0,11.259425997860737,0.18140186329886743,0.0,False,service
0.0,0.0,0.0,0.0,30.0,9-N1-4-B-035101,Dusevel,Dusevel,1.0,107.0,5721.333333333333,23544.76408064754,2500.0,0.0,87.12525827601185,2026-04-08 05:18:49.000000000,2026-04-08 05:18:19.000000000,0.0,23.54476408064754,0.0,2.5,0.0,2.5,0.020833333333333332,0.0,False,service
1.0,0.0,218.8226139254244,3.587255965990564,61.0,9-N1-4-B-035101,Dusevel,Beffroi,1.0,108.0,5782.333333333333,23763.586694572965,10387.6685654154,0.0,87.0079160940692,2026-04-08 05:19:50.000000000,2026-04-08 05:18:49.000000000,0.2188226139254244,23.763586694572965,12.914121477566031,10.387668565415401,0.0,10.387668565415401,0.1760132729139832,0.0,False,service
0.0,0.0,0.0,0.0,30.0,9-N1-4-B-035101,Beffroi,Beffroi,1.0,109.0,5812.333333333333,23763.586694572965,2500.0,0.0,86.9940272051803,2026-04-08 05:20:20.000000000,2026-04-08 05:19:50.000000000,0.0,23.763586694572965,0.0,2.5,0.0,2.5,0.020833333333333332,0.0,False,service
1.0,0.0,189.07722066752729,3.501430012361616,54.0,9-N1-4-B-035101,Beffroi,Place du Marché,1.0,110.0,5866.333333333333,23952.663915240493,10191.420812679045,0.0,86.89211299705352,2026-04-08 05:21:14.000000000,2026-04-08 05:20:20.000000000,0.18907722066752727,23.952663915240493,12.605148044501819,10.191420812679045,0.0,10.191420812679045,0.15287131219018568,0.0,False,service
0.0,0.0,0.0,0.0,30.0,9-N1-4-B-035101,Place du Marché,Place du Marché,1.0,111.0,5896.333333333333,23952.663915240493,2500.0,0.0,86.87822410816463,2026-04-08 05:21:44.000000000,2026-04-08 05:21:14.000000000,0.0,23.952663915240493,0.0,2.5,0.0,2.5,0.020833333333333332,0.0,False,service
1.0,0.0,171.78613535708172,3.817469674601816,45.0,9-N1-4-B-035101,Place du Marché,M. Culture B,1.0,112.0,5941.333333333333,24124.450050597574,10916.87632541456,0.0,86.78725013878618,2026-04-08 05:22:29.000000000,2026-04-08 05:21:44.000000000,0.17178613535708173,24.124450050597574,13.742890828566539,10.91687632541456,0.0,10.91687632541456,0.136460954067682,0.0,False,service
0.0,0.0,0.0,0.0,30.0,9-N1-4-B-035101,M. Culture B,M. Culture B,1.0,113.0,5971.333333333333,24124.450050597574,2500.0,0.0,86.77336124989728,2026-04-08 05:22:59.000000000,2026-04-08 05:22:29.000000000,0.0,24.124450050597574,0.0,2.5,0.0,2.5,0.020833333333333332,0.0,False,service
1.0,0.0,291.81191051704656,6.07941480243847,48.0,9-N1-4-B-035101,M. Culture B,Saint-Jacques,1.0,114.0,6019.333333333333,24416.261961114622,16385.370113942587,0.0,86.62771351555112,2026-04-08 05:23:47.000000000,2026-04-08 05:22:59.000000000,0.2918119105170466,24.41626196111462,21.885893288778494,16.385370113942585,0.0,16.385370113942585,0.2184716015192345,0.0,False,service
0.0,0.0,0.0,0.0,30.0,9-N1-4-B-035101,Saint-Jacques,Saint-Jacques,1.0,115.0,6049.333333333333,24416.261961114622,2500.0,0.0,86.61382462666224,2026-04-08 05:24:17.000000000,2026-04-08 05:23:47.000000000,0.0,24.41626196111462,0.0,2.5,0.0,2.5,0.020833333333333332,0.0,False,service
1.0,0.0,350.7042974526486,5.656520926655622,62.0,9-N1-4-B-035101,Saint-Jacques,Jean Jaurès,1.0,116.0,6111.333333333333,24766.96625856727,15320.20185396715,0.0,86.43792601278335,2026-04-08 05:25:19.000000000,2026-04-08 05:24:17.000000000,0.3507042974526486,24.76696625856727,20.36347533596024,15.32020185396715,0.0,15.32020185396715,0.26384792081832315,0.0,False,service
0.0,0.0,0.0,0.0,30.0,9-N1-4-B-035101,Jean Jaurès,Jean Jaurès,1.0,117.0,6141.333333333333,24766.96625856727,2500.0,0.0,86.42403712389446,2026-04-08 05:25:49.000000000,2026-04-08 05:25:19.000000000,0.0,24.76696625856727,0.0,2.5,0.0,2.5,0.020833333333333332,0.0,False,service
1.0,0.0,402.8160957322576,5.5946679962813555,72.0,9-N1-4-B-035101,Jean Jaurès,Zoo d'Amiens,1.0,118.0,6213.333333333333,25169.78235429953,15166.246752306562,0.0,86.22182050053038,2026-04-08 05:27:01.000000000,2026-04-08 05:25:49.000000000,0.40281609573225763,25.169782354299528,20.14080478661288,15.166246752306563,0.0,15.166246752306563,0.3033249350461313,0.0,False,service
0.0,0.0,0.0,0.0,30.0,9-N1-4-B-035101,Zoo d'Amiens,Zoo d'Amiens,1.0,119.0,6243.333333333333,25169.78235429953,2500.0,0.0,86.2079316116415,2026-04-08 05:27:31.000000000,2026-04-08 05:27:01.000000000,0.0,25.169782354299528,0.0,2.5,0.0,2.5,0.020833333333333332,0.0,False,service
1.0,0.0,376.38436041502575,5.790528621769627,65.0,9-N1-4-B-035101,Zoo d'Amiens,Egl. St-Firmin,1.0,120.0,6308.333333333333,25546.166714714553,15655.335649169396,0.0,86.01948775660519,2026-04-08 05:28:36.000000000,2026-04-08 05:27:31.000000000,0.37638436041502576,25.546166714714552,20.845903038370658,15.655335649169396,0.0,15.655335649169396,0.2826657825544474,0.0,False,service
0.0,0.0,0.0,0.0,30.0,9-N1-4-B-035101,Egl. St-Firmin,Egl. St-Firmin,1.0,121.0,6338.333333333333,25546.166714714553,2500.0,0.0,86.0055988677163,2026-04-08 05:29:06.000000000,2026-04-08 05:28:36.000000000,0.0,25.546166714714552,0.0,2.5,0.0,2.5,0.020833333333333332,0.0,False,service
1.0,0.0,300.7481358168622,5.674493128620042,53.0,9-N1-4-B-035101,Egl. St-Firmin,Faubourg de Hem,1.0,122.0,6391.333333333333,25846.914850531415,15365.021453635112,0.0,85.85479402752321,2026-04-08 05:29:59.000000000,2026-04-08 05:29:06.000000000,0.3007481358168622,25.846914850531416,20.428175263032152,15.365021453635112,0.0,15.365021453635112,0.22620726028962804,0.0,False,service
0.0,0.0,0.0,0.0,30.0,9-N1-4-B-035101,Faubourg de Hem,Faubourg de Hem,1.0,123.0,6421.333333333333,25846.914850531415,2500.0,0.0,85.84090513863433,2026-04-08 05:30:29.000000000,2026-04-08 05:29:59.000000000,0.0,25.846914850531416,0.0,2.5,0.0,2.5,0.020833333333333332,0.0,False,service
1.0,0.0,242.018982618479,5.5004314231472495,44.0,9-N1-4-B-035101,Faubourg de Hem,Espace Alliance,1.0,124.0,6465.333333333333,26088.933833149895,14932.558498063929,0.0,85.71923243976121,2026-04-08 05:31:13.000000000,2026-04-08 05:30:29.000000000,0.24201898261847898,26.088933833149895,19.8015531233301,14.932558498063928,0.0,14.932558498063928,0.18250904830967024,0.0,False,service
0.0,0.0,0.0,0.0,30.0,9-N1-4-B-035101,Espace Alliance,Espace Alliance,1.0,125.0,6495.333333333333,26088.933833149895,2500.0,0.0,85.70534355087233,2026-04-08 05:31:43.000000000,2026-04-08 05:31:13.000000000,0.0,26.088933833149895,0.0,2.5,0.0,2.5,0.020833333333333332,0.0,False,service
1.0,0.0,512.4653653664171,5.631487531499089,91.0,9-N1-4-B-035101,Espace Alliance,Sully,1.0,126.0,6586.333333333333,26601.399198516312,15257.837425164176,0.0,85.44822073500382,2026-04-08 05:33:14.000000000,2026-04-08 05:31:43.000000000,0.5124653653664172,26.60139919851631,20.273355113396722,15.257837425164176,0.0,15.257837425164176,0.38568422380276113,0.0,False,service
0.0,0.0,0.0,0.0,30.0,9-N1-4-B-035101,Sully,Sully,1.0,127.0,6616.333333333333,26601.399198516312,2500.0,0.0,85.43433184611493,2026-04-08 05:33:44.000000000,2026-04-08 05:33:14.000000000,0.0,26.60139919851631,0.0,2.5,0.0,2.5,0.020833333333333332,0.0,False,service
1.0,0.0,581.4235833007191,5.537367460006848,105.0,9-N1-4-B-035101,Sully,Place la Barre,1.0,128.0,6721.333333333333,27182.82278181703,15024.028151252374,0.0,85.14219796539614,2026-04-08 05:35:29.000000000,2026-04-08 05:33:44.000000000,0.5814235833007191,27.18282278181703,19.934522856024653,15.024028151252374,0.0,15.024028151252374,0.43820082107819425,0.0,False,service
0.0,0.0,0.0,0.0,30.0,9-N1-4-B-035101,Place la Barre,Place la Barre,1.0,129.0,6751.333333333333,27182.82278181703,2500.0,0.0,85.12830907650725,2026-04-08 05:35:59.000000000,2026-04-08 05:35:29.000000000,0.0,27.18282278181703,0.0,2.5,0.0,2.5,0.020833333333333332,0.0,False,service
1.0,0.0,321.16148117311843,4.654514219900267,69.0,9-N1-4-B-035101,Place la Barre,La Fontaine,1.0,130.0,6820.333333333333,27503.98426299015,12879.144765057834,0.0,84.96374222673151,2026-04-08 05:37:08.000000000,2026-04-08 05:35:59.000000000,0.32116148117311843,27.50398426299015,16.75625119164096,12.879144765057834,0.0,12.879144765057834,0.24685027466360848,0.0,False,service
0.0,0.0,0.0,0.0,30.0,9-N1-4-B-035101,La Fontaine,La Fontaine,1.0,131.0,6850.333333333333,27503.98426299015,2500.0,0.0,84.94985333784263,2026-04-08 05:37:38.000000000,2026-04-08 05:37:08.000000000,0.0,27.50398426299015,0.0,2.5,0.0,2.5,0.020833333333333332,0.0,False,service
1.0,0.0,233.68404358993675,5.31100099068038,44.0,9-N1-4-B-035101,La Fontaine,Les Coursives,1.0,132.0,6894.333333333333,27737.668306580086,14465.925742583915,0.0,84.83198283179195,2026-04-08 05:38:22.000000000,2026-04-08 05:37:38.000000000,0.23368404358993675,27.737668306580087,19.11960356644937,14.465925742583915,0.0,14.465925742583915,0.17680575907602564,0.0,False,service
0.0,0.0,0.0,0.0,30.0,9-N1-4-B-035101,Les Coursives,Les Coursives,1.0,133.0,6924.333333333333,27737.668306580086,2500.0,0.0,84.81809394290305,2026-04-08 05:38:52.000000000,2026-04-08 05:38:22.000000000,0.0,27.737668306580087,0.0,2.5,0.0,2.5,0.020833333333333332,0.0,False,service
1.0,0.0,293.0331102299119,5.327874731452944,55.0,9-N1-4-B-035101,Les Coursives,Languedoc,1.0,134.0,6979.333333333333,28030.70141681,14507.32542544115,0.0,84.67033414690319,2026-04-08 05:39:47.000000000,2026-04-08 05:38:52.000000000,0.2930331102299119,28.03070141681,19.1803490332306,14.507325425441149,0.0,14.507325425441149,0.22163969399979536,0.0,False,service
0.0,0.0,0.0,0.0,30.0,9-N1-4-B-035101,Languedoc,Languedoc,1.0,135.0,7009.333333333333,28030.70141681,2500.0,0.0,84.6564452580143,2026-04-08 05:40:17.000000000,2026-04-08 05:39:47.000000000,0.0,28.03070141681,0.0,2.5,0.0,2.5,0.020833333333333332,0.0,False,service
1.0,0.0,320.6006811443548,4.007508514304435,80.0,9-N1-4-B-035101,Languedoc,Collège R.Parks,1.0,136.0,7089.333333333333,28351.302097954354,11356.954589578385,0.0,84.48819407890943,2026-04-08 05:41:37.000000000,2026-04-08 05:40:17.000000000,0.3206006811443548,28.351302097954353,14.427030651495967,11.356954589578384,0.0,11.356954589578384,0.2523767686572974,0.0,False,service
0.0,0.0,0.0,0.0,30.0,9-N1-4-B-035101,Collège R.Parks,Collège R.Parks,1.0,137.0,7119.333333333333,28351.302097954354,2500.0,0.0,84.47430519002054,2026-04-08 05:42:07.000000000,2026-04-08 05:41:37.000000000,0.0,28.351302097954353,0.0,2.5,0.0,2.5,0.020833333333333332,0.0,False,service
1.0,0.0,270.8261413947126,5.0152989147169,54.0,9-N1-4-B-035101,Collège R.Parks,Martinique,1.0,138.0,7173.333333333333,28622.128239349066,13745.538236155448,0.0,84.336849807659,2026-04-08 05:43:01.000000000,2026-04-08 05:42:07.000000000,0.27082614139471256,28.622128239349067,18.05507609298084,13.745538236155447,0.0,13.745538236155447,0.20618307354233173,0.0,False,service
0.0,0.0,0.0,0.0,30.0,9-N1-4-B-035101,Martinique,Martinique,1.0,139.0,7203.333333333333,28622.128239349066,2500.0,0.0,84.32296091877011,2026-04-08 05:43:31.000000000,2026-04-08 05:43:01.000000000,0.0,28.622128239349067,0.0,2.5,0.0,2.5,0.020833333333333332,0.0,False,service
1.0,0.0,274.08690803195344,2.3227704070504527,118.0,9-N1-4-B-035101,Martinique,Etouvie Quai A,1.0,140.0,7321.333333333333,28896.21514738102,7545.9279119890025,0.0,84.15806841995257,2026-04-08 05:45:29.000000000,2026-04-08 05:43:31.000000000,0.27408690803195346,28.896215147381017,8.361973465381629,7.545927911989002,0.0,7.545927911989002,0.2473387482263062,0.0,False,service
1.0,0.0,241.9015249612658,4.319670088594032,56.0,9-N1-2-B-034901,Etouvie Quai A,Martinique,2.0,141.0,7377.333333333333,29138.116672342287,12086.56880128932,0.0,84.03272622497624,2026-04-08 05:46:25.000000000,2026-04-08 05:45:29.000000000,0.2419015249612658,29.138116672342285,15.550812318938515,12.08656880128932,0.0,12.08656880128932,0.18801329246450055,0.0,False,service
0.0,0.0,0.0,0.0,30.0,9-N1-2-B-034901,Martinique,Martinique,2.0,142.0,7407.333333333333,29138.116672342287,2500.0,0.0,84.01883733608734,2026-04-08 05:46:55.000000000,2026-04-08 05:46:25.000000000,0.0,29.138116672342285,0.0,2.5,0.0,2.5,0.020833333333333332,0.0,False,service
1.0,0.0,330.7630000086095,4.9367611941583505,67.0,9-N1-2-B-034901,Martinique,Collège R.Parks,2.0,143.0,7474.333333333333,29468.879672350897,13555.791611470482,0.0,83.85064510683392,2026-04-08 05:48:02.000000000,2026-04-08 05:46:55.000000000,0.3307630000086095,29.468879672350898,17.77234029897006,13.555791611470482,0.0,13.555791611470482,0.2522883438801451,0.0,False,service
0.0,0.0,0.0,0.0,30.0,9-N1-2-B-034901,Collège R.Parks,Collège R.Parks,2.0,144.0,7504.333333333333,29468.879672350897,2500.0,0.0,83.83675621794504,2026-04-08 05:48:32.000000000,2026-04-08 05:48:02.000000000,0.0,29.468879672350898,0.0,2.5,0.0,2.5,0.020833333333333332,0.0,False,service
1.0,0.0,296.81987678393193,4.01107941599908,74.0,9-N1-2-B-034901,Collège R.Parks,Languedoc,2.0,145.0,7578.333333333333,29765.699549134828,11365.252764990835,0.0,83.6810101615359,2026-04-08 05:49:46.000000000,2026-04-08 05:48:32.000000000,0.29681987678393196,29.76569954913483,14.439885897596689,11.365252764990835,0.0,11.365252764990835,0.23361908461370048,0.0,False,service
0.0,0.0,0.0,0.0,30.0,9-N1-2-B-034901,Languedoc,Languedoc,2.0,146.0,7608.333333333333,29765.699549134828,2500.0,0.0,83.66712127264701,2026-04-08 05:50:16.000000000,2026-04-08 05:49:46.000000000,0.0,29.76569954913483,0.0,2.5,0.0,2.5,0.020833333333333332,0.0,False,service
1.0,0.0,297.726462758007,5.316543977821554,56.0,9-N1-2-B-034901,Languedoc,Les coursives,2.0,147.0,7664.333333333333,30063.426011892836,14479.52190452762,0.0,83.51696326771116,2026-04-08 05:51:12.000000000,2026-04-08 05:50:16.000000000,0.297726462758007,30.063426011892837,19.139558320157594,14.479521904527621,0.0,14.479521904527621,0.22523700740376298,0.0,False,service
0.0,0.0,0.0,0.0,30.0,9-N1-2-B-034901,Les coursives,Les coursives,2.0,148.0,7694.333333333333,30063.426011892836,2500.0,0.0,83.50307437882228,2026-04-08 05:51:42.000000000,2026-04-08 05:51:12.000000000,0.0,30.063426011892837,0.0,2.5,0.0,2.5,0.020833333333333332,0.0,False,service
1.0,0.0,227.94980309080773,5.065551179795728,45.0,9-N1-2-B-034901,Les coursives,La Fontaine,2.0,149.0,7739.333333333333,30291.375814983643,13867.291099605594,0.0,83.3875136196589,2026-04-08 05:52:27.000000000,2026-04-08 05:51:42.000000000,0.22794980309080773,30.291375814983642,18.23598424726462,13.867291099605595,0.0,13.867291099605595,0.17334113874506996,0.0,False,service
0.0,0.0,0.0,0.0,30.0,9-N1-2-B-034901,La Fontaine,La Fontaine,2.0,150.0,7769.333333333333,30291.375814983643,2500.0,0.0,83.37362473077002,2026-04-08 05:52:57.000000000,2026-04-08 05:52:27.000000000,0.0,30.291375814983642,0.0,2.5,0.0,2.5,0.020833333333333332,0.0,False,service
1.0,0.0,278.8940733458619,4.572033989276425,61.0,9-N1-2-B-034901,La Fontaine,Place la Barre,2.0,151.0,7830.333333333333,30570.269888329505,12682.916941634749,0.0,83.23035474309599,2026-04-08 05:53:58.000000000,2026-04-08 05:52:57.000000000,0.2788940733458619,30.570269888329506,16.459322361395127,12.68291694163475,0.0,12.68291694163475,0.2149049815110332,0.0,False,service
0.0,0.0,0.0,0.0,30.0,9-N1-2-B-034901,Place la Barre,Place la Barre,2.0,152.0,7860.333333333333,30570.269888329505,2500.0,0.0,83.2164658542071,2026-04-08 05:54:28.000000000,2026-04-08 05:53:58.000000000,0.0,30.570269888329506,0.0,2.5,0.0,2.5,0.020833333333333332,0.0,False,service
1.0,0.0,552.9827646282706,5.882795368385858,94.0,9-N1-2-B-034901,Place la Barre,Sully,2.0,153.0,7954.333333333333,31123.252652957777,15887.360880206767,0.0,82.93990809073684,2026-04-08 05:56:02.000000000,2026-04-08 05:54:28.000000000,0.5529827646282706,31.123252652957778,21.178063326189086,15.887360880206767,0.0,15.887360880206767,0.4148366452053989,0.0,False,service
0.0,0.0,0.0,0.0,30.0,9-N1-2-B-034901,Sully,Sully,2.0,154.0,7984.333333333333,31123.252652957777,2500.0,0.0,82.92601920184794,2026-04-08 05:56:32.000000000,2026-04-08 05:56:02.000000000,0.0,31.123252652957778,0.0,2.5,0.0,2.5,0.020833333333333332,0.0,False,service
1.0,0.0,541.2636534432309,5.820039284335816,93.0,9-N1-2-B-034901,Sully,Espace Alliance,2.0,155.0,8077.333333333333,31664.51630640101,15729.432196236612,0.0,82.65512342513497,2026-04-08 05:58:05.000000000,2026-04-08 05:56:32.000000000,0.5412636534432308,31.66451630640101,20.952141423608936,15.729432196236612,0.0,15.729432196236612,0.4063436650694458,0.0,False,service
0.0,0.0,0.0,0.0,30.0,9-N1-2-B-034901,Espace Alliance,Espace Alliance,2.0,156.0,8107.333333333333,31664.51630640101,2500.0,0.0,82.64123453624609,2026-04-08 05:58:35.000000000,2026-04-08 05:58:05.000000000,0.0,31.66451630640101,0.0,2.5,0.0,2.5,0.020833333333333332,0.0,False,service
1.0,0.0,306.8484114845754,5.789592669520291,53.0,9-N1-2-B-034901,Espace Alliance,Faubourg de Hem,2.0,157.0,8160.333333333333,31971.364717885583,15652.987376486395,0.0,82.48760336384724,2026-04-08 05:59:28.000000000,2026-04-08 05:58:35.000000000,0.3068484114845754,31.97136471788558,20.842533610273048,15.652987376486395,0.0,15.652987376486395,0.23044675859827193,0.0,False,service
0.0,0.0,0.0,0.0,30.0,9-N1-2-B-034901,Faubourg de Hem,Faubourg de Hem,2.0,158.0,8190.333333333333,31971.364717885583,2500.0,0.0,82.47371447495836,2026-04-08 05:59:58.000000000,2026-04-08 05:59:28.000000000,0.0,31.97136471788558,0.0,2.5,0.0,2.5,0.020833333333333332,0.0,False,service
1.0,0.0,296.4471853943004,7.058266318911914,42.0,9-N1-2-B-034901,Faubourg de Hem,Egl. St-Firmin,2.0,159.0,8232.333333333332,32267.811903279882,18942.057390181886,0.0,82.32638736192361,2026-04-08 06:00:40.000000000,2026-04-08 05:59:58.000000000,0.29644718539430037,32.267811903279885,25.409758748082893,18.942057390181887,0.0,18.942057390181887,0.220990669552122,0.0,False,service
0.0,0.0,0.0,0.0,30.0,9-N1-2-B-034901,Egl. St-Firmin,Egl. St-Firmin,2.0,160.0,8262.333333333332,32267.811903279882,2500.0,0.0,82.31249847303472,2026-04-08 06:01:10.000000000,2026-04-08 06:00:40.000000000,0.0,32.267811903279885,0.0,2.5,0.0,2.5,0.020833333333333332,0.0,False,service
1.0,0.0,397.9625757415526,7.106474566813439,56.0,9-N1-2-B-034901,Egl. St-Firmin,Zoo d'Amiens,2.0,161.0,8318.333333333332,32665.774479021435,19071.518432946243,0.0,82.11471976335972,2026-04-08 06:02:06.000000000,2026-04-08 06:01:10.000000000,0.3979625757415526,32.66577447902144,25.58330844052838,19.07151843294624,0.0,19.07151843294624,0.2966680645124971,0.0,False,service
0.0,0.0,0.0,0.0,30.0,9-N1-2-B-034901,Zoo d'Amiens,Zoo d'Amiens,2.0,162.0,8348.333333333332,32665.774479021435,2500.0,0.0,82.10083087447083,2026-04-08 06:02:36.000000000,2026-04-08 06:02:06.000000000,0.0,32.66577447902144,0.0,2.5,0.0,2.5,0.020833333333333332,0.0,False,service
1.0,0.0,387.76459722543666,6.924367807597084,56.0,9-N1-2-B-034901,Zoo d'Amiens,Jean Jaurès,2.0,163.0,8404.333333333332,33053.539076246874,18584.29760190798,0.0,81.90810482526587,2026-04-08 06:03:32.000000000,2026-04-08 06:02:36.000000000,0.38776459722543666,33.05353907624687,24.9277241073495,18.58429760190798,0.0,18.58429760190798,0.28908907380745746,0.0,False,service
0.0,0.0,0.0,0.0,30.0,9-N1-2-B-034901,Jean Jaurès,Jean Jaurès,2.0,164.0,8434.333333333332,33053.539076246874,2500.0,0.0,81.89421593637697,2026-04-08 06:04:02.000000000,2026-04-08 06:03:32.000000000,0.0,33.05353907624687,0.0,2.5,0.0,2.5,0.020833333333333332,0.0,False,service
1.0,0.0,353.81886733206454,6.675827685510652,53.0,9-N1-2-B-034901,Jean Jaurès,Saint-Jacques,2.0,165.0,8487.333333333332,33407.357943578936,17927.174140413597,0.0,81.71826404203587,2026-04-08 06:04:55.000000000,2026-04-08 06:04:02.000000000,0.3538188673320645,33.40735794357894,24.032979667838347,17.927174140413598,0.0,17.927174140413598,0.2639278415116446,0.0,False,service
0.0,0.0,0.0,0.0,30.0,9-N1-2-B-034901,Saint-Jacques,Saint-Jacques,2.0,166.0,8517.333333333332,33407.357943578936,2500.0,0.0,81.70437515314698,2026-04-08 06:05:25.000000000,2026-04-08 06:04:55.000000000,0.0,33.40735794357894,0.0,2.5,0.0,2.5,0.020833333333333332,0.0,False,service
1.0,0.0,242.8037375118653,7.35768901551107,33.0,9-N1-2-B-034901,Saint-Jacques,M. Culture A,2.0,167.0,8550.333333333332,33650.1616810908,19751.86842032748,0.0,81.58366929057831,2026-04-08 06:05:58.000000000,2026-04-08 06:05:25.000000000,0.24280373751186532,33.6501616810908,26.487680455839854,19.75186842032748,0.0,19.75186842032748,0.1810587938530019,0.0,False,service
0.0,0.0,0.0,0.0,30.0,9-N1-2-B-034901,M. Culture A,M. Culture A,2.0,168.0,8580.333333333332,33650.1616810908,2500.0,0.0,81.56978040168943,2026-04-08 06:06:28.000000000,2026-04-08 06:05:58.000000000,0.0,33.6501616810908,0.0,2.5,0.0,2.5,0.020833333333333332,0.0,False,service
1.0,0.0,296.74165114956037,2.472847092913003,120.0,9-N1-2-B-034901,M. Culture A,Hôtel de Ville,2.0,169.0,8700.333333333332,33946.90333224036,7878.244573638238,0.0,81.39470830005303,2026-04-08 06:08:28.000000000,2026-04-08 06:06:28.000000000,0.29674165114956036,33.94690333224036,8.90224953448681,7.878244573638238,0.0,7.878244573638238,0.26260815245460795,0.0,False,service
0.0,0.0,0.0,0.0,30.0,9-N1-2-B-034901,Hôtel de Ville,Hôtel de Ville,2.0,170.0,8730.333333333332,33946.90333224036,2500.0,0.0,81.38081941116414,2026-04-08 06:08:58.000000000,2026-04-08 06:08:28.000000000,0.0,33.94690333224036,0.0,2.5,0.0,2.5,0.020833333333333332,0.0,False,service
1.0,0.0,228.2941059416939,4.005159753363051,57.0,9-N1-2-B-034901,Hôtel de Ville,Jacobins,2.0,171.0,8787.333333333332,34175.197438182055,11351.497055087,0.0,81.26099805336044,2026-04-08 06:09:55.000000000,2026-04-08 06:08:58.000000000,0.22829410594169391,34.17519743818205,14.418575112106984,11.351497055087,0.0,11.351497055087,0.17973203670554416,0.0,False,service
0.0,0.0,0.0,0.0,30.0,9-N1-2-B-034901,Jacobins,Jacobins,2.0,172.0,8817.333333333332,34175.197438182055,2500.0,0.0,81.24710916447155,2026-04-08 06:10:25.000000000,2026-04-08 06:09:55.000000000,0.0,34.17519743818205,0.0,2.5,0.0,2.5,0.020833333333333332,0.0,False,service
1.0,0.0,326.11241962366006,4.026079254613087,81.0,9-N1-2-B-034901,Jacobins,Emile Zola,2.0,173.0,8898.333333333332,34501.30985780572,11400.121734172237,0.0,81.07610733845897,2026-04-08 06:11:46.000000000,2026-04-08 06:10:25.000000000,0.32611241962366005,34.501309857805715,14.493885316607114,11.400121734172236,0.0,11.400121734172236,0.2565027390188753,0.0,False,service
0.0,0.0,0.0,0.0,30.0,9-N1-2-B-034901,Emile Zola,Emile Zola,2.0,174.0,8928.333333333332,34501.30985780572,2500.0,0.0,81.06221844957008,2026-04-08 06:12:16.000000000,2026-04-08 06:11:46.000000000,0.0,34.501309857805715,0.0,2.5,0.0,2.5,0.020833333333333332,0.0,False,service
1.0,0.0,355.48637357572056,2.1943603307143245,162.0,9-N1-2-B-034901,Emile Zola,Gare du Nord B,2.0,175.0,9090.333333333332,34856.796231381435,7262.471868531566,0.0,80.84434429351413,2026-04-08 06:14:58.000000000,2026-04-08 06:12:16.000000000,0.35548637357572055,34.85679623138144,7.899697190571568,7.2624718685315655,0.0,7.2624718685315655,0.32681123408392043,0.0,False,service
0.0,0.0,0.0,0.0,30.0,9-N1-2-B-034901,Gare du Nord B,Gare du Nord B,2.0,176.0,9120.333333333332,34856.796231381435,2500.0,0.0,80.83045540462524,2026-04-08 06:15:28.000000000,2026-04-08 06:14:58.000000000,0.0,34.85679623138144,0.0,2.5,0.0,2.5,0.020833333333333332,0.0,False,service
1.0,0.0,368.1948881034494,3.95908481831666,93.0,9-N1-2-B-034901,Gare du Nord B,Caserne Dejean,2.0,177.0,9213.333333333332,35224.99111948488,11244.532705520063,0.0,80.63679956358573,2026-04-08 06:17:01.000000000,2026-04-08 06:15:28.000000000,0.3681948881034494,35.22499111948488,14.252705345939976,11.244532705520063,0.0,11.244532705520063,0.2904837615592683,0.0,False,service
0.0,0.0,0.0,0.0,30.0,9-N1-2-B-034901,Caserne Dejean,Caserne Dejean,2.0,178.0,9243.333333333332,35224.99111948488,2500.0,0.0,80.62291067469684,2026-04-08 06:17:31.000000000,2026-04-08 06:17:01.000000000,0.0,35.22499111948488,0.0,2.5,0.0,2.5,0.020833333333333332,0.0,False,service
1.0,0.0,355.3755273513469,3.862777471210292,92.0,9-N1-2-B-034901,Caserne Dejean,Pinceau,2.0,179.0,9335.333333333332,35580.36664683623,11021.525823010094,0.0,80.43513653104556,2026-04-08 06:19:03.000000000,2026-04-08 06:17:31.000000000,0.35537552735134686,35.580366646836225,13.905998896357051,11.021525823010094,0.0,11.021525823010094,0.28166121547692463,0.0,False,service
0.0,0.0,0.0,0.0,30.0,9-N1-2-B-034901,Pinceau,Pinceau,2.0,180.0,9365.333333333332,35580.36664683623,2500.0,0.0,80.42124764215667,2026-04-08 06:19:33.000000000,2026-04-08 06:19:03.000000000,0.0,35.580366646836225,0.0,2.5,0.0,2.5,0.020833333333333332,0.0,False,service
1.0,0.0,447.05548624280317,3.8874390108069843,115.0,9-N1-2-B-034901,Pinceau,L. de Luzarches,2.0,181.0,9480.333333333332,36027.42213307903,11078.55830186122,0.0,80.18531538202444,2026-04-08 06:21:28.000000000,2026-04-08 06:19:33.000000000,0.44705548624280317,36.02742213307903,13.994780438905144,11.07855830186122,0.0,11.07855830186122,0.3538983901983445,0.0,False,service
0.0,0.0,0.0,0.0,30.0,9-N1-2-B-034901,L. de Luzarches,L. de Luzarches,2.0,182.0,9510.333333333332,36027.42213307903,2500.0,0.0,80.17142649313556,2026-04-08 06:21:58.000000000,2026-04-08 06:21:28.000000000,0.0,36.02742213307903,0.0,2.5,0.0,2.5,0.020833333333333332,0.0,False,service
1.0,0.0,324.8685267650074,8.121713169125185,40.0,9-N1-2-B-034901,L. de Luzarches,Egl. St-Acheul,2.0,183.0,9550.333333333332,36352.29065984404,21882.98673915759,0.0,80.00933029506771,2026-04-08 06:22:38.000000000,2026-04-08 06:21:58.000000000,0.3248685267650074,36.35229065984404,29.238167408850664,21.88298673915759,0.0,21.88298673915759,0.24314429710175098,0.0,False,service
0.0,0.0,0.0,0.0,30.0,9-N1-2-B-034901,Egl. St-Acheul,Egl. St-Acheul,2.0,184.0,9580.333333333332,36352.29065984404,2500.0,0.0,79.99544140617883,2026-04-08 06:23:08.000000000,2026-04-08 06:22:38.000000000,0.0,36.35229065984404,0.0,2.5,0.0,2.5,0.020833333333333332,0.0,False,service
1.0,0.0,451.79666905185246,8.214484891851862,55.0,9-N1-2-B-034901,Egl. St-Acheul,Mercey,2.0,185.0,9635.333333333332,36804.08732889589,22148.418284070947,0.0,79.76985566439663,2026-04-08 06:24:03.000000000,2026-04-08 06:23:08.000000000,0.45179666905185245,36.80408732889589,29.572145610666706,22.148418284070946,0.0,22.148418284070946,0.33837861267330616,0.0,False,service
0.0,0.0,0.0,0.0,30.0,9-N1-2-B-034901,Mercey,Mercey,2.0,186.0,9665.333333333332,36804.08732889589,2500.0,0.0,79.75596677550774,2026-04-08 06:24:33.000000000,2026-04-08 06:24:03.000000000,0.0,36.80408732889589,0.0,2.5,0.0,2.5,0.020833333333333332,0.0,False,service
1.0,0.0,481.8036462949089,8.166163496523879,59.0,9-N1-2-B-034901,Mercey,Sobo,2.0,187.0,9724.333333333332,37285.8909751908,22009.978589942315,0.0,79.5154873798028,2026-04-08 06:25:32.000000000,2026-04-08 06:24:33.000000000,0.4818036462949089,37.2858909751908,29.398188587485965,22.009978589942314,0.0,22.009978589942314,0.36071909355738796,0.0,False,service
0.0,0.0,0.0,0.0,30.0,9-N1-2-B-034901,Sobo,Sobo,2.0,188.0,9754.333333333332,37285.8909751908,2500.0,0.0,79.50159849091392,2026-04-08 06:26:02.000000000,2026-04-08 06:25:32.000000000,0.0,37.2858909751908,0.0,2.5,0.0,2.5,0.020833333333333332,0.0,False,service
1.0,0.0,707.5852717526406,8.22773571805396,86.0,9-N1-2-B-034901,Sobo,Pont de l'Avre,2.0,189.0,9840.333333333332,37993.47624694344,22186.452600813267,0.0,79.1482586902343,2026-04-08 06:27:28.000000000,2026-04-08 06:26:02.000000000,0.7075852717526405,37.993476246943445,29.61984858499426,22.18645260081327,0.0,22.18645260081327,0.530009701019428,0.0,False,service
0.0,0.0,0.0,0.0,30.0,9-N1-2-B-034901,Pont de l'Avre,Pont de l'Avre,2.0,190.0,9870.333333333332,37993.47624694344,2500.0,0.0,79.13436980134541,2026-04-08 06:27:58.000000000,2026-04-08 06:27:28.000000000,0.0,37.993476246943445,0.0,2.5,0.0,2.5,0.020833333333333332,0.0,False,service
1.0,0.0,296.6141068969825,7.062240640404345,42.0,9-N1-2-B-034901,Pont de l'Avre,Cité du Château,2.0,191.0,9912.333333333332,38290.09035384042,18952.717051821182,0.0,78.98695977983125,2026-04-08 06:28:40.000000000,2026-04-08 06:27:58.000000000,0.2966141068969825,38.29009035384043,25.424066305455643,18.952717051821182,0.0,18.952717051821182,0.22111503227124713,0.0,False,service
0.0,0.0,0.0,0.0,30.0,9-N1-2-B-034901,Cité du Château,Cité du Château,2.0,192.0,9942.333333333332,38290.09035384042,2500.0,0.0,78.97307089094237,2026-04-08 06:29:10.000000000,2026-04-08 06:28:40.000000000,0.0,38.29009035384043,0.0,2.5,0.0,2.5,0.020833333333333332,0.0,False,service
1.0,0.0,332.9543642312839,6.936549254818414,48.0,9-N1-2-B-034901,Cité du Château,La Rose Rouge,2.0,193.0,9990.333333333332,38623.04471807171,18616.73519188507,0.0,78.80758880034783,2026-04-08 06:29:58.000000000,2026-04-08 06:29:10.000000000,0.3329543642312839,38.62304471807171,24.97157731734629,18.61673519188507,0.0,18.61673519188507,0.24822313589180092,0.0,False,service
0.0,0.0,0.0,0.0,30.0,9-N1-2-B-034901,La Rose Rouge,La Rose Rouge,2.0,194.0,10020.333333333332,38623.04471807171,2500.0,0.0,78.79369991145894,2026-04-08 06:30:28.000000000,2026-04-08 06:29:58.000000000,0.0,38.62304471807171,0.0,2.5,0.0,2.5,0.020833333333333332,0.0,False,service
1.0,0.0,225.1396338173497,7.262568832817732,31.0,9-N1-2-B-034901,La Rose Rouge,Poidevin,2.0,195.0,10051.333333333332,38848.18435188906,19493.118954380796,0.0,78.68179496931342,2026-04-08 06:30:59.000000000,2026-04-08 06:30:28.000000000,0.2251396338173497,38.84818435188906,26.145247798143835,19.493118954380797,0.0,19.493118954380797,0.1678574132182791,0.0,False,service
0.0,0.0,0.0,0.0,30.0,9-N1-2-B-034901,Poidevin,Poidevin,2.0,196.0,10081.333333333332,38848.18435188906,2500.0,0.0,78.66790608042453,2026-04-08 06:31:29.000000000,2026-04-08 06:30:59.000000000,0.0,38.84818435188906,0.0,2.5,0.0,2.5,0.020833333333333332,0.0,False,service
1.0,0.0,314.5014195772681,7.147759535847002,44.0,9-N1-2-B-034901,Poidevin,M. de Longueau,2.0,197.0,10125.333333333332,39162.68577146633,19182.665796909016,0.0,78.5116028776349,2026-04-08 06:32:13.000000000,2026-04-08 06:31:29.000000000,0.3145014195772681,39.16268577146633,25.731934329049206,19.182665796909017,0.0,19.182665796909017,0.23445480418444353,0.0,False,service
0.0,0.0,0.0,0.0,30.0,9-N1-2-B-034901,M. de Longueau,M. de Longueau,2.0,198.0,10155.333333333332,39162.68577146633,2500.0,0.0,78.49771398874601,2026-04-08 06:32:43.000000000,2026-04-08 06:32:13.000000000,0.0,39.16268577146633,0.0,2.5,0.0,2.5,0.020833333333333332,0.0,False,service
1.0,0.0,256.63398574137216,6.936053668685734,37.0,9-N1-2-B-034901,M. de Longueau,La Fourche,2.0,199.0,10192.333333333332,39419.3197572077,18615.415085336244,0.0,78.37016392242056,2026-04-08 06:33:20.000000000,2026-04-08 06:32:43.000000000,0.25663398574137214,39.419319757207695,24.96979320726864,18.615415085336245,0.0,18.615415085336245,0.19132509948817805,0.0,False,service
0.0,0.0,0.0,0.0,30.0,9-N1-2-B-034901,La Fourche,La Fourche,2.0,200.0,10222.333333333332,39419.3197572077,2500.0,0.0,78.35627503353167,2026-04-08 06:33:50.000000000,2026-04-08 06:33:20.000000000,0.0,39.419319757207695,0.0,2.5,0.0,2.5,0.020833333333333332,0.0,False,service
1.0,0.0,651.0902221706201,6.643777777251225,98.0,9-N1-2-B-034901,La Fourche,Croix de Fer,2.0,201.0,10320.333333333332,40070.40997937832,17843.08013403265,0.0,78.03245617183997,2026-04-08 06:35:28.000000000,2026-04-08 06:33:50.000000000,0.6510902221706201,40.07040997937832,23.91759999810441,17.84308013403265,0.0,17.84308013403265,0.4857282925375555,0.0,False,service
0.0,0.0,0.0,0.0,30.0,9-N1-2-B-034901,Croix de Fer,Croix de Fer,2.0,202.0,10350.333333333332,40070.40997937832,2500.0,0.0,78.01856728295108,2026-04-08 06:35:58.000000000,2026-04-08 06:35:28.000000000,0.0,40.07040997937832,0.0,2.5,0.0,2.5,0.020833333333333332,0.0,False,service
1.0,0.0,703.41712703917,4.953641739712465,142.0,9-N1-2-B-034901,Croix de Fer,C. Cial Glisy,2.0,203.0,10492.333333333332,40773.827106417484,13596.520036751444,0.0,77.66102916346614,2026-04-08 06:38:20.000000000,2026-04-08 06:35:58.000000000,0.70341712703917,40.773827106417485,17.833110262964873,13.596520036751444,0.0,13.596520036751444,0.5363071792274181,0.0,False,service
0.0,0.0,0.0,0.0,30.0,9-N1-2-B-034901,C. Cial Glisy,C. Cial Glisy,2.0,204.0,10522.333333333332,40773.827106417484,2500.0,0.0,77.64714027457725,2026-04-08 06:38:50.000000000,2026-04-08 06:38:20.000000000,0.0,40.773827106417485,0.0,2.5,0.0,2.5,0.020833333333333332,0.0,False,service
1.0,0.0,136.72688382470434,4.883102993739441,28.0,9-N1-2-B-034901,C. Cial Glisy,Capitaine Nemo,2.0,205.0,10550.333333333332,40910.55399024219,13426.525887753734,0.0,77.57752125145556,2026-04-08 06:39:18.000000000,2026-04-08 06:38:50.000000000,0.13672688382470435,40.910553990242185,17.57917077746199,13.426525887753735,0.0,13.426525887753735,0.10442853468252905,0.0,False,service
0.0,0.0,0.0,0.0,30.0,9-N1-2-B-034901,Capitaine Nemo,Capitaine Nemo,2.0,206.0,10580.333333333332,40910.55399024219,2500.0,0.0,77.56363236256666,2026-04-08 06:39:48.000000000,2026-04-08 06:39:18.000000000,0.0,40.910553990242185,0.0,2.5,0.0,2.5,0.020833333333333332,0.0,False,service
1.0,0.0,323.4478124594319,2.488060095841784,130.0,9-N1-2-B-034901,Capitaine Nemo,Pôle J. Verne,2.0,207.0,10710.333333333332,41234.00180270162,7911.995684014774,0.0,77.37315839239595,2026-04-08 06:41:58.000000000,2026-04-08 06:39:48.000000000,0.3234478124594319,41.23400180270162,8.957016345030421,7.911995684014775,0.0,7.911995684014775,0.2857109552560891,0.0,False,service
0.0,0.0,0.0,0.0,30.0,9-N1-2-B-034901,Pôle J. Verne,Pôle J. Verne,2.0,208.0,10740.333333333332,41234.00180270162,2500.0,0.0,77.35926950350705,2026-04-08 06:42:28.000000000,2026-04-08 06:41:58.000000000,0.0,41.23400180270162,0.0,2.5,0.0,2.5,0.020833333333333332,0.0,False,service
1.0,0.0,334.0181708930427,4.7044812801837,71.0,9-N1-4-B-035101,Pôle J. Verne,Capitaine Nemo,2.0,209.0,10811.333333333332,41568.01997359466,12998.346897480362,0.0,77.18836531281796,2026-04-08 06:43:39.000000000,2026-04-08 06:42:28.000000000,0.3340181708930427,41.56801997359466,16.93613260866132,12.998346897480362,0.0,12.998346897480362,0.25635628603364047,0.0,False,service
0.0,0.0,0.0,0.0,30.0,9-N1-4-B-035101,Capitaine Nemo,Capitaine Nemo,2.0,210.0,10841.333333333332,41568.01997359466,2500.0,0.0,77.17447642392908,2026-04-08 06:44:09.000000000,2026-04-08 06:43:39.000000000,0.0,41.56801997359466,0.0,2.5,0.0,2.5,0.020833333333333332,0.0,False,service
1.0,0.0,122.91799931516653,5.8532380626269775,21.0,9-N1-4-B-035101,Capitaine Nemo,C. Cial Glisy,2.0,211.0,10862.333333333332,41690.93797290983,15812.917585812425,0.0,77.1129817444287,2026-04-08 06:44:30.000000000,2026-04-08 06:44:09.000000000,0.12291799931516653,41.69093797290983,21.07165702545712,15.812917585812425,0.0,15.812917585812425,0.09224201925057249,0.0,False,service
0.0,0.0,0.0,0.0,30.0,9-N1-4-B-035101,C. Cial Glisy,C. Cial Glisy,2.0,212.0,10892.333333333332,41690.93797290983,2500.0,0.0,77.09909285553981,2026-04-08 06:45:00.000000000,2026-04-08 06:44:30.000000000,0.0,41.69093797290983,0.0,2.5,0.0,2.5,0.020833333333333332,0.0,False,service
1.0,0.0,685.9620842301216,4.6664087362593305,147.0,9-N1-4-B-035101,C. Cial Glisy,Croix de Fer,2.0,213.0,11039.333333333332,42376.90005713995,12907.4980317801,0.0,76.74772207578579,2026-04-08 06:47:27.000000000,2026-04-08 06:45:00.000000000,0.6859620842301216,42.37690005713995,16.79907145053359,12.9074980317801,0.0,12.9074980317801,0.5270561696310208,0.0,False,service
0.0,0.0,0.0,0.0,30.0,9-N1-4-B-035101,Croix de Fer,Croix de Fer,2.0,214.0,11069.333333333332,42376.90005713995,2500.0,0.0,76.7338331868969,2026-04-08 06:47:57.000000000,2026-04-08 06:47:27.000000000,0.0,42.37690005713995,0.0,2.5,0.0,2.5,0.020833333333333332,0.0,False,service
1.0,0.0,746.5227463047001,6.912247650969446,108.0,9-N1-4-B-035101,Croix de Fer,La Fourche,2.0,215.0,11177.333333333332,43123.42280344465,18552.04485821827,0.0,76.36279228973254,2026-04-08 06:49:45.000000000,2026-04-08 06:47:57.000000000,0.7465227463047002,43.12342280344465,24.88409154349001,18.55204485821827,0.0,18.55204485821827,0.5565613457465481,0.0,False,service
0.0,0.0,0.0,0.0,30.0,9-N1-4-B-035101,La Fourche,La Fourche,2.0,216.0,11207.333333333332,43123.42280344465,2500.0,0.0,76.34890340084365,2026-04-08 06:50:15.000000000,2026-04-08 06:49:45.000000000,0.0,43.12342280344465,0.0,2.5,0.0,2.5,0.020833333333333332,0.0,False,service
1.0,0.0,236.45430499839583,7.38919703119987,32.0,9-N1-4-B-035101,La Fourche,M. de Longueau,2.0,217.0,11239.333333333332,43359.87710844305,19837.888242149456,0.0,76.23134554459386,2026-04-08 06:50:47.000000000,2026-04-08 06:50:15.000000000,0.23645430499839581,43.35987710844305,26.60110931231953,19.837888242149457,0.0,19.837888242149457,0.17633678437466183,0.0,False,service
0.0,0.0,0.0,0.0,30.0,9-N1-4-B-035101,M. de Longueau,M. de Longueau,2.0,218.0,11269.333333333332,43359.87710844305,2500.0,0.0,76.21745665570498,2026-04-08 06:51:17.000000000,2026-04-08 06:50:47.000000000,0.0,43.35987710844305,0.0,2.5,0.0,2.5,0.020833333333333332,0.0,False,service
1.0,0.0,238.2314886825274,7.219136020682649,33.0,9-N1-4-B-035101,M. de Longueau,Poidevin,2.0,219.0,11302.333333333332,43598.108597125574,19375.436167720003,0.0,76.09905121245781,2026-04-08 06:51:50.000000000,2026-04-08 06:51:17.000000000,0.23823148868252741,43.598108597125574,25.98888967445754,19.375436167720004,0.0,19.375436167720004,0.1776081648707667,0.0,False,service
0.0,0.0,0.0,0.0,30.0,9-N1-4-B-035101,Poidevin,Poidevin,2.0,220.0,11332.333333333332,43598.108597125574,2500.0,0.0,76.08516232356892,2026-04-08 06:52:20.000000000,2026-04-08 06:51:50.000000000,0.0,43.598108597125574,0.0,2.5,0.0,2.5,0.020833333333333332,0.0,False,service
1.0,0.0,283.0530932557657,7.257771621942711,39.0,9-N1-4-B-035101,Poidevin,La Rose Rouge,2.0,221.0,11371.333333333332,43881.16169038134,19480.106487676945,0.0,75.94447266560236,2026-04-08 06:52:59.000000000,2026-04-08 06:52:20.000000000,0.2830530932557657,43.88116169038134,26.127977838993758,19.480106487676945,0.0,19.480106487676945,0.2110344869498336,0.0,False,service
0.0,0.0,0.0,0.0,30.0,9-N1-4-B-035101,La Rose Rouge,La Rose Rouge,2.0,222.0,11401.333333333332,43881.16169038134,2500.0,0.0,75.93058377671348,2026-04-08 06:53:29.000000000,2026-04-08 06:52:59.000000000,0.0,43.88116169038134,0.0,2.5,0.0,2.5,0.020833333333333332,0.0,False,service
1.0,0.0,382.52636844861735,7.356276316319565,52.0,9-N1-4-B-035101,La Rose Rouge,Cité du Château,2.0,223.0,11453.333333333332,44263.68805882996,19748.01525501541,0.0,75.7404177038874,2026-04-08 06:54:21.000000000,2026-04-08 06:53:29.000000000,0.38252636844861737,44.26368805882996,26.482594738750432,19.74801525501541,0.0,19.74801525501541,0.28524910923911145,0.0,False,service
0.0,0.0,0.0,0.0,30.0,9-N1-4-B-035101,Cité du Château,Cité du Château,2.0,224.0,11483.333333333332,44263.68805882996,2500.0,0.0,75.72652881499852,2026-04-08 06:54:51.000000000,2026-04-08 06:54:21.000000000,0.0,44.26368805882996,0.0,2.5,0.0,2.5,0.020833333333333332,0.0,False,service
1.0,0.0,259.04003764462647,7.195556601239624,36.0,9-N1-4-B-035101,Cité du Château,Pont de l'Avre,2.0,225.0,11519.333333333332,44522.72809647459,19311.6680021364,0.0,75.59778436165094,2026-04-08 06:55:27.000000000,2026-04-08 06:54:51.000000000,0.25904003764462646,44.52272809647459,25.904003764462647,19.3116680021364,0.0,19.3116680021364,0.193116680021364,0.0,False,service
0.0,0.0,0.0,0.0,30.0,9-N1-4-B-035101,Pont de l'Avre,Pont de l'Avre,2.0,226.0,11549.333333333332,44522.72809647459,2500.0,0.0,75.58389547276205,2026-04-08 06:55:57.000000000,2026-04-08 06:55:27.000000000,0.0,44.52272809647459,0.0,2.5,0.0,2.5,0.020833333333333332,0.0,False,service
1.0,0.0,778.6426370279388,6.655065273743067,117.0,9-N1-4-B-035101,Pont de l'Avre,Sobo,2.0,227.0,11666.333333333332,45301.370733502525,17872.680225978973,0.0,75.19665406786584,2026-04-08 06:57:54.000000000,2026-04-08 06:55:57.000000000,0.7786426370279388,45.30137073350252,23.95823498547504,17.87268022597897,0.0,17.87268022597897,0.5808621073443166,0.0,False,service
0.0,0.0,0.0,0.0,30.0,9-N1-4-B-035101,Sobo,Sobo,2.0,228.0,11696.333333333332,45301.370733502525,2500.0,0.0,75.18276517897695,2026-04-08 06:58:24.000000000,2026-04-08 06:57:54.000000000,0.0,45.30137073350252,0.0,2.5,0.0,2.5,0.020833333333333332,0.0,False,service
1.0,0.0,494.86888000554234,6.598251733407231,75.0,9-N1-4-B-035101,Sobo,Mercey,2.0,229.0,11771.333333333332,45796.23961350806,17723.87559643727,0.0,74.93660024013754,2026-04-08 06:59:39.000000000,2026-04-08 06:58:24.000000000,0.49486888000554236,45.796239613508064,23.753706240266034,17.723875596437267,0.0,17.723875596437267,0.36924740825910973,0.0,False,service
0.0,0.0,0.0,0.0,30.0,9-N1-4-B-035101,Mercey,Mercey,2.0,230.0,11801.333333333332,45796.23961350806,2500.0,0.0,74.92271135124865,2026-04-08 07:00:09.000000000,2026-04-08 06:59:39.000000000,0.0,45.796239613508064,0.0,2.5,0.0,2.5,0.020833333333333332,0.0,False,service
1.0,0.0,443.51095510688015,6.71986295616485,66.0,9-N1-4-B-035101,Mercey,Egl. St-Acheul,2.0,231.0,11867.333333333332,46239.750568614945,18042.95332249385,0.0,74.70218636619595,2026-04-08 07:01:15.000000000,2026-04-08 07:00:09.000000000,0.44351095510688016,46.239750568614944,24.191506642193463,18.04295332249385,0.0,18.04295332249385,0.3307874775790539,0.0,False,service
0.0,0.0,0.0,0.0,30.0,9-N1-4-B-035101,Egl. St-Acheul,Egl. St-Acheul,2.0,232.0,11897.333333333332,46239.750568614945,2500.0,0.0,74.68829747730706,2026-04-08 07:01:45.000000000,2026-04-08 07:01:15.000000000,0.0,46.239750568614944,0.0,2.5,0.0,2.5,0.020833333333333332,0.0,False,service
1.0,0.0,277.40496861036326,6.604880205008649,42.0,9-N1-4-B-035101,Egl. St-Acheul,L. de Luzarches,2.0,233.0,11939.333333333332,46517.155537225306,17741.21336558846,0.0,74.55031026224137,2026-04-08 07:02:27.000000000,2026-04-08 07:01:45.000000000,0.27740496861036323,46.51715553722531,23.777568738031135,17.74121336558846,0.0,17.74121336558846,0.20698082259853207,0.0,False,service
0.0,0.0,0.0,0.0,30.0,9-N1-4-B-035101,L. de Luzarches,L. de Luzarches,2.0,234.0,11969.333333333332,46517.155537225306,2500.0,0.0,74.53642137335248,2026-04-08 07:02:57.000000000,2026-04-08 07:02:27.000000000,0.0,46.51715553722531,0.0,2.5,0.0,2.5,0.020833333333333332,0.0,False,service
1.0,0.0,343.1323580300078,3.855419753146155,89.0,9-N1-4-B-035101,L. de Luzarches,Pinceau,2.0,235.0,12058.333333333332,46860.287895255315,11004.519972906111,0.0,74.35505058120643,2026-04-08 07:04:26.000000000,2026-04-08 07:02:57.000000000,0.3431323580300078,46.86028789525531,13.879511111326158,11.004519972906111,0.0,11.004519972906111,0.27205618821906774,0.0,False,service
0.0,0.0,0.0,0.0,30.0,9-N1-4-B-035101,Pinceau,Pinceau,2.0,236.0,12088.333333333332,46860.287895255315,2500.0,0.0,74.34116169231754,2026-04-08 07:04:56.000000000,2026-04-08 07:04:26.000000000,0.0,46.86028789525531,0.0,2.5,0.0,2.5,0.020833333333333332,0.0,False,service
1.0,0.0,405.8966158731125,3.793426316571145,107.0,9-N1-4-B-035101,Pinceau,Caserne Dejean,2.0,237.0,12195.333333333332,47266.18451112843,10861.409934698444,0.0,74.1259448658337,2026-04-08 07:06:43.000000000,2026-04-08 07:04:56.000000000,0.40589661587311254,47.26618451112843,13.656334739656122,10.861409934698443,0.0,10.861409934698443,0.32282523972575927,0.0,False,service
0.0,0.0,0.0,0.0,30.0,9-N1-4-B-035101,Caserne Dejean,Caserne Dejean,2.0,238.0,12225.333333333332,47266.18451112843,2500.0,0.0,74.11205597694482,2026-04-08 07:07:13.000000000,2026-04-08 07:06:43.000000000,0.0,47.26618451112843,0.0,2.5,0.0,2.5,0.020833333333333332,0.0,False,service
1.0,0.0,391.6364257160486,3.7657348626543135,104.0,9-N1-4-B-035101,Caserne Dejean,Gare du Nord A,2.0,239.0,12329.333333333332,47657.82093684447,10797.585272349694,0.0,73.90410248281067,2026-04-08 07:08:57.000000000,2026-04-08 07:07:13.000000000,0.3916364257160486,47.65782093684447,13.55664550555553,10.797585272349695,0.0,10.797585272349695,0.31193024120121343,0.0,False,service
0.0,0.0,0.0,0.0,30.0,9-N1-4-B-035101,Gare du Nord A,Gare du Nord A,2.0,240.0,12359.333333333332,47657.82093684447,2500.0,0.0,73.89021359392177,2026-04-08 07:09:27.000000000,2026-04-08 07:08:57.000000000,0.0,47.65782093684447,0.0,2.5,0.0,2.5,0.020833333333333332,0.0,False,service
1.0,0.0,327.94171057791687,2.2158223687697087,148.0,9-N1-4-B-035101,Gare du Nord A,René Goblet,2.0,241.0,12507.333333333332,47985.76264742239,7309.793127281074,0.0,73.68987111561852,2026-04-08 07:11:55.000000000,2026-04-08 07:09:27.000000000,0.3279417105779169,47.98576264742239,7.976960527570951,7.309793127281074,0.0,7.309793127281074,0.3005137174548886,0.0,False,service
0.0,0.0,0.0,0.0,30.0,9-N1-4-B-035101,René Goblet,René Goblet,2.0,242.0,12537.333333333332,47985.76264742239,2500.0,0.0,73.67598222672963,2026-04-08 07:12:25.000000000,2026-04-08 07:11:55.000000000,0.0,47.98576264742239,0.0,2.5,0.0,2.5,0.020833333333333332,0.0,False,service
1.0,0.0,225.21730590675048,4.170690850125009,54.0,9-N1-4-B-035101,René Goblet,P. de Justice,2.0,243.0,12591.333333333332,48210.97995332914,11737.285646721439,0.0,73.55860937026242,2026-04-08 07:13:19.000000000,2026-04-08 07:12:25.000000000,0.2252173059067505,48.21097995332914,15.014487060450033,11.737285646721439,0.0,11.737285646721439,0.17605928470082158,0.0,False,service
0.0,0.0,0.0,0.0,30.0,9-N1-4-B-035101,P. de Justice,P. de Justice,2.0,244.0,12621.333333333332,48210.97995332914,2500.0,0.0,73.54472048137352,2026-04-08 07:13:49.000000000,2026-04-08 07:13:19.000000000,0.0,48.21097995332914,0.0,2.5,0.0,2.5,0.020833333333333332,0.0,False,service
1.0,0.0,229.9992746993994,3.965504736196541,58.0,9-N1-4-B-035101,P. de Justice,Dusevel,2.0,245.0,12679.333333333332,48440.97922802853,11259.425997860737,0.0,73.42378590584094,2026-04-08 07:14:47.000000000,2026-04-08 07:13:49.000000000,0.2299992746993994,48.44097922802853,14.275817050307548,11.259425997860737,0.0,11.259425997860737,0.18140186329886743,0.0,False,service
0.0,0.0,0.0,0.0,30.0,9-N1-4-B-035101,Dusevel,Dusevel,2.0,246.0,12709.333333333332,48440.97922802853,2500.0,0.0,73.40989701695204,2026-04-08 07:15:17.000000000,2026-04-08 07:14:47.000000000,0.0,48.44097922802853,0.0,2.5,0.0,2.5,0.020833333333333332,0.0,False,service
1.0,0.0,218.8226139254244,3.587255965990564,61.0,9-N1-4-B-035101,Dusevel,Beffroi,2.0,247.0,12770.333333333332,48659.80184195396,10387.6685654154,0.0,73.2925548350094,2026-04-08 07:16:18.000000000,2026-04-08 07:15:17.000000000,0.2188226139254244,48.65980184195396,12.914121477566031,10.387668565415401,0.0,10.387668565415401,0.1760132729139832,0.0,False,service
0.0,0.0,0.0,0.0,30.0,9-N1-4-B-035101,Beffroi,Beffroi,2.0,248.0,12800.333333333332,48659.80184195396,2500.0,0.0,73.27866594612051,2026-04-08 07:16:48.000000000,2026-04-08 07:16:18.000000000,0.0,48.65980184195396,0.0,2.5,0.0,2.5,0.020833333333333332,0.0,False,service
1.0,0.0,189.07722066752729,3.501430012361616,54.0,9-N1-4-B-035101,Beffroi,Place du Marché,2.0,249.0,12854.333333333332,48848.87906262148,10191.420812679045,0.0,73.17675173799373,2026-04-08 07:17:42.000000000,2026-04-08 07:16:48.000000000,0.18907722066752727,48.848879062621485,12.605148044501819,10.191420812679045,0.0,10.191420812679045,0.15287131219018568,0.0,False,service
0.0,0.0,0.0,0.0,30.0,9-N1-4-B-035101,Place du Marché,Place du Marché,2.0,250.0,12884.333333333332,48848.87906262148,2500.0,0.0,73.16286284910483,2026-04-08 07:18:12.000000000,2026-04-08 07:17:42.000000000,0.0,48.848879062621485,0.0,2.5,0.0,2.5,0.020833333333333332,0.0,False,service
1.0,0.0,171.78613535708172,3.817469674601816,45.0,9-N1-4-B-035101,Place du Marché,M. Culture B,2.0,251.0,12929.333333333332,49020.66519797857,10916.87632541456,0.0,73.07188887972637,2026-04-08 07:18:57.000000000,2026-04-08 07:18:12.000000000,0.17178613535708173,49.020665197978566,13.742890828566539,10.91687632541456,0.0,10.91687632541456,0.136460954067682,0.0,False,service
0.0,0.0,0.0,0.0,30.0,9-N1-4-B-035101,M. Culture B,M. Culture B,2.0,252.0,12959.333333333332,49020.66519797857,2500.0,0.0,73.05799999083749,2026-04-08 07:19:27.000000000,2026-04-08 07:18:57.000000000,0.0,49.020665197978566,0.0,2.5,0.0,2.5,0.020833333333333332,0.0,False,service
1.0,0.0,291.81191051704656,6.07941480243847,48.0,9-N1-4-B-035101,M. Culture B,Saint-Jacques,2.0,253.0,13007.333333333332,49312.477108495616,16385.370113942587,0.0,72.91235225649132,2026-04-08 07:20:15.000000000,2026-04-08 07:19:27.000000000,0.2918119105170466,49.312477108495614,21.885893288778494,16.385370113942585,0.0,16.385370113942585,0.2184716015192345,0.0,False,service
0.0,0.0,0.0,0.0,30.0,9-N1-4-B-035101,Saint-Jacques,Saint-Jacques,2.0,254.0,13037.333333333332,49312.477108495616,2500.0,0.0,72.89846336760243,2026-04-08 07:20:45.000000000,2026-04-08 07:20:15.000000000,0.0,49.312477108495614,0.0,2.5,0.0,2.5,0.020833333333333332,0.0,False,service
1.0,0.0,350.7042974526486,5.656520926655622,62.0,9-N1-4-B-035101,Saint-Jacques,Jean Jaurès,2.0,255.0,13099.333333333332,49663.181405948264,15320.20185396715,0.0,72.72256475372355,2026-04-08 07:21:47.000000000,2026-04-08 07:20:45.000000000,0.3507042974526486,49.663181405948265,20.36347533596024,15.32020185396715,0.0,15.32020185396715,0.26384792081832315,0.0,False,service
0.0,0.0,0.0,0.0,30.0,9-N1-4-B-035101,Jean Jaurès,Jean Jaurès,2.0,256.0,13129.333333333332,49663.181405948264,2500.0,0.0,72.70867586483466,2026-04-08 07:22:17.000000000,2026-04-08 07:21:47.000000000,0.0,49.663181405948265,0.0,2.5,0.0,2.5,0.020833333333333332,0.0,False,service
1.0,0.0,402.8160957322576,5.5946679962813555,72.0,9-N1-4-B-035101,Jean Jaurès,Zoo d'Amiens,2.0,257.0,13201.333333333332,50065.99750168052,15166.246752306562,0.0,72.50645924147057,2026-04-08 07:23:29.000000000,2026-04-08 07:22:17.000000000,0.40281609573225763,50.06599750168052,20.14080478661288,15.166246752306563,0.0,15.166246752306563,0.3033249350461313,0.0,False,service
0.0,0.0,0.0,0.0,30.0,9-N1-4-B-035101,Zoo d'Amiens,Zoo d'Amiens,2.0,258.0,13231.333333333332,50065.99750168052,2500.0,0.0,72.49257035258168,2026-04-08 07:23:59.000000000,2026-04-08 07:23:29.000000000,0.0,50.06599750168052,0.0,2.5,0.0,2.5,0.020833333333333332,0.0,False,service
1.0,0.0,376.38436041502575,5.790528621769627,65.0,9-N1-4-B-035101,Zoo d'Amiens,Egl. St-Firmin,2.0,259.0,13296.333333333332,50442.38186209554,15655.335649169396,0.0,72.30412649754538,2026-04-08 07:25:04.000000000,2026-04-08 07:23:59.000000000,0.37638436041502576,50.442381862095544,20.845903038370658,15.655335649169396,0.0,15.655335649169396,0.2826657825544474,0.0,False,service
0.0,0.0,0.0,0.0,30.0,9-N1-4-B-035101,Egl. St-Firmin,Egl. St-Firmin,2.0,260.0,13326.333333333332,50442.38186209554,2500.0,0.0,72.2902376086565,2026-04-08 07:25:34.000000000,2026-04-08 07:25:04.000000000,0.0,50.442381862095544,0.0,2.5,0.0,2.5,0.020833333333333332,0.0,False,service
1.0,0.0,300.7481358168622,5.674493128620042,53.0,9-N1-4-B-035101,Egl. St-Firmin,Faubourg de Hem,2.0,261.0,13379.333333333332,50743.1299979124,15365.021453635112,0.0,72.13943276846341,2026-04-08 07:26:27.000000000,2026-04-08 07:25:34.000000000,0.3007481358168622,50.743129997912405,20.428175263032152,15.365021453635112,0.0,15.365021453635112,0.22620726028962804,0.0,False,service
0.0,0.0,0.0,0.0,30.0,9-N1-4-B-035101,Faubourg de Hem,Faubourg de Hem,2.0,262.0,13409.333333333332,50743.1299979124,2500.0,0.0,72.12554387957451,2026-04-08 07:26:57.000000000,2026-04-08 07:26:27.000000000,0.0,50.743129997912405,0.0,2.5,0.0,2.5,0.020833333333333332,0.0,False,service
1.0,0.0,242.018982618479,5.5004314231472495,44.0,9-N1-4-B-035101,Faubourg de Hem,Espace Alliance,2.0,263.0,13453.333333333332,50985.14898053088,14932.558498063929,0.0,72.0038711807014,2026-04-08 07:27:41.000000000,2026-04-08 07:26:57.000000000,0.24201898261847898,50.98514898053088,19.8015531233301,14.932558498063928,0.0,14.932558498063928,0.18250904830967024,0.0,False,service
0.0,0.0,0.0,0.0,30.0,9-N1-4-B-035101,Espace Alliance,Espace Alliance,2.0,264.0,13483.333333333332,50985.14898053088,2500.0,0.0,71.98998229181251,2026-04-08 07:28:11.000000000,2026-04-08 07:27:41.000000000,0.0,50.98514898053088,0.0,2.5,0.0,2.5,0.020833333333333332,0.0,False,service
1.0,0.0,512.4653653664171,5.631487531499089,91.0,9-N1-4-B-035101,Espace Alliance,Sully,2.0,265.0,13574.333333333332,51497.614345897295,15257.837425164176,0.0,71.732859475944,2026-04-08 07:29:42.000000000,2026-04-08 07:28:11.000000000,0.5124653653664172,51.4976143458973,20.273355113396722,15.257837425164176,0.0,15.257837425164176,0.38568422380276113,0.0,False,service
0.0,0.0,0.0,0.0,30.0,9-N1-4-B-035101,Sully,Sully,2.0,266.0,13604.333333333332,51497.614345897295,2500.0,0.0,71.71897058705511,2026-04-08 07:30:12.000000000,2026-04-08 07:29:42.000000000,0.0,51.4976143458973,0.0,2.5,0.0,2.5,0.020833333333333332,0.0,False,service
1.0,0.0,581.4235833007191,5.537367460006848,105.0,9-N1-4-B-035101,Sully,Place la Barre,2.0,267.0,13709.333333333332,52079.03792919801,15024.028151252374,0.0,71.4268367063363,2026-04-08 07:31:57.000000000,2026-04-08 07:30:12.000000000,0.5814235833007191,52.079037929198016,19.934522856024653,15.024028151252374,0.0,15.024028151252374,0.43820082107819425,0.0,False,service
0.0,0.0,0.0,0.0,30.0,9-N1-4-B-035101,Place la Barre,Place la Barre,2.0,268.0,13739.333333333332,52079.03792919801,2500.0,0.0,71.41294781744742,2026-04-08 07:32:27.000000000,2026-04-08 07:31:57.000000000,0.0,52.079037929198016,0.0,2.5,0.0,2.5,0.020833333333333332,0.0,False,service
1.0,0.0,321.16148117311843,4.654514219900267,69.0,9-N1-4-B-035101,Place la Barre,La Fontaine,2.0,269.0,13808.333333333332,52400.19941037113,12879.144765057834,0.0,71.24838096767168,2026-04-08 07:33:36.000000000,2026-04-08 07:32:27.000000000,0.32116148117311843,52.40019941037113,16.75625119164096,12.879144765057834,0.0,12.879144765057834,0.24685027466360848,0.0,False,service
0.0,0.0,0.0,0.0,30.0,9-N1-4-B-035101,La Fontaine,La Fontaine,2.0,270.0,13838.333333333332,52400.19941037113,2500.0,0.0,71.2344920787828,2026-04-08 07:34:06.000000000,2026-04-08 07:33:36.000000000,0.0,52.40019941037113,0.0,2.5,0.0,2.5,0.020833333333333332,0.0,False,service
1.0,0.0,233.68404358993675,5.31100099068038,44.0,9-N1-4-B-035101,La Fontaine,Les Coursives,2.0,271.0,13882.333333333332,52633.88345396107,14465.925742583915,0.0,71.1166215727321,2026-04-08 07:34:50.000000000,2026-04-08 07:34:06.000000000,0.23368404358993675,52.63388345396107,19.11960356644937,14.465925742583915,0.0,14.465925742583915,0.17680575907602564,0.0,False,service
0.0,0.0,0.0,0.0,30.0,9-N1-4-B-035101,Les Coursives,Les Coursives,2.0,272.0,13912.333333333332,52633.88345396107,2500.0,0.0,71.10273268384321,2026-04-08 07:35:20.000000000,2026-04-08 07:34:50.000000000,0.0,52.63388345396107,0.0,2.5,0.0,2.5,0.020833333333333332,0.0,False,service
1.0,0.0,293.0331102299119,5.327874731452944,55.0,9-N1-4-B-035101,Les Coursives,Languedoc,2.0,273.0,13967.333333333332,52926.91656419098,14507.32542544115,0.0,70.95497288784335,2026-04-08 07:36:15.000000000,2026-04-08 07:35:20.000000000,0.2930331102299119,52.926916564190975,19.1803490332306,14.507325425441149,0.0,14.507325425441149,0.22163969399979536,0.0,False,service
0.0,0.0,0.0,0.0,30.0,9-N1-4-B-035101,Languedoc,Languedoc,2.0,274.0,13997.333333333332,52926.91656419098,2500.0,0.0,70.94108399895447,2026-04-08 07:36:45.000000000,2026-04-08 07:36:15.000000000,0.0,52.926916564190975,0.0,2.5,0.0,2.5,0.020833333333333332,0.0,False,service
1.0,0.0,320.6006811443548,4.007508514304435,80.0,9-N1-4-B-035101,Languedoc,Collège R.Parks,2.0,275.0,14077.333333333332,53247.51724533533,11356.954589578385,0.0,70.7728328198496,2026-04-08 07:38:05.000000000,2026-04-08 07:36:45.000000000,0.3206006811443548,53.24751724533533,14.427030651495967,11.356954589578384,0.0,11.356954589578384,0.2523767686572974,0.0,False,service
0.0,0.0,0.0,0.0,30.0,9-N1-4-B-035101,Collège R.Parks,Collège R.Parks,2.0,276.0,14107.333333333332,53247.51724533533,2500.0,0.0,70.7589439309607,2026-04-08 07:38:35.000000000,2026-04-08 07:38:05.000000000,0.0,53.24751724533533,0.0,2.5,0.0,2.5,0.020833333333333332,0.0,False,service
1.0,0.0,270.8261413947126,5.0152989147169,54.0,9-N1-4-B-035101,Collège R.Parks,Martinique,2.0,277.0,14161.333333333332,53518.34338673004,13745.538236155448,0.0,70.62148854859915,2026-04-08 07:39:29.000000000,2026-04-08 07:38:35.000000000,0.27082614139471256,53.51834338673004,18.05507609298084,13.745538236155447,0.0,13.745538236155447,0.20618307354233173,0.0,False,service
0.0,0.0,0.0,0.0,30.0,9-N1-4-B-035101,Martinique,Martinique,2.0,278.0,14191.333333333332,53518.34338673004,2500.0,0.0,70.60759965971026,2026-04-08 07:39:59.000000000,2026-04-08 07:39:29.000000000,0.0,53.51834338673004,0.0,2.5,0.0,2.5,0.020833333333333332,0.0,False,service
1.0,0.0,274.08690803195344,2.3227704070504527,118.0,9-N1-4-B-035101,Martinique,Etouvie Quai A,2.0,279.0,14309.333333333332,53792.430294761994,7545.9279119890025,0.0,70.44270716089272,2026-04-08 07:41:57.000000000,2026-04-08 07:39:59.000000000,0.27408690803195346,53.79243029476199,8.361973465381629,7.545927911989002,0.0,7.545927911989002,0.2473387482263062,0.0,False,service
1.0,0.0,241.9015249612658,4.319670088594032,56.0,9-N1-2-B-034901,Etouvie Quai A,Martinique,3.0,280.0,14365.333333333332,54034.33181972326,12086.56880128932,0.0,70.31736496591638,2026-04-08 07:42:53.000000000,2026-04-08 07:41:57.000000000,0.2419015249612658,54.034331819723256,15.550812318938515,12.08656880128932,0.0,12.08656880128932,0.18801329246450055,0.0,False,service
0.0,0.0,0.0,0.0,30.0,9-N1-2-B-034901,Martinique,Martinique,3.0,281.0,14395.333333333332,54034.33181972326,2500.0,0.0,70.3034760770275,2026-04-08 07:43:23.000000000,2026-04-08 07:42:53.000000000,0.0,54.034331819723256,0.0,2.5,0.0,2.5,0.020833333333333332,0.0,False,service
1.0,0.0,330.7630000086095,4.9367611941583505,67.0,9-N1-2-B-034901,Martinique,Collège R.Parks,3.0,282.0,14462.333333333332,54365.094819731865,13555.791611470482,0.0,70.13528384777406,2026-04-08 07:44:30.000000000,2026-04-08 07:43:23.000000000,0.3307630000086095,54.365094819731866,17.77234029897006,13.555791611470482,0.0,13.555791611470482,0.2522883438801451,0.0,False,service
0.0,0.0,0.0,0.0,30.0,9-N1-2-B-034901,Collège R.Parks,Collège R.Parks,3.0,283.0,14492.333333333332,54365.094819731865,2500.0,0.0,70.12139495888518,2026-04-08 07:45:00.000000000,2026-04-08 07:44:30.000000000,0.0,54.365094819731866,0.0,2.5,0.0,2.5,0.020833333333333332,0.0,False,service
1.0,0.0,296.81987678393193,4.01107941599908,74.0,9-N1-2-B-034901,Collège R.Parks,Languedoc,3.0,284.0,14566.333333333332,54661.9146965158,11365.252764990835,0.0,69.96564890247603,2026-04-08 07:46:14.000000000,2026-04-08 07:45:00.000000000,0.29681987678393196,54.6619146965158,14.439885897596689,11.365252764990835,0.0,11.365252764990835,0.23361908461370048,0.0,False,service
0.0,0.0,0.0,0.0,30.0,9-N1-2-B-034901,Languedoc,Languedoc,3.0,285.0,14596.333333333332,54661.9146965158,2500.0,0.0,69.95176001358715,2026-04-08 07:46:44.000000000,2026-04-08 07:46:14.000000000,0.0,54.6619146965158,0.0,2.5,0.0,2.5,0.020833333333333332,0.0,False,service
1.0,0.0,297.726462758007,5.316543977821554,56.0,9-N1-2-B-034901,Languedoc,Les coursives,3.0,286.0,14652.333333333332,54959.64115927381,14479.52190452762,0.0,69.80160200865132,2026-04-08 07:47:40.000000000,2026-04-08 07:46:44.000000000,0.297726462758007,54.95964115927381,19.139558320157594,14.479521904527621,0.0,14.479521904527621,0.22523700740376298,0.0,False,service
0.0,0.0,0.0,0.0,30.0,9-N1-2-B-034901,Les coursives,Les coursives,3.0,287.0,14682.333333333332,54959.64115927381,2500.0,0.0,69.78771311976242,2026-04-08 07:48:10.000000000,2026-04-08 07:47:40.000000000,0.0,54.95964115927381,0.0,2.5,0.0,2.5,0.020833333333333332,0.0,False,service
1.0,0.0,227.94980309080773,5.065551179795728,45.0,9-N1-2-B-034901,Les coursives,La Fontaine,3.0,288.0,14727.333333333332,55187.590962364615,13867.291099605594,0.0,69.67215236059904,2026-04-08 07:48:55.000000000,2026-04-08 07:48:10.000000000,0.22794980309080773,55.18759096236462,18.23598424726462,13.867291099605595,0.0,13.867291099605595,0.17334113874506996,0.0,False,service
0.0,0.0,0.0,0.0,30.0,9-N1-2-B-034901,La Fontaine,La Fontaine,3.0,289.0,14757.333333333332,55187.590962364615,2500.0,0.0,69.65826347171014,2026-04-08 07:49:25.000000000,2026-04-08 07:48:55.000000000,0.0,55.18759096236462,0.0,2.5,0.0,2.5,0.020833333333333332,0.0,False,service
1.0,0.0,278.8940733458619,4.572033989276425,61.0,9-N1-2-B-034901,La Fontaine,Place la Barre,3.0,290.0,14818.333333333332,55466.48503571047,12682.916941634749,0.0,69.51499348403613,2026-04-08 07:50:26.000000000,2026-04-08 07:49:25.000000000,0.2788940733458619,55.46648503571048,16.459322361395127,12.68291694163475,0.0,12.68291694163475,0.2149049815110332,0.0,False,service
0.0,0.0,0.0,0.0,30.0,9-N1-2-B-034901,Place la Barre,Place la Barre,3.0,291.0,14848.333333333332,55466.48503571047,2500.0,0.0,69.50110459514724,2026-04-08 07:50:56.000000000,2026-04-08 07:50:26.000000000,0.0,55.46648503571048,0.0,2.5,0.0,2.5,0.020833333333333332,0.0,False,service
1.0,0.0,552.9827646282706,5.882795368385858,94.0,9-N1-2-B-034901,Place la Barre,Sully,3.0,292.0,14942.333333333332,56019.467800338745,15887.360880206767,0.0,69.22454683167697,2026-04-08 07:52:30.000000000,2026-04-08 07:50:56.000000000,0.5529827646282706,56.019467800338745,21.178063326189086,15.887360880206767,0.0,15.887360880206767,0.4148366452053989,0.0,False,service
0.0,0.0,0.0,0.0,30.0,9-N1-2-B-034901,Sully,Sully,3.0,293.0,14972.333333333332,56019.467800338745,2500.0,0.0,69.21065794278807,2026-04-08 07:53:00.000000000,2026-04-08 07:52:30.000000000,0.0,56.019467800338745,0.0,2.5,0.0,2.5,0.020833333333333332,0.0,False,service
1.0,0.0,541.2636534432309,5.820039284335816,93.0,9-N1-2-B-034901,Sully,Espace Alliance,3.0,294.0,15065.333333333332,56560.73145378198,15729.432196236612,0.0,68.93976216607511,2026-04-08 07:54:33.000000000,2026-04-08 07:53:00.000000000,0.5412636534432308,56.560731453781976,20.952141423608936,15.729432196236612,0.0,15.729432196236612,0.4063436650694458,0.0,False,service
0.0,0.0,0.0,0.0,30.0,9-N1-2-B-034901,Espace Alliance,Espace Alliance,3.0,295.0,15095.333333333332,56560.73145378198,2500.0,0.0,68.92587327718623,2026-04-08 07:55:03.000000000,2026-04-08 07:54:33.000000000,0.0,56.560731453781976,0.0,2.5,0.0,2.5,0.020833333333333332,0.0,False,service
1.0,0.0,306.8484114845754,5.789592669520291,53.0,9-N1-2-B-034901,Espace Alliance,Faubourg de Hem,3.0,296.0,15148.333333333332,56867.579865266554,15652.987376486395,0.0,68.77224210478738,2026-04-08 07:55:56.000000000,2026-04-08 07:55:03.000000000,0.3068484114845754,56.867579865266556,20.842533610273048,15.652987376486395,0.0,15.652987376486395,0.23044675859827193,0.0,False,service
0.0,0.0,0.0,0.0,30.0,9-N1-2-B-034901,Faubourg de Hem,Faubourg de Hem,3.0,297.0,15178.333333333332,56867.579865266554,2500.0,0.0,68.75835321589848,2026-04-08 07:56:26.000000000,2026-04-08 07:55:56.000000000,0.0,56.867579865266556,0.0,2.5,0.0,2.5,0.020833333333333332,0.0,False,service
1.0,0.0,296.4471853943004,7.058266318911914,42.0,9-N1-2-B-034901,Faubourg de Hem,Egl. St-Firmin,3.0,298.0,15220.333333333332,57164.02705066086,18942.057390181886,0.0,68.61102610286373,2026-04-08 07:57:08.000000000,2026-04-08 07:56:26.000000000,0.29644718539430037,57.164027050660856,25.409758748082893,18.942057390181887,0.0,18.942057390181887,0.220990669552122,0.0,False,service
0.0,0.0,0.0,0.0,30.0,9-N1-2-B-034901,Egl. St-Firmin,Egl. St-Firmin,3.0,299.0,15250.333333333332,57164.02705066086,2500.0,0.0,68.59713721397485,2026-04-08 07:57:38.000000000,2026-04-08 07:57:08.000000000,0.0,57.164027050660856,0.0,2.5,0.0,2.5,0.020833333333333332,0.0,False,service
1.0,0.0,397.9625757415526,7.106474566813439,56.0,9-N1-2-B-034901,Egl. St-Firmin,Zoo d'Amiens,3.0,300.0,15306.333333333332,57561.989626402414,19071.518432946243,0.0,68.39935850429984,2026-04-08 07:58:34.000000000,2026-04-08 07:57:38.000000000,0.3979625757415526,57.561989626402415,25.58330844052838,19.07151843294624,0.0,19.07151843294624,0.2966680645124971,0.0,False,service
0.0,0.0,0.0,0.0,30.0,9-N1-2-B-034901,Zoo d'Amiens,Zoo d'Amiens,3.0,301.0,15336.333333333332,57561.989626402414,2500.0,0.0,68.38546961541095,2026-04-08 07:59:04.000000000,2026-04-08 07:58:34.000000000,0.0,57.561989626402415,0.0,2.5,0.0,2.5,0.020833333333333332,0.0,False,service
1.0,0.0,387.76459722543666,6.924367807597084,56.0,9-N1-2-B-034901,Zoo d'Amiens,Jean Jaurès,3.0,302.0,15392.333333333332,57949.75422362785,18584.29760190798,0.0,68.19274356620599,2026-04-08 08:00:00.000000000,2026-04-08 07:59:04.000000000,0.38776459722543666,57.949754223627856,24.9277241073495,18.58429760190798,0.0,18.58429760190798,0.28908907380745746,0.0,False,service
0.0,0.0,0.0,0.0,30.0,9-N1-2-B-034901,Jean Jaurès,Jean Jaurès,3.0,303.0,15422.333333333332,57949.75422362785,2500.0,0.0,68.17885467731709,2026-04-08 08:00:30.000000000,2026-04-08 08:00:00.000000000,0.0,57.949754223627856,0.0,2.5,0.0,2.5,0.020833333333333332,0.0,False,service
1.0,0.0,353.81886733206454,6.675827685510652,53.0,9-N1-2-B-034901,Jean Jaurès,Saint-Jacques,3.0,304.0,15475.333333333332,58303.573090959915,17927.174140413597,0.0,68.002902782976,2026-04-08 08:01:23.000000000,2026-04-08 08:00:30.000000000,0.3538188673320645,58.303573090959915,24.032979667838347,17.927174140413598,0.0,17.927174140413598,0.2639278415116446,0.0,False,service
0.0,0.0,0.0,0.0,30.0,9-N1-2-B-034901,Saint-Jacques,Saint-Jacques,3.0,305.0,15505.333333333332,58303.573090959915,2500.0,0.0,67.9890138940871,2026-04-08 08:01:53.000000000,2026-04-08 08:01:23.000000000,0.0,58.303573090959915,0.0,2.5,0.0,2.5,0.020833333333333332,0.0,False,service
1.0,0.0,242.8037375118653,7.35768901551107,33.0,9-N1-2-B-034901,Saint-Jacques,M. Culture A,3.0,306.0,15538.333333333332,58546.37682847178,19751.86842032748,0.0,67.86830803151844,2026-04-08 08:02:26.000000000,2026-04-08 08:01:53.000000000,0.24280373751186532,58.54637682847178,26.487680455839854,19.75186842032748,0.0,19.75186842032748,0.1810587938530019,0.0,False,service
0.0,0.0,0.0,0.0,30.0,9-N1-2-B-034901,M. Culture A,M. Culture A,3.0,307.0,15568.333333333332,58546.37682847178,2500.0,0.0,67.85441914262955,2026-04-08 08:02:56.000000000,2026-04-08 08:02:26.000000000,0.0,58.54637682847178,0.0,2.5,0.0,2.5,0.020833333333333332,0.0,False,service
1.0,0.0,296.74165114956037,2.472847092913003,120.0,9-N1-2-B-034901,M. Culture A,Hôtel de Ville,3.0,308.0,15688.333333333332,58843.11847962134,7878.244573638238,0.0,67.67934704099315,2026-04-08 08:04:56.000000000,2026-04-08 08:02:56.000000000,0.29674165114956036,58.84311847962134,8.90224953448681,7.878244573638238,0.0,7.878244573638238,0.26260815245460795,0.0,False,service
0.0,0.0,0.0,0.0,30.0,9-N1-2-B-034901,Hôtel de Ville,Hôtel de Ville,3.0,309.0,15718.333333333332,58843.11847962134,2500.0,0.0,67.66545815210425,2026-04-08 08:05:26.000000000,2026-04-08 08:04:56.000000000,0.0,58.84311847962134,0.0,2.5,0.0,2.5,0.020833333333333332,0.0,False,service
1.0,0.0,228.2941059416939,4.005159753363051,57.0,9-N1-2-B-034901,Hôtel de Ville,Jacobins,3.0,310.0,15775.333333333332,59071.412585563034,11351.497055087,0.0,67.54563679430055,2026-04-08 08:06:23.000000000,2026-04-08 08:05:26.000000000,0.22829410594169391,59.07141258556303,14.418575112106984,11.351497055087,0.0,11.351497055087,0.17973203670554416,0.0,False,service
0.0,0.0,0.0,0.0,30.0,9-N1-2-B-034901,Jacobins,Jacobins,3.0,311.0,15805.333333333332,59071.412585563034,2500.0,0.0,67.53174790541166,2026-04-08 08:06:53.000000000,2026-04-08 08:06:23.000000000,0.0,59.07141258556303,0.0,2.5,0.0,2.5,0.020833333333333332,0.0,False,service
1.0,0.0,326.11241962366006,4.026079254613087,81.0,9-N1-2-B-034901,Jacobins,Emile Zola,3.0,312.0,15886.333333333332,59397.5250051867,11400.121734172237,0.0,67.36074607939908,2026-04-08 08:08:14.000000000,2026-04-08 08:06:53.000000000,0.32611241962366005,59.397525005186694,14.493885316607114,11.400121734172236,0.0,11.400121734172236,0.2565027390188753,0.0,False,service
0.0,0.0,0.0,0.0,30.0,9-N1-2-B-034901,Emile Zola,Emile Zola,3.0,313.0,15916.333333333332,59397.5250051867,2500.0,0.0,67.34685719051019,2026-04-08 08:08:44.000000000,2026-04-08 08:08:14.000000000,0.0,59.397525005186694,0.0,2.5,0.0,2.5,0.020833333333333332,0.0,False,service
1.0,0.0,355.48637357572056,2.1943603307143245,162.0,9-N1-2-B-034901,Emile Zola,Gare du Nord B,3.0,314.0,16078.333333333332,59753.011378762414,7262.471868531566,0.0,67.12898303445425,2026-04-08 08:11:26.000000000,2026-04-08 08:08:44.000000000,0.35548637357572055,59.753011378762416,7.899697190571568,7.2624718685315655,0.0,7.2624718685315655,0.32681123408392043,0.0,False,service
0.0,0.0,0.0,0.0,30.0,9-N1-2-B-034901,Gare du Nord B,Gare du Nord B,3.0,315.0,16108.333333333332,59753.011378762414,2500.0,0.0,67.11509414556535,2026-04-08 08:11:56.000000000,2026-04-08 08:11:26.000000000,0.0,59.753011378762416,0.0,2.5,0.0,2.5,0.020833333333333332,0.0,False,service
1.0,0.0,368.1948881034494,3.95908481831666,93.0,9-N1-2-B-034901,Gare du Nord B,Caserne Dejean,3.0,316.0,16201.333333333332,60121.20626686586,11244.532705520063,0.0,66.92143830452584,2026-04-08 08:13:29.000000000,2026-04-08 08:11:56.000000000,0.3681948881034494,60.12120626686586,14.252705345939976,11.244532705520063,0.0,11.244532705520063,0.2904837615592683,0.0,False,service
0.0,0.0,0.0,0.0,30.0,9-N1-2-B-034901,Caserne Dejean,Caserne Dejean,3.0,317.0,16231.333333333332,60121.20626686586,2500.0,0.0,66.90754941563695,2026-04-08 08:13:59.000000000,2026-04-08 08:13:29.000000000,0.0,60.12120626686586,0.0,2.5,0.0,2.5,0.020833333333333332,0.0,False,service
1.0,0.0,355.3755273513469,3.862777471210292,92.0,9-N1-2-B-034901,Caserne Dejean,Pinceau,3.0,318.0,16323.333333333332,60476.58179421721,11021.525823010094,0.0,66.71977527198567,2026-04-08 08:15:31.000000000,2026-04-08 08:13:59.000000000,0.35537552735134686,60.47658179421721,13.905998896357051,11.021525823010094,0.0,11.021525823010094,0.28166121547692463,0.0,False,service
0.0,0.0,0.0,0.0,30.0,9-N1-2-B-034901,Pinceau,Pinceau,3.0,319.0,16353.333333333332,60476.58179421721,2500.0,0.0,66.70588638309678,2026-04-08 08:16:01.000000000,2026-04-08 08:15:31.000000000,0.0,60.47658179421721,0.0,2.5,0.0,2.5,0.020833333333333332,0.0,False,service
1.0,0.0,447.05548624280317,3.8874390108069843,115.0,9-N1-2-B-034901,Pinceau,L. de Luzarches,3.0,320.0,16468.333333333332,60923.63728046001,11078.55830186122,0.0,66.46995412296454,2026-04-08 08:17:56.000000000,2026-04-08 08:16:01.000000000,0.44705548624280317,60.923637280460014,13.994780438905144,11.07855830186122,0.0,11.07855830186122,0.3538983901983445,0.0,False,service
0.0,0.0,0.0,0.0,30.0,9-N1-2-B-034901,L. de Luzarches,L. de Luzarches,3.0,321.0,16498.333333333332,60923.63728046001,2500.0,0.0,66.45606523407565,2026-04-08 08:18:26.000000000,2026-04-08 08:17:56.000000000,0.0,60.923637280460014,0.0,2.5,0.0,2.5,0.020833333333333332,0.0,False,service
1.0,0.0,324.8685267650074,8.121713169125185,40.0,9-N1-2-B-034901,L. de Luzarches,Egl. St-Acheul,3.0,322.0,16538.333333333332,61248.50580722502,21882.98673915759,0.0,66.29396903600781,2026-04-08 08:19:06.000000000,2026-04-08 08:18:26.000000000,0.3248685267650074,61.248505807225015,29.238167408850664,21.88298673915759,0.0,21.88298673915759,0.24314429710175098,0.0,False,service
0.0,0.0,0.0,0.0,30.0,9-N1-2-B-034901,Egl. St-Acheul,Egl. St-Acheul,3.0,323.0,16568.333333333332,61248.50580722502,2500.0,0.0,66.28008014711892,2026-04-08 08:19:36.000000000,2026-04-08 08:19:06.000000000,0.0,61.248505807225015,0.0,2.5,0.0,2.5,0.020833333333333332,0.0,False,service
1.0,0.0,451.79666905185246,8.214484891851862,55.0,9-N1-2-B-034901,Egl. St-Acheul,Mercey,3.0,324.0,16623.333333333332,61700.30247627687,22148.418284070947,0.0,66.05449440533673,2026-04-08 08:20:31.000000000,2026-04-08 08:19:36.000000000,0.45179666905185245,61.70030247627687,29.572145610666706,22.148418284070946,0.0,22.148418284070946,0.33837861267330616,0.0,False,service
0.0,0.0,0.0,0.0,30.0,9-N1-2-B-034901,Mercey,Mercey,3.0,325.0,16653.333333333332,61700.30247627687,2500.0,0.0,66.04060551644784,2026-04-08 08:21:01.000000000,2026-04-08 08:20:31.000000000,0.0,61.70030247627687,0.0,2.5,0.0,2.5,0.020833333333333332,0.0,False,service
1.0,0.0,481.8036462949089,8.166163496523879,59.0,9-N1-2-B-034901,Mercey,Sobo,3.0,326.0,16712.333333333332,62182.10612257178,22009.978589942315,0.0,65.8001261207429,2026-04-08 08:22:00.000000000,2026-04-08 08:21:01.000000000,0.4818036462949089,62.18210612257178,29.398188587485965,22.009978589942314,0.0,22.009978589942314,0.36071909355738796,0.0,False,service
0.0,0.0,0.0,0.0,30.0,9-N1-2-B-034901,Sobo,Sobo,3.0,327.0,16742.333333333332,62182.10612257178,2500.0,0.0,65.78623723185402,2026-04-08 08:22:30.000000000,2026-04-08 08:22:00.000000000,0.0,62.18210612257178,0.0,2.5,0.0,2.5,0.020833333333333332,0.0,False,service
1.0,0.0,707.5852717526406,8.22773571805396,86.0,9-N1-2-B-034901,Sobo,Pont de l'Avre,3.0,328.0,16828.333333333332,62889.69139432442,22186.452600813267,0.0,65.4328974311744,2026-04-08 08:23:56.000000000,2026-04-08 08:22:30.000000000,0.7075852717526405,62.88969139432442,29.61984858499426,22.18645260081327,0.0,22.18645260081327,0.530009701019428,0.0,False,service
0.0,0.0,0.0,0.0,30.0,9-N1-2-B-034901,Pont de l'Avre,Pont de l'Avre,3.0,329.0,16858.333333333332,62889.69139432442,2500.0,0.0,65.4190085422855,2026-04-08 08:24:26.000000000,2026-04-08 08:23:56.000000000,0.0,62.88969139432442,0.0,2.5,0.0,2.5,0.020833333333333332,0.0,False,service
1.0,0.0,296.6141068969825,7.062240640404345,42.0,9-N1-2-B-034901,Pont de l'Avre,Cité du Château,3.0,330.0,16900.333333333332,63186.3055012214,18952.717051821182,0.0,65.27159852077133,2026-04-08 08:25:08.000000000,2026-04-08 08:24:26.000000000,0.2966141068969825,63.186305501221405,25.424066305455643,18.952717051821182,0.0,18.952717051821182,0.22111503227124713,0.0,False,service
0.0,0.0,0.0,0.0,30.0,9-N1-2-B-034901,Cité du Château,Cité du Château,3.0,331.0,16930.333333333332,63186.3055012214,2500.0,0.0,65.25770963188245,2026-04-08 08:25:38.000000000,2026-04-08 08:25:08.000000000,0.0,63.186305501221405,0.0,2.5,0.0,2.5,0.020833333333333332,0.0,False,service
1.0,0.0,332.9543642312839,6.936549254818414,48.0,9-N1-2-B-034901,Cité du Château,La Rose Rouge,3.0,332.0,16978.333333333332,63519.25986545269,18616.73519188507,0.0,65.09222754128791,2026-04-08 08:26:26.000000000,2026-04-08 08:25:38.000000000,0.3329543642312839,63.51925986545269,24.97157731734629,18.61673519188507,0.0,18.61673519188507,0.24822313589180092,0.0,False,service
0.0,0.0,0.0,0.0,30.0,9-N1-2-B-034901,La Rose Rouge,La Rose Rouge,3.0,333.0,17008.333333333332,63519.25986545269,2500.0,0.0,65.07833865239903,2026-04-08 08:26:56.000000000,2026-04-08 08:26:26.000000000,0.0,63.51925986545269,0.0,2.5,0.0,2.5,0.020833333333333332,0.0,False,service
1.0,0.0,225.1396338173497,7.262568832817732,31.0,9-N1-2-B-034901,La Rose Rouge,Poidevin,3.0,334.0,17039.333333333332,63744.39949927004,19493.118954380796,0.0,64.96643371025351,2026-04-08 08:27:27.000000000,2026-04-08 08:26:56.000000000,0.2251396338173497,63.74439949927004,26.145247798143835,19.493118954380797,0.0,19.493118954380797,0.1678574132182791,0.0,False,service
0.0,0.0,0.0,0.0,30.0,9-N1-2-B-034901,Poidevin,Poidevin,3.0,335.0,17069.333333333332,63744.39949927004,2500.0,0.0,64.95254482136463,2026-04-08 08:27:57.000000000,2026-04-08 08:27:27.000000000,0.0,63.74439949927004,0.0,2.5,0.0,2.5,0.020833333333333332,0.0,False,service
1.0,0.0,314.5014195772681,7.147759535847002,44.0,9-N1-2-B-034901,Poidevin,M. de Longueau,3.0,336.0,17113.333333333332,64058.90091884731,19182.665796909016,0.0,64.79624161857498,2026-04-08 08:28:41.000000000,2026-04-08 08:27:57.000000000,0.3145014195772681,64.0589009188473,25.731934329049206,19.182665796909017,0.0,19.182665796909017,0.23445480418444353,0.0,False,service
0.0,0.0,0.0,0.0,30.0,9-N1-2-B-034901,M. de Longueau,M. de Longueau,3.0,337.0,17143.333333333332,64058.90091884731,2500.0,0.0,64.7823527296861,2026-04-08 08:29:11.000000000,2026-04-08 08:28:41.000000000,0.0,64.0589009188473,0.0,2.5,0.0,2.5,0.020833333333333332,0.0,False,service
1.0,0.0,256.63398574137216,6.936053668685734,37.0,9-N1-2-B-034901,M. de Longueau,La Fourche,3.0,338.0,17180.333333333332,64315.534904588676,18615.415085336244,0.0,64.65480266336064,2026-04-08 08:29:48.000000000,2026-04-08 08:29:11.000000000,0.25663398574137214,64.31553490458867,24.96979320726864,18.615415085336245,0.0,18.615415085336245,0.19132509948817805,0.0,False,service
0.0,0.0,0.0,0.0,30.0,9-N1-2-B-034901,La Fourche,La Fourche,3.0,339.0,17210.333333333332,64315.534904588676,2500.0,0.0,64.64091377447176,2026-04-08 08:30:18.000000000,2026-04-08 08:29:48.000000000,0.0,64.31553490458867,0.0,2.5,0.0,2.5,0.020833333333333332,0.0,False,service
1.0,0.0,651.0902221706201,6.643777777251225,98.0,9-N1-2-B-034901,La Fourche,Croix de Fer,3.0,340.0,17308.333333333332,64966.625126759296,17843.08013403265,0.0,64.31709491278005,2026-04-08 08:31:56.000000000,2026-04-08 08:30:18.000000000,0.6510902221706201,64.9666251267593,23.91759999810441,17.84308013403265,0.0,17.84308013403265,0.4857282925375555,0.0,False,service
0.0,0.0,0.0,0.0,30.0,9-N1-2-B-034901,Croix de Fer,Croix de Fer,3.0,341.0,17338.333333333332,64966.625126759296,2500.0,0.0,64.30320602389115,2026-04-08 08:32:26.000000000,2026-04-08 08:31:56.000000000,0.0,64.9666251267593,0.0,2.5,0.0,2.5,0.020833333333333332,0.0,False,service
1.0,0.0,703.41712703917,4.953641739712465,142.0,9-N1-2-B-034901,Croix de Fer,C. Cial Glisy,3.0,342.0,17480.333333333332,65670.04225379847,13596.520036751444,0.0,63.94566790440621,2026-04-08 08:34:48.000000000,2026-04-08 08:32:26.000000000,0.70341712703917,65.67004225379847,17.833110262964873,13.596520036751444,0.0,13.596520036751444,0.5363071792274181,0.0,False,service
0.0,0.0,0.0,0.0,30.0,9-N1-2-B-034901,C. Cial Glisy,C. Cial Glisy,3.0,343.0,17510.333333333332,65670.04225379847,2500.0,0.0,63.931779015517314,2026-04-08 08:35:18.000000000,2026-04-08 08:34:48.000000000,0.0,65.67004225379847,0.0,2.5,0.0,2.5,0.020833333333333332,0.0,False,service
1.0,0.0,136.72688382470434,4.883102993739441,28.0,9-N1-2-B-034901,C. Cial Glisy,Capitaine Nemo,3.0,344.0,17538.333333333332,65806.76913762318,13426.525887753734,0.0,63.862159992395625,2026-04-08 08:35:46.000000000,2026-04-08 08:35:18.000000000,0.13672688382470435,65.80676913762318,17.57917077746199,13.426525887753735,0.0,13.426525887753735,0.10442853468252905,0.0,False,service
0.0,0.0,0.0,0.0,30.0,9-N1-2-B-034901,Capitaine Nemo,Capitaine Nemo,3.0,345.0,17568.333333333332,65806.76913762318,2500.0,0.0,63.84827110350674,2026-04-08 08:36:16.000000000,2026-04-08 08:35:46.000000000,0.0,65.80676913762318,0.0,2.5,0.0,2.5,0.020833333333333332,0.0,False,service
1.0,0.0,323.4478124594319,2.488060095841784,130.0,9-N1-2-B-034901,Capitaine Nemo,Pôle J. Verne,3.0,346.0,17698.333333333332,66130.21695008261,7911.995684014774,0.0,63.65779713333601,2026-04-08 08:38:26.000000000,2026-04-08 08:36:16.000000000,0.3234478124594319,66.13021695008261,8.957016345030421,7.911995684014775,0.0,7.911995684014775,0.2857109552560891,0.0,False,service
0.0,0.0,0.0,0.0,30.0,9-N1-2-B-034901,Pôle J. Verne,Pôle J. Verne,3.0,347.0,17728.333333333332,66130.21695008261,2500.0,0.0,63.643908244447125,2026-04-08 08:38:56.000000000,2026-04-08 08:38:26.000000000,0.0,66.13021695008261,0.0,2.5,0.0,2.5,0.020833333333333332,0.0,False,service
1.0,0.0,334.0181708930427,4.7044812801837,71.0,9-N1-4-B-035101,Pôle J. Verne,Capitaine Nemo,3.0,348.0,17799.333333333332,66464.23512097566,12998.346897480362,0.0,63.47300405375803,2026-04-08 08:40:07.000000000,2026-04-08 08:38:56.000000000,0.3340181708930427,66.46423512097566,16.93613260866132,12.998346897480362,0.0,12.998346897480362,0.25635628603364047,0.0,False,service
0.0,0.0,0.0,0.0,30.0,9-N1-4-B-035101,Capitaine Nemo,Capitaine Nemo,3.0,349.0,17829.333333333332,66464.23512097566,2500.0,0.0,63.45911516486914,2026-04-08 08:40:37.000000000,2026-04-08 08:40:07.000000000,0.0,66.46423512097566,0.0,2.5,0.0,2.5,0.020833333333333332,0.0,False,service
1.0,0.0,122.91799931516653,5.8532380626269775,21.0,9-N1-4-B-035101,Capitaine Nemo,C. Cial Glisy,3.0,350.0,17850.333333333332,66587.15312029082,15812.917585812425,0.0,63.39762048536876,2026-04-08 08:40:58.000000000,2026-04-08 08:40:37.000000000,0.12291799931516653,66.58715312029082,21.07165702545712,15.812917585812425,0.0,15.812917585812425,0.09224201925057249,0.0,False,service
0.0,0.0,0.0,0.0,30.0,9-N1-4-B-035101,C. Cial Glisy,C. Cial Glisy,3.0,351.0,17880.333333333332,66587.15312029082,2500.0,0.0,63.38373159647987,2026-04-08 08:41:28.000000000,2026-04-08 08:40:58.000000000,0.0,66.58715312029082,0.0,2.5,0.0,2.5,0.020833333333333332,0.0,False,service
1.0,0.0,685.9620842301216,4.6664087362593305,147.0,9-N1-4-B-035101,C. Cial Glisy,Croix de Fer,3.0,352.0,18027.333333333332,67273.11520452095,12907.4980317801,0.0,63.032360816725856,2026-04-08 08:43:55.000000000,2026-04-08 08:41:28.000000000,0.6859620842301216,67.27311520452095,16.79907145053359,12.9074980317801,0.0,12.9074980317801,0.5270561696310208,0.0,False,service
0.0,0.0,0.0,0.0,30.0,9-N1-4-B-035101,Croix de Fer,Croix de Fer,3.0,353.0,18057.333333333332,67273.11520452095,2500.0,0.0,63.01847192783697,2026-04-08 08:44:25.000000000,2026-04-08 08:43:55.000000000,0.0,67.27311520452095,0.0,2.5,0.0,2.5,0.020833333333333332,0.0,False,service
1.0,0.0,746.5227463047001,6.912247650969446,108.0,9-N1-4-B-035101,Croix de Fer,La Fourche,3.0,354.0,18165.333333333332,68019.63795082565,18552.04485821827,0.0,62.6474310306726,2026-04-08 08:46:13.000000000,2026-04-08 08:44:25.000000000,0.7465227463047002,68.01963795082565,24.88409154349001,18.55204485821827,0.0,18.55204485821827,0.5565613457465481,0.0,False,service
0.0,0.0,0.0,0.0,30.0,9-N1-4-B-035101,La Fourche,La Fourche,3.0,355.0,18195.333333333332,68019.63795082565,2500.0,0.0,62.63354214178371,2026-04-08 08:46:43.000000000,2026-04-08 08:46:13.000000000,0.0,68.01963795082565,0.0,2.5,0.0,2.5,0.020833333333333332,0.0,False,service
1.0,0.0,236.45430499839583,7.38919703119987,32.0,9-N1-4-B-035101,La Fourche,M. de Longueau,3.0,356.0,18227.333333333332,68256.09225582404,19837.888242149456,0.0,62.51598428553394,2026-04-08 08:47:15.000000000,2026-04-08 08:46:43.000000000,0.23645430499839581,68.25609225582404,26.60110931231953,19.837888242149457,0.0,19.837888242149457,0.17633678437466183,0.0,False,service
0.0,0.0,0.0,0.0,30.0,9-N1-4-B-035101,M. de Longueau,M. de Longueau,3.0,357.0,18257.333333333332,68256.09225582404,2500.0,0.0,62.502095396645046,2026-04-08 08:47:45.000000000,2026-04-08 08:47:15.000000000,0.0,68.25609225582404,0.0,2.5,0.0,2.5,0.020833333333333332,0.0,False,service
1.0,0.0,238.2314886825274,7.219136020682649,33.0,9-N1-4-B-035101,M. de Longueau,Poidevin,3.0,358.0,18290.333333333332,68494.32374450658,19375.436167720003,0.0,62.38368995339787,2026-04-08 08:48:18.000000000,2026-04-08 08:47:45.000000000,0.23823148868252741,68.49432374450657,25.98888967445754,19.375436167720004,0.0,19.375436167720004,0.1776081648707667,0.0,False,service
0.0,0.0,0.0,0.0,30.0,9-N1-4-B-035101,Poidevin,Poidevin,3.0,359.0,18320.333333333332,68494.32374450658,2500.0,0.0,62.36980106450898,2026-04-08 08:48:48.000000000,2026-04-08 08:48:18.000000000,0.0,68.49432374450657,0.0,2.5,0.0,2.5,0.020833333333333332,0.0,False,service
1.0,0.0,283.0530932557657,7.257771621942711,39.0,9-N1-4-B-035101,Poidevin,La Rose Rouge,3.0,360.0,18359.333333333332,68777.37683776233,19480.106487676945,0.0,62.22911140654242,2026-04-08 08:49:27.000000000,2026-04-08 08:48:48.000000000,0.2830530932557657,68.77737683776233,26.127977838993758,19.480106487676945,0.0,19.480106487676945,0.2110344869498336,0.0,False,service
0.0,0.0,0.0,0.0,30.0,9-N1-4-B-035101,La Rose Rouge,La Rose Rouge,3.0,361.0,18389.333333333332,68777.37683776233,2500.0,0.0,62.21522251765353,2026-04-08 08:49:57.000000000,2026-04-08 08:49:27.000000000,0.0,68.77737683776233,0.0,2.5,0.0,2.5,0.020833333333333332,0.0,False,service
1.0,0.0,382.52636844861735,7.356276316319565,52.0,9-N1-4-B-035101,La Rose Rouge,Cité du Château,3.0,362.0,18441.333333333332,69159.90320621095,19748.01525501541,0.0,62.025056444827456,2026-04-08 08:50:49.000000000,2026-04-08 08:49:57.000000000,0.38252636844861737,69.15990320621094,26.482594738750432,19.74801525501541,0.0,19.74801525501541,0.28524910923911145,0.0,False,service
0.0,0.0,0.0,0.0,30.0,9-N1-4-B-035101,Cité du Château,Cité du Château,3.0,363.0,18471.333333333332,69159.90320621095,2500.0,0.0,62.01116755593856,2026-04-08 08:51:19.000000000,2026-04-08 08:50:49.000000000,0.0,69.15990320621094,0.0,2.5,0.0,2.5,0.020833333333333332,0.0,False,service
1.0,0.0,259.04003764462647,7.195556601239624,36.0,9-N1-4-B-035101,Cité du Château,Pont de l'Avre,3.0,364.0,18507.333333333332,69418.94324385557,19311.6680021364,0.0,61.88242310259099,2026-04-08 08:51:55.000000000,2026-04-08 08:51:19.000000000,0.25904003764462646,69.41894324385557,25.904003764462647,19.3116680021364,0.0,19.3116680021364,0.193116680021364,0.0,False,service
0.0,0.0,0.0,0.0,30.0,9-N1-4-B-035101,Pont de l'Avre,Pont de l'Avre,3.0,365.0,18537.333333333332,69418.94324385557,2500.0,0.0,61.8685342137021,2026-04-08 08:52:25.000000000,2026-04-08 08:51:55.000000000,0.0,69.41894324385557,0.0,2.5,0.0,2.5,0.020833333333333332,0.0,False,service
1.0,0.0,778.6426370279388,6.655065273743067,117.0,9-N1-4-B-035101,Pont de l'Avre,Sobo,3.0,366.0,18654.333333333332,70197.5858808835,17872.680225978973,0.0,61.48129280880589,2026-04-08 08:54:22.000000000,2026-04-08 08:52:25.000000000,0.7786426370279388,70.19758588088351,23.95823498547504,17.87268022597897,0.0,17.87268022597897,0.5808621073443166,0.0,False,service
0.0,0.0,0.0,0.0,30.0,9-N1-4-B-035101,Sobo,Sobo,3.0,367.0,18684.333333333332,70197.5858808835,2500.0,0.0,61.467403919917,2026-04-08 08:54:52.000000000,2026-04-08 08:54:22.000000000,0.0,70.19758588088351,0.0,2.5,0.0,2.5,0.020833333333333332,0.0,False,service
1.0,0.0,494.86888000554234,6.598251733407231,75.0,9-N1-4-B-035101,Sobo,Mercey,3.0,368.0,18759.333333333332,70692.45476088904,17723.87559643727,0.0,61.22123898107759,2026-04-08 08:56:07.000000000,2026-04-08 08:54:52.000000000,0.49486888000554236,70.69245476088905,23.753706240266034,17.723875596437267,0.0,17.723875596437267,0.36924740825910973,0.0,False,service
0.0,0.0,0.0,0.0,30.0,9-N1-4-B-035101,Mercey,Mercey,3.0,369.0,18789.333333333332,70692.45476088904,2500.0,0.0,61.2073500921887,2026-04-08 08:56:37.000000000,2026-04-08 08:56:07.000000000,0.0,70.69245476088905,0.0,2.5,0.0,2.5,0.020833333333333332,0.0,False,service
1.0,0.0,443.51095510688015,6.71986295616485,66.0,9-N1-4-B-035101,Mercey,Egl. St-Acheul,3.0,370.0,18855.333333333332,71135.96571599592,18042.95332249385,0.0,60.986825107136,2026-04-08 08:57:43.000000000,2026-04-08 08:56:37.000000000,0.44351095510688016,71.13596571599592,24.191506642193463,18.04295332249385,0.0,18.04295332249385,0.3307874775790539,0.0,False,service
0.0,0.0,0.0,0.0,30.0,9-N1-4-B-035101,Egl. St-Acheul,Egl. St-Acheul,3.0,371.0,18885.333333333332,71135.96571599592,2500.0,0.0,60.972936218247106,2026-04-08 08:58:13.000000000,2026-04-08 08:57:43.000000000,0.0,71.13596571599592,0.0,2.5,0.0,2.5,0.020833333333333332,0.0,False,service
1.0,0.0,277.40496861036326,6.604880205008649,42.0,9-N1-4-B-035101,Egl. St-Acheul,L. de Luzarches,3.0,372.0,18927.333333333332,71413.37068460629,17741.21336558846,0.0,60.83494900318142,2026-04-08 08:58:55.000000000,2026-04-08 08:58:13.000000000,0.27740496861036323,71.41337068460629,23.777568738031135,17.74121336558846,0.0,17.74121336558846,0.20698082259853207,0.0,False,service
0.0,0.0,0.0,0.0,30.0,9-N1-4-B-035101,L. de Luzarches,L. de Luzarches,3.0,373.0,18957.333333333332,71413.37068460629,2500.0,0.0,60.82106011429253,2026-04-08 08:59:25.000000000,2026-04-08 08:58:55.000000000,0.0,71.41337068460629,0.0,2.5,0.0,2.5,0.020833333333333332,0.0,False,service
1.0,0.0,343.1323580300078,3.855419753146155,89.0,9-N1-4-B-035101,L. de Luzarches,Pinceau,3.0,374.0,19046.333333333332,71756.5030426363,11004.519972906111,0.0,60.63968932214648,2026-04-08 09:00:54.000000000,2026-04-08 08:59:25.000000000,0.3431323580300078,71.7565030426363,13.879511111326158,11.004519972906111,0.0,11.004519972906111,0.27205618821906774,0.0,False,service
0.0,0.0,0.0,0.0,30.0,9-N1-4-B-035101,Pinceau,Pinceau,3.0,375.0,19076.333333333332,71756.5030426363,2500.0,0.0,60.625800433257595,2026-04-08 09:01:24.000000000,2026-04-08 09:00:54.000000000,0.0,71.7565030426363,0.0,2.5,0.0,2.5,0.020833333333333332,0.0,False,service
1.0,0.0,405.8966158731125,3.793426316571145,107.0,9-N1-4-B-035101,Pinceau,Caserne Dejean,3.0,376.0,19183.333333333332,72162.3996585094,10861.409934698444,0.0,60.410583606773756,2026-04-08 09:03:11.000000000,2026-04-08 09:01:24.000000000,0.40589661587311254,72.1623996585094,13.656334739656122,10.861409934698443,0.0,10.861409934698443,0.32282523972575927,0.0,False,service
0.0,0.0,0.0,0.0,30.0,9-N1-4-B-035101,Caserne Dejean,Caserne Dejean,3.0,377.0,19213.333333333332,72162.3996585094,2500.0,0.0,60.39669471788486,2026-04-08 09:03:41.000000000,2026-04-08 09:03:11.000000000,0.0,72.1623996585094,0.0,2.5,0.0,2.5,0.020833333333333332,0.0,False,service
1.0,0.0,391.6364257160486,3.7657348626543135,104.0,9-N1-4-B-035101,Caserne Dejean,Gare du Nord A,3.0,378.0,19317.333333333332,72554.03608422544,10797.585272349694,0.0,60.18874122375072,2026-04-08 09:05:25.000000000,2026-04-08 09:03:41.000000000,0.3916364257160486,72.55403608422544,13.55664550555553,10.797585272349695,0.0,10.797585272349695,0.31193024120121343,0.0,False,service
0.0,0.0,0.0,0.0,30.0,9-N1-4-B-035101,Gare du Nord A,Gare du Nord A,3.0,379.0,19347.333333333332,72554.03608422544,2500.0,0.0,60.174852334861825,2026-04-08 09:05:55.000000000,2026-04-08 09:05:25.000000000,0.0,72.55403608422544,0.0,2.5,0.0,2.5,0.020833333333333332,0.0,False,service
1.0,0.0,327.94171057791687,2.2158223687697087,148.0,9-N1-4-B-035101,Gare du Nord A,René Goblet,3.0,380.0,19495.333333333332,72881.97779480336,7309.793127281074,0.0,59.97450985655857,2026-04-08 09:08:23.000000000,2026-04-08 09:05:55.000000000,0.3279417105779169,72.88197779480336,7.976960527570951,7.309793127281074,0.0,7.309793127281074,0.3005137174548886,0.0,False,service
0.0,0.0,0.0,0.0,30.0,9-N1-4-B-035101,René Goblet,René Goblet,3.0,381.0,19525.333333333332,72881.97779480336,2500.0,0.0,59.960620967669676,2026-04-08 09:08:53.000000000,2026-04-08 09:08:23.000000000,0.0,72.88197779480336,0.0,2.5,0.0,2.5,0.020833333333333332,0.0,False,service
1.0,0.0,225.21730590675048,4.170690850125009,54.0,9-N1-4-B-035101,René Goblet,P. de Justice,3.0,382.0,19579.333333333332,73107.19510071012,11737.285646721439,0.0,59.84324811120246,2026-04-08 09:09:47.000000000,2026-04-08 09:08:53.000000000,0.2252173059067505,73.10719510071011,15.014487060450033,11.737285646721439,0.0,11.737285646721439,0.17605928470082158,0.0,False,service
0.0,0.0,0.0,0.0,30.0,9-N1-4-B-035101,P. de Justice,P. de Justice,3.0,383.0,19609.333333333332,73107.19510071012,2500.0,0.0,59.82935922231357,2026-04-08 09:10:17.000000000,2026-04-08 09:09:47.000000000,0.0,73.10719510071011,0.0,2.5,0.0,2.5,0.020833333333333332,0.0,False,service
1.0,0.0,229.9992746993994,3.965504736196541,58.0,9-N1-4-B-035101,P. de Justice,Dusevel,3.0,384.0,19667.333333333332,73337.19437540951,11259.425997860737,0.0,59.708424646781,2026-04-08 09:11:15.000000000,2026-04-08 09:10:17.000000000,0.2299992746993994,73.33719437540951,14.275817050307548,11.259425997860737,0.0,11.259425997860737,0.18140186329886743,0.0,False,service
0.0,0.0,0.0,0.0,30.0,9-N1-4-B-035101,Dusevel,Dusevel,3.0,385.0,19697.333333333332,73337.19437540951,2500.0,0.0,59.694535757892105,2026-04-08 09:11:45.000000000,2026-04-08 09:11:15.000000000,0.0,73.33719437540951,0.0,2.5,0.0,2.5,0.020833333333333332,0.0,False,service
1.0,0.0,218.8226139254244,3.587255965990564,61.0,9-N1-4-B-035101,Dusevel,Beffroi,3.0,386.0,19758.333333333332,73556.01698933494,10387.6685654154,0.0,59.57719357594945,2026-04-08 09:12:46.000000000,2026-04-08 09:11:45.000000000,0.2188226139254244,73.55601698933494,12.914121477566031,10.387668565415401,0.0,10.387668565415401,0.1760132729139832,0.0,False,service
0.0,0.0,0.0,0.0,30.0,9-N1-4-B-035101,Beffroi,Beffroi,3.0,387.0,19788.333333333332,73556.01698933494,2500.0,0.0,59.56330468706056,2026-04-08 09:13:16.000000000,2026-04-08 09:12:46.000000000,0.0,73.55601698933494,0.0,2.5,0.0,2.5,0.020833333333333332,0.0,False,service
1.0,0.0,189.07722066752729,3.501430012361616,54.0,9-N1-4-B-035101,Beffroi,Place du Marché,3.0,388.0,19842.333333333332,73745.09421000247,10191.420812679045,0.0,59.461390478933765,2026-04-08 09:14:10.000000000,2026-04-08 09:13:16.000000000,0.18907722066752727,73.74509421000246,12.605148044501819,10.191420812679045,0.0,10.191420812679045,0.15287131219018568,0.0,False,service
0.0,0.0,0.0,0.0,30.0,9-N1-4-B-035101,Place du Marché,Place du Marché,3.0,389.0,19872.333333333332,73745.09421000247,2500.0,0.0,59.44750159004488,2026-04-08 09:14:40.000000000,2026-04-08 09:14:10.000000000,0.0,73.74509421000246,0.0,2.5,0.0,2.5,0.020833333333333332,0.0,False,service
1.0,0.0,171.78613535708172,3.817469674601816,45.0,9-N1-4-B-035101,Place du Marché,M. Culture B,3.0,390.0,19917.333333333332,73916.88034535955,10916.87632541456,0.0,59.35652762066642,2026-04-08 09:15:25.000000000,2026-04-08 09:14:40.000000000,0.17178613535708173,73.91688034535954,13.742890828566539,10.91687632541456,0.0,10.91687632541456,0.136460954067682,0.0,False,service
0.0,0.0,0.0,0.0,30.0,9-N1-4-B-035101,M. Culture B,M. Culture B,3.0,391.0,19947.333333333332,73916.88034535955,2500.0,0.0,59.342638731777534,2026-04-08 09:15:55.000000000,2026-04-08 09:15:25.000000000,0.0,73.91688034535954,0.0,2.5,0.0,2.5,0.020833333333333332,0.0,False,service
1.0,0.0,291.81191051704656,6.07941480243847,48.0,9-N1-4-B-035101,M. Culture B,Saint-Jacques,3.0,392.0,19995.333333333332,74208.6922558766,16385.370113942587,0.0,59.19699099743138,2026-04-08 09:16:43.000000000,2026-04-08 09:15:55.000000000,0.2918119105170466,74.2086922558766,21.885893288778494,16.385370113942585,0.0,16.385370113942585,0.2184716015192345,0.0,False,service
0.0,0.0,0.0,0.0,30.0,9-N1-4-B-035101,Saint-Jacques,Saint-Jacques,3.0,393.0,20025.333333333332,74208.6922558766,2500.0,0.0,59.183102108542485,2026-04-08 09:17:13.000000000,2026-04-08 09:16:43.000000000,0.0,74.2086922558766,0.0,2.5,0.0,2.5,0.020833333333333332,0.0,False,service
1.0,0.0,350.7042974526486,5.656520926655622,62.0,9-N1-4-B-035101,Saint-Jacques,Jean Jaurès,3.0,394.0,20087.333333333332,74559.39655332925,15320.20185396715,0.0,59.0072034946636,2026-04-08 09:18:15.000000000,2026-04-08 09:17:13.000000000,0.3507042974526486,74.55939655332925,20.36347533596024,15.32020185396715,0.0,15.32020185396715,0.26384792081832315,0.0,False,service
0.0,0.0,0.0,0.0,30.0,9-N1-4-B-035101,Jean Jaurès,Jean Jaurès,3.0,395.0,20117.333333333332,74559.39655332925,2500.0,0.0,58.993314605774714,2026-04-08 09:18:45.000000000,2026-04-08 09:18:15.000000000,0.0,74.55939655332925,0.0,2.5,0.0,2.5,0.020833333333333332,0.0,False,service
1.0,0.0,402.8160957322576,5.5946679962813555,72.0,9-N1-4-B-035101,Jean Jaurès,Zoo d'Amiens,3.0,396.0,20189.333333333332,74962.2126490615,15166.246752306562,0.0,58.79109798241062,2026-04-08 09:19:57.000000000,2026-04-08 09:18:45.000000000,0.40281609573225763,74.9622126490615,20.14080478661288,15.166246752306563,0.0,15.166246752306563,0.3033249350461313,0.0,False,service
0.0,0.0,0.0,0.0,30.0,9-N1-4-B-035101,Zoo d'Amiens,Zoo d'Amiens,3.0,397.0,20219.333333333332,74962.2126490615,2500.0,0.0,58.77720909352173,2026-04-08 09:20:27.000000000,2026-04-08 09:19:57.000000000,0.0,74.9622126490615,0.0,2.5,0.0,2.5,0.020833333333333332,0.0,False,service
1.0,0.0,376.38436041502575,5.790528621769627,65.0,9-N1-4-B-035101,Zoo d'Amiens,Egl. St-Firmin,3.0,398.0,20284.333333333332,75338.59700947654,15655.335649169396,0.0,58.588765238485436,2026-04-08 09:21:32.000000000,2026-04-08 09:20:27.000000000,0.37638436041502576,75.33859700947653,20.845903038370658,15.655335649169396,0.0,15.655335649169396,0.2826657825544474,0.0,False,service
0.0,0.0,0.0,0.0,30.0,9-N1-4-B-035101,Egl. St-Firmin,Egl. St-Firmin,3.0,399.0,20314.333333333332,75338.59700947654,2500.0,0.0,58.57487634959654,2026-04-08 09:22:02.000000000,2026-04-08 09:21:32.000000000,0.0,75.33859700947653,0.0,2.5,0.0,2.5,0.020833333333333332,0.0,False,service
1.0,0.0,300.7481358168622,5.674493128620042,53.0,9-N1-4-B-035101,Egl. St-Firmin,Faubourg de Hem,3.0,400.0,20367.333333333332,75639.3451452934,15365.021453635112,0.0,58.42407150940346,2026-04-08 09:22:55.000000000,2026-04-08 09:22:02.000000000,0.3007481358168622,75.63934514529339,20.428175263032152,15.365021453635112,0.0,15.365021453635112,0.22620726028962804,0.0,False,service
0.0,0.0,0.0,0.0,30.0,9-N1-4-B-035101,Faubourg de Hem,Faubourg de Hem,3.0,401.0,20397.333333333332,75639.3451452934,2500.0,0.0,58.41018262051457,2026-04-08 09:23:25.000000000,2026-04-08 09:22:55.000000000,0.0,75.63934514529339,0.0,2.5,0.0,2.5,0.020833333333333332,0.0,False,service
1.0,0.0,242.018982618479,5.5004314231472495,44.0,9-N1-4-B-035101,Faubourg de Hem,Espace Alliance,3.0,402.0,20441.333333333332,75881.36412791187,14932.558498063929,0.0,58.28850992164145,2026-04-08 09:24:09.000000000,2026-04-08 09:23:25.000000000,0.24201898261847898,75.88136412791188,19.8015531233301,14.932558498063928,0.0,14.932558498063928,0.18250904830967024,0.0,False,service
0.0,0.0,0.0,0.0,30.0,9-N1-4-B-035101,Espace Alliance,Espace Alliance,3.0,403.0,20471.333333333332,75881.36412791187,2500.0,0.0,58.27462103275256,2026-04-08 09:24:39.000000000,2026-04-08 09:24:09.000000000,0.0,75.88136412791188,0.0,2.5,0.0,2.5,0.020833333333333332,0.0,False,service
1.0,0.0,512.4653653664171,5.631487531499089,91.0,9-N1-4-B-035101,Espace Alliance,Sully,3.0,404.0,20562.333333333332,76393.82949327829,15257.837425164176,0.0,58.01749821688405,2026-04-08 09:26:10.000000000,2026-04-08 09:24:39.000000000,0.5124653653664172,76.39382949327829,20.273355113396722,15.257837425164176,0.0,15.257837425164176,0.38568422380276113,0.0,False,service
0.0,0.0,0.0,0.0,30.0,9-N1-4-B-035101,Sully,Sully,3.0,405.0,20592.333333333332,76393.82949327829,2500.0,0.0,58.00360932799516,2026-04-08 09:26:40.000000000,2026-04-08 09:26:10.000000000,0.0,76.39382949327829,0.0,2.5,0.0,2.5,0.020833333333333332,0.0,False,service
1.0,0.0,581.4235833007191,5.537367460006848,105.0,9-N1-4-B-035101,Sully,Place la Barre,3.0,406.0,20697.333333333332,76975.25307657901,15024.028151252374,0.0,57.711475447276364,2026-04-08 09:28:25.000000000,2026-04-08 09:26:40.000000000,0.5814235833007191,76.97525307657901,19.934522856024653,15.024028151252374,0.0,15.024028151252374,0.43820082107819425,0.0,False,service
0.0,0.0,0.0,0.0,30.0,9-N1-4-B-035101,Place la Barre,Place la Barre,3.0,407.0,20727.333333333332,76975.25307657901,2500.0,0.0,57.69758655838747,2026-04-08 09:28:55.000000000,2026-04-08 09:28:25.000000000,0.0,76.97525307657901,0.0,2.5,0.0,2.5,0.020833333333333332,0.0,False,service
1.0,0.0,321.16148117311843,4.654514219900267,69.0,9-N1-4-B-035101,Place la Barre,La Fontaine,3.0,408.0,20796.333333333332,77296.41455775213,12879.144765057834,0.0,57.53301970861173,2026-04-08 09:30:04.000000000,2026-04-08 09:28:55.000000000,0.32116148117311843,77.29641455775213,16.75625119164096,12.879144765057834,0.0,12.879144765057834,0.24685027466360848,0.0,False,service
0.0,0.0,0.0,0.0,30.0,9-N1-4-B-035101,La Fontaine,La Fontaine,3.0,409.0,20826.333333333332,77296.41455775213,2500.0,0.0,57.51913081972284,2026-04-08 09:30:34.000000000,2026-04-08 09:30:04.000000000,0.0,77.29641455775213,0.0,2.5,0.0,2.5,0.020833333333333332,0.0,False,service
1.0,0.0,233.68404358993675,5.31100099068038,44.0,9-N1-4-B-035101,La Fontaine,Les Coursives,3.0,410.0,20870.333333333332,77530.09860134206,14465.925742583915,0.0,57.40126031367216,2026-04-08 09:31:18.000000000,2026-04-08 09:30:34.000000000,0.23368404358993675,77.53009860134206,19.11960356644937,14.465925742583915,0.0,14.465925742583915,0.17680575907602564,0.0,False,service
0.0,0.0,0.0,0.0,30.0,9-N1-4-B-035101,Les Coursives,Les Coursives,3.0,411.0,20900.333333333332,77530.09860134206,2500.0,0.0,57.38737142478327,2026-04-08 09:31:48.000000000,2026-04-08 09:31:18.000000000,0.0,77.53009860134206,0.0,2.5,0.0,2.5,0.020833333333333332,0.0,False,service
1.0,0.0,293.0331102299119,5.327874731452944,55.0,9-N1-4-B-035101,Les Coursives,Languedoc,3.0,412.0,20955.333333333332,77823.13171157197,14507.32542544115,0.0,57.23961162878341,2026-04-08 09:32:43.000000000,2026-04-08 09:31:48.000000000,0.2930331102299119,77.82313171157197,19.1803490332306,14.507325425441149,0.0,14.507325425441149,0.22163969399979536,0.0,False,service
0.0,0.0,0.0,0.0,30.0,9-N1-4-B-035101,Languedoc,Languedoc,3.0,413.0,20985.333333333332,77823.13171157197,2500.0,0.0,57.225722739894515,2026-04-08 09:33:13.000000000,2026-04-08 09:32:43.000000000,0.0,77.82313171157197,0.0,2.5,0.0,2.5,0.020833333333333332,0.0,False,service
1.0,0.0,320.6006811443548,4.007508514304435,80.0,9-N1-4-B-035101,Languedoc,Collège R.Parks,3.0,414.0,21065.333333333332,78143.73239271632,11356.954589578385,0.0,57.057471560789644,2026-04-08 09:34:33.000000000,2026-04-08 09:33:13.000000000,0.3206006811443548,78.14373239271632,14.427030651495967,11.356954589578384,0.0,11.356954589578384,0.2523767686572974,0.0,False,service
0.0,0.0,0.0,0.0,30.0,9-N1-4-B-035101,Collège R.Parks,Collège R.Parks,3.0,415.0,21095.333333333332,78143.73239271632,2500.0,0.0,57.04358267190076,2026-04-08 09:35:03.000000000,2026-04-08 09:34:33.000000000,0.0,78.14373239271632,0.0,2.5,0.0,2.5,0.020833333333333332,0.0,False,service
1.0,0.0,270.8261413947126,5.0152989147169,54.0,9-N1-4-B-035101,Collège R.Parks,Martinique,3.0,416.0,21149.333333333332,78414.55853411104,13745.538236155448,0.0,56.9061272895392,2026-04-08 09:35:57.000000000,2026-04-08 09:35:03.000000000,0.27082614139471256,78.41455853411104,18.05507609298084,13.745538236155447,0.0,13.745538236155447,0.20618307354233173,0.0,False,service
0.0,0.0,0.0,0.0,30.0,9-N1-4-B-035101,Martinique,Martinique,3.0,417.0,21179.333333333332,78414.55853411104,2500.0,0.0,56.89223840065031,2026-04-08 09:36:27.000000000,2026-04-08 09:35:57.000000000,0.0,78.41455853411104,0.0,2.5,0.0,2.5,0.020833333333333332,0.0,False,service
1.0,0.0,274.08690803195344,2.3227704070504527,118.0,9-N1-4-B-035101,Martinique,Etouvie Quai A,3.0,418.0,21297.333333333332,78688.645442143,7545.9279119890025,0.0,56.72734590183277,2026-04-08 09:38:25.000000000,2026-04-08 09:36:27.000000000,0.27408690803195346,78.688645442143,8.361973465381629,7.545927911989002,0.0,7.545927911989002,0.2473387482263062,0.0,False,service
1.0,0.0,241.9015249612658,4.319670088594032,56.0,9-N1-2-B-034901,Etouvie Quai A,Martinique,4.0,419.0,21353.333333333332,78930.54696710427,12086.56880128932,0.0,56.602003706856436,2026-04-08 09:39:21.000000000,2026-04-08 09:38:25.000000000,0.2419015249612658,78.93054696710426,15.550812318938515,12.08656880128932,0.0,12.08656880128932,0.18801329246450055,0.0,False,service
0.0,0.0,0.0,0.0,30.0,9-N1-2-B-034901,Martinique,Martinique,4.0,420.0,21383.333333333332,78930.54696710427,2500.0,0.0,56.58811481796754,2026-04-08 09:39:51.000000000,2026-04-08 09:39:21.000000000,0.0,78.93054696710426,0.0,2.5,0.0,2.5,0.020833333333333332,0.0,False,service
1.0,0.0,330.7630000086095,4.9367611941583505,67.0,9-N1-2-B-034901,Martinique,Collège R.Parks,4.0,421.0,21450.333333333332,79261.30996711287,13555.791611470482,0.0,56.419922588714115,2026-04-08 09:40:58.000000000,2026-04-08 09:39:51.000000000,0.3307630000086095,79.26130996711288,17.77234029897006,13.555791611470482,0.0,13.555791611470482,0.2522883438801451,0.0,False,service
0.0,0.0,0.0,0.0,30.0,9-N1-2-B-034901,Collège R.Parks,Collège R.Parks,4.0,422.0,21480.333333333332,79261.30996711287,2500.0,0.0,56.40603369982522,2026-04-08 09:41:28.000000000,2026-04-08 09:40:58.000000000,0.0,79.26130996711288,0.0,2.5,0.0,2.5,0.020833333333333332,0.0,False,service
1.0,0.0,296.81987678393193,4.01107941599908,74.0,9-N1-2-B-034901,Collège R.Parks,Languedoc,4.0,423.0,21554.333333333332,79558.12984389681,11365.252764990835,0.0,56.250287643416094,2026-04-08 09:42:42.000000000,2026-04-08 09:41:28.000000000,0.29681987678393196,79.55812984389681,14.439885897596689,11.365252764990835,0.0,11.365252764990835,0.23361908461370048,0.0,False,service
0.0,0.0,0.0,0.0,30.0,9-N1-2-B-034901,Languedoc,Languedoc,4.0,424.0,21584.333333333332,79558.12984389681,2500.0,0.0,56.2363987545272,2026-04-08 09:43:12.000000000,2026-04-08 09:42:42.000000000,0.0,79.55812984389681,0.0,2.5,0.0,2.5,0.020833333333333332,0.0,False,service
1.0,0.0,297.726462758007,5.316543977821554,56.0,9-N1-2-B-034901,Languedoc,Les coursives,4.0,425.0,21640.333333333332,79855.85630665481,14479.52190452762,0.0,56.08624074959136,2026-04-08 09:44:08.000000000,2026-04-08 09:43:12.000000000,0.297726462758007,79.85585630665481,19.139558320157594,14.479521904527621,0.0,14.479521904527621,0.22523700740376298,0.0,False,service
0.0,0.0,0.0,0.0,30.0,9-N1-2-B-034901,Les coursives,Les coursives,4.0,426.0,21670.333333333332,79855.85630665481,2500.0,0.0,56.07235186070247,2026-04-08 09:44:38.000000000,2026-04-08 09:44:08.000000000,0.0,79.85585630665481,0.0,2.5,0.0,2.5,0.020833333333333332,0.0,False,service
1.0,0.0,227.94980309080773,5.065551179795728,45.0,9-N1-2-B-034901,Les coursives,La Fontaine,4.0,427.0,21715.333333333332,80083.80610974562,13867.291099605594,0.0,55.95679110153909,2026-04-08 09:45:23.000000000,2026-04-08 09:44:38.000000000,0.22794980309080773,80.08380610974562,18.23598424726462,13.867291099605595,0.0,13.867291099605595,0.17334113874506996,0.0,False,service
0.0,0.0,0.0,0.0,30.0,9-N1-2-B-034901,La Fontaine,La Fontaine,4.0,428.0,21745.333333333332,80083.80610974562,2500.0,0.0,55.942902212650196,2026-04-08 09:45:53.000000000,2026-04-08 09:45:23.000000000,0.0,80.08380610974562,0.0,2.5,0.0,2.5,0.020833333333333332,0.0,False,service
1.0,0.0,278.8940733458619,4.572033989276425,61.0,9-N1-2-B-034901,La Fontaine,Place la Barre,4.0,429.0,21806.333333333332,80362.70018309148,12682.916941634749,0.0,55.79963222497618,2026-04-08 09:46:54.000000000,2026-04-08 09:45:53.000000000,0.2788940733458619,80.36270018309148,16.459322361395127,12.68291694163475,0.0,12.68291694163475,0.2149049815110332,0.0,False,service
0.0,0.0,0.0,0.0,30.0,9-N1-2-B-034901,Place la Barre,Place la Barre,4.0,430.0,21836.333333333332,80362.70018309148,2500.0,0.0,55.785743336087286,2026-04-08 09:47:24.000000000,2026-04-08 09:46:54.000000000,0.0,80.36270018309148,0.0,2.5,0.0,2.5,0.020833333333333332,0.0,False,service
1.0,0.0,552.9827646282706,5.882795368385858,94.0,9-N1-2-B-034901,Place la Barre,Sully,4.0,431.0,21930.333333333332,80915.68294771975,15887.360880206767,0.0,55.50918557261702,2026-04-08 09:48:58.000000000,2026-04-08 09:47:24.000000000,0.5529827646282706,80.91568294771974,21.178063326189086,15.887360880206767,0.0,15.887360880206767,0.4148366452053989,0.0,False,service
0.0,0.0,0.0,0.0,30.0,9-N1-2-B-034901,Sully,Sully,4.0,432.0,21960.333333333332,80915.68294771975,2500.0,0.0,55.49529668372813,2026-04-08 09:49:28.000000000,2026-04-08 09:48:58.000000000,0.0,80.91568294771974,0.0,2.5,0.0,2.5,0.020833333333333332,0.0,False,service
1.0,0.0,541.2636534432309,5.820039284335816,93.0,9-N1-2-B-034901,Sully,Espace Alliance,4.0,433.0,22053.333333333332,81456.94660116297,15729.432196236612,0.0,55.224400907015166,2026-04-08 09:51:01.000000000,2026-04-08 09:49:28.000000000,0.5412636534432308,81.45694660116297,20.952141423608936,15.729432196236612,0.0,15.729432196236612,0.4063436650694458,0.0,False,service
0.0,0.0,0.0,0.0,30.0,9-N1-2-B-034901,Espace Alliance,Espace Alliance,4.0,434.0,22083.333333333332,81456.94660116297,2500.0,0.0,55.21051201812627,2026-04-08 09:51:31.000000000,2026-04-08 09:51:01.000000000,0.0,81.45694660116297,0.0,2.5,0.0,2.5,0.020833333333333332,0.0,False,service
1.0,0.0,306.8484114845754,5.789592669520291,53.0,9-N1-2-B-034901,Espace Alliance,Faubourg de Hem,4.0,435.0,22136.333333333332,81763.79501264755,15652.987376486395,0.0,55.05688084572743,2026-04-08 09:52:24.000000000,2026-04-08 09:51:31.000000000,0.3068484114845754,81.76379501264755,20.842533610273048,15.652987376486395,0.0,15.652987376486395,0.23044675859827193,0.0,False,service
0.0,0.0,0.0,0.0,30.0,9-N1-2-B-034901,Faubourg de Hem,Faubourg de Hem,4.0,436.0,22166.333333333332,81763.79501264755,2500.0,0.0,55.042991956838534,2026-04-08 09:52:54.000000000,2026-04-08 09:52:24.000000000,0.0,81.76379501264755,0.0,2.5,0.0,2.5,0.020833333333333332,0.0,False,service
1.0,0.0,296.4471853943004,7.058266318911914,42.0,9-N1-2-B-034901,Faubourg de Hem,Egl. St-Firmin,4.0,437.0,22208.333333333332,82060.24219804184,18942.057390181886,0.0,54.895664843803786,2026-04-08 09:53:36.000000000,2026-04-08 09:52:54.000000000,0.29644718539430037,82.06024219804185,25.409758748082893,18.942057390181887,0.0,18.942057390181887,0.220990669552122,0.0,False,service
0.0,0.0,0.0,0.0,30.0,9-N1-2-B-034901,Egl. St-Firmin,Egl. St-Firmin,4.0,438.0,22238.333333333332,82060.24219804184,2500.0,0.0,54.88177595491489,2026-04-08 09:54:06.000000000,2026-04-08 09:53:36.000000000,0.0,82.06024219804185,0.0,2.5,0.0,2.5,0.020833333333333332,0.0,False,service
1.0,0.0,397.9625757415526,7.106474566813439,56.0,9-N1-2-B-034901,Egl. St-Firmin,Zoo d'Amiens,4.0,439.0,22294.333333333332,82458.2047737834,19071.518432946243,0.0,54.683997245239894,2026-04-08 09:55:02.000000000,2026-04-08 09:54:06.000000000,0.3979625757415526,82.4582047737834,25.58330844052838,19.07151843294624,0.0,19.07151843294624,0.2966680645124971,0.0,False,service
0.0,0.0,0.0,0.0,30.0,9-N1-2-B-034901,Zoo d'Amiens,Zoo d'Amiens,4.0,440.0,22324.333333333332,82458.2047737834,2500.0,0.0,54.67010835635101,2026-04-08 09:55:32.000000000,2026-04-08 09:55:02.000000000,0.0,82.4582047737834,0.0,2.5,0.0,2.5,0.020833333333333332,0.0,False,service
1.0,0.0,387.76459722543666,6.924367807597084,56.0,9-N1-2-B-034901,Zoo d'Amiens,Jean Jaurès,4.0,441.0,22380.333333333332,82845.96937100883,18584.29760190798,0.0,54.47738230714603,2026-04-08 09:56:28.000000000,2026-04-08 09:55:32.000000000,0.38776459722543666,82.84596937100883,24.9277241073495,18.58429760190798,0.0,18.58429760190798,0.28908907380745746,0.0,False,service
0.0,0.0,0.0,0.0,30.0,9-N1-2-B-034901,Jean Jaurès,Jean Jaurès,4.0,442.0,22410.333333333332,82845.96937100883,2500.0,0.0,54.463493418257144,2026-04-08 09:56:58.000000000,2026-04-08 09:56:28.000000000,0.0,82.84596937100883,0.0,2.5,0.0,2.5,0.020833333333333332,0.0,False,service
1.0,0.0,353.81886733206454,6.675827685510652,53.0,9-N1-2-B-034901,Jean Jaurès,Saint-Jacques,4.0,443.0,22463.333333333332,83199.7882383409,17927.174140413597,0.0,54.28754152391605,2026-04-08 09:57:51.000000000,2026-04-08 09:56:58.000000000,0.3538188673320645,83.1997882383409,24.032979667838347,17.927174140413598,0.0,17.927174140413598,0.2639278415116446,0.0,False,service
0.0,0.0,0.0,0.0,30.0,9-N1-2-B-034901,Saint-Jacques,Saint-Jacques,4.0,444.0,22493.333333333332,83199.7882383409,2500.0,0.0,54.273652635027155,2026-04-08 09:58:21.000000000,2026-04-08 09:57:51.000000000,0.0,83.1997882383409,0.0,2.5,0.0,2.5,0.020833333333333332,0.0,False,service
1.0,0.0,242.8037375118653,7.35768901551107,33.0,9-N1-2-B-034901,Saint-Jacques,M. Culture A,4.0,445.0,22526.333333333332,83442.59197585276,19751.86842032748,0.0,54.152946772458485,2026-04-08 09:58:54.000000000,2026-04-08 09:58:21.000000000,0.24280373751186532,83.44259197585276,26.487680455839854,19.75186842032748,0.0,19.75186842032748,0.1810587938530019,0.0,False,service
0.0,0.0,0.0,0.0,30.0,9-N1-2-B-034901,M. Culture A,M. Culture A,4.0,446.0,22556.333333333332,83442.59197585276,2500.0,0.0,54.1390578835696,2026-04-08 09:59:24.000000000,2026-04-08 09:58:54.000000000,0.0,83.44259197585276,0.0,2.5,0.0,2.5,0.020833333333333332,0.0,False,service
1.0,0.0,296.74165114956037,2.472847092913003,120.0,9-N1-2-B-034901,M. Culture A,Hôtel de Ville,4.0,447.0,22676.333333333332,83739.33362700231,7878.244573638238,0.0,53.9639857819332,2026-04-08 10:01:24.000000000,2026-04-08 09:59:24.000000000,0.29674165114956036,83.73933362700231,8.90224953448681,7.878244573638238,0.0,7.878244573638238,0.26260815245460795,0.0,False,service
0.0,0.0,0.0,0.0,30.0,9-N1-2-B-034901,Hôtel de Ville,Hôtel de Ville,4.0,448.0,22706.333333333332,83739.33362700231,2500.0,0.0,53.950096893044304,2026-04-08 10:01:54.000000000,2026-04-08 10:01:24.000000000,0.0,83.73933362700231,0.0,2.5,0.0,2.5,0.020833333333333332,0.0,False,service
1.0,0.0,228.2941059416939,4.005159753363051,57.0,9-N1-2-B-034901,Hôtel de Ville,Jacobins,4.0,449.0,22763.333333333332,83967.627732944,11351.497055087,0.0,53.83027553524061,2026-04-08 10:02:51.000000000,2026-04-08 10:01:54.000000000,0.22829410594169391,83.96762773294401,14.418575112106984,11.351497055087,0.0,11.351497055087,0.17973203670554416,0.0,False,service
0.0,0.0,0.0,0.0,30.0,9-N1-2-B-034901,Jacobins,Jacobins,4.0,450.0,22793.333333333332,83967.627732944,2500.0,0.0,53.81638664635172,2026-04-08 10:03:21.000000000,2026-04-08 10:02:51.000000000,0.0,83.96762773294401,0.0,2.5,0.0,2.5,0.020833333333333332,0.0,False,service
1.0,0.0,326.11241962366006,4.026079254613087,81.0,9-N1-2-B-034901,Jacobins,Emile Zola,4.0,451.0,22874.333333333332,84293.74015256767,11400.121734172237,0.0,53.64538482033913,2026-04-08 10:04:42.000000000,2026-04-08 10:03:21.000000000,0.32611241962366005,84.29374015256766,14.493885316607114,11.400121734172236,0.0,11.400121734172236,0.2565027390188753,0.0,False,service
0.0,0.0,0.0,0.0,30.0,9-N1-2-B-034901,Emile Zola,Emile Zola,4.0,452.0,22904.333333333332,84293.74015256767,2500.0,0.0,53.63149593145024,2026-04-08 10:05:12.000000000,2026-04-08 10:04:42.000000000,0.0,84.29374015256766,0.0,2.5,0.0,2.5,0.020833333333333332,0.0,False,service
1.0,0.0,355.48637357572056,2.1943603307143245,162.0,9-N1-2-B-034901,Emile Zola,Gare du Nord B,4.0,453.0,23066.333333333332,84649.2265261434,7262.471868531566,0.0,53.41362177539429,2026-04-08 10:07:54.000000000,2026-04-08 10:05:12.000000000,0.35548637357572055,84.6492265261434,7.899697190571568,7.2624718685315655,0.0,7.2624718685315655,0.32681123408392043,0.0,False,service
0.0,0.0,0.0,0.0,30.0,9-N1-2-B-034901,Gare du Nord B,Gare du Nord B,4.0,454.0,23096.333333333332,84649.2265261434,2500.0,0.0,53.399732886505404,2026-04-08 10:08:24.000000000,2026-04-08 10:07:54.000000000,0.0,84.6492265261434,0.0,2.5,0.0,2.5,0.020833333333333332,0.0,False,service
1.0,0.0,368.1948881034494,3.95908481831666,93.0,9-N1-2-B-034901,Gare du Nord B,Caserne Dejean,4.0,455.0,23189.333333333332,85017.42141424684,11244.532705520063,0.0,53.20607704546589,2026-04-08 10:09:57.000000000,2026-04-08 10:08:24.000000000,0.3681948881034494,85.01742141424684,14.252705345939976,11.244532705520063,0.0,11.244532705520063,0.2904837615592683,0.0,False,service
0.0,0.0,0.0,0.0,30.0,9-N1-2-B-034901,Caserne Dejean,Caserne Dejean,4.0,456.0,23219.333333333332,85017.42141424684,2500.0,0.0,53.192188156577,2026-04-08 10:10:27.000000000,2026-04-08 10:09:57.000000000,0.0,85.01742141424684,0.0,2.5,0.0,2.5,0.020833333333333332,0.0,False,service
1.0,0.0,355.3755273513469,3.862777471210292,92.0,9-N1-2-B-034901,Caserne Dejean,Pinceau,4.0,457.0,23311.333333333332,85372.7969415982,11021.525823010094,0.0,53.004414012925714,2026-04-08 10:11:59.000000000,2026-04-08 10:10:27.000000000,0.35537552735134686,85.3727969415982,13.905998896357051,11.021525823010094,0.0,11.021525823010094,0.28166121547692463,0.0,False,service
0.0,0.0,0.0,0.0,30.0,9-N1-2-B-034901,Pinceau,Pinceau,4.0,458.0,23341.333333333332,85372.7969415982,2500.0,0.0,52.99052512403682,2026-04-08 10:12:29.000000000,2026-04-08 10:11:59.000000000,0.0,85.3727969415982,0.0,2.5,0.0,2.5,0.020833333333333332,0.0,False,service
1.0,0.0,447.05548624280317,3.8874390108069843,115.0,9-N1-2-B-034901,Pinceau,L. de Luzarches,4.0,459.0,23456.333333333332,85819.85242784099,11078.55830186122,0.0,52.75459286390459,2026-04-08 10:14:24.000000000,2026-04-08 10:12:29.000000000,0.44705548624280317,85.81985242784098,13.994780438905144,11.07855830186122,0.0,11.07855830186122,0.3538983901983445,0.0,False,service
0.0,0.0,0.0,0.0,30.0,9-N1-2-B-034901,L. de Luzarches,L. de Luzarches,4.0,460.0,23486.333333333332,85819.85242784099,2500.0,0.0,52.7407039750157,2026-04-08 10:14:54.000000000,2026-04-08 10:14:24.000000000,0.0,85.81985242784098,0.0,2.5,0.0,2.5,0.020833333333333332,0.0,False,service
1.0,0.0,324.8685267650074,8.121713169125185,40.0,9-N1-2-B-034901,L. de Luzarches,Egl. St-Acheul,4.0,461.0,23526.333333333332,86144.720954606,21882.98673915759,0.0,52.57860777694787,2026-04-08 10:15:34.000000000,2026-04-08 10:14:54.000000000,0.3248685267650074,86.144720954606,29.238167408850664,21.88298673915759,0.0,21.88298673915759,0.24314429710175098,0.0,False,service
0.0,0.0,0.0,0.0,30.0,9-N1-2-B-034901,Egl. St-Acheul,Egl. St-Acheul,4.0,462.0,23556.333333333332,86144.720954606,2500.0,0.0,52.56471888805898,2026-04-08 10:16:04.000000000,2026-04-08 10:15:34.000000000,0.0,86.144720954606,0.0,2.5,0.0,2.5,0.020833333333333332,0.0,False,service
1.0,0.0,451.79666905185246,8.214484891851862,55.0,9-N1-2-B-034901,Egl. St-Acheul,Mercey,4.0,463.0,23611.333333333332,86596.51762365786,22148.418284070947,0.0,52.33913314627677,2026-04-08 10:16:59.000000000,2026-04-08 10:16:04.000000000,0.45179666905185245,86.59651762365786,29.572145610666706,22.148418284070946,0.0,22.148418284070946,0.33837861267330616,0.0,False,service
0.0,0.0,0.0,0.0,30.0,9-N1-2-B-034901,Mercey,Mercey,4.0,464.0,23641.333333333332,86596.51762365786,2500.0,0.0,52.32524425738788,2026-04-08 10:17:29.000000000,2026-04-08 10:16:59.000000000,0.0,86.59651762365786,0.0,2.5,0.0,2.5,0.020833333333333332,0.0,False,service
1.0,0.0,481.8036462949089,8.166163496523879,59.0,9-N1-2-B-034901,Mercey,Sobo,4.0,465.0,23700.333333333332,87078.32126995276,22009.978589942315,0.0,52.084764861682956,2026-04-08 10:18:28.000000000,2026-04-08 10:17:29.000000000,0.4818036462949089,87.07832126995277,29.398188587485965,22.009978589942314,0.0,22.009978589942314,0.36071909355738796,0.0,False,service
0.0,0.0,0.0,0.0,30.0,9-N1-2-B-034901,Sobo,Sobo,4.0,466.0,23730.333333333332,87078.32126995276,2500.0,0.0,52.07087597279407,2026-04-08 10:18:58.000000000,2026-04-08 10:18:28.000000000,0.0,87.07832126995277,0.0,2.5,0.0,2.5,0.020833333333333332,0.0,False,service
1.0,0.0,707.5852717526406,8.22773571805396,86.0,9-N1-2-B-034901,Sobo,Pont de l'Avre,4.0,467.0,23816.333333333332,87785.90654170541,22186.452600813267,0.0,51.71753617211445,2026-04-08 10:20:24.000000000,2026-04-08 10:18:58.000000000,0.7075852717526405,87.7859065417054,29.61984858499426,22.18645260081327,0.0,22.18645260081327,0.530009701019428,0.0,False,service
0.0,0.0,0.0,0.0,30.0,9-N1-2-B-034901,Pont de l'Avre,Pont de l'Avre,4.0,468.0,23846.333333333332,87785.90654170541,2500.0,0.0,51.70364728322556,2026-04-08 10:20:54.000000000,2026-04-08 10:20:24.000000000,0.0,87.7859065417054,0.0,2.5,0.0,2.5,0.020833333333333332,0.0,False,service
1.0,0.0,296.6141068969825,7.062240640404345,42.0,9-N1-2-B-034901,Pont de l'Avre,Cité du Château,4.0,469.0,23888.333333333332,88082.5206486024,18952.717051821182,0.0,51.55623726171139,2026-04-08 10:21:36.000000000,2026-04-08 10:20:54.000000000,0.2966141068969825,88.0825206486024,25.424066305455643,18.952717051821182,0.0,18.952717051821182,0.22111503227124713,0.0,False,service
0.0,0.0,0.0,0.0,30.0,9-N1-2-B-034901,Cité du Château,Cité du Château,4.0,470.0,23918.333333333332,88082.5206486024,2500.0,0.0,51.5423483728225,2026-04-08 10:22:06.000000000,2026-04-08 10:21:36.000000000,0.0,88.0825206486024,0.0,2.5,0.0,2.5,0.020833333333333332,0.0,False,service
1.0,0.0,332.9543642312839,6.936549254818414,48.0,9-N1-2-B-034901,Cité du Château,La Rose Rouge,4.0,471.0,23966.333333333332,88415.47501283367,18616.73519188507,0.0,51.376866282227965,2026-04-08 10:22:54.000000000,2026-04-08 10:22:06.000000000,0.3329543642312839,88.41547501283368,24.97157731734629,18.61673519188507,0.0,18.61673519188507,0.24822313589180092,0.0,False,service
0.0,0.0,0.0,0.0,30.0,9-N1-2-B-034901,La Rose Rouge,La Rose Rouge,4.0,472.0,23996.333333333332,88415.47501283367,2500.0,0.0,51.36297739333908,2026-04-08 10:23:24.000000000,2026-04-08 10:22:54.000000000,0.0,88.41547501283368,0.0,2.5,0.0,2.5,0.020833333333333332,0.0,False,service
1.0,0.0,225.1396338173497,7.262568832817732,31.0,9-N1-2-B-034901,La Rose Rouge,Poidevin,4.0,473.0,24027.333333333332,88640.61464665103,19493.118954380796,0.0,51.25107245119356,2026-04-08 10:23:55.000000000,2026-04-08 10:23:24.000000000,0.2251396338173497,88.64061464665103,26.145247798143835,19.493118954380797,0.0,19.493118954380797,0.1678574132182791,0.0,False,service
0.0,0.0,0.0,0.0,30.0,9-N1-2-B-034901,Poidevin,Poidevin,4.0,474.0,24057.333333333332,88640.61464665103,2500.0,0.0,51.237183562304665,2026-04-08 10:24:25.000000000,2026-04-08 10:23:55.000000000,0.0,88.64061464665103,0.0,2.5,0.0,2.5,0.020833333333333332,0.0,False,service
1.0,0.0,314.5014195772681,7.147759535847002,44.0,9-N1-2-B-034901,Poidevin,M. de Longueau,4.0,475.0,24101.333333333332,88955.1160662283,19182.665796909016,0.0,51.080880359515035,2026-04-08 10:25:09.000000000,2026-04-08 10:24:25.000000000,0.3145014195772681,88.9551160662283,25.731934329049206,19.182665796909017,0.0,19.182665796909017,0.23445480418444353,0.0,False,service
0.0,0.0,0.0,0.0,30.0,9-N1-2-B-034901,M. de Longueau,M. de Longueau,4.0,476.0,24131.333333333332,88955.1160662283,2500.0,0.0,51.06699147062614,2026-04-08 10:25:39.000000000,2026-04-08 10:25:09.000000000,0.0,88.9551160662283,0.0,2.5,0.0,2.5,0.020833333333333332,0.0,False,service
1.0,0.0,256.63398574137216,6.936053668685734,37.0,9-N1-2-B-034901,M. de Longueau,La Fourche,4.0,477.0,24168.333333333332,89211.75005196966,18615.415085336244,0.0,50.93944140430069,2026-04-08 10:26:16.000000000,2026-04-08 10:25:39.000000000,0.25663398574137214,89.21175005196966,24.96979320726864,18.615415085336245,0.0,18.615415085336245,0.19132509948817805,0.0,False,service
0.0,0.0,0.0,0.0,30.0,9-N1-2-B-034901,La Fourche,La Fourche,4.0,478.0,24198.333333333332,89211.75005196966,2500.0,0.0,50.925552515411795,2026-04-08 10:26:46.000000000,2026-04-08 10:26:16.000000000,0.0,89.21175005196966,0.0,2.5,0.0,2.5,0.020833333333333332,0.0,False,service
1.0,0.0,651.0902221706201,6.643777777251225,98.0,9-N1-2-B-034901,La Fourche,Croix de Fer,4.0,479.0,24296.333333333332,89862.84027414028,17843.08013403265,0.0,50.601733653720096,2026-04-08 10:28:24.000000000,2026-04-08 10:26:46.000000000,0.6510902221706201,89.86284027414028,23.91759999810441,17.84308013403265,0.0,17.84308013403265,0.4857282925375555,0.0,False,service
0.0,0.0,0.0,0.0,30.0,9-N1-2-B-034901,Croix de Fer,Croix de Fer,4.0,480.0,24326.333333333332,89862.84027414028,2500.0,0.0,50.5878447648312,2026-04-08 10:28:54.000000000,2026-04-08 10:28:24.000000000,0.0,89.86284027414028,0.0,2.5,0.0,2.5,0.020833333333333332,0.0,False,service
1.0,0.0,703.41712703917,4.953641739712465,142.0,9-N1-2-B-034901,Croix de Fer,C. Cial Glisy,4.0,481.0,24468.333333333332,90566.25740117945,13596.520036751444,0.0,50.23030664534625,2026-04-08 10:31:16.000000000,2026-04-08 10:28:54.000000000,0.70341712703917,90.56625740117946,17.833110262964873,13.596520036751444,0.0,13.596520036751444,0.5363071792274181,0.0,False,service
0.0,0.0,0.0,0.0,30.0,9-N1-2-B-034901,C. Cial Glisy,C. Cial Glisy,4.0,482.0,24498.333333333332,90566.25740117945,2500.0,0.0,50.21641775645737,2026-04-08 10:31:46.000000000,2026-04-08 10:31:16.000000000,0.0,90.56625740117946,0.0,2.5,0.0,2.5,0.020833333333333332,0.0,False,service
1.0,0.0,136.72688382470434,4.883102993739441,28.0,9-N1-2-B-034901,C. Cial Glisy,Capitaine Nemo,4.0,483.0,24526.333333333332,90702.98428500416,13426.525887753734,0.0,50.14679873333568,2026-04-08 10:32:14.000000000,2026-04-08 10:31:46.000000000,0.13672688382470435,90.70298428500416,17.57917077746199,13.426525887753735,0.0,13.426525887753735,0.10442853468252905,0.0,False,service
0.0,0.0,0.0,0.0,30.0,9-N1-2-B-034901,Capitaine Nemo,Capitaine Nemo,4.0,484.0,24556.333333333332,90702.98428500416,2500.0,0.0,50.132909844446786,2026-04-08 10:32:44.000000000,2026-04-08 10:32:14.000000000,0.0,90.70298428500416,0.0,2.5,0.0,2.5,0.020833333333333332,0.0,False,service
1.0,0.0,323.4478124594319,2.488060095841784,130.0,9-N1-2-B-034901,Capitaine Nemo,Pôle J. Verne,4.0,485.0,24686.333333333332,91026.43209746359,7911.995684014774,0.0,49.94243587427606,2026-04-08 10:34:54.000000000,2026-04-08 10:32:44.000000000,0.3234478124594319,91.0264320974636,8.957016345030421,7.911995684014775,0.0,7.911995684014775,0.2857109552560891,0.0,False,service
0.0,0.0,0.0,0.0,30.0,9-N1-2-B-034901,Pôle J. Verne,Pôle J. Verne,4.0,486.0,24716.333333333332,91026.43209746359,2500.0,0.0,49.928546985387165,2026-04-08 10:35:24.000000000,2026-04-08 10:34:54.000000000,0.0,91.0264320974636,0.0,2.5,0.0,2.5,0.020833333333333332,0.0,False,service
1.0,0.0,334.0181708930427,4.7044812801837,71.0,9-N1-4-B-035101,Pôle J. Verne,Capitaine Nemo,4.0,487.0,24787.333333333332,91360.45026835664,12998.346897480362,0.0,49.75764279469808,2026-04-08 10:36:35.000000000,2026-04-08 10:35:24.000000000,0.3340181708930427,91.36045026835664,16.93613260866132,12.998346897480362,0.0,12.998346897480362,0.25635628603364047,0.0,False,service
0.0,0.0,0.0,0.0,30.0,9-N1-4-B-035101,Capitaine Nemo,Capitaine Nemo,4.0,488.0,24817.333333333332,91360.45026835664,2500.0,0.0,49.743753905809186,2026-04-08 10:37:05.000000000,2026-04-08 10:36:35.000000000,0.0,91.36045026835664,0.0,2.5,0.0,2.5,0.020833333333333332,0.0,False,service
1.0,0.0,122.91799931516653,5.8532380626269775,21.0,9-N1-4-B-035101,Capitaine Nemo,C. Cial Glisy,4.0,489.0,24838.333333333332,91483.3682676718,15812.917585812425,0.0,49.6822592263088,2026-04-08 10:37:26.000000000,2026-04-08 10:37:05.000000000,0.12291799931516653,91.4833682676718,21.07165702545712,15.812917585812425,0.0,15.812917585812425,0.09224201925057249,0.0,False,service
0.0,0.0,0.0,0.0,30.0,9-N1-4-B-035101,C. Cial Glisy,C. Cial Glisy,4.0,490.0,24868.333333333332,91483.3682676718,2500.0,0.0,49.66837033741991,2026-04-08 10:37:56.000000000,2026-04-08 10:37:26.000000000,0.0,91.4833682676718,0.0,2.5,0.0,2.5,0.020833333333333332,0.0,False,service
1.0,0.0,685.9620842301216,4.6664087362593305,147.0,9-N1-4-B-035101,C. Cial Glisy,Croix de Fer,4.0,491.0,25015.333333333332,92169.33035190192,12907.4980317801,0.0,49.316999557665895,2026-04-08 10:40:23.000000000,2026-04-08 10:37:56.000000000,0.6859620842301216,92.16933035190192,16.79907145053359,12.9074980317801,0.0,12.9074980317801,0.5270561696310208,0.0,False,service
0.0,0.0,0.0,0.0,30.0,9-N1-4-B-035101,Croix de Fer,Croix de Fer,4.0,492.0,25045.333333333332,92169.33035190192,2500.0,0.0,49.30311066877701,2026-04-08 10:40:53.000000000,2026-04-08 10:40:23.000000000,0.0,92.16933035190192,0.0,2.5,0.0,2.5,0.020833333333333332,0.0,False,service
1.0,0.0,746.5227463047001,6.912247650969446,108.0,9-N1-4-B-035101,Croix de Fer,La Fourche,4.0,493.0,25153.333333333332,92915.85309820663,18552.04485821827,0.0,48.93206977161264,2026-04-08 10:42:41.000000000,2026-04-08 10:40:53.000000000,0.7465227463047002,92.91585309820663,24.88409154349001,18.55204485821827,0.0,18.55204485821827,0.5565613457465481,0.0,False,service
0.0,0.0,0.0,0.0,30.0,9-N1-4-B-035101,La Fourche,La Fourche,4.0,494.0,25183.333333333332,92915.85309820663,2500.0,0.0,48.918180882723746,2026-04-08 10:43:11.000000000,2026-04-08 10:42:41.000000000,0.0,92.91585309820663,0.0,2.5,0.0,2.5,0.020833333333333332,0.0,False,service
1.0,0.0,236.45430499839583,7.38919703119987,32.0,9-N1-4-B-035101,La Fourche,M. de Longueau,4.0,495.0,25215.333333333332,93152.30740320502,19837.888242149456,0.0,48.80062302647398,2026-04-08 10:43:43.000000000,2026-04-08 10:43:11.000000000,0.23645430499839581,93.15230740320501,26.60110931231953,19.837888242149457,0.0,19.837888242149457,0.17633678437466183,0.0,False,service
0.0,0.0,0.0,0.0,30.0,9-N1-4-B-035101,M. de Longueau,M. de Longueau,4.0,496.0,25245.333333333332,93152.30740320502,2500.0,0.0,48.786734137585086,2026-04-08 10:44:13.000000000,2026-04-08 10:43:43.000000000,0.0,93.15230740320501,0.0,2.5,0.0,2.5,0.020833333333333332,0.0,False,service
1.0,0.0,238.2314886825274,7.219136020682649,33.0,9-N1-4-B-035101,M. de Longueau,Poidevin,4.0,497.0,25278.333333333332,93390.53889188755,19375.436167720003,0.0,48.6683286943379,2026-04-08 10:44:46.000000000,2026-04-08 10:44:13.000000000,0.23823148868252741,93.39053889188756,25.98888967445754,19.375436167720004,0.0,19.375436167720004,0.1776081648707667,0.0,False,service
0.0,0.0,0.0,0.0,30.0,9-N1-4-B-035101,Poidevin,Poidevin,4.0,498.0,25308.333333333332,93390.53889188755,2500.0,0.0,48.654439805449016,2026-04-08 10:45:16.000000000,2026-04-08 10:44:46.000000000,0.0,93.39053889188756,0.0,2.5,0.0,2.5,0.020833333333333332,0.0,False,service
1.0,0.0,283.0530932557657,7.257771621942711,39.0,9-N1-4-B-035101,Poidevin,La Rose Rouge,4.0,499.0,25347.333333333332,93673.59198514331,19480.106487676945,0.0,48.51375014748246,2026-04-08 10:45:55.000000000,2026-04-08 10:45:16.000000000,0.2830530932557657,93.67359198514332,26.127977838993758,19.480106487676945,0.0,19.480106487676945,0.2110344869498336,0.0,False,service
0.0,0.0,0.0,0.0,30.0,9-N1-4-B-035101,La Rose Rouge,La Rose Rouge,4.0,500.0,25377.333333333332,93673.59198514331,2500.0,0.0,48.49986125859357,2026-04-08 10:46:25.000000000,2026-04-08 10:45:55.000000000,0.0,93.67359198514332,0.0,2.5,0.0,2.5,0.020833333333333332,0.0,False,service
1.0,0.0,382.52636844861735,7.356276316319565,52.0,9-N1-4-B-035101,La Rose Rouge,Cité du Château,4.0,501.0,25429.333333333332,94056.11835359193,19748.01525501541,0.0,48.309695185767495,2026-04-08 10:47:17.000000000,2026-04-08 10:46:25.000000000,0.38252636844861737,94.05611835359193,26.482594738750432,19.74801525501541,0.0,19.74801525501541,0.28524910923911145,0.0,False,service
0.0,0.0,0.0,0.0,30.0,9-N1-4-B-035101,Cité du Château,Cité du Château,4.0,502.0,25459.333333333332,94056.11835359193,2500.0,0.0,48.29580629687861,2026-04-08 10:47:47.000000000,2026-04-08 10:47:17.000000000,0.0,94.05611835359193,0.0,2.5,0.0,2.5,0.020833333333333332,0.0,False,service
1.0,0.0,259.04003764462647,7.195556601239624,36.0,9-N1-4-B-035101,Cité du Château,Pont de l'Avre,4.0,503.0,25495.333333333332,94315.15839123655,19311.6680021364,0.0,48.16706184353103,2026-04-08 10:48:23.000000000,2026-04-08 10:47:47.000000000,0.25904003764462646,94.31515839123655,25.904003764462647,19.3116680021364,0.0,19.3116680021364,0.193116680021364,0.0,False,service
0.0,0.0,0.0,0.0,30.0,9-N1-4-B-035101,Pont de l'Avre,Pont de l'Avre,4.0,504.0,25525.333333333332,94315.15839123655,2500.0,0.0,48.153172954642145,2026-04-08 10:48:53.000000000,2026-04-08 10:48:23.000000000,0.0,94.31515839123655,0.0,2.5,0.0,2.5,0.020833333333333332,0.0,False,service
1.0,0.0,778.6426370279388,6.655065273743067,117.0,9-N1-4-B-035101,Pont de l'Avre,Sobo,4.0,505.0,25642.333333333332,95093.80102826448,17872.680225978973,0.0,47.76593154974593,2026-04-08 10:50:50.000000000,2026-04-08 10:48:53.000000000,0.7786426370279388,95.09380102826448,23.95823498547504,17.87268022597897,0.0,17.87268022597897,0.5808621073443166,0.0,False,service
0.0,0.0,0.0,0.0,30.0,9-N1-4-B-035101,Sobo,Sobo,4.0,506.0,25672.333333333332,95093.80102826448,2500.0,0.0,47.75204266085704,2026-04-08 10:51:20.000000000,2026-04-08 10:50:50.000000000,0.0,95.09380102826448,0.0,2.5,0.0,2.5,0.020833333333333332,0.0,False,service
1.0,0.0,494.86888000554234,6.598251733407231,75.0,9-N1-4-B-035101,Sobo,Mercey,4.0,507.0,25747.333333333332,95588.66990827002,17723.87559643727,0.0,47.50587772201763,2026-04-08 10:52:35.000000000,2026-04-08 10:51:20.000000000,0.49486888000554236,95.58866990827002,23.753706240266034,17.723875596437267,0.0,17.723875596437267,0.36924740825910973,0.0,False,service
0.0,0.0,0.0,0.0,30.0,9-N1-4-B-035101,Mercey,Mercey,4.0,508.0,25777.333333333332,95588.66990827002,2500.0,0.0,47.49198883312874,2026-04-08 10:53:05.000000000,2026-04-08 10:52:35.000000000,0.0,95.58866990827002,0.0,2.5,0.0,2.5,0.020833333333333332,0.0,False,service
1.0,0.0,443.51095510688015,6.71986295616485,66.0,9-N1-4-B-035101,Mercey,Egl. St-Acheul,4.0,509.0,25843.333333333332,96032.1808633769,18042.95332249385,0.0,47.27146384807603,2026-04-08 10:54:11.000000000,2026-04-08 10:53:05.000000000,0.44351095510688016,96.0321808633769,24.191506642193463,18.04295332249385,0.0,18.04295332249385,0.3307874775790539,0.0,False,service
0.0,0.0,0.0,0.0,30.0,9-N1-4-B-035101,Egl. St-Acheul,Egl. St-Acheul,4.0,510.0,25873.333333333332,96032.1808633769,2500.0,0.0,47.257574959187146,2026-04-08 10:54:41.000000000,2026-04-08 10:54:11.000000000,0.0,96.0321808633769,0.0,2.5,0.0,2.5,0.020833333333333332,0.0,False,service
1.0,0.0,277.40496861036326,6.604880205008649,42.0,9-N1-4-B-035101,Egl. St-Acheul,L. de Luzarches,4.0,511.0,25915.333333333332,96309.58583198726,17741.21336558846,0.0,47.119587744121446,2026-04-08 10:55:23.000000000,2026-04-08 10:54:41.000000000,0.27740496861036323,96.30958583198726,23.777568738031135,17.74121336558846,0.0,17.74121336558846,0.20698082259853207,0.0,False,service
0.0,0.0,0.0,0.0,30.0,9-N1-4-B-035101,L. de Luzarches,L. de Luzarches,4.0,512.0,25945.333333333332,96309.58583198726,2500.0,0.0,47.10569885523256,2026-04-08 10:55:53.000000000,2026-04-08 10:55:23.000000000,0.0,96.30958583198726,0.0,2.5,0.0,2.5,0.020833333333333332,0.0,False,service
1.0,0.0,343.1323580300078,3.855419753146155,89.0,9-N1-4-B-035101,L. de Luzarches,Pinceau,4.0,513.0,26034.333333333332,96652.71819001727,11004.519972906111,0.0,46.92432806308652,2026-04-08 10:57:22.000000000,2026-04-08 10:55:53.000000000,0.3431323580300078,96.65271819001727,13.879511111326158,11.004519972906111,0.0,11.004519972906111,0.27205618821906774,0.0,False,service
0.0,0.0,0.0,0.0,30.0,9-N1-4-B-035101,Pinceau,Pinceau,4.0,514.0,26064.333333333332,96652.71819001727,2500.0,0.0,46.91043917419763,2026-04-08 10:57:52.000000000,2026-04-08 10:57:22.000000000,0.0,96.65271819001727,0.0,2.5,0.0,2.5,0.020833333333333332,0.0,False,service
1.0,0.0,405.8966158731125,3.793426316571145,107.0,9-N1-4-B-035101,Pinceau,Caserne Dejean,4.0,515.0,26171.333333333332,97058.61480589038,10861.409934698444,0.0,46.69522234771378,2026-04-08 10:59:39.000000000,2026-04-08 10:57:52.000000000,0.40589661587311254,97.05861480589037,13.656334739656122,10.861409934698443,0.0,10.861409934698443,0.32282523972575927,0.0,False,service
0.0,0.0,0.0,0.0,30.0,9-N1-4-B-035101,Caserne Dejean,Caserne Dejean,4.0,516.0,26201.333333333332,97058.61480589038,2500.0,0.0,46.681333458824895,2026-04-08 11:00:09.000000000,2026-04-08 10:59:39.000000000,0.0,97.05861480589037,0.0,2.5,0.0,2.5,0.020833333333333332,0.0,False,service
1.0,0.0,391.6364257160486,3.7657348626543135,104.0,9-N1-4-B-035101,Caserne Dejean,Gare du Nord A,4.0,517.0,26305.333333333332,97450.25123160642,10797.585272349694,0.0,46.47337996469075,2026-04-08 11:01:53.000000000,2026-04-08 11:00:09.000000000,0.3916364257160486,97.45025123160643,13.55664550555553,10.797585272349695,0.0,10.797585272349695,0.31193024120121343,0.0,False,service
0.0,0.0,0.0,0.0,30.0,9-N1-4-B-035101,Gare du Nord A,Gare du Nord A,4.0,518.0,26335.333333333332,97450.25123160642,2500.0,0.0,46.459491075801864,2026-04-08 11:02:23.000000000,2026-04-08 11:01:53.000000000,0.0,97.45025123160643,0.0,2.5,0.0,2.5,0.020833333333333332,0.0,False,service
1.0,0.0,327.94171057791687,2.2158223687697087,148.0,9-N1-4-B-035101,Gare du Nord A,René Goblet,4.0,519.0,26483.333333333332,97778.19294218434,7309.793127281074,0.0,46.2591485974986,2026-04-08 11:04:51.000000000,2026-04-08 11:02:23.000000000,0.3279417105779169,97.77819294218433,7.976960527570951,7.309793127281074,0.0,7.309793127281074,0.3005137174548886,0.0,False,service
0.0,0.0,0.0,0.0,30.0,9-N1-4-B-035101,René Goblet,René Goblet,4.0,520.0,26513.333333333332,97778.19294218434,2500.0,0.0,46.24525970860971,2026-04-08 11:05:21.000000000,2026-04-08 11:04:51.000000000,0.0,97.77819294218433,0.0,2.5,0.0,2.5,0.020833333333333332,0.0,False,service
1.0,0.0,225.21730590675048,4.170690850125009,54.0,9-N1-4-B-035101,René Goblet,P. de Justice,4.0,521.0,26567.333333333332,98003.4102480911,11737.285646721439,0.0,46.127886852142495,2026-04-08 11:06:15.000000000,2026-04-08 11:05:21.000000000,0.2252173059067505,98.0034102480911,15.014487060450033,11.737285646721439,0.0,11.737285646721439,0.17605928470082158,0.0,False,service
0.0,0.0,0.0,0.0,30.0,9-N1-4-B-035101,P. de Justice,P. de Justice,4.0,522.0,26597.333333333332,98003.4102480911,2500.0,0.0,46.1139979632536,2026-04-08 11:06:45.000000000,2026-04-08 11:06:15.000000000,0.0,98.0034102480911,0.0,2.5,0.0,2.5,0.020833333333333332,0.0,False,service
1.0,0.0,229.9992746993994,3.965504736196541,58.0,9-N1-4-B-035101,P. de Justice,Dusevel,4.0,523.0,26655.333333333332,98233.40952279049,11259.425997860737,0.0,45.99306338772102,2026-04-08 11:07:43.000000000,2026-04-08 11:06:45.000000000,0.2299992746993994,98.2334095227905,14.275817050307548,11.259425997860737,0.0,11.259425997860737,0.18140186329886743,0.0,False,service
0.0,0.0,0.0,0.0,30.0,9-N1-4-B-035101,Dusevel,Dusevel,4.0,524.0,26685.333333333332,98233.40952279049,2500.0,0.0,45.97917449883213,2026-04-08 11:08:13.000000000,2026-04-08 11:07:43.000000000,0.0,98.2334095227905,0.0,2.5,0.0,2.5,0.020833333333333332,0.0,False,service
1.0,0.0,218.8226139254244,3.587255965990564,61.0,9-N1-4-B-035101,Dusevel,Beffroi,4.0,525.0,26746.333333333332,98452.23213671592,10387.6685654154,0.0,45.861832316889476,2026-04-08 11:09:14.000000000,2026-04-08 11:08:13.000000000,0.2188226139254244,98.45223213671592,12.914121477566031,10.387668565415401,0.0,10.387668565415401,0.1760132729139832,0.0,False,service
0.0,0.0,0.0,0.0,30.0,9-N1-4-B-035101,Beffroi,Beffroi,4.0,526.0,26776.333333333332,98452.23213671592,2500.0,0.0,45.84794342800058,2026-04-08 11:09:44.000000000,2026-04-08 11:09:14.000000000,0.0,98.45223213671592,0.0,2.5,0.0,2.5,0.020833333333333332,0.0,False,service
1.0,0.0,189.07722066752729,3.501430012361616,54.0,9-N1-4-B-035101,Beffroi,Place du Marché,4.0,527.0,26830.333333333332,98641.30935738345,10191.420812679045,0.0,45.7460292198738,2026-04-08 11:10:38.000000000,2026-04-08 11:09:44.000000000,0.18907722066752727,98.64130935738345,12.605148044501819,10.191420812679045,0.0,10.191420812679045,0.15287131219018568,0.0,False,service
0.0,0.0,0.0,0.0,30.0,9-N1-4-B-035101,Place du Marché,Place du Marché,4.0,528.0,26860.333333333332,98641.30935738345,2500.0,0.0,45.732140330984905,2026-04-08 11:11:08.000000000,2026-04-08 11:10:38.000000000,0.0,98.64130935738345,0.0,2.5,0.0,2.5,0.020833333333333332,0.0,False,service
1.0,0.0,171.78613535708172,3.817469674601816,45.0,9-N1-4-B-035101,Place du Marché,M. Culture B,4.0,529.0,26905.333333333332,98813.09549274053,10916.87632541456,0.0,45.64116636160646,2026-04-08 11:11:53.000000000,2026-04-08 11:11:08.000000000,0.17178613535708173,98.81309549274053,13.742890828566539,10.91687632541456,0.0,10.91687632541456,0.136460954067682,0.0,False,service
0.0,0.0,0.0,0.0,30.0,9-N1-4-B-035101,M. Culture B,M. Culture B,4.0,530.0,26935.333333333332,98813.09549274053,2500.0,0.0,45.627277472717566,2026-04-08 11:12:23.000000000,2026-04-08 11:11:53.000000000,0.0,98.81309549274053,0.0,2.5,0.0,2.5,0.020833333333333332,0.0,False,service
1.0,0.0,291.81191051704656,6.07941480243847,48.0,9-N1-4-B-035101,M. Culture B,Saint-Jacques,4.0,531.0,26983.333333333332,99104.90740325757,16385.370113942587,0.0,45.48162973837141,2026-04-08 11:13:11.000000000,2026-04-08 11:12:23.000000000,0.2918119105170466,99.10490740325757,21.885893288778494,16.385370113942585,0.0,16.385370113942585,0.2184716015192345,0.0,False,service
0.0,0.0,0.0,0.0,30.0,9-N1-4-B-035101,Saint-Jacques,Saint-Jacques,4.0,532.0,27013.333333333332,99104.90740325757,2500.0,0.0,45.46774084948252,2026-04-08 11:13:41.000000000,2026-04-08 11:13:11.000000000,0.0,99.10490740325757,0.0,2.5,0.0,2.5,0.020833333333333332,0.0,False,service
1.0,0.0,350.7042974526486,5.656520926655622,62.0,9-N1-4-B-035101,Saint-Jacques,Jean Jaurès,4.0,533.0,27075.333333333332,99455.61170071023,15320.20185396715,0.0,45.29184223560364,2026-04-08 11:14:43.000000000,2026-04-08 11:13:41.000000000,0.3507042974526486,99.45561170071024,20.36347533596024,15.32020185396715,0.0,15.32020185396715,0.26384792081832315,0.0,False,service
0.0,0.0,0.0,0.0,30.0,9-N1-4-B-035101,Jean Jaurès,Jean Jaurès,4.0,534.0,27105.333333333332,99455.61170071023,2500.0,0.0,45.27795334671475,2026-04-08 11:15:13.000000000,2026-04-08 11:14:43.000000000,0.0,99.45561170071024,0.0,2.5,0.0,2.5,0.020833333333333332,0.0,False,service
1.0,0.0,402.8160957322576,5.5946679962813555,72.0,9-N1-4-B-035101,Jean Jaurès,Zoo d'Amiens,4.0,535.0,27177.333333333332,99858.42779644248,15166.246752306562,0.0,45.075736723350666,2026-04-08 11:16:25.000000000,2026-04-08 11:15:13.000000000,0.40281609573225763,99.85842779644248,20.14080478661288,15.166246752306563,0.0,15.166246752306563,0.3033249350461313,0.0,False,service
0.0,0.0,0.0,0.0,30.0,9-N1-4-B-035101,Zoo d'Amiens,Zoo d'Amiens,4.0,536.0,27207.333333333332,99858.42779644248,2500.0,0.0,45.06184783446178,2026-04-08 11:16:55.000000000,2026-04-08 11:16:25.000000000,0.0,99.85842779644248,0.0,2.5,0.0,2.5,0.020833333333333332,0.0,False,service
1.0,0.0,376.38436041502575,5.790528621769627,65.0,9-N1-4-B-035101,Zoo d'Amiens,Egl. St-Firmin,4.0,537.0,27272.333333333332,100234.81215685752,15655.335649169396,0.0,44.873403979425476,2026-04-08 11:18:00.000000000,2026-04-08 11:16:55.000000000,0.37638436041502576,100.23481215685752,20.845903038370658,15.655335649169396,0.0,15.655335649169396,0.2826657825544474,0.0,False,service
0.0,0.0,0.0,0.0,30.0,9-N1-4-B-035101,Egl. St-Firmin,Egl. St-Firmin,4.0,538.0,27302.333333333332,100234.81215685752,2500.0,0.0,44.85951509053658,2026-04-08 11:18:30.000000000,2026-04-08 11:18:00.000000000,0.0,100.23481215685752,0.0,2.5,0.0,2.5,0.020833333333333332,0.0,False,service
1.0,0.0,300.7481358168622,5.674493128620042,53.0,9-N1-4-B-035101,Egl. St-Firmin,Faubourg de Hem,4.0,539.0,27355.333333333332,100535.56029267437,15365.021453635112,0.0,44.7087102503435,2026-04-08 11:19:23.000000000,2026-04-08 11:18:30.000000000,0.3007481358168622,100.53556029267438,20.428175263032152,15.365021453635112,0.0,15.365021453635112,0.22620726028962804,0.0,False,service
0.0,0.0,0.0,0.0,30.0,9-N1-4-B-035101,Faubourg de Hem,Faubourg de Hem,4.0,540.0,27385.333333333332,100535.56029267437,2500.0,0.0,44.69482136145461,2026-04-08 11:19:53.000000000,2026-04-08 11:19:23.000000000,0.0,100.53556029267438,0.0,2.5,0.0,2.5,0.020833333333333332,0.0,False,service
1.0,0.0,242.018982618479,5.5004314231472495,44.0,9-N1-4-B-035101,Faubourg de Hem,Espace Alliance,4.0,541.0,27429.333333333332,100777.57927529285,14932.558498063929,0.0,44.573148662581495,2026-04-08 11:20:37.000000000,2026-04-08 11:19:53.000000000,0.24201898261847898,100.77757927529285,19.8015531233301,14.932558498063928,0.0,14.932558498063928,0.18250904830967024,0.0,False,service
0.0,0.0,0.0,0.0,30.0,9-N1-4-B-035101,Espace Alliance,Espace Alliance,4.0,542.0,27459.333333333332,100777.57927529285,2500.0,0.0,44.5592597736926,2026-04-08 11:21:07.000000000,2026-04-08 11:20:37.000000000,0.0,100.77757927529285,0.0,2.5,0.0,2.5,0.020833333333333332,0.0,False,service
1.0,0.0,512.4653653664171,5.631487531499089,91.0,9-N1-4-B-035101,Espace Alliance,Sully,4.0,543.0,27550.333333333332,101290.04464065927,15257.837425164176,0.0,44.3021369578241,2026-04-08 11:22:38.000000000,2026-04-08 11:21:07.000000000,0.5124653653664172,101.29004464065926,20.273355113396722,15.257837425164176,0.0,15.257837425164176,0.38568422380276113,0.0,False,service
0.0,0.0,0.0,0.0,30.0,9-N1-4-B-035101,Sully,Sully,4.0,544.0,27580.333333333332,101290.04464065927,2500.0,0.0,44.28824806893521,2026-04-08 11:23:08.000000000,2026-04-08 11:22:38.000000000,0.0,101.29004464065926,0.0,2.5,0.0,2.5,0.020833333333333332,0.0,False,service
1.0,0.0,581.4235833007191,5.537367460006848,105.0,9-N1-4-B-035101,Sully,Place la Barre,4.0,545.0,27685.333333333332,101871.46822396,15024.028151252374,0.0,43.99611418821642,2026-04-08 11:24:53.000000000,2026-04-08 11:23:08.000000000,0.5814235833007191,101.87146822396,19.934522856024653,15.024028151252374,0.0,15.024028151252374,0.43820082107819425,0.0,False,service
0.0,0.0,0.0,0.0,30.0,9-N1-4-B-035101,Place la Barre,Place la Barre,4.0,546.0,27715.333333333332,101871.46822396,2500.0,0.0,43.982225299327524,2026-04-08 11:25:23.000000000,2026-04-08 11:24:53.000000000,0.0,101.87146822396,0.0,2.5,0.0,2.5,0.020833333333333332,0.0,False,service
1.0,0.0,321.16148117311843,4.654514219900267,69.0,9-N1-4-B-035101,Place la Barre,La Fontaine,4.0,547.0,27784.333333333332,102192.6297051331,12879.144765057834,0.0,43.817658449551786,2026-04-08 11:26:32.000000000,2026-04-08 11:25:23.000000000,0.32116148117311843,102.1926297051331,16.75625119164096,12.879144765057834,0.0,12.879144765057834,0.24685027466360848,0.0,False,service
0.0,0.0,0.0,0.0,30.0,9-N1-4-B-035101,La Fontaine,La Fontaine,4.0,548.0,27814.333333333332,102192.6297051331,2500.0,0.0,43.8037695606629,2026-04-08 11:27:02.000000000,2026-04-08 11:26:32.000000000,0.0,102.1926297051331,0.0,2.5,0.0,2.5,0.020833333333333332,0.0,False,service
1.0,0.0,233.68404358993675,5.31100099068038,44.0,9-N1-4-B-035101,La Fontaine,Les Coursives,4.0,549.0,27858.333333333332,102426.31374872304,14465.925742583915,0.0,43.68589905461221,2026-04-08 11:27:46.000000000,2026-04-08 11:27:02.000000000,0.23368404358993675,102.42631374872305,19.11960356644937,14.465925742583915,0.0,14.465925742583915,0.17680575907602564,0.0,False,service
0.0,0.0,0.0,0.0,30.0,9-N1-4-B-035101,Les Coursives,Les Coursives,4.0,550.0,27888.333333333332,102426.31374872304,2500.0,0.0,43.67201016572332,2026-04-08 11:28:16.000000000,2026-04-08 11:27:46.000000000,0.0,102.42631374872305,0.0,2.5,0.0,2.5,0.020833333333333332,0.0,False,service
1.0,0.0,293.0331102299119,5.327874731452944,55.0,9-N1-4-B-035101,Les Coursives,Languedoc,4.0,551.0,27943.333333333332,102719.34685895295,14507.32542544115,0.0,43.52425036972345,2026-04-08 11:29:11.000000000,2026-04-08 11:28:16.000000000,0.2930331102299119,102.71934685895295,19.1803490332306,14.507325425441149,0.0,14.507325425441149,0.22163969399979536,0.0,False,service
0.0,0.0,0.0,0.0,30.0,9-N1-4-B-035101,Languedoc,Languedoc,4.0,552.0,27973.333333333332,102719.34685895295,2500.0,0.0,43.51036148083456,2026-04-08 11:29:41.000000000,2026-04-08 11:29:11.000000000,0.0,102.71934685895295,0.0,2.5,0.0,2.5,0.020833333333333332,0.0,False,service
1.0,0.0,320.6006811443548,4.007508514304435,80.0,9-N1-4-B-035101,Languedoc,Collège R.Parks,4.0,553.0,28053.333333333332,103039.9475400973,11356.954589578385,0.0,43.3421103017297,2026-04-08 11:31:01.000000000,2026-04-08 11:29:41.000000000,0.3206006811443548,103.0399475400973,14.427030651495967,11.356954589578384,0.0,11.356954589578384,0.2523767686572974,0.0,False,service
0.0,0.0,0.0,0.0,30.0,9-N1-4-B-035101,Collège R.Parks,Collège R.Parks,4.0,554.0,28083.333333333332,103039.9475400973,2500.0,0.0,43.328221412840804,2026-04-08 11:31:31.000000000,2026-04-08 11:31:01.000000000,0.0,103.0399475400973,0.0,2.5,0.0,2.5,0.020833333333333332,0.0,False,service
1.0,0.0,270.8261413947126,5.0152989147169,54.0,9-N1-4-B-035101,Collège R.Parks,Martinique,4.0,555.0,28137.333333333332,103310.77368149202,13745.538236155448,0.0,43.19076603047925,2026-04-08 11:32:25.000000000,2026-04-08 11:31:31.000000000,0.27082614139471256,103.31077368149202,18.05507609298084,13.745538236155447,0.0,13.745538236155447,0.20618307354233173,0.0,False,service
0.0,0.0,0.0,0.0,30.0,9-N1-4-B-035101,Martinique,Martinique,4.0,556.0,28167.333333333332,103310.77368149202,2500.0,0.0,43.17687714159037,2026-04-08 11:32:55.000000000,2026-04-08 11:32:25.000000000,0.0,103.31077368149202,0.0,2.5,0.0,2.5,0.020833333333333332,0.0,False,service
1.0,0.0,274.08690803195344,2.3227704070504527,118.0,9-N1-4-B-035101,Martinique,Etouvie Quai A,4.0,557.0,28285.333333333332,103584.86058952397,7545.9279119890025,0.0,43.01198464277283,2026-04-08 11:34:53.000000000,2026-04-08 11:32:55.000000000,0.27408690803195346,103.58486058952397,8.361973465381629,7.545927911989002,0.0,7.545927911989002,0.2473387482263062,0.0,False,service
1.0,0.0,241.9015249612658,4.319670088594032,56.0,9-N1-2-B-034901,Etouvie Quai A,Martinique,5.0,558.0,28341.333333333332,103826.76211448525,12086.56880128932,0.0,42.8866424477965,2026-04-08 11:35:49.000000000,2026-04-08 11:34:53.000000000,0.2419015249612658,103.82676211448525,15.550812318938515,12.08656880128932,0.0,12.08656880128932,0.18801329246450055,0.0,False,service
0.0,0.0,0.0,0.0,30.0,9-N1-2-B-034901,Martinique,Martinique,5.0,559.0,28371.333333333332,103826.76211448525,2500.0,0.0,42.872753558907604,2026-04-08 11:36:19.000000000,2026-04-08 11:35:49.000000000,0.0,103.82676211448525,0.0,2.5,0.0,2.5,0.020833333333333332,0.0,False,service
1.0,0.0,330.7630000086095,4.9367611941583505,67.0,9-N1-2-B-034901,Martinique,Collège R.Parks,5.0,560.0,28438.333333333332,104157.52511449385,13555.791611470482,0.0,42.704561329654176,2026-04-08 11:37:26.000000000,2026-04-08 11:36:19.000000000,0.3307630000086095,104.15752511449385,17.77234029897006,13.555791611470482,0.0,13.555791611470482,0.2522883438801451,0.0,False,service
0.0,0.0,0.0,0.0,30.0,9-N1-2-B-034901,Collège R.Parks,Collège R.Parks,5.0,561.0,28468.333333333332,104157.52511449385,2500.0,0.0,42.69067244076529,2026-04-08 11:37:56.000000000,2026-04-08 11:37:26.000000000,0.0,104.15752511449385,0.0,2.5,0.0,2.5,0.020833333333333332,0.0,False,service
1.0,0.0,296.81987678393193,4.01107941599908,74.0,9-N1-2-B-034901,Collège R.Parks,Languedoc,5.0,562.0,28542.333333333332,104454.34499127779,11365.252764990835,0.0,42.534926384356154,2026-04-08 11:39:10.000000000,2026-04-08 11:37:56.000000000,0.29681987678393196,104.4543449912778,14.439885897596689,11.365252764990835,0.0,11.365252764990835,0.23361908461370048,0.0,False,service
0.0,0.0,0.0,0.0,30.0,9-N1-2-B-034901,Languedoc,Languedoc,5.0,563.0,28572.333333333332,104454.34499127779,2500.0,0.0,42.52103749546726,2026-04-08 11:39:40.000000000,2026-04-08 11:39:10.000000000,0.0,104.4543449912778,0.0,2.5,0.0,2.5,0.020833333333333332,0.0,False,service
1.0,0.0,297.726462758007,5.316543977821554,56.0,9-N1-2-B-034901,Languedoc,Les coursives,5.0,564.0,28628.333333333332,104752.07145403579,14479.52190452762,0.0,42.37087949053142,2026-04-08 11:40:36.000000000,2026-04-08 11:39:40.000000000,0.297726462758007,104.75207145403579,19.139558320157594,14.479521904527621,0.0,14.479521904527621,0.22523700740376298,0.0,False,service
0.0,0.0,0.0,0.0,30.0,9-N1-2-B-034901,Les coursives,Les coursives,5.0,565.0,28658.333333333332,104752.07145403579,2500.0,0.0,42.35699060164253,2026-04-08 11:41:06.000000000,2026-04-08 11:40:36.000000000,0.0,104.75207145403579,0.0,2.5,0.0,2.5,0.020833333333333332,0.0,False,service
1.0,0.0,227.94980309080773,5.065551179795728,45.0,9-N1-2-B-034901,Les coursives,La Fontaine,5.0,566.0,28703.333333333332,104980.0212571266,13867.291099605594,0.0,42.24142984247915,2026-04-08 11:41:51.000000000,2026-04-08 11:41:06.000000000,0.22794980309080773,104.98002125712661,18.23598424726462,13.867291099605595,0.0,13.867291099605595,0.17334113874506996,0.0,False,service
0.0,0.0,0.0,0.0,30.0,9-N1-2-B-034901,La Fontaine,La Fontaine,5.0,567.0,28733.333333333332,104980.0212571266,2500.0,0.0,42.22754095359026,2026-04-08 11:42:21.000000000,2026-04-08 11:41:51.000000000,0.0,104.98002125712661,0.0,2.5,0.0,2.5,0.020833333333333332,0.0,False,service
1.0,0.0,278.8940733458619,4.572033989276425,61.0,9-N1-2-B-034901,La Fontaine,Place la Barre,5.0,568.0,28794.333333333332,105258.91533047246,12682.916941634749,0.0,42.08427096591624,2026-04-08 11:43:22.000000000,2026-04-08 11:42:21.000000000,0.2788940733458619,105.25891533047246,16.459322361395127,12.68291694163475,0.0,12.68291694163475,0.2149049815110332,0.0,False,service
0.0,0.0,0.0,0.0,30.0,9-N1-2-B-034901,Place la Barre,Place la Barre,5.0,569.0,28824.333333333332,105258.91533047246,2500.0,0.0,42.07038207702735,2026-04-08 11:43:52.000000000,2026-04-08 11:43:22.000000000,0.0,105.25891533047246,0.0,2.5,0.0,2.5,0.020833333333333332,0.0,False,service
1.0,0.0,552.9827646282706,5.882795368385858,94.0,9-N1-2-B-034901,Place la Barre,Sully,5.0,570.0,28918.333333333332,105811.89809510073,15887.360880206767,0.0,41.79382431355708,2026-04-08 11:45:26.000000000,2026-04-08 11:43:52.000000000,0.5529827646282706,105.81189809510073,21.178063326189086,15.887360880206767,0.0,15.887360880206767,0.4148366452053989,0.0,False,service
0.0,0.0,0.0,0.0,30.0,9-N1-2-B-034901,Sully,Sully,5.0,571.0,28948.333333333332,105811.89809510073,2500.0,0.0,41.77993542466819,2026-04-08 11:45:56.000000000,2026-04-08 11:45:26.000000000,0.0,105.81189809510073,0.0,2.5,0.0,2.5,0.020833333333333332,0.0,False,service
1.0,0.0,541.2636534432309,5.820039284335816,93.0,9-N1-2-B-034901,Sully,Espace Alliance,5.0,572.0,29041.333333333332,106353.16174854395,15729.432196236612,0.0,41.50903964795523,2026-04-08 11:47:29.000000000,2026-04-08 11:45:56.000000000,0.5412636534432308,106.35316174854395,20.952141423608936,15.729432196236612,0.0,15.729432196236612,0.4063436650694458,0.0,False,service
0.0,0.0,0.0,0.0,30.0,9-N1-2-B-034901,Espace Alliance,Espace Alliance,5.0,573.0,29071.333333333332,106353.16174854395,2500.0,0.0,41.495150759066334,2026-04-08 11:47:59.000000000,2026-04-08 11:47:29.000000000,0.0,106.35316174854395,0.0,2.5,0.0,2.5,0.020833333333333332,0.0,False,service
1.0,0.0,306.8484114845754,5.789592669520291,53.0,9-N1-2-B-034901,Espace Alliance,Faubourg de Hem,5.0,574.0,29124.333333333332,106660.01016002853,15652.987376486395,0.0,41.34151958666749,2026-04-08 11:48:52.000000000,2026-04-08 11:47:59.000000000,0.3068484114845754,106.66001016002852,20.842533610273048,15.652987376486395,0.0,15.652987376486395,0.23044675859827193,0.0,False,service
0.0,0.0,0.0,0.0,30.0,9-N1-2-B-034901,Faubourg de Hem,Faubourg de Hem,5.0,575.0,29154.333333333332,106660.01016002853,2500.0,0.0,41.327630697778595,2026-04-08 11:49:22.000000000,2026-04-08 11:48:52.000000000,0.0,106.66001016002852,0.0,2.5,0.0,2.5,0.020833333333333332,0.0,False,service
1.0,0.0,296.4471853943004,7.058266318911914,42.0,9-N1-2-B-034901,Faubourg de Hem,Egl. St-Firmin,5.0,576.0,29196.333333333332,106956.45734542282,18942.057390181886,0.0,41.18030358474385,2026-04-08 11:50:04.000000000,2026-04-08 11:49:22.000000000,0.29644718539430037,106.95645734542282,25.409758748082893,18.942057390181887,0.0,18.942057390181887,0.220990669552122,0.0,False,service
0.0,0.0,0.0,0.0,30.0,9-N1-2-B-034901,Egl. St-Firmin,Egl. St-Firmin,5.0,577.0,29226.333333333332,106956.45734542282,2500.0,0.0,41.16641469585496,2026-04-08 11:50:34.000000000,2026-04-08 11:50:04.000000000,0.0,106.95645734542282,0.0,2.5,0.0,2.5,0.020833333333333332,0.0,False,service
1.0,0.0,397.9625757415526,7.106474566813439,56.0,9-N1-2-B-034901,Egl. St-Firmin,Zoo d'Amiens,5.0,578.0,29282.333333333332,107354.41992116437,19071.518432946243,0.0,40.968635986179955,2026-04-08 11:51:30.000000000,2026-04-08 11:50:34.000000000,0.3979625757415526,107.35441992116438,25.58330844052838,19.07151843294624,0.0,19.07151843294624,0.2966680645124971,0.0,False,service
0.0,0.0,0.0,0.0,30.0,9-N1-2-B-034901,Zoo d'Amiens,Zoo d'Amiens,5.0,579.0,29312.333333333332,107354.41992116437,2500.0,0.0,40.95474709729107,2026-04-08 11:52:00.000000000,2026-04-08 11:51:30.000000000,0.0,107.35441992116438,0.0,2.5,0.0,2.5,0.020833333333333332,0.0,False,service
1.0,0.0,387.76459722543666,6.924367807597084,56.0,9-N1-2-B-034901,Zoo d'Amiens,Jean Jaurès,5.0,580.0,29368.333333333332,107742.18451838981,18584.29760190798,0.0,40.7620210480861,2026-04-08 11:52:56.000000000,2026-04-08 11:52:00.000000000,0.38776459722543666,107.7421845183898,24.9277241073495,18.58429760190798,0.0,18.58429760190798,0.28908907380745746,0.0,False,service
0.0,0.0,0.0,0.0,30.0,9-N1-2-B-034901,Jean Jaurès,Jean Jaurès,5.0,581.0,29398.333333333332,107742.18451838981,2500.0,0.0,40.748132159197205,2026-04-08 11:53:26.000000000,2026-04-08 11:52:56.000000000,0.0,107.7421845183898,0.0,2.5,0.0,2.5,0.020833333333333332,0.0,False,service
1.0,0.0,353.81886733206454,6.675827685510652,53.0,9-N1-2-B-034901,Jean Jaurès,Saint-Jacques,5.0,582.0,29451.333333333332,108096.00338572188,17927.174140413597,0.0,40.57218026485611,2026-04-08 11:54:19.000000000,2026-04-08 11:53:26.000000000,0.3538188673320645,108.09600338572189,24.032979667838347,17.927174140413598,0.0,17.927174140413598,0.2639278415116446,0.0,False,service
0.0,0.0,0.0,0.0,30.0,9-N1-2-B-034901,Saint-Jacques,Saint-Jacques,5.0,583.0,29481.333333333332,108096.00338572188,2500.0,0.0,40.558291375967215,2026-04-08 11:54:49.000000000,2026-04-08 11:54:19.000000000,0.0,108.09600338572189,0.0,2.5,0.0,2.5,0.020833333333333332,0.0,False,service
1.0,0.0,242.8037375118653,7.35768901551107,33.0,9-N1-2-B-034901,Saint-Jacques,M. Culture A,5.0,584.0,29514.333333333332,108338.80712323374,19751.86842032748,0.0,40.437585513398545,2026-04-08 11:55:22.000000000,2026-04-08 11:54:49.000000000,0.24280373751186532,108.33880712323374,26.487680455839854,19.75186842032748,0.0,19.75186842032748,0.1810587938530019,0.0,False,service
0.0,0.0,0.0,0.0,30.0,9-N1-2-B-034901,M. Culture A,M. Culture A,5.0,585.0,29544.333333333332,108338.80712323374,2500.0,0.0,40.42369662450965,2026-04-08 11:55:52.000000000,2026-04-08 11:55:22.000000000,0.0,108.33880712323374,0.0,2.5,0.0,2.5,0.020833333333333332,0.0,False,service
1.0,0.0,296.74165114956037,2.472847092913003,120.0,9-N1-2-B-034901,M. Culture A,Hôtel de Ville,5.0,586.0,29664.333333333332,108635.5487743833,7878.244573638238,0.0,40.24862452287324,2026-04-08 11:57:52.000000000,2026-04-08 11:55:52.000000000,0.29674165114956036,108.6355487743833,8.90224953448681,7.878244573638238,0.0,7.878244573638238,0.26260815245460795,0.0,False,service
0.0,0.0,0.0,0.0,30.0,9-N1-2-B-034901,Hôtel de Ville,Hôtel de Ville,5.0,587.0,29694.333333333332,108635.5487743833,2500.0,0.0,40.23473563398435,2026-04-08 11:58:22.000000000,2026-04-08 11:57:52.000000000,0.0,108.6355487743833,0.0,2.5,0.0,2.5,0.020833333333333332,0.0,False,service
1.0,0.0,228.2941059416939,4.005159753363051,57.0,9-N1-2-B-034901,Hôtel de Ville,Jacobins,5.0,588.0,29751.333333333332,108863.84288032498,11351.497055087,0.0,40.114914276180656,2026-04-08 11:59:19.000000000,2026-04-08 11:58:22.000000000,0.22829410594169391,108.86384288032498,14.418575112106984,11.351497055087,0.0,11.351497055087,0.17973203670554416,0.0,False,service
0.0,0.0,0.0,0.0,30.0,9-N1-2-B-034901,Jacobins,Jacobins,5.0,589.0,29781.333333333332,108863.84288032498,2500.0,0.0,40.10102538729177,2026-04-08 11:59:49.000000000,2026-04-08 11:59:19.000000000,0.0,108.86384288032498,0.0,2.5,0.0,2.5,0.020833333333333332,0.0,False,service
1.0,0.0,326.11241962366006,4.026079254613087,81.0,9-N1-2-B-034901,Jacobins,Emile Zola,5.0,590.0,29862.333333333332,109189.95529994865,11400.121734172237,0.0,39.930023561279185,2026-04-08 12:01:10.000000000,2026-04-08 11:59:49.000000000,0.32611241962366005,109.18995529994865,14.493885316607114,11.400121734172236,0.0,11.400121734172236,0.2565027390188753,0.0,False,service
0.0,0.0,0.0,0.0,30.0,9-N1-2-B-034901,Emile Zola,Emile Zola,5.0,591.0,29892.333333333332,109189.95529994865,2500.0,0.0,39.91613467239029,2026-04-08 12:01:40.000000000,2026-04-08 12:01:10.000000000,0.0,109.18995529994865,0.0,2.5,0.0,2.5,0.020833333333333332,0.0,False,service
1.0,0.0,355.48637357572056,2.1943603307143245,162.0,9-N1-2-B-034901,Emile Zola,Gare du Nord B,5.0,592.0,30054.333333333332,109545.44167352437,7262.471868531566,0.0,39.69826051633435,2026-04-08 12:04:22.000000000,2026-04-08 12:01:40.000000000,0.35548637357572055,109.54544167352437,7.899697190571568,7.2624718685315655,0.0,7.2624718685315655,0.32681123408392043,0.0,False,service
0.0,0.0,0.0,0.0,30.0,9-N1-2-B-034901,Gare du Nord B,Gare du Nord B,5.0,593.0,30084.333333333332,109545.44167352437,2500.0,0.0,39.68437162744546,2026-04-08 12:04:52.000000000,2026-04-08 12:04:22.000000000,0.0,109.54544167352437,0.0,2.5,0.0,2.5,0.020833333333333332,0.0,False,service
1.0,0.0,368.1948881034494,3.95908481831666,93.0,9-N1-2-B-034901,Gare du Nord B,Caserne Dejean,5.0,594.0,30177.333333333332,109913.63656162782,11244.532705520063,0.0,39.49071578640595,2026-04-08 12:06:25.000000000,2026-04-08 12:04:52.000000000,0.3681948881034494,109.91363656162783,14.252705345939976,11.244532705520063,0.0,11.244532705520063,0.2904837615592683,0.0,False,service
0.0,0.0,0.0,0.0,30.0,9-N1-2-B-034901,Caserne Dejean,Caserne Dejean,5.0,595.0,30207.333333333332,109913.63656162782,2500.0,0.0,39.47682689751706,2026-04-08 12:06:55.000000000,2026-04-08 12:06:25.000000000,0.0,109.91363656162783,0.0,2.5,0.0,2.5,0.020833333333333332,0.0,False,service
1.0,0.0,355.3755273513469,3.862777471210292,92.0,9-N1-2-B-034901,Caserne Dejean,Pinceau,5.0,596.0,30299.333333333332,110269.01208897917,11021.525823010094,0.0,39.289052753865775,2026-04-08 12:08:27.000000000,2026-04-08 12:06:55.000000000,0.35537552735134686,110.26901208897917,13.905998896357051,11.021525823010094,0.0,11.021525823010094,0.28166121547692463,0.0,False,service
0.0,0.0,0.0,0.0,30.0,9-N1-2-B-034901,Pinceau,Pinceau,5.0,597.0,30329.333333333332,110269.01208897917,2500.0,0.0,39.27516386497688,2026-04-08 12:08:57.000000000,2026-04-08 12:08:27.000000000,0.0,110.26901208897917,0.0,2.5,0.0,2.5,0.020833333333333332,0.0,False,service
1.0,0.0,447.05548624280317,3.8874390108069843,115.0,9-N1-2-B-034901,Pinceau,L. de Luzarches,5.0,598.0,30444.333333333332,110716.06757522197,11078.55830186122,0.0,39.03923160484465,2026-04-08 12:10:52.000000000,2026-04-08 12:08:57.000000000,0.44705548624280317,110.71606757522197,13.994780438905144,11.07855830186122,0.0,11.07855830186122,0.3538983901983445,0.0,False,service
0.0,0.0,0.0,0.0,30.0,9-N1-2-B-034901,L. de Luzarches,L. de Luzarches,5.0,599.0,30474.333333333332,110716.06757522197,2500.0,0.0,39.02534271595576,2026-04-08 12:11:22.000000000,2026-04-08 12:10:52.000000000,0.0,110.71606757522197,0.0,2.5,0.0,2.5,0.020833333333333332,0.0,False,service
1.0,0.0,324.8685267650074,8.121713169125185,40.0,9-N1-2-B-034901,L. de Luzarches,Egl. St-Acheul,5.0,600.0,30514.333333333332,111040.93610198698,21882.98673915759,0.0,38.86324651788793,2026-04-08 12:12:02.000000000,2026-04-08 12:11:22.000000000,0.3248685267650074,111.04093610198699,29.238167408850664,21.88298673915759,0.0,21.88298673915759,0.24314429710175098,0.0,False,service
0.0,0.0,0.0,0.0,30.0,9-N1-2-B-034901,Egl. St-Acheul,Egl. St-Acheul,5.0,601.0,30544.333333333332,111040.93610198698,2500.0,0.0,38.84935762899904,2026-04-08 12:12:32.000000000,2026-04-08 12:12:02.000000000,0.0,111.04093610198699,0.0,2.5,0.0,2.5,0.020833333333333332,0.0,False,service
1.0,0.0,451.79666905185246,8.214484891851862,55.0,9-N1-2-B-034901,Egl. St-Acheul,Mercey,5.0,602.0,30599.333333333332,111492.73277103883,22148.418284070947,0.0,38.623771887216826,2026-04-08 12:13:27.000000000,2026-04-08 12:12:32.000000000,0.45179666905185245,111.49273277103883,29.572145610666706,22.148418284070946,0.0,22.148418284070946,0.33837861267330616,0.0,False,service
0.0,0.0,0.0,0.0,30.0,9-N1-2-B-034901,Mercey,Mercey,5.0,603.0,30629.333333333332,111492.73277103883,2500.0,0.0,38.60988299832794,2026-04-08 12:13:57.000000000,2026-04-08 12:13:27.000000000,0.0,111.49273277103883,0.0,2.5,0.0,2.5,0.020833333333333332,0.0,False,service
1.0,0.0,481.8036462949089,8.166163496523879,59.0,9-N1-2-B-034901,Mercey,Sobo,5.0,604.0,30688.333333333332,111974.53641733374,22009.978589942315,0.0,38.36940360262301,2026-04-08 12:14:56.000000000,2026-04-08 12:13:57.000000000,0.4818036462949089,111.97453641733374,29.398188587485965,22.009978589942314,0.0,22.009978589942314,0.36071909355738796,0.0,False,service
0.0,0.0,0.0,0.0,30.0,9-N1-2-B-034901,Sobo,Sobo,5.0,605.0,30718.333333333332,111974.53641733374,2500.0,0.0,38.35551471373412,2026-04-08 12:15:26.000000000,2026-04-08 12:14:56.000000000,0.0,111.97453641733374,0.0,2.5,0.0,2.5,0.020833333333333332,0.0,False,service
1.0,0.0,707.5852717526406,8.22773571805396,86.0,9-N1-2-B-034901,Sobo,Pont de l'Avre,5.0,606.0,30804.333333333332,112682.12168908639,22186.452600813267,0.0,38.002174913054496,2026-04-08 12:16:52.000000000,2026-04-08 12:15:26.000000000,0.7075852717526405,112.68212168908639,29.61984858499426,22.18645260081327,0.0,22.18645260081327,0.530009701019428,0.0,False,service
0.0,0.0,0.0,0.0,30.0,9-N1-2-B-034901,Pont de l'Avre,Pont de l'Avre,5.0,607.0,30834.333333333332,112682.12168908639,2500.0,0.0,37.98828602416561,2026-04-08 12:17:22.000000000,2026-04-08 12:16:52.000000000,0.0,112.68212168908639,0.0,2.5,0.0,2.5,0.020833333333333332,0.0,False,service
1.0,0.0,296.6141068969825,7.062240640404345,42.0,9-N1-2-B-034901,Pont de l'Avre,Cité du Château,5.0,608.0,30876.333333333332,112978.73579598338,18952.717051821182,0.0,37.84087600265145,2026-04-08 12:18:04.000000000,2026-04-08 12:17:22.000000000,0.2966141068969825,112.97873579598337,25.424066305455643,18.952717051821182,0.0,18.952717051821182,0.22111503227124713,0.0,False,service
0.0,0.0,0.0,0.0,30.0,9-N1-2-B-034901,Cité du Château,Cité du Château,5.0,609.0,30906.333333333332,112978.73579598338,2500.0,0.0,37.826987113762556,2026-04-08 12:18:34.000000000,2026-04-08 12:18:04.000000000,0.0,112.97873579598337,0.0,2.5,0.0,2.5,0.020833333333333332,0.0,False,service
1.0,0.0,332.9543642312839,6.936549254818414,48.0,9-N1-2-B-034901,Cité du Château,La Rose Rouge,5.0,610.0,30954.333333333332,113311.69016021465,18616.73519188507,0.0,37.66150502316802,2026-04-08 12:19:22.000000000,2026-04-08 12:18:34.000000000,0.3329543642312839,113.31169016021465,24.97157731734629,18.61673519188507,0.0,18.61673519188507,0.24822313589180092,0.0,False,service
0.0,0.0,0.0,0.0,30.0,9-N1-2-B-034901,La Rose Rouge,La Rose Rouge,5.0,611.0,30984.333333333332,113311.69016021465,2500.0,0.0,37.647616134279126,2026-04-08 12:19:52.000000000,2026-04-08 12:19:22.000000000,0.0,113.31169016021465,0.0,2.5,0.0,2.5,0.020833333333333332,0.0,False,service
1.0,0.0,225.1396338173497,7.262568832817732,31.0,9-N1-2-B-034901,La Rose Rouge,Poidevin,5.0,612.0,31015.333333333332,113536.829794032,19493.118954380796,0.0,37.535711192133604,2026-04-08 12:20:23.000000000,2026-04-08 12:19:52.000000000,0.2251396338173497,113.536829794032,26.145247798143835,19.493118954380797,0.0,19.493118954380797,0.1678574132182791,0.0,False,service
0.0,0.0,0.0,0.0,30.0,9-N1-2-B-034901,Poidevin,Poidevin,5.0,613.0,31045.333333333332,113536.829794032,2500.0,0.0,37.52182230324471,2026-04-08 12:20:53.000000000,2026-04-08 12:20:23.000000000,0.0,113.536829794032,0.0,2.5,0.0,2.5,0.020833333333333332,0.0,False,service
1.0,0.0,314.5014195772681,7.147759535847002,44.0,9-N1-2-B-034901,Poidevin,M. de Longueau,5.0,614.0,31089.333333333332,113851.33121360927,19182.665796909016,0.0,37.36551910045508,2026-04-08 12:21:37.000000000,2026-04-08 12:20:53.000000000,0.3145014195772681,113.85133121360927,25.731934329049206,19.182665796909017,0.0,19.182665796909017,0.23445480418444353,0.0,False,service
0.0,0.0,0.0,0.0,30.0,9-N1-2-B-034901,M. de Longueau,M. de Longueau,5.0,615.0,31119.333333333332,113851.33121360927,2500.0,0.0,37.35163021156619,2026-04-08 12:22:07.000000000,2026-04-08 12:21:37.000000000,0.0,113.85133121360927,0.0,2.5,0.0,2.5,0.020833333333333332,0.0,False,service
1.0,0.0,256.63398574137216,6.936053668685734,37.0,9-N1-2-B-034901,M. de Longueau,La Fourche,5.0,616.0,31156.333333333332,114107.96519935064,18615.415085336244,0.0,37.224080145240734,2026-04-08 12:22:44.000000000,2026-04-08 12:22:07.000000000,0.25663398574137214,114.10796519935064,24.96979320726864,18.615415085336245,0.0,18.615415085336245,0.19132509948817805,0.0,False,service
0.0,0.0,0.0,0.0,30.0,9-N1-2-B-034901,La Fourche,La Fourche,5.0,617.0,31186.333333333332,114107.96519935064,2500.0,0.0,37.21019125635184,2026-04-08 12:23:14.000000000,2026-04-08 12:22:44.000000000,0.0,114.10796519935064,0.0,2.5,0.0,2.5,0.020833333333333332,0.0,False,service
1.0,0.0,651.0902221706201,6.643777777251225,98.0,9-N1-2-B-034901,La Fourche,Croix de Fer,5.0,618.0,31284.333333333332,114759.05542152126,17843.08013403265,0.0,36.886372394660135,2026-04-08 12:24:52.000000000,2026-04-08 12:23:14.000000000,0.6510902221706201,114.75905542152127,23.91759999810441,17.84308013403265,0.0,17.84308013403265,0.4857282925375555,0.0,False,service
0.0,0.0,0.0,0.0,30.0,9-N1-2-B-034901,Croix de Fer,Croix de Fer,5.0,619.0,31314.333333333332,114759.05542152126,2500.0,0.0,36.87248350577125,2026-04-08 12:25:22.000000000,2026-04-08 12:24:52.000000000,0.0,114.75905542152127,0.0,2.5,0.0,2.5,0.020833333333333332,0.0,False,service
1.0,0.0,703.41712703917,4.953641739712465,142.0,9-N1-2-B-034901,Croix de Fer,C. Cial Glisy,5.0,620.0,31456.333333333332,115462.47254856043,13596.520036751444,0.0,36.5149453862863,2026-04-08 12:27:44.000000000,2026-04-08 12:25:22.000000000,0.70341712703917,115.46247254856043,17.833110262964873,13.596520036751444,0.0,13.596520036751444,0.5363071792274181,0.0,False,service
0.0,0.0,0.0,0.0,30.0,9-N1-2-B-034901,C. Cial Glisy,C. Cial Glisy,5.0,621.0,31486.333333333332,115462.47254856043,2500.0,0.0,36.501056497397414,2026-04-08 12:28:14.000000000,2026-04-08 12:27:44.000000000,0.0,115.46247254856043,0.0,2.5,0.0,2.5,0.020833333333333332,0.0,False,service
1.0,0.0,136.72688382470434,4.883102993739441,28.0,9-N1-2-B-034901,C. Cial Glisy,Capitaine Nemo,5.0,622.0,31514.333333333332,115599.19943238514,13426.525887753734,0.0,36.43143747427573,2026-04-08 12:28:42.000000000,2026-04-08 12:28:14.000000000,0.13672688382470435,115.59919943238513,17.57917077746199,13.426525887753735,0.0,13.426525887753735,0.10442853468252905,0.0,False,service
0.0,0.0,0.0,0.0,30.0,9-N1-2-B-034901,Capitaine Nemo,Capitaine Nemo,5.0,623.0,31544.333333333332,115599.19943238514,2500.0,0.0,36.41754858538684,2026-04-08 12:29:12.000000000,2026-04-08 12:28:42.000000000,0.0,115.59919943238513,0.0,2.5,0.0,2.5,0.020833333333333332,0.0,False,service
1.0,0.0,323.4478124594319,2.488060095841784,130.0,9-N1-2-B-034901,Capitaine Nemo,Pôle J. Verne,5.0,624.0,31674.333333333332,115922.64724484457,7911.995684014774,0.0,36.22707461521612,2026-04-08 12:31:22.000000000,2026-04-08 12:29:12.000000000,0.3234478124594319,115.92264724484457,8.957016345030421,7.911995684014775,0.0,7.911995684014775,0.2857109552560891,0.0,False,service
0.0,0.0,0.0,0.0,30.0,9-N1-2-B-034901,Pôle J. Verne,Pôle J. Verne,5.0,625.0,31704.333333333332,115922.64724484457,2500.0,0.0,36.213185726327225,2026-04-08 12:31:52.000000000,2026-04-08 12:31:22.000000000,0.0,115.92264724484457,0.0,2.5,0.0,2.5,0.020833333333333332,0.0,False,service
1.0,0.0,334.0181708930427,4.7044812801837,71.0,9-N1-4-B-035101,Pôle J. Verne,Capitaine Nemo,5.0,626.0,31775.333333333332,116256.66541573762,12998.346897480362,0.0,36.04228153563813,2026-04-08 12:33:03.000000000,2026-04-08 12:31:52.000000000,0.3340181708930427,116.25666541573761,16.93613260866132,12.998346897480362,0.0,12.998346897480362,0.25635628603364047,0.0,False,service
0.0,0.0,0.0,0.0,30.0,9-N1-4-B-035101,Capitaine Nemo,Capitaine Nemo,5.0,627.0,31805.333333333332,116256.66541573762,2500.0,0.0,36.02839264674924,2026-04-08 12:33:33.000000000,2026-04-08 12:33:03.000000000,0.0,116.25666541573761,0.0,2.5,0.0,2.5,0.020833333333333332,0.0,False,service
1.0,0.0,122.91799931516653,5.8532380626269775,21.0,9-N1-4-B-035101,Capitaine Nemo,C. Cial Glisy,5.0,628.0,31826.333333333332,116379.58341505278,15812.917585812425,0.0,35.966897967248855,2026-04-08 12:33:54.000000000,2026-04-08 12:33:33.000000000,0.12291799931516653,116.37958341505278,21.07165702545712,15.812917585812425,0.0,15.812917585812425,0.09224201925057249,0.0,False,service
0.0,0.0,0.0,0.0,30.0,9-N1-4-B-035101,C. Cial Glisy,C. Cial Glisy,5.0,629.0,31856.333333333332,116379.58341505278,2500.0,0.0,35.95300907835997,2026-04-08 12:34:24.000000000,2026-04-08 12:33:54.000000000,0.0,116.37958341505278,0.0,2.5,0.0,2.5,0.020833333333333332,0.0,False,service
1.0,0.0,685.9620842301216,4.6664087362593305,147.0,9-N1-4-B-035101,C. Cial Glisy,Croix de Fer,5.0,630.0,32003.333333333332,117065.5454992829,12907.4980317801,0.0,35.60163829860595,2026-04-08 12:36:51.000000000,2026-04-08 12:34:24.000000000,0.6859620842301216,117.0655454992829,16.79907145053359,12.9074980317801,0.0,12.9074980317801,0.5270561696310208,0.0,False,service
0.0,0.0,0.0,0.0,30.0,9-N1-4-B-035101,Croix de Fer,Croix de Fer,5.0,631.0,32033.333333333332,117065.5454992829,2500.0,0.0,35.58774940971706,2026-04-08 12:37:21.000000000,2026-04-08 12:36:51.000000000,0.0,117.0655454992829,0.0,2.5,0.0,2.5,0.020833333333333332,0.0,False,service
1.0,0.0,746.5227463047001,6.912247650969446,108.0,9-N1-4-B-035101,Croix de Fer,La Fourche,5.0,632.0,32141.333333333332,117812.06824558761,18552.04485821827,0.0,35.2167085125527,2026-04-08 12:39:09.000000000,2026-04-08 12:37:21.000000000,0.7465227463047002,117.81206824558761,24.88409154349001,18.55204485821827,0.0,18.55204485821827,0.5565613457465481,0.0,False,service
0.0,0.0,0.0,0.0,30.0,9-N1-4-B-035101,La Fourche,La Fourche,5.0,633.0,32171.333333333332,117812.06824558761,2500.0,0.0,35.2028196236638,2026-04-08 12:39:39.000000000,2026-04-08 12:39:09.000000000,0.0,117.81206824558761,0.0,2.5,0.0,2.5,0.020833333333333332,0.0,False,service
1.0,0.0,236.45430499839583,7.38919703119987,32.0,9-N1-4-B-035101,La Fourche,M. de Longueau,5.0,634.0,32203.333333333332,118048.522550586,19837.888242149456,0.0,35.08526176741404,2026-04-08 12:40:11.000000000,2026-04-08 12:39:39.000000000,0.23645430499839581,118.048522550586,26.60110931231953,19.837888242149457,0.0,19.837888242149457,0.17633678437466183,0.0,False,service
0.0,0.0,0.0,0.0,30.0,9-N1-4-B-035101,M. de Longueau,M. de Longueau,5.0,635.0,32233.333333333332,118048.522550586,2500.0,0.0,35.07137287852514,2026-04-08 12:40:41.000000000,2026-04-08 12:40:11.000000000,0.0,118.048522550586,0.0,2.5,0.0,2.5,0.020833333333333332,0.0,False,service
1.0,0.0,238.2314886825274,7.219136020682649,33.0,9-N1-4-B-035101,M. de Longueau,Poidevin,5.0,636.0,32266.333333333332,118286.75403926853,19375.436167720003,0.0,34.952967435277955,2026-04-08 12:41:14.000000000,2026-04-08 12:40:41.000000000,0.23823148868252741,118.28675403926853,25.98888967445754,19.375436167720004,0.0,19.375436167720004,0.1776081648707667,0.0,False,service
0.0,0.0,0.0,0.0,30.0,9-N1-4-B-035101,Poidevin,Poidevin,5.0,637.0,32296.333333333332,118286.75403926853,2500.0,0.0,34.93907854638907,2026-04-08 12:41:44.000000000,2026-04-08 12:41:14.000000000,0.0,118.28675403926853,0.0,2.5,0.0,2.5,0.020833333333333332,0.0,False,service
1.0,0.0,283.0530932557657,7.257771621942711,39.0,9-N1-4-B-035101,Poidevin,La Rose Rouge,5.0,638.0,32335.333333333332,118569.80713252429,19480.106487676945,0.0,34.79838888842252,2026-04-08 12:42:23.000000000,2026-04-08 12:41:44.000000000,0.2830530932557657,118.56980713252429,26.127977838993758,19.480106487676945,0.0,19.480106487676945,0.2110344869498336,0.0,False,service
0.0,0.0,0.0,0.0,30.0,9-N1-4-B-035101,La Rose Rouge,La Rose Rouge,5.0,639.0,32365.333333333332,118569.80713252429,2500.0,0.0,34.78449999953362,2026-04-08 12:42:53.000000000,2026-04-08 12:42:23.000000000,0.0,118.56980713252429,0.0,2.5,0.0,2.5,0.020833333333333332,0.0,False,service
1.0,0.0,382.52636844861735,7.356276316319565,52.0,9-N1-4-B-035101,La Rose Rouge,Cité du Château,5.0,640.0,32417.333333333332,118952.3335009729,19748.01525501541,0.0,34.59433392670755,2026-04-08 12:43:45.000000000,2026-04-08 12:42:53.000000000,0.38252636844861737,118.95233350097291,26.482594738750432,19.74801525501541,0.0,19.74801525501541,0.28524910923911145,0.0,False,service
0.0,0.0,0.0,0.0,30.0,9-N1-4-B-035101,Cité du Château,Cité du Château,5.0,641.0,32447.333333333332,118952.3335009729,2500.0,0.0,34.58044503781866,2026-04-08 12:44:15.000000000,2026-04-08 12:43:45.000000000,0.0,118.95233350097291,0.0,2.5,0.0,2.5,0.020833333333333332,0.0,False,service
1.0,0.0,259.04003764462647,7.195556601239624,36.0,9-N1-4-B-035101,Cité du Château,Pont de l'Avre,5.0,642.0,32483.333333333332,119211.37353861752,19311.6680021364,0.0,34.451700584471084,2026-04-08 12:44:51.000000000,2026-04-08 12:44:15.000000000,0.25904003764462646,119.21137353861752,25.904003764462647,19.3116680021364,0.0,19.3116680021364,0.193116680021364,0.0,False,service
0.0,0.0,0.0,0.0,30.0,9-N1-4-B-035101,Pont de l'Avre,Pont de l'Avre,5.0,643.0,32513.333333333332,119211.37353861752,2500.0,0.0,34.4378116955822,2026-04-08 12:45:21.000000000,2026-04-08 12:44:51.000000000,0.0,119.21137353861752,0.0,2.5,0.0,2.5,0.020833333333333332,0.0,False,service
1.0,0.0,778.6426370279388,6.655065273743067,117.0,9-N1-4-B-035101,Pont de l'Avre,Sobo,5.0,644.0,32630.333333333332,119990.01617564546,17872.680225978973,0.0,34.05057029068598,2026-04-08 12:47:18.000000000,2026-04-08 12:45:21.000000000,0.7786426370279388,119.99001617564547,23.95823498547504,17.87268022597897,0.0,17.87268022597897,0.5808621073443166,0.0,False,service
0.0,0.0,0.0,0.0,30.0,9-N1-4-B-035101,Sobo,Sobo,5.0,645.0,32660.333333333332,119990.01617564546,2500.0,0.0,34.0366814017971,2026-04-08 12:47:48.000000000,2026-04-08 12:47:18.000000000,0.0,119.99001617564547,0.0,2.5,0.0,2.5,0.020833333333333332,0.0,False,service
1.0,0.0,494.86888000554234,6.598251733407231,75.0,9-N1-4-B-035101,Sobo,Mercey,5.0,646.0,32735.333333333332,120484.885055651,17723.87559643727,0.0,33.79051646295768,2026-04-08 12:49:03.000000000,2026-04-08 12:47:48.000000000,0.49486888000554236,120.484885055651,23.753706240266034,17.723875596437267,0.0,17.723875596437267,0.36924740825910973,0.0,False,service
0.0,0.0,0.0,0.0,30.0,9-N1-4-B-035101,Mercey,Mercey,5.0,647.0,32765.333333333332,120484.885055651,2500.0,0.0,33.7766275740688,2026-04-08 12:49:33.000000000,2026-04-08 12:49:03.000000000,0.0,120.484885055651,0.0,2.5,0.0,2.5,0.020833333333333332,0.0,False,service
1.0,0.0,443.51095510688015,6.71986295616485,66.0,9-N1-4-B-035101,Mercey,Egl. St-Acheul,5.0,648.0,32831.33333333333,120928.39601075788,18042.95332249385,0.0,33.55610258901609,2026-04-08 12:50:39.000000000,2026-04-08 12:49:33.000000000,0.44351095510688016,120.92839601075788,24.191506642193463,18.04295332249385,0.0,18.04295332249385,0.3307874775790539,0.0,False,service
0.0,0.0,0.0,0.0,30.0,9-N1-4-B-035101,Egl. St-Acheul,Egl. St-Acheul,5.0,649.0,32861.33333333333,120928.39601075788,2500.0,0.0,33.542213700127206,2026-04-08 12:51:09.000000000,2026-04-08 12:50:39.000000000,0.0,120.92839601075788,0.0,2.5,0.0,2.5,0.020833333333333332,0.0,False,service
1.0,0.0,277.40496861036326,6.604880205008649,42.0,9-N1-4-B-035101,Egl. St-Acheul,L. de Luzarches,5.0,650.0,32903.33333333333,121205.80097936824,17741.21336558846,0.0,33.4042264850615,2026-04-08 12:51:51.000000000,2026-04-08 12:51:09.000000000,0.27740496861036323,121.20580097936825,23.777568738031135,17.74121336558846,0.0,17.74121336558846,0.20698082259853207,0.0,False,service
0.0,0.0,0.0,0.0,30.0,9-N1-4-B-035101,L. de Luzarches,L. de Luzarches,5.0,651.0,32933.33333333333,121205.80097936824,2500.0,0.0,33.390337596172614,2026-04-08 12:52:21.000000000,2026-04-08 12:51:51.000000000,0.0,121.20580097936825,0.0,2.5,0.0,2.5,0.020833333333333332,0.0,False,service
1.0,0.0,343.1323580300078,3.855419753146155,89.0,9-N1-4-B-035101,L. de Luzarches,Pinceau,5.0,652.0,33022.33333333333,121548.93333739825,11004.519972906111,0.0,33.20896680402657,2026-04-08 12:53:50.000000000,2026-04-08 12:52:21.000000000,0.3431323580300078,121.54893333739825,13.879511111326158,11.004519972906111,0.0,11.004519972906111,0.27205618821906774,0.0,False,service
0.0,0.0,0.0,0.0,30.0,9-N1-4-B-035101,Pinceau,Pinceau,5.0,653.0,33052.33333333333,121548.93333739825,2500.0,0.0,33.19507791513769,2026-04-08 12:54:20.000000000,2026-04-08 12:53:50.000000000,0.0,121.54893333739825,0.0,2.5,0.0,2.5,0.020833333333333332,0.0,False,service
1.0,0.0,405.8966158731125,3.793426316571145,107.0,9-N1-4-B-035101,Pinceau,Caserne Dejean,5.0,654.0,33159.33333333333,121954.82995327136,10861.409934698444,0.0,32.979861088653834,2026-04-08 12:56:07.000000000,2026-04-08 12:54:20.000000000,0.40589661587311254,121.95482995327136,13.656334739656122,10.861409934698443,0.0,10.861409934698443,0.32282523972575927,0.0,False,service
0.0,0.0,0.0,0.0,30.0,9-N1-4-B-035101,Caserne Dejean,Caserne Dejean,5.0,655.0,33189.33333333333,121954.82995327136,2500.0,0.0,32.96597219976495,2026-04-08 12:56:37.000000000,2026-04-08 12:56:07.000000000,0.0,121.95482995327136,0.0,2.5,0.0,2.5,0.020833333333333332,0.0,False,service
1.0,0.0,391.6364257160486,3.7657348626543135,104.0,9-N1-4-B-035101,Caserne Dejean,Gare du Nord A,5.0,656.0,33293.33333333333,122346.4663789874,10797.585272349694,0.0,32.7580187056308,2026-04-08 12:58:21.000000000,2026-04-08 12:56:37.000000000,0.3916364257160486,122.3464663789874,13.55664550555553,10.797585272349695,0.0,10.797585272349695,0.31193024120121343,0.0,False,service
0.0,0.0,0.0,0.0,30.0,9-N1-4-B-035101,Gare du Nord A,Gare du Nord A,5.0,657.0,33323.33333333333,122346.4663789874,2500.0,0.0,32.74412981674192,2026-04-08 12:58:51.000000000,2026-04-08 12:58:21.000000000,0.0,122.3464663789874,0.0,2.5,0.0,2.5,0.020833333333333332,0.0,False,service
1.0,0.0,327.94171057791687,2.2158223687697087,148.0,9-N1-4-B-035101,Gare du Nord A,René Goblet,5.0,658.0,33471.33333333333,122674.40808956532,7309.793127281074,0.0,32.54378733843866,2026-04-08 13:01:19.000000000,2026-04-08 12:58:51.000000000,0.3279417105779169,122.67440808956532,7.976960527570951,7.309793127281074,0.0,7.309793127281074,0.3005137174548886,0.0,False,service
0.0,0.0,0.0,0.0,30.0,9-N1-4-B-035101,René Goblet,René Goblet,5.0,659.0,33501.33333333333,122674.40808956532,2500.0,0.0,32.52989844954976,2026-04-08 13:01:49.000000000,2026-04-08 13:01:19.000000000,0.0,122.67440808956532,0.0,2.5,0.0,2.5,0.020833333333333332,0.0,False,service
1.0,0.0,225.21730590675048,4.170690850125009,54.0,9-N1-4-B-035101,René Goblet,P. de Justice,5.0,660.0,33555.33333333333,122899.62539547207,11737.285646721439,0.0,32.41252559308255,2026-04-08 13:02:43.000000000,2026-04-08 13:01:49.000000000,0.2252173059067505,122.89962539547207,15.014487060450033,11.737285646721439,0.0,11.737285646721439,0.17605928470082158,0.0,False,service
0.0,0.0,0.0,0.0,30.0,9-N1-4-B-035101,P. de Justice,P. de Justice,5.0,661.0,33585.33333333333,122899.62539547207,2500.0,0.0,32.39863670419366,2026-04-08 13:03:13.000000000,2026-04-08 13:02:43.000000000,0.0,122.89962539547207,0.0,2.5,0.0,2.5,0.020833333333333332,0.0,False,service
1.0,0.0,229.9992746993994,3.965504736196541,58.0,9-N1-4-B-035101,P. de Justice,Dusevel,5.0,662.0,33643.33333333333,123129.62467017147,11259.425997860737,0.0,32.277702128661076,2026-04-08 13:04:11.000000000,2026-04-08 13:03:13.000000000,0.2299992746993994,123.12962467017147,14.275817050307548,11.259425997860737,0.0,11.259425997860737,0.18140186329886743,0.0,False,service
0.0,0.0,0.0,0.0,30.0,9-N1-4-B-035101,Dusevel,Dusevel,5.0,663.0,33673.33333333333,123129.62467017147,2500.0,0.0,32.26381323977219,2026-04-08 13:04:41.000000000,2026-04-08 13:04:11.000000000,0.0,123.12962467017147,0.0,2.5,0.0,2.5,0.020833333333333332,0.0,False,service
1.0,0.0,218.8226139254244,3.587255965990564,61.0,9-N1-4-B-035101,Dusevel,Beffroi,5.0,664.0,33734.33333333333,123348.4472840969,10387.6685654154,0.0,32.14647105782953,2026-04-08 13:05:42.000000000,2026-04-08 13:04:41.000000000,0.2188226139254244,123.34844728409689,12.914121477566031,10.387668565415401,0.0,10.387668565415401,0.1760132729139832,0.0,False,service
0.0,0.0,0.0,0.0,30.0,9-N1-4-B-035101,Beffroi,Beffroi,5.0,665.0,33764.33333333333,123348.4472840969,2500.0,0.0,32.132582168940644,2026-04-08 13:06:12.000000000,2026-04-08 13:05:42.000000000,0.0,123.34844728409689,0.0,2.5,0.0,2.5,0.020833333333333332,0.0,False,service
1.0,0.0,189.07722066752729,3.501430012361616,54.0,9-N1-4-B-035101,Beffroi,Place du Marché,5.0,666.0,33818.33333333333,123537.52450476443,10191.420812679045,0.0,32.03066796081386,2026-04-08 13:07:06.000000000,2026-04-08 13:06:12.000000000,0.18907722066752727,123.53752450476443,12.605148044501819,10.191420812679045,0.0,10.191420812679045,0.15287131219018568,0.0,False,service
0.0,0.0,0.0,0.0,30.0,9-N1-4-B-035101,Place du Marché,Place du Marché,5.0,667.0,33848.33333333333,123537.52450476443,2500.0,0.0,32.01677907192496,2026-04-08 13:07:36.000000000,2026-04-08 13:07:06.000000000,0.0,123.53752450476443,0.0,2.5,0.0,2.5,0.020833333333333332,0.0,False,service
1.0,0.0,171.78613535708172,3.817469674601816,45.0,9-N1-4-B-035101,Place du Marché,M. Culture B,5.0,668.0,33893.33333333333,123709.3106401215,10916.87632541456,0.0,31.925805102546505,2026-04-08 13:08:21.000000000,2026-04-08 13:07:36.000000000,0.17178613535708173,123.7093106401215,13.742890828566539,10.91687632541456,0.0,10.91687632541456,0.136460954067682,0.0,False,service
0.0,0.0,0.0,0.0,30.0,9-N1-4-B-035101,M. Culture B,M. Culture B,5.0,669.0,33923.33333333333,123709.3106401215,2500.0,0.0,31.91191621365762,2026-04-08 13:08:51.000000000,2026-04-08 13:08:21.000000000,0.0,123.7093106401215,0.0,2.5,0.0,2.5,0.020833333333333332,0.0,False,service
1.0,0.0,291.81191051704656,6.07941480243847,48.0,9-N1-4-B-035101,M. Culture B,Saint-Jacques,5.0,670.0,33971.33333333333,124001.12255063855,16385.370113942587,0.0,31.766268479311464,2026-04-08 13:09:39.000000000,2026-04-08 13:08:51.000000000,0.2918119105170466,124.00112255063856,21.885893288778494,16.385370113942585,0.0,16.385370113942585,0.2184716015192345,0.0,False,service
0.0,0.0,0.0,0.0,30.0,9-N1-4-B-035101,Saint-Jacques,Saint-Jacques,5.0,671.0,34001.33333333333,124001.12255063855,2500.0,0.0,31.752379590422578,2026-04-08 13:10:09.000000000,2026-04-08 13:09:39.000000000,0.0,124.00112255063856,0.0,2.5,0.0,2.5,0.020833333333333332,0.0,False,service
1.0,0.0,350.7042974526486,5.656520926655622,62.0,9-N1-4-B-035101,Saint-Jacques,Jean Jaurès,5.0,672.0,34063.33333333333,124351.82684809121,15320.20185396715,0.0,31.576480976543692,2026-04-08 13:11:11.000000000,2026-04-08 13:10:09.000000000,0.3507042974526486,124.3518268480912,20.36347533596024,15.32020185396715,0.0,15.32020185396715,0.26384792081832315,0.0,False,service
0.0,0.0,0.0,0.0,30.0,9-N1-4-B-035101,Jean Jaurès,Jean Jaurès,5.0,673.0,34093.33333333333,124351.82684809121,2500.0,0.0,31.562592087654807,2026-04-08 13:11:41.000000000,2026-04-08 13:11:11.000000000,0.0,124.3518268480912,0.0,2.5,0.0,2.5,0.020833333333333332,0.0,False,service
1.0,0.0,402.8160957322576,5.5946679962813555,72.0,9-N1-4-B-035101,Jean Jaurès,Zoo d'Amiens,5.0,674.0,34165.33333333333,124754.64294382346,15166.246752306562,0.0,31.360375464290726,2026-04-08 13:12:53.000000000,2026-04-08 13:11:41.000000000,0.40281609573225763,124.75464294382347,20.14080478661288,15.166246752306563,0.0,15.166246752306563,0.3033249350461313,0.0,False,service
0.0,0.0,0.0,0.0,30.0,9-N1-4-B-035101,Zoo d'Amiens,Zoo d'Amiens,5.0,675.0,34195.33333333333,124754.64294382346,2500.0,0.0,31.346486575401826,2026-04-08 13:13:23.000000000,2026-04-08 13:12:53.000000000,0.0,124.75464294382347,0.0,2.5,0.0,2.5,0.020833333333333332,0.0,False,service
1.0,0.0,376.38436041502575,5.790528621769627,65.0,9-N1-4-B-035101,Zoo d'Amiens,Egl. St-Firmin,5.0,676.0,34260.33333333333,125131.0273042385,15655.335649169396,0.0,31.15804272036553,2026-04-08 13:14:28.000000000,2026-04-08 13:13:23.000000000,0.37638436041502576,125.1310273042385,20.845903038370658,15.655335649169396,0.0,15.655335649169396,0.2826657825544474,0.0,False,service
0.0,0.0,0.0,0.0,30.0,9-N1-4-B-035101,Egl. St-Firmin,Egl. St-Firmin,5.0,677.0,34290.33333333333,125131.0273042385,2500.0,0.0,31.144153831476643,2026-04-08 13:14:58.000000000,2026-04-08 13:14:28.000000000,0.0,125.1310273042385,0.0,2.5,0.0,2.5,0.020833333333333332,0.0,False,service
1.0,0.0,300.7481358168622,5.674493128620042,53.0,9-N1-4-B-035101,Egl. St-Firmin,Faubourg de Hem,5.0,678.0,34343.33333333333,125431.77544005535,15365.021453635112,0.0,30.993348991283554,2026-04-08 13:15:51.000000000,2026-04-08 13:14:58.000000000,0.3007481358168622,125.43177544005535,20.428175263032152,15.365021453635112,0.0,15.365021453635112,0.22620726028962804,0.0,False,service
0.0,0.0,0.0,0.0,30.0,9-N1-4-B-035101,Faubourg de Hem,Faubourg de Hem,5.0,679.0,34373.33333333333,125431.77544005535,2500.0,0.0,30.97946010239467,2026-04-08 13:16:21.000000000,2026-04-08 13:15:51.000000000,0.0,125.43177544005535,0.0,2.5,0.0,2.5,0.020833333333333332,0.0,False,service
1.0,0.0,242.018982618479,5.5004314231472495,44.0,9-N1-4-B-035101,Faubourg de Hem,Espace Alliance,5.0,680.0,34417.33333333333,125673.79442267383,14932.558498063929,0.0,30.857787403521556,2026-04-08 13:17:05.000000000,2026-04-08 13:16:21.000000000,0.24201898261847898,125.67379442267384,19.8015531233301,14.932558498063928,0.0,14.932558498063928,0.18250904830967024,0.0,False,service
0.0,0.0,0.0,0.0,30.0,9-N1-4-B-035101,Espace Alliance,Espace Alliance,5.0,681.0,34447.33333333333,125673.79442267383,2500.0,0.0,30.843898514632656,2026-04-08 13:17:35.000000000,2026-04-08 13:17:05.000000000,0.0,125.67379442267384,0.0,2.5,0.0,2.5,0.020833333333333332,0.0,False,service
1.0,0.0,512.4653653664171,5.631487531499089,91.0,9-N1-4-B-035101,Espace Alliance,Sully,5.0,682.0,34538.33333333333,126186.25978804025,15257.837425164176,0.0,30.586775698764157,2026-04-08 13:19:06.000000000,2026-04-08 13:17:35.000000000,0.5124653653664172,126.18625978804025,20.273355113396722,15.257837425164176,0.0,15.257837425164176,0.38568422380276113,0.0,False,service
0.0,0.0,0.0,0.0,30.0,9-N1-4-B-035101,Sully,Sully,5.0,683.0,34568.33333333333,126186.25978804025,2500.0,0.0,30.57288680987527,2026-04-08 13:19:36.000000000,2026-04-08 13:19:06.000000000,0.0,126.18625978804025,0.0,2.5,0.0,2.5,0.020833333333333332,0.0,False,service
1.0,0.0,581.4235833007191,5.537367460006848,105.0,9-N1-4-B-035101,Sully,Place la Barre,5.0,684.0,34673.33333333333,126767.68337134097,15024.028151252374,0.0,30.280752929156478,2026-04-08 13:21:21.000000000,2026-04-08 13:19:36.000000000,0.5814235833007191,126.76768337134098,19.934522856024653,15.024028151252374,0.0,15.024028151252374,0.43820082107819425,0.0,False,service
0.0,0.0,0.0,0.0,30.0,9-N1-4-B-035101,Place la Barre,Place la Barre,5.0,685.0,34703.33333333333,126767.68337134097,2500.0,0.0,30.266864040267578,2026-04-08 13:21:51.000000000,2026-04-08 13:21:21.000000000,0.0,126.76768337134098,0.0,2.5,0.0,2.5,0.020833333333333332,0.0,False,service
1.0,0.0,321.16148117311843,4.654514219900267,69.0,9-N1-4-B-035101,Place la Barre,La Fontaine,5.0,686.0,34772.33333333333,127088.84485251408,12879.144765057834,0.0,30.10229719049184,2026-04-08 13:23:00.000000000,2026-04-08 13:21:51.000000000,0.32116148117311843,127.08884485251409,16.75625119164096,12.879144765057834,0.0,12.879144765057834,0.24685027466360848,0.0,False,service
0.0,0.0,0.0,0.0,30.0,9-N1-4-B-035101,La Fontaine,La Fontaine,5.0,687.0,34802.33333333333,127088.84485251408,2500.0,0.0,30.088408301602954,2026-04-08 13:23:30.000000000,2026-04-08 13:23:00.000000000,0.0,127.08884485251409,0.0,2.5,0.0,2.5,0.020833333333333332,0.0,False,service
1.0,0.0,233.68404358993675,5.31100099068038,44.0,9-N1-4-B-035101,La Fontaine,Les Coursives,5.0,688.0,34846.33333333333,127322.52889610402,14465.925742583915,0.0,29.97053779555226,2026-04-08 13:24:14.000000000,2026-04-08 13:23:30.000000000,0.23368404358993675,127.32252889610402,19.11960356644937,14.465925742583915,0.0,14.465925742583915,0.17680575907602564,0.0,False,service
0.0,0.0,0.0,0.0,30.0,9-N1-4-B-035101,Les Coursives,Les Coursives,5.0,689.0,34876.33333333333,127322.52889610402,2500.0,0.0,29.956648906663375,2026-04-08 13:24:44.000000000,2026-04-08 13:24:14.000000000,0.0,127.32252889610402,0.0,2.5,0.0,2.5,0.020833333333333332,0.0,False,service
1.0,0.0,293.0331102299119,5.327874731452944,55.0,9-N1-4-B-035101,Les Coursives,Languedoc,5.0,690.0,34931.33333333333,127615.56200633393,14507.32542544115,0.0,29.8088891106635,2026-04-08 13:25:39.000000000,2026-04-08 13:24:44.000000000,0.2930331102299119,127.61556200633393,19.1803490332306,14.507325425441149,0.0,14.507325425441149,0.22163969399979536,0.0,False,service
0.0,0.0,0.0,0.0,30.0,9-N1-4-B-035101,Languedoc,Languedoc,5.0,691.0,34961.33333333333,127615.56200633393,2500.0,0.0,29.795000221774615,2026-04-08 13:26:09.000000000,2026-04-08 13:25:39.000000000,0.0,127.61556200633393,0.0,2.5,0.0,2.5,0.020833333333333332,0.0,False,service
1.0,0.0,320.6006811443548,4.007508514304435,80.0,9-N1-4-B-035101,Languedoc,Collège R.Parks,5.0,692.0,35041.33333333333,127936.16268747828,11356.954589578385,0.0,29.626749042669758,2026-04-08 13:27:29.000000000,2026-04-08 13:26:09.000000000,0.3206006811443548,127.93616268747829,14.427030651495967,11.356954589578384,0.0,11.356954589578384,0.2523767686572974,0.0,False,service
0.0,0.0,0.0,0.0,30.0,9-N1-4-B-035101,Collège R.Parks,Collège R.Parks,5.0,693.0,35071.33333333333,127936.16268747828,2500.0,0.0,29.612860153780858,2026-04-08 13:27:59.000000000,2026-04-08 13:27:29.000000000,0.0,127.93616268747829,0.0,2.5,0.0,2.5,0.020833333333333332,0.0,False,service
1.0,0.0,270.8261413947126,5.0152989147169,54.0,9-N1-4-B-035101,Collège R.Parks,Martinique,5.0,694.0,35125.33333333333,128206.988828873,13745.538236155448,0.0,29.475404771419306,2026-04-08 13:28:53.000000000,2026-04-08 13:27:59.000000000,0.27082614139471256,128.206988828873,18.05507609298084,13.745538236155447,0.0,13.745538236155447,0.20618307354233173,0.0,False,service
0.0,0.0,0.0,0.0,30.0,9-N1-4-B-035101,Martinique,Martinique,5.0,695.0,35155.33333333333,128206.988828873,2500.0,0.0,29.46151588253042,2026-04-08 13:29:23.000000000,2026-04-08 13:28:53.000000000,0.0,128.206988828873,0.0,2.5,0.0,2.5,0.020833333333333332,0.0,False,service
1.0,0.0,274.08690803195344,2.3227704070504527,118.0,9-N1-4-B-035101,Martinique,Etouvie Quai A,5.0,696.0,35273.33333333333,128481.07573690495,7545.9279119890025,0.0,29.296623383712884,2026-04-08 13:31:21.000000000,2026-04-08 13:29:23.000000000,0.27408690803195346,128.48107573690496,8.361973465381629,7.545927911989002,0.0,7.545927911989002,0.2473387482263062,0.0,False,service
1.0,0.0,241.9015249612658,4.319670088594032,56.0,9-N1-2-B-034901,Etouvie Quai A,Martinique,6.0,697.0,35329.33333333333,128722.97726186622,12086.56880128932,0.0,29.171281188736558,2026-04-08 13:32:17.000000000,2026-04-08 13:31:21.000000000,0.2419015249612658,128.72297726186622,15.550812318938515,12.08656880128932,0.0,12.08656880128932,0.18801329246450055,0.0,False,service
0.0,0.0,0.0,0.0,30.0,9-N1-2-B-034901,Martinique,Martinique,6.0,698.0,35359.33333333333,128722.97726186622,2500.0,0.0,29.157392299847658,2026-04-08 13:32:47.000000000,2026-04-08 13:32:17.000000000,0.0,128.72297726186622,0.0,2.5,0.0,2.5,0.020833333333333332,0.0,False,service
1.0,0.0,330.7630000086095,4.9367611941583505,67.0,9-N1-2-B-034901,Martinique,Collège R.Parks,6.0,699.0,35426.33333333333,129053.74026187483,13555.791611470482,0.0,28.989200070594237,2026-04-08 13:33:54.000000000,2026-04-08 13:32:47.000000000,0.3307630000086095,129.05374026187482,17.77234029897006,13.555791611470482,0.0,13.555791611470482,0.2522883438801451,0.0,False,service
0.0,0.0,0.0,0.0,30.0,9-N1-2-B-034901,Collège R.Parks,Collège R.Parks,6.0,700.0,35456.33333333333,129053.74026187483,2500.0,0.0,28.975311181705337,2026-04-08 13:34:24.000000000,2026-04-08 13:33:54.000000000,0.0,129.05374026187482,0.0,2.5,0.0,2.5,0.020833333333333332,0.0,False,service
1.0,0.0,296.81987678393193,4.01107941599908,74.0,9-N1-2-B-034901,Collège R.Parks,Languedoc,6.0,701.0,35530.33333333333,129350.56013865877,11365.252764990835,0.0,28.819565125296208,2026-04-08 13:35:38.000000000,2026-04-08 13:34:24.000000000,0.29681987678393196,129.35056013865878,14.439885897596689,11.365252764990835,0.0,11.365252764990835,0.23361908461370048,0.0,False,service
0.0,0.0,0.0,0.0,30.0,9-N1-2-B-034901,Languedoc,Languedoc,6.0,702.0,35560.33333333333,129350.56013865877,2500.0,0.0,28.805676236407322,2026-04-08 13:36:08.000000000,2026-04-08 13:35:38.000000000,0.0,129.35056013865878,0.0,2.5,0.0,2.5,0.020833333333333332,0.0,False,service
1.0,0.0,297.726462758007,5.316543977821554,56.0,9-N1-2-B-034901,Languedoc,Les coursives,6.0,703.0,35616.33333333333,129648.28660141677,14479.52190452762,0.0,28.655518231471476,2026-04-08 13:37:04.000000000,2026-04-08 13:36:08.000000000,0.297726462758007,129.64828660141677,19.139558320157594,14.479521904527621,0.0,14.479521904527621,0.22523700740376298,0.0,False,service
0.0,0.0,0.0,0.0,30.0,9-N1-2-B-034901,Les coursives,Les coursives,6.0,704.0,35646.33333333333,129648.28660141677,2500.0,0.0,28.64162934258259,2026-04-08 13:37:34.000000000,2026-04-08 13:37:04.000000000,0.0,129.64828660141677,0.0,2.5,0.0,2.5,0.020833333333333332,0.0,False,service
1.0,0.0,227.94980309080773,5.065551179795728,45.0,9-N1-2-B-034901,Les coursives,La Fontaine,6.0,705.0,35691.33333333333,129876.23640450758,13867.291099605594,0.0,28.526068583419203,2026-04-08 13:38:19.000000000,2026-04-08 13:37:34.000000000,0.22794980309080773,129.87623640450758,18.23598424726462,13.867291099605595,0.0,13.867291099605595,0.17334113874506996,0.0,False,service
0.0,0.0,0.0,0.0,30.0,9-N1-2-B-034901,La Fontaine,La Fontaine,6.0,706.0,35721.33333333333,129876.23640450758,2500.0,0.0,28.512179694530317,2026-04-08 13:38:49.000000000,2026-04-08 13:38:19.000000000,0.0,129.87623640450758,0.0,2.5,0.0,2.5,0.020833333333333332,0.0,False,service
1.0,0.0,278.8940733458619,4.572033989276425,61.0,9-N1-2-B-034901,La Fontaine,Place la Barre,6.0,707.0,35782.33333333333,130155.13047785344,12682.916941634749,0.0,28.3689097068563,2026-04-08 13:39:50.000000000,2026-04-08 13:38:49.000000000,0.2788940733458619,130.15513047785345,16.459322361395127,12.68291694163475,0.0,12.68291694163475,0.2149049815110332,0.0,False,service
0.0,0.0,0.0,0.0,30.0,9-N1-2-B-034901,Place la Barre,Place la Barre,6.0,708.0,35812.33333333333,130155.13047785344,2500.0,0.0,28.3550208179674,2026-04-08 13:40:20.000000000,2026-04-08 13:39:50.000000000,0.0,130.15513047785345,0.0,2.5,0.0,2.5,0.020833333333333332,0.0,False,service
1.0,0.0,552.9827646282706,5.882795368385858,94.0,9-N1-2-B-034901,Place la Barre,Sully,6.0,709.0,35906.33333333333,130708.1132424817,15887.360880206767,0.0,28.078463054497135,2026-04-08 13:41:54.000000000,2026-04-08 13:40:20.000000000,0.5529827646282706,130.70811324248172,21.178063326189086,15.887360880206767,0.0,15.887360880206767,0.4148366452053989,0.0,False,service
0.0,0.0,0.0,0.0,30.0,9-N1-2-B-034901,Sully,Sully,6.0,710.0,35936.33333333333,130708.1132424817,2500.0,0.0,28.06457416560825,2026-04-08 13:42:24.000000000,2026-04-08 13:41:54.000000000,0.0,130.70811324248172,0.0,2.5,0.0,2.5,0.020833333333333332,0.0,False,service
1.0,0.0,541.2636534432309,5.820039284335816,93.0,9-N1-2-B-034901,Sully,Espace Alliance,6.0,711.0,36029.33333333333,131249.37689592494,15729.432196236612,0.0,27.793678388895287,2026-04-08 13:43:57.000000000,2026-04-08 13:42:24.000000000,0.5412636534432308,131.24937689592494,20.952141423608936,15.729432196236612,0.0,15.729432196236612,0.4063436650694458,0.0,False,service
0.0,0.0,0.0,0.0,30.0,9-N1-2-B-034901,Espace Alliance,Espace Alliance,6.0,712.0,36059.33333333333,131249.37689592494,2500.0,0.0,27.779789500006387,2026-04-08 13:44:27.000000000,2026-04-08 13:43:57.000000000,0.0,131.24937689592494,0.0,2.5,0.0,2.5,0.020833333333333332,0.0,False,service
1.0,0.0,306.8484114845754,5.789592669520291,53.0,9-N1-2-B-034901,Espace Alliance,Faubourg de Hem,6.0,713.0,36112.33333333333,131556.2253074095,15652.987376486395,0.0,27.62615832760754,2026-04-08 13:45:20.000000000,2026-04-08 13:44:27.000000000,0.3068484114845754,131.5562253074095,20.842533610273048,15.652987376486395,0.0,15.652987376486395,0.23044675859827193,0.0,False,service
0.0,0.0,0.0,0.0,30.0,9-N1-2-B-034901,Faubourg de Hem,Faubourg de Hem,6.0,714.0,36142.33333333333,131556.2253074095,2500.0,0.0,27.612269438718656,2026-04-08 13:45:50.000000000,2026-04-08 13:45:20.000000000,0.0,131.5562253074095,0.0,2.5,0.0,2.5,0.020833333333333332,0.0,False,service
1.0,0.0,296.4471853943004,7.058266318911914,42.0,9-N1-2-B-034901,Faubourg de Hem,Egl. St-Firmin,6.0,715.0,36184.33333333333,131852.6724928038,18942.057390181886,0.0,27.464942325683907,2026-04-08 13:46:32.000000000,2026-04-08 13:45:50.000000000,0.29644718539430037,131.8526724928038,25.409758748082893,18.942057390181887,0.0,18.942057390181887,0.220990669552122,0.0,False,service
0.0,0.0,0.0,0.0,30.0,9-N1-2-B-034901,Egl. St-Firmin,Egl. St-Firmin,6.0,716.0,36214.33333333333,131852.6724928038,2500.0,0.0,27.451053436795007,2026-04-08 13:47:02.000000000,2026-04-08 13:46:32.000000000,0.0,131.8526724928038,0.0,2.5,0.0,2.5,0.020833333333333332,0.0,False,service
1.0,0.0,397.9625757415526,7.106474566813439,56.0,9-N1-2-B-034901,Egl. St-Firmin,Zoo d'Amiens,6.0,717.0,36270.33333333333,132250.63506854535,19071.518432946243,0.0,27.253274727120015,2026-04-08 13:47:58.000000000,2026-04-08 13:47:02.000000000,0.3979625757415526,132.25063506854536,25.58330844052838,19.07151843294624,0.0,19.07151843294624,0.2966680645124971,0.0,False,service
0.0,0.0,0.0,0.0,30.0,9-N1-2-B-034901,Zoo d'Amiens,Zoo d'Amiens,6.0,718.0,36300.33333333333,132250.63506854535,2500.0,0.0,27.23938583823113,2026-04-08 13:48:28.000000000,2026-04-08 13:47:58.000000000,0.0,132.25063506854536,0.0,2.5,0.0,2.5,0.020833333333333332,0.0,False,service
1.0,0.0,387.76459722543666,6.924367807597084,56.0,9-N1-2-B-034901,Zoo d'Amiens,Jean Jaurès,6.0,719.0,36356.33333333333,132638.3996657708,18584.29760190798,0.0,27.04665978902615,2026-04-08 13:49:24.000000000,2026-04-08 13:48:28.000000000,0.38776459722543666,132.63839966577078,24.9277241073495,18.58429760190798,0.0,18.58429760190798,0.28908907380745746,0.0,False,service
0.0,0.0,0.0,0.0,30.0,9-N1-2-B-034901,Jean Jaurès,Jean Jaurès,6.0,720.0,36386.33333333333,132638.3996657708,2500.0,0.0,27.032770900137265,2026-04-08 13:49:54.000000000,2026-04-08 13:49:24.000000000,0.0,132.63839966577078,0.0,2.5,0.0,2.5,0.020833333333333332,0.0,False,service
1.0,0.0,353.81886733206454,6.675827685510652,53.0,9-N1-2-B-034901,Jean Jaurès,Saint-Jacques,6.0,721.0,36439.33333333333,132992.21853310286,17927.174140413597,0.0,26.85681900579617,2026-04-08 13:50:47.000000000,2026-04-08 13:49:54.000000000,0.3538188673320645,132.99221853310286,24.032979667838347,17.927174140413598,0.0,17.927174140413598,0.2639278415116446,0.0,False,service
0.0,0.0,0.0,0.0,30.0,9-N1-2-B-034901,Saint-Jacques,Saint-Jacques,6.0,722.0,36469.33333333333,132992.21853310286,2500.0,0.0,26.84293011690727,2026-04-08 13:51:17.000000000,2026-04-08 13:50:47.000000000,0.0,132.99221853310286,0.0,2.5,0.0,2.5,0.020833333333333332,0.0,False,service
1.0,0.0,242.8037375118653,7.35768901551107,33.0,9-N1-2-B-034901,Saint-Jacques,M. Culture A,6.0,723.0,36502.33333333333,133235.02227061472,19751.86842032748,0.0,26.7222242543386,2026-04-08 13:51:50.000000000,2026-04-08 13:51:17.000000000,0.24280373751186532,133.2350222706147,26.487680455839854,19.75186842032748,0.0,19.75186842032748,0.1810587938530019,0.0,False,service
0.0,0.0,0.0,0.0,30.0,9-N1-2-B-034901,M. Culture A,M. Culture A,6.0,724.0,36532.33333333333,133235.02227061472,2500.0,0.0,26.708335365449713,2026-04-08 13:52:20.000000000,2026-04-08 13:51:50.000000000,0.0,133.2350222706147,0.0,2.5,0.0,2.5,0.020833333333333332,0.0,False,service
1.0,0.0,296.74165114956037,2.472847092913003,120.0,9-N1-2-B-034901,M. Culture A,Hôtel de Ville,6.0,725.0,36652.33333333333,133531.76392176427,7878.244573638238,0.0,26.533263263813296,2026-04-08 13:54:20.000000000,2026-04-08 13:52:20.000000000,0.29674165114956036,133.53176392176428,8.90224953448681,7.878244573638238,0.0,7.878244573638238,0.26260815245460795,0.0,False,service
0.0,0.0,0.0,0.0,30.0,9-N1-2-B-034901,Hôtel de Ville,Hôtel de Ville,6.0,726.0,36682.33333333333,133531.76392176427,2500.0,0.0,26.51937437492441,2026-04-08 13:54:50.000000000,2026-04-08 13:54:20.000000000,0.0,133.53176392176428,0.0,2.5,0.0,2.5,0.020833333333333332,0.0,False,service
1.0,0.0,228.2941059416939,4.005159753363051,57.0,9-N1-2-B-034901,Hôtel de Ville,Jacobins,6.0,727.0,36739.33333333333,133760.05802770596,11351.497055087,0.0,26.39955301712071,2026-04-08 13:55:47.000000000,2026-04-08 13:54:50.000000000,0.22829410594169391,133.76005802770595,14.418575112106984,11.351497055087,0.0,11.351497055087,0.17973203670554416,0.0,False,service
0.0,0.0,0.0,0.0,30.0,9-N1-2-B-034901,Jacobins,Jacobins,6.0,728.0,36769.33333333333,133760.05802770596,2500.0,0.0,26.385664128231824,2026-04-08 13:56:17.000000000,2026-04-08 13:55:47.000000000,0.0,133.76005802770595,0.0,2.5,0.0,2.5,0.020833333333333332,0.0,False,service
1.0,0.0,326.11241962366006,4.026079254613087,81.0,9-N1-2-B-034901,Jacobins,Emile Zola,6.0,729.0,36850.33333333333,134086.1704473296,11400.121734172237,0.0,26.21466230221924,2026-04-08 13:57:38.000000000,2026-04-08 13:56:17.000000000,0.32611241962366005,134.0861704473296,14.493885316607114,11.400121734172236,0.0,11.400121734172236,0.2565027390188753,0.0,False,service
0.0,0.0,0.0,0.0,30.0,9-N1-2-B-034901,Emile Zola,Emile Zola,6.0,730.0,36880.33333333333,134086.1704473296,2500.0,0.0,26.200773413330353,2026-04-08 13:58:08.000000000,2026-04-08 13:57:38.000000000,0.0,134.0861704473296,0.0,2.5,0.0,2.5,0.020833333333333332,0.0,False,service
1.0,0.0,355.48637357572056,2.1943603307143245,162.0,9-N1-2-B-034901,Emile Zola,Gare du Nord B,6.0,731.0,37042.33333333333,134441.65682090534,7262.471868531566,0.0,25.98289925727441,2026-04-08 14:00:50.000000000,2026-04-08 13:58:08.000000000,0.35548637357572055,134.44165682090534,7.899697190571568,7.2624718685315655,0.0,7.2624718685315655,0.32681123408392043,0.0,False,service
0.0,0.0,0.0,0.0,30.0,9-N1-2-B-034901,Gare du Nord B,Gare du Nord B,6.0,732.0,37072.33333333333,134441.65682090534,2500.0,0.0,25.96901036838551,2026-04-08 14:01:20.000000000,2026-04-08 14:00:50.000000000,0.0,134.44165682090534,0.0,2.5,0.0,2.5,0.020833333333333332,0.0,False,service
1.0,0.0,368.1948881034494,3.95908481831666,93.0,9-N1-2-B-034901,Gare du Nord B,Caserne Dejean,6.0,733.0,37165.33333333333,134809.8517090088,11244.532705520063,0.0,25.77535452734601,2026-04-08 14:02:53.000000000,2026-04-08 14:01:20.000000000,0.3681948881034494,134.8098517090088,14.252705345939976,11.244532705520063,0.0,11.244532705520063,0.2904837615592683,0.0,False,service
0.0,0.0,0.0,0.0,30.0,9-N1-2-B-034901,Caserne Dejean,Caserne Dejean,6.0,734.0,37195.33333333333,134809.8517090088,2500.0,0.0,25.76146563845711,2026-04-08 14:03:23.000000000,2026-04-08 14:02:53.000000000,0.0,134.8098517090088,0.0,2.5,0.0,2.5,0.020833333333333332,0.0,False,service
1.0,0.0,355.3755273513469,3.862777471210292,92.0,9-N1-2-B-034901,Caserne Dejean,Pinceau,6.0,735.0,37287.33333333333,135165.22723636014,11021.525823010094,0.0,25.57369149480583,2026-04-08 14:04:55.000000000,2026-04-08 14:03:23.000000000,0.35537552735134686,135.16522723636012,13.905998896357051,11.021525823010094,0.0,11.021525823010094,0.28166121547692463,0.0,False,service
0.0,0.0,0.0,0.0,30.0,9-N1-2-B-034901,Pinceau,Pinceau,6.0,736.0,37317.33333333333,135165.22723636014,2500.0,0.0,25.559802605916943,2026-04-08 14:05:25.000000000,2026-04-08 14:04:55.000000000,0.0,135.16522723636012,0.0,2.5,0.0,2.5,0.020833333333333332,0.0,False,service
1.0,0.0,447.05548624280317,3.8874390108069843,115.0,9-N1-2-B-034901,Pinceau,L. de Luzarches,6.0,737.0,37432.33333333333,135612.28272260295,11078.55830186122,0.0,25.323870345784698,2026-04-08 14:07:20.000000000,2026-04-08 14:05:25.000000000,0.44705548624280317,135.61228272260294,13.994780438905144,11.07855830186122,0.0,11.07855830186122,0.3538983901983445,0.0,False,service
0.0,0.0,0.0,0.0,30.0,9-N1-2-B-034901,L. de Luzarches,L. de Luzarches,6.0,738.0,37462.33333333333,135612.28272260295,2500.0,0.0,25.309981456895812,2026-04-08 14:07:50.000000000,2026-04-08 14:07:20.000000000,0.0,135.61228272260294,0.0,2.5,0.0,2.5,0.020833333333333332,0.0,False,service
1.0,0.0,324.8685267650074,8.121713169125185,40.0,9-N1-2-B-034901,L. de Luzarches,Egl. St-Acheul,6.0,739.0,37502.33333333333,135937.15124936795,21882.98673915759,0.0,25.147885258827984,2026-04-08 14:08:30.000000000,2026-04-08 14:07:50.000000000,0.3248685267650074,135.93715124936796,29.238167408850664,21.88298673915759,0.0,21.88298673915759,0.24314429710175098,0.0,False,service
0.0,0.0,0.0,0.0,30.0,9-N1-2-B-034901,Egl. St-Acheul,Egl. St-Acheul,6.0,740.0,37532.33333333333,135937.15124936795,2500.0,0.0,25.133996369939098,2026-04-08 14:09:00.000000000,2026-04-08 14:08:30.000000000,0.0,135.93715124936796,0.0,2.5,0.0,2.5,0.020833333333333332,0.0,False,service
1.0,0.0,451.79666905185246,8.214484891851862,55.0,9-N1-2-B-034901,Egl. St-Acheul,Mercey,6.0,741.0,37587.33333333333,136388.9479184198,22148.418284070947,0.0,24.908410628156886,2026-04-08 14:09:55.000000000,2026-04-08 14:09:00.000000000,0.45179666905185245,136.3889479184198,29.572145610666706,22.148418284070946,0.0,22.148418284070946,0.33837861267330616,0.0,False,service
0.0,0.0,0.0,0.0,30.0,9-N1-2-B-034901,Mercey,Mercey,6.0,742.0,37617.33333333333,136388.9479184198,2500.0,0.0,24.894521739268,2026-04-08 14:10:25.000000000,2026-04-08 14:09:55.000000000,0.0,136.3889479184198,0.0,2.5,0.0,2.5,0.020833333333333332,0.0,False,service
1.0,0.0,481.8036462949089,8.166163496523879,59.0,9-N1-2-B-034901,Mercey,Sobo,6.0,743.0,37676.33333333333,136870.7515647147,22009.978589942315,0.0,24.654042343563063,2026-04-08 14:11:24.000000000,2026-04-08 14:10:25.000000000,0.4818036462949089,136.8707515647147,29.398188587485965,22.009978589942314,0.0,22.009978589942314,0.36071909355738796,0.0,False,service
0.0,0.0,0.0,0.0,30.0,9-N1-2-B-034901,Sobo,Sobo,6.0,744.0,37706.33333333333,136870.7515647147,2500.0,0.0,24.640153454674177,2026-04-08 14:11:54.000000000,2026-04-08 14:11:24.000000000,0.0,136.8707515647147,0.0,2.5,0.0,2.5,0.020833333333333332,0.0,False,service
1.0,0.0,707.5852717526406,8.22773571805396,86.0,9-N1-2-B-034901,Sobo,Pont de l'Avre,6.0,745.0,37792.33333333333,137578.33683646735,22186.452600813267,0.0,24.286813653994557,2026-04-08 14:13:20.000000000,2026-04-08 14:11:54.000000000,0.7075852717526405,137.57833683646734,29.61984858499426,22.18645260081327,0.0,22.18645260081327,0.530009701019428,0.0,False,service
0.0,0.0,0.0,0.0,30.0,9-N1-2-B-034901,Pont de l'Avre,Pont de l'Avre,6.0,746.0,37822.33333333333,137578.33683646735,2500.0,0.0,24.272924765105657,2026-04-08 14:13:50.000000000,2026-04-08 14:13:20.000000000,0.0,137.57833683646734,0.0,2.5,0.0,2.5,0.020833333333333332,0.0,False,service
1.0,0.0,296.6141068969825,7.062240640404345,42.0,9-N1-2-B-034901,Pont de l'Avre,Cité du Château,6.0,747.0,37864.33333333333,137874.95094336433,18952.717051821182,0.0,24.12551474359151,2026-04-08 14:14:32.000000000,2026-04-08 14:13:50.000000000,0.2966141068969825,137.87495094336433,25.424066305455643,18.952717051821182,0.0,18.952717051821182,0.22111503227124713,0.0,False,service
0.0,0.0,0.0,0.0,30.0,9-N1-2-B-034901,Cité du Château,Cité du Château,6.0,748.0,37894.33333333333,137874.95094336433,2500.0,0.0,24.11162585470261,2026-04-08 14:15:02.000000000,2026-04-08 14:14:32.000000000,0.0,137.87495094336433,0.0,2.5,0.0,2.5,0.020833333333333332,0.0,False,service
1.0,0.0,332.9543642312839,6.936549254818414,48.0,9-N1-2-B-034901,Cité du Château,La Rose Rouge,6.0,749.0,37942.33333333333,138207.90530759562,18616.73519188507,0.0,23.946143764108072,2026-04-08 14:15:50.000000000,2026-04-08 14:15:02.000000000,0.3329543642312839,138.2079053075956,24.97157731734629,18.61673519188507,0.0,18.61673519188507,0.24822313589180092,0.0,False,service
0.0,0.0,0.0,0.0,30.0,9-N1-2-B-034901,La Rose Rouge,La Rose Rouge,6.0,750.0,37972.33333333333,138207.90530759562,2500.0,0.0,23.932254875219186,2026-04-08 14:16:20.000000000,2026-04-08 14:15:50.000000000,0.0,138.2079053075956,0.0,2.5,0.0,2.5,0.020833333333333332,0.0,False,service
1.0,0.0,225.1396338173497,7.262568832817732,31.0,9-N1-2-B-034901,La Rose Rouge,Poidevin,6.0,751.0,38003.33333333333,138433.04494141295,19493.118954380796,0.0,23.820349933073658,2026-04-08 14:16:51.000000000,2026-04-08 14:16:20.000000000,0.2251396338173497,138.43304494141296,26.145247798143835,19.493118954380797,0.0,19.493118954380797,0.1678574132182791,0.0,False,service
0.0,0.0,0.0,0.0,30.0,9-N1-2-B-034901,Poidevin,Poidevin,6.0,752.0,38033.33333333333,138433.04494141295,2500.0,0.0,23.806461044184772,2026-04-08 14:17:21.000000000,2026-04-08 14:16:51.000000000,0.0,138.43304494141296,0.0,2.5,0.0,2.5,0.020833333333333332,0.0,False,service
1.0,0.0,314.5014195772681,7.147759535847002,44.0,9-N1-2-B-034901,Poidevin,M. de Longueau,6.0,753.0,38077.33333333333,138747.54636099024,19182.665796909016,0.0,23.650157841395142,2026-04-08 14:18:05.000000000,2026-04-08 14:17:21.000000000,0.3145014195772681,138.74754636099024,25.731934329049206,19.182665796909017,0.0,19.182665796909017,0.23445480418444353,0.0,False,service
0.0,0.0,0.0,0.0,30.0,9-N1-2-B-034901,M. de Longueau,M. de Longueau,6.0,754.0,38107.33333333333,138747.54636099024,2500.0,0.0,23.636268952506242,2026-04-08 14:18:35.000000000,2026-04-08 14:18:05.000000000,0.0,138.74754636099024,0.0,2.5,0.0,2.5,0.020833333333333332,0.0,False,service
1.0,0.0,256.63398574137216,6.936053668685734,37.0,9-N1-2-B-034901,M. de Longueau,La Fourche,6.0,755.0,38144.33333333333,139004.18034673162,18615.415085336244,0.0,23.508718886180787,2026-04-08 14:19:12.000000000,2026-04-08 14:18:35.000000000,0.25663398574137214,139.00418034673163,24.96979320726864,18.615415085336245,0.0,18.615415085336245,0.19132509948817805,0.0,False,service
0.0,0.0,0.0,0.0,30.0,9-N1-2-B-034901,La Fourche,La Fourche,6.0,756.0,38174.33333333333,139004.18034673162,2500.0,0.0,23.4948299972919,2026-04-08 14:19:42.000000000,2026-04-08 14:19:12.000000000,0.0,139.00418034673163,0.0,2.5,0.0,2.5,0.020833333333333332,0.0,False,service
1.0,0.0,651.0902221706201,6.643777777251225,98.0,9-N1-2-B-034901,La Fourche,Croix de Fer,6.0,757.0,38272.33333333333,139655.27056890226,17843.08013403265,0.0,23.171011135600196,2026-04-08 14:21:20.000000000,2026-04-08 14:19:42.000000000,0.6510902221706201,139.65527056890227,23.91759999810441,17.84308013403265,0.0,17.84308013403265,0.4857282925375555,0.0,False,service
0.0,0.0,0.0,0.0,30.0,9-N1-2-B-034901,Croix de Fer,Croix de Fer,6.0,758.0,38302.33333333333,139655.27056890226,2500.0,0.0,23.15712224671131,2026-04-08 14:21:50.000000000,2026-04-08 14:21:20.000000000,0.0,139.65527056890227,0.0,2.5,0.0,2.5,0.020833333333333332,0.0,False,service
1.0,0.0,703.41712703917,4.953641739712465,142.0,9-N1-2-B-034901,Croix de Fer,C. Cial Glisy,6.0,759.0,38444.33333333333,140358.68769594142,13596.520036751444,0.0,22.799584127226353,2026-04-08 14:24:12.000000000,2026-04-08 14:21:50.000000000,0.70341712703917,140.35868769594143,17.833110262964873,13.596520036751444,0.0,13.596520036751444,0.5363071792274181,0.0,False,service
0.0,0.0,0.0,0.0,30.0,9-N1-2-B-034901,C. Cial Glisy,C. Cial Glisy,6.0,760.0,38474.33333333333,140358.68769594142,2500.0,0.0,22.785695238337468,2026-04-08 14:24:42.000000000,2026-04-08 14:24:12.000000000,0.0,140.35868769594143,0.0,2.5,0.0,2.5,0.020833333333333332,0.0,False,service
1.0,0.0,136.72688382470434,4.883102993739441,28.0,9-N1-2-B-034901,C. Cial Glisy,Capitaine Nemo,6.0,761.0,38502.33333333333,140495.41457976613,13426.525887753734,0.0,22.716076215215793,2026-04-08 14:25:10.000000000,2026-04-08 14:24:42.000000000,0.13672688382470435,140.49541457976613,17.57917077746199,13.426525887753735,0.0,13.426525887753735,0.10442853468252905,0.0,False,service
0.0,0.0,0.0,0.0,30.0,9-N1-2-B-034901,Capitaine Nemo,Capitaine Nemo,6.0,762.0,38532.33333333333,140495.41457976613,2500.0,0.0,22.702187326326893,2026-04-08 14:25:40.000000000,2026-04-08 14:25:10.000000000,0.0,140.49541457976613,0.0,2.5,0.0,2.5,0.020833333333333332,0.0,False,service
1.0,0.0,323.4478124594319,2.488060095841784,130.0,9-N1-2-B-034901,Capitaine Nemo,Pôle J. Verne,6.0,763.0,38662.33333333333,140818.86239222556,7911.995684014774,0.0,22.511713356156164,2026-04-08 14:27:50.000000000,2026-04-08 14:25:40.000000000,0.3234478124594319,140.81886239222555,8.957016345030421,7.911995684014775,0.0,7.911995684014775,0.2857109552560891,0.0,False,service
0.0,0.0,0.0,0.0,30.0,9-N1-2-B-034901,Pôle J. Verne,Pôle J. Verne,6.0,764.0,38692.33333333333,140818.86239222556,2500.0,0.0,22.49782446726728,2026-04-08 14:28:20.000000000,2026-04-08 14:27:50.000000000,0.0,140.81886239222555,0.0,2.5,0.0,2.5,0.020833333333333332,0.0,False,service
1.0,0.0,334.0181708930427,4.7044812801837,71.0,9-N1-4-B-035101,Pôle J. Verne,Capitaine Nemo,6.0,765.0,38763.33333333333,141152.8805631186,12998.346897480362,0.0,22.326920276578193,2026-04-08 14:29:31.000000000,2026-04-08 14:28:20.000000000,0.3340181708930427,141.1528805631186,16.93613260866132,12.998346897480362,0.0,12.998346897480362,0.25635628603364047,0.0,False,service
0.0,0.0,0.0,0.0,30.0,9-N1-4-B-035101,Capitaine Nemo,Capitaine Nemo,6.0,766.0,38793.33333333333,141152.8805631186,2500.0,0.0,22.313031387689293,2026-04-08 14:30:01.000000000,2026-04-08 14:29:31.000000000,0.0,141.1528805631186,0.0,2.5,0.0,2.5,0.020833333333333332,0.0,False,service
1.0,0.0,122.91799931516653,5.8532380626269775,21.0,9-N1-4-B-035101,Capitaine Nemo,C. Cial Glisy,6.0,767.0,38814.33333333333,141275.79856243377,15812.917585812425,0.0,22.251536708188908,2026-04-08 14:30:22.000000000,2026-04-08 14:30:01.000000000,0.12291799931516653,141.27579856243378,21.07165702545712,15.812917585812425,0.0,15.812917585812425,0.09224201925057249,0.0,False,service
0.0,0.0,0.0,0.0,30.0,9-N1-4-B-035101,C. Cial Glisy,C. Cial Glisy,6.0,768.0,38844.33333333333,141275.79856243377,2500.0,0.0,22.237647819300022,2026-04-08 14:30:52.000000000,2026-04-08 14:30:22.000000000,0.0,141.27579856243378,0.0,2.5,0.0,2.5,0.020833333333333332,0.0,False,service
1.0,0.0,685.9620842301216,4.6664087362593305,147.0,9-N1-4-B-035101,C. Cial Glisy,Croix de Fer,6.0,769.0,38991.33333333333,141961.7606466639,12907.4980317801,0.0,21.886277039546016,2026-04-08 14:33:19.000000000,2026-04-08 14:30:52.000000000,0.6859620842301216,141.9617606466639,16.79907145053359,12.9074980317801,0.0,12.9074980317801,0.5270561696310208,0.0,False,service
0.0,0.0,0.0,0.0,30.0,9-N1-4-B-035101,Croix de Fer,Croix de Fer,6.0,770.0,39021.33333333333,141961.7606466639,2500.0,0.0,21.872388150657116,2026-04-08 14:33:49.000000000,2026-04-08 14:33:19.000000000,0.0,141.9617606466639,0.0,2.5,0.0,2.5,0.020833333333333332,0.0,False,service
1.0,0.0,746.5227463047001,6.912247650969446,108.0,9-N1-4-B-035101,Croix de Fer,La Fourche,6.0,771.0,39129.33333333333,142708.2833929686,18552.04485821827,0.0,21.501347253492753,2026-04-08 14:35:37.000000000,2026-04-08 14:33:49.000000000,0.7465227463047002,142.70828339296858,24.88409154349001,18.55204485821827,0.0,18.55204485821827,0.5565613457465481,0.0,False,service
0.0,0.0,0.0,0.0,30.0,9-N1-4-B-035101,La Fourche,La Fourche,6.0,772.0,39159.33333333333,142708.2833929686,2500.0,0.0,21.487458364603867,2026-04-08 14:36:07.000000000,2026-04-08 14:35:37.000000000,0.0,142.70828339296858,0.0,2.5,0.0,2.5,0.020833333333333332,0.0,False,service
1.0,0.0,236.45430499839583,7.38919703119987,32.0,9-N1-4-B-035101,La Fourche,M. de Longueau,6.0,773.0,39191.33333333333,142944.73769796698,19837.888242149456,0.0,21.369900508354092,2026-04-08 14:36:39.000000000,2026-04-08 14:36:07.000000000,0.23645430499839581,142.94473769796699,26.60110931231953,19.837888242149457,0.0,19.837888242149457,0.17633678437466183,0.0,False,service
0.0,0.0,0.0,0.0,30.0,9-N1-4-B-035101,M. de Longueau,M. de Longueau,6.0,774.0,39221.33333333333,142944.73769796698,2500.0,0.0,21.356011619465193,2026-04-08 14:37:09.000000000,2026-04-08 14:36:39.000000000,0.0,142.94473769796699,0.0,2.5,0.0,2.5,0.020833333333333332,0.0,False,service
1.0,0.0,238.2314886825274,7.219136020682649,33.0,9-N1-4-B-035101,M. de Longueau,Poidevin,6.0,775.0,39254.33333333333,143182.9691866495,19375.436167720003,0.0,21.23760617621801,2026-04-08 14:37:42.000000000,2026-04-08 14:37:09.000000000,0.23823148868252741,143.1829691866495,25.98888967445754,19.375436167720004,0.0,19.375436167720004,0.1776081648707667,0.0,False,service
0.0,0.0,0.0,0.0,30.0,9-N1-4-B-035101,Poidevin,Poidevin,6.0,776.0,39284.33333333333,143182.9691866495,2500.0,0.0,21.223717287329123,2026-04-08 14:38:12.000000000,2026-04-08 14:37:42.000000000,0.0,143.1829691866495,0.0,2.5,0.0,2.5,0.020833333333333332,0.0,False,service
1.0,0.0,283.0530932557657,7.257771621942711,39.0,9-N1-4-B-035101,Poidevin,La Rose Rouge,6.0,777.0,39323.33333333333,143466.02227990527,19480.106487676945,0.0,21.083027629362576,2026-04-08 14:38:51.000000000,2026-04-08 14:38:12.000000000,0.2830530932557657,143.46602227990527,26.127977838993758,19.480106487676945,0.0,19.480106487676945,0.2110344869498336,0.0,False,service
0.0,0.0,0.0,0.0,30.0,9-N1-4-B-035101,La Rose Rouge,La Rose Rouge,6.0,778.0,39353.33333333333,143466.02227990527,2500.0,0.0,21.069138740473676,2026-04-08 14:39:21.000000000,2026-04-08 14:38:51.000000000,0.0,143.46602227990527,0.0,2.5,0.0,2.5,0.020833333333333332,0.0,False,service
1.0,0.0,382.52636844861735,7.356276316319565,52.0,9-N1-4-B-035101,La Rose Rouge,Cité du Château,6.0,779.0,39405.33333333333,143848.5486483539,19748.01525501541,0.0,20.878972667647616,2026-04-08 14:40:13.000000000,2026-04-08 14:39:21.000000000,0.38252636844861737,143.8485486483539,26.482594738750432,19.74801525501541,0.0,19.74801525501541,0.28524910923911145,0.0,False,service
0.0,0.0,0.0,0.0,30.0,9-N1-4-B-035101,Cité du Château,Cité du Château,6.0,780.0,39435.33333333333,143848.5486483539,2500.0,0.0,20.865083778758716,2026-04-08 14:40:43.000000000,2026-04-08 14:40:13.000000000,0.0,143.8485486483539,0.0,2.5,0.0,2.5,0.020833333333333332,0.0,False,service
1.0,0.0,259.04003764462647,7.195556601239624,36.0,9-N1-4-B-035101,Cité du Château,Pont de l'Avre,6.0,781.0,39471.33333333333,144107.58868599852,19311.6680021364,0.0,20.73633932541115,2026-04-08 14:41:19.000000000,2026-04-08 14:40:43.000000000,0.25904003764462646,144.1075886859985,25.904003764462647,19.3116680021364,0.0,19.3116680021364,0.193116680021364,0.0,False,service
0.0,0.0,0.0,0.0,30.0,9-N1-4-B-035101,Pont de l'Avre,Pont de l'Avre,6.0,782.0,39501.33333333333,144107.58868599852,2500.0,0.0,20.72245043652225,2026-04-08 14:41:49.000000000,2026-04-08 14:41:19.000000000,0.0,144.1075886859985,0.0,2.5,0.0,2.5,0.020833333333333332,0.0,False,service
1.0,0.0,778.6426370279388,6.655065273743067,117.0,9-N1-4-B-035101,Pont de l'Avre,Sobo,6.0,783.0,39618.33333333333,144886.23132302647,17872.680225978973,0.0,20.33520903162605,2026-04-08 14:43:46.000000000,2026-04-08 14:41:49.000000000,0.7786426370279388,144.88623132302646,23.95823498547504,17.87268022597897,0.0,17.87268022597897,0.5808621073443166,0.0,False,service
0.0,0.0,0.0,0.0,30.0,9-N1-4-B-035101,Sobo,Sobo,6.0,784.0,39648.33333333333,144886.23132302647,2500.0,0.0,20.32132014273715,2026-04-08 14:44:16.000000000,2026-04-08 14:43:46.000000000,0.0,144.88623132302646,0.0,2.5,0.0,2.5,0.020833333333333332,0.0,False,service
1.0,0.0,494.86888000554234,6.598251733407231,75.0,9-N1-4-B-035101,Sobo,Mercey,6.0,785.0,39723.33333333333,145381.10020303202,17723.87559643727,0.0,20.075155203897737,2026-04-08 14:45:31.000000000,2026-04-08 14:44:16.000000000,0.49486888000554236,145.38110020303202,23.753706240266034,17.723875596437267,0.0,17.723875596437267,0.36924740825910973,0.0,False,service
0.0,0.0,0.0,0.0,30.0,9-N1-4-B-035101,Mercey,Mercey,6.0,786.0,39753.33333333333,145381.10020303202,2500.0,0.0,20.06126631500885,2026-04-08 14:46:01.000000000,2026-04-08 14:45:31.000000000,0.0,145.38110020303202,0.0,2.5,0.0,2.5,0.020833333333333332,0.0,False,service
1.0,0.0,443.51095510688015,6.71986295616485,66.0,9-N1-4-B-035101,Mercey,Egl. St-Acheul,6.0,787.0,39819.33333333333,145824.6111581389,18042.95332249385,0.0,19.840741329956145,2026-04-08 14:47:07.000000000,2026-04-08 14:46:01.000000000,0.44351095510688016,145.8246111581389,24.191506642193463,18.04295332249385,0.0,18.04295332249385,0.3307874775790539,0.0,False,service
0.0,0.0,0.0,0.0,30.0,9-N1-4-B-035101,Egl. St-Acheul,Egl. St-Acheul,6.0,788.0,39849.33333333333,145824.6111581389,2500.0,0.0,19.82685244106726,2026-04-08 14:47:37.000000000,2026-04-08 14:47:07.000000000,0.0,145.8246111581389,0.0,2.5,0.0,2.5,0.020833333333333332,0.0,False,service
1.0,0.0,277.40496861036326,6.604880205008649,42.0,9-N1-4-B-035101,Egl. St-Acheul,L. de Luzarches,6.0,789.0,39891.33333333333,146102.01612674925,17741.21336558846,0.0,19.688865226001568,2026-04-08 14:48:19.000000000,2026-04-08 14:47:37.000000000,0.27740496861036323,146.10201612674925,23.777568738031135,17.74121336558846,0.0,17.74121336558846,0.20698082259853207,0.0,False,service
0.0,0.0,0.0,0.0,30.0,9-N1-4-B-035101,L. de Luzarches,L. de Luzarches,6.0,790.0,39921.33333333333,146102.01612674925,2500.0,0.0,19.674976337112668,2026-04-08 14:48:49.000000000,2026-04-08 14:48:19.000000000,0.0,146.10201612674925,0.0,2.5,0.0,2.5,0.020833333333333332,0.0,False,service
1.0,0.0,343.1323580300078,3.855419753146155,89.0,9-N1-4-B-035101,L. de Luzarches,Pinceau,6.0,791.0,40010.33333333333,146445.14848477926,11004.519972906111,0.0,19.493605544966627,2026-04-08 14:50:18.000000000,2026-04-08 14:48:49.000000000,0.3431323580300078,146.44514848477925,13.879511111326158,11.004519972906111,0.0,11.004519972906111,0.27205618821906774,0.0,False,service
0.0,0.0,0.0,0.0,30.0,9-N1-4-B-035101,Pinceau,Pinceau,6.0,792.0,40040.33333333333,146445.14848477926,2500.0,0.0,19.47971665607774,2026-04-08 14:50:48.000000000,2026-04-08 14:50:18.000000000,0.0,146.44514848477925,0.0,2.5,0.0,2.5,0.020833333333333332,0.0,False,service
1.0,0.0,405.8966158731125,3.793426316571145,107.0,9-N1-4-B-035101,Pinceau,Caserne Dejean,6.0,793.0,40147.33333333333,146851.04510065238,10861.409934698444,0.0,19.264499829593902,2026-04-08 14:52:35.000000000,2026-04-08 14:50:48.000000000,0.40589661587311254,146.85104510065239,13.656334739656122,10.861409934698443,0.0,10.861409934698443,0.32282523972575927,0.0,False,service
0.0,0.0,0.0,0.0,30.0,9-N1-4-B-035101,Caserne Dejean,Caserne Dejean,6.0,794.0,40177.33333333333,146851.04510065238,2500.0,0.0,19.250610940705002,2026-04-08 14:53:05.000000000,2026-04-08 14:52:35.000000000,0.0,146.85104510065239,0.0,2.5,0.0,2.5,0.020833333333333332,0.0,False,service
1.0,0.0,391.6364257160486,3.7657348626543135,104.0,9-N1-4-B-035101,Caserne Dejean,Gare du Nord A,6.0,795.0,40281.33333333333,147242.68152636843,10797.585272349694,0.0,19.04265744657087,2026-04-08 14:54:49.000000000,2026-04-08 14:53:05.000000000,0.3916364257160486,147.24268152636841,13.55664550555553,10.797585272349695,0.0,10.797585272349695,0.31193024120121343,0.0,False,service
0.0,0.0,0.0,0.0,30.0,9-N1-4-B-035101,Gare du Nord A,Gare du Nord A,6.0,796.0,40311.33333333333,147242.68152636843,2500.0,0.0,19.02876855768197,2026-04-08 14:55:19.000000000,2026-04-08 14:54:49.000000000,0.0,147.24268152636841,0.0,2.5,0.0,2.5,0.020833333333333332,0.0,False,service
1.0,0.0,327.94171057791687,2.2158223687697087,148.0,9-N1-4-B-035101,Gare du Nord A,René Goblet,6.0,797.0,40459.33333333333,147570.62323694635,7309.793127281074,0.0,18.828426079378715,2026-04-08 14:57:47.000000000,2026-04-08 14:55:19.000000000,0.3279417105779169,147.57062323694635,7.976960527570951,7.309793127281074,0.0,7.309793127281074,0.3005137174548886,0.0,False,service
0.0,0.0,0.0,0.0,30.0,9-N1-4-B-035101,René Goblet,René Goblet,6.0,798.0,40489.33333333333,147570.62323694635,2500.0,0.0,18.814537190489816,2026-04-08 14:58:17.000000000,2026-04-08 14:57:47.000000000,0.0,147.57062323694635,0.0,2.5,0.0,2.5,0.020833333333333332,0.0,False,service
1.0,0.0,225.21730590675048,4.170690850125009,54.0,9-N1-4-B-035101,René Goblet,P. de Justice,6.0,799.0,40543.33333333333,147795.8405428531,11737.285646721439,0.0,18.697164334022602,2026-04-08 14:59:11.000000000,2026-04-08 14:58:17.000000000,0.2252173059067505,147.7958405428531,15.014487060450033,11.737285646721439,0.0,11.737285646721439,0.17605928470082158,0.0,False,service
0.0,0.0,0.0,0.0,30.0,9-N1-4-B-035101,P. de Justice,P. de Justice,6.0,800.0,40573.33333333333,147795.8405428531,2500.0,0.0,18.683275445133717,2026-04-08 14:59:41.000000000,2026-04-08 14:59:11.000000000,0.0,147.7958405428531,0.0,2.5,0.0,2.5,0.020833333333333332,0.0,False,service
1.0,0.0,229.9992746993994,3.965504736196541,58.0,9-N1-4-B-035101,P. de Justice,Dusevel,6.0,801.0,40631.33333333333,148025.8398175525,11259.425997860737,0.0,18.56234086960113,2026-04-08 15:00:39.000000000,2026-04-08 14:59:41.000000000,0.2299992746993994,148.0258398175525,14.275817050307548,11.259425997860737,0.0,11.259425997860737,0.18140186329886743,0.0,False,service
0.0,0.0,0.0,0.0,30.0,9-N1-4-B-035101,Dusevel,Dusevel,6.0,802.0,40661.33333333333,148025.8398175525,2500.0,0.0,18.548451980712244,2026-04-08 15:01:09.000000000,2026-04-08 15:00:39.000000000,0.0,148.0258398175525,0.0,2.5,0.0,2.5,0.020833333333333332,0.0,False,service
1.0,0.0,218.8226139254244,3.587255965990564,61.0,9-N1-4-B-035101,Dusevel,Beffroi,6.0,803.0,40722.33333333333,148244.66243147792,10387.6685654154,0.0,18.431109798769583,2026-04-08 15:02:10.000000000,2026-04-08 15:01:09.000000000,0.2188226139254244,148.2446624314779,12.914121477566031,10.387668565415401,0.0,10.387668565415401,0.1760132729139832,0.0,False,service
0.0,0.0,0.0,0.0,30.0,9-N1-4-B-035101,Beffroi,Beffroi,6.0,804.0,40752.33333333333,148244.66243147792,2500.0,0.0,18.417220909880697,2026-04-08 15:02:40.000000000,2026-04-08 15:02:10.000000000,0.0,148.2446624314779,0.0,2.5,0.0,2.5,0.020833333333333332,0.0,False,service
1.0,0.0,189.07722066752729,3.501430012361616,54.0,9-N1-4-B-035101,Beffroi,Place du Marché,6.0,805.0,40806.33333333333,148433.73965214545,10191.420812679045,0.0,18.31530670175391,2026-04-08 15:03:34.000000000,2026-04-08 15:02:40.000000000,0.18907722066752727,148.43373965214545,12.605148044501819,10.191420812679045,0.0,10.191420812679045,0.15287131219018568,0.0,False,service
0.0,0.0,0.0,0.0,30.0,9-N1-4-B-035101,Place du Marché,Place du Marché,6.0,806.0,40836.33333333333,148433.73965214545,2500.0,0.0,18.30141781286501,2026-04-08 15:04:04.000000000,2026-04-08 15:03:34.000000000,0.0,148.43373965214545,0.0,2.5,0.0,2.5,0.020833333333333332,0.0,False,service
1.0,0.0,171.78613535708172,3.817469674601816,45.0,9-N1-4-B-035101,Place du Marché,M. Culture B,6.0,807.0,40881.33333333333,148605.52578750253,10916.87632541456,0.0,18.210443843486573,2026-04-08 15:04:49.000000000,2026-04-08 15:04:04.000000000,0.17178613535708173,148.60552578750253,13.742890828566539,10.91687632541456,0.0,10.91687632541456,0.136460954067682,0.0,False,service
0.0,0.0,0.0,0.0,30.0,9-N1-4-B-035101,M. Culture B,M. Culture B,6.0,808.0,40911.33333333333,148605.52578750253,2500.0,0.0,18.196554954597673,2026-04-08 15:05:19.000000000,2026-04-08 15:04:49.000000000,0.0,148.60552578750253,0.0,2.5,0.0,2.5,0.020833333333333332,0.0,False,service
1.0,0.0,291.81191051704656,6.07941480243847,48.0,9-N1-4-B-035101,M. Culture B,Saint-Jacques,6.0,809.0,40959.33333333333,148897.33769801958,16385.370113942587,0.0,18.050907220251517,2026-04-08 15:06:07.000000000,2026-04-08 15:05:19.000000000,0.2918119105170466,148.89733769801958,21.885893288778494,16.385370113942585,0.0,16.385370113942585,0.2184716015192345,0.0,False,service
0.0,0.0,0.0,0.0,30.0,9-N1-4-B-035101,Saint-Jacques,Saint-Jacques,6.0,810.0,40989.33333333333,148897.33769801958,2500.0,0.0,18.03701833136263,2026-04-08 15:06:37.000000000,2026-04-08 15:06:07.000000000,0.0,148.89733769801958,0.0,2.5,0.0,2.5,0.020833333333333332,0.0,False,service
1.0,0.0,350.7042974526486,5.656520926655622,62.0,9-N1-4-B-035101,Saint-Jacques,Jean Jaurès,6.0,811.0,41051.33333333333,149248.04199547222,15320.20185396715,0.0,17.86111971748376,2026-04-08 15:07:39.000000000,2026-04-08 15:06:37.000000000,0.3507042974526486,149.24804199547222,20.36347533596024,15.32020185396715,0.0,15.32020185396715,0.26384792081832315,0.0,False,service
0.0,0.0,0.0,0.0,30.0,9-N1-4-B-035101,Jean Jaurès,Jean Jaurès,6.0,812.0,41081.33333333333,149248.04199547222,2500.0,0.0,17.84723082859486,2026-04-08 15:08:09.000000000,2026-04-08 15:07:39.000000000,0.0,149.24804199547222,0.0,2.5,0.0,2.5,0.020833333333333332,0.0,False,service
1.0,0.0,402.8160957322576,5.5946679962813555,72.0,9-N1-4-B-035101,Jean Jaurès,Zoo d'Amiens,6.0,813.0,41153.33333333333,149650.85809120449,15166.246752306562,0.0,17.64501420523078,2026-04-08 15:09:21.000000000,2026-04-08 15:08:09.000000000,0.40281609573225763,149.6508580912045,20.14080478661288,15.166246752306563,0.0,15.166246752306563,0.3033249350461313,0.0,False,service
0.0,0.0,0.0,0.0,30.0,9-N1-4-B-035101,Zoo d'Amiens,Zoo d'Amiens,6.0,814.0,41183.33333333333,149650.85809120449,2500.0,0.0,17.631125316341894,2026-04-08 15:09:51.000000000,2026-04-08 15:09:21.000000000,0.0,149.6508580912045,0.0,2.5,0.0,2.5,0.020833333333333332,0.0,False,service
1.0,0.0,376.38436041502575,5.790528621769627,65.0,9-N1-4-B-035101,Zoo d'Amiens,Egl. St-Firmin,6.0,815.0,41248.33333333333,150027.2424516195,15655.335649169396,0.0,17.442681461305583,2026-04-08 15:10:56.000000000,2026-04-08 15:09:51.000000000,0.37638436041502576,150.02724245161951,20.845903038370658,15.655335649169396,0.0,15.655335649169396,0.2826657825544474,0.0,False,service
0.0,0.0,0.0,0.0,30.0,9-N1-4-B-035101,Egl. St-Firmin,Egl. St-Firmin,6.0,816.0,41278.33333333333,150027.2424516195,2500.0,0.0,17.428792572416697,2026-04-08 15:11:26.000000000,2026-04-08 15:10:56.000000000,0.0,150.02724245161951,0.0,2.5,0.0,2.5,0.020833333333333332,0.0,False,service
1.0,0.0,300.7481358168622,5.674493128620042,53.0,9-N1-4-B-035101,Egl. St-Firmin,Faubourg de Hem,6.0,817.0,41331.33333333333,150327.99058743636,15365.021453635112,0.0,17.277987732223608,2026-04-08 15:12:19.000000000,2026-04-08 15:11:26.000000000,0.3007481358168622,150.32799058743637,20.428175263032152,15.365021453635112,0.0,15.365021453635112,0.22620726028962804,0.0,False,service
0.0,0.0,0.0,0.0,30.0,9-N1-4-B-035101,Faubourg de Hem,Faubourg de Hem,6.0,818.0,41361.33333333333,150327.99058743636,2500.0,0.0,17.264098843334722,2026-04-08 15:12:49.000000000,2026-04-08 15:12:19.000000000,0.0,150.32799058743637,0.0,2.5,0.0,2.5,0.020833333333333332,0.0,False,service
1.0,0.0,242.018982618479,5.5004314231472495,44.0,9-N1-4-B-035101,Faubourg de Hem,Espace Alliance,6.0,819.0,41405.33333333333,150570.00957005483,14932.558498063929,0.0,17.14242614446161,2026-04-08 15:13:33.000000000,2026-04-08 15:12:49.000000000,0.24201898261847898,150.57000957005482,19.8015531233301,14.932558498063928,0.0,14.932558498063928,0.18250904830967024,0.0,False,service
0.0,0.0,0.0,0.0,30.0,9-N1-4-B-035101,Espace Alliance,Espace Alliance,6.0,820.0,41435.33333333333,150570.00957005483,2500.0,0.0,17.128537255572724,2026-04-08 15:14:03.000000000,2026-04-08 15:13:33.000000000,0.0,150.57000957005482,0.0,2.5,0.0,2.5,0.020833333333333332,0.0,False,service
1.0,0.0,512.4653653664171,5.631487531499089,91.0,9-N1-4-B-035101,Espace Alliance,Sully,6.0,821.0,41526.33333333333,151082.47493542125,15257.837425164176,0.0,16.87141443970421,2026-04-08 15:15:34.000000000,2026-04-08 15:14:03.000000000,0.5124653653664172,151.08247493542126,20.273355113396722,15.257837425164176,0.0,15.257837425164176,0.38568422380276113,0.0,False,service
0.0,0.0,0.0,0.0,30.0,9-N1-4-B-035101,Sully,Sully,6.0,822.0,41556.33333333333,151082.47493542125,2500.0,0.0,16.857525550815325,2026-04-08 15:16:04.000000000,2026-04-08 15:15:34.000000000,0.0,151.08247493542126,0.0,2.5,0.0,2.5,0.020833333333333332,0.0,False,service
1.0,0.0,581.4235833007191,5.537367460006848,105.0,9-N1-4-B-035101,Sully,Place la Barre,6.0,823.0,41661.33333333333,151663.89851872198,15024.028151252374,0.0,16.56539167009653,2026-04-08 15:17:49.000000000,2026-04-08 15:16:04.000000000,0.5814235833007191,151.663898518722,19.934522856024653,15.024028151252374,0.0,15.024028151252374,0.43820082107819425,0.0,False,service
0.0,0.0,0.0,0.0,30.0,9-N1-4-B-035101,Place la Barre,Place la Barre,6.0,824.0,41691.33333333333,151663.89851872198,2500.0,0.0,16.551502781207645,2026-04-08 15:18:19.000000000,2026-04-08 15:17:49.000000000,0.0,151.663898518722,0.0,2.5,0.0,2.5,0.020833333333333332,0.0,False,service
1.0,0.0,321.16148117311843,4.654514219900267,69.0,9-N1-4-B-035101,Place la Barre,La Fontaine,6.0,825.0,41760.33333333333,151985.0599998951,12879.144765057834,0.0,16.386935931431907,2026-04-08 15:19:28.000000000,2026-04-08 15:18:19.000000000,0.32116148117311843,151.9850599998951,16.75625119164096,12.879144765057834,0.0,12.879144765057834,0.24685027466360848,0.0,False,service
0.0,0.0,0.0,0.0,30.0,9-N1-4-B-035101,La Fontaine,La Fontaine,6.0,826.0,41790.33333333333,151985.0599998951,2500.0,0.0,16.373047042543007,2026-04-08 15:19:58.000000000,2026-04-08 15:19:28.000000000,0.0,151.9850599998951,0.0,2.5,0.0,2.5,0.020833333333333332,0.0,False,service
1.0,0.0,233.68404358993675,5.31100099068038,44.0,9-N1-4-B-035101,La Fontaine,Les Coursives,6.0,827.0,41834.33333333333,152218.74404348506,14465.925742583915,0.0,16.25517653649233,2026-04-08 15:20:42.000000000,2026-04-08 15:19:58.000000000,0.23368404358993675,152.21874404348506,19.11960356644937,14.465925742583915,0.0,14.465925742583915,0.17680575907602564,0.0,False,service
0.0,0.0,0.0,0.0,30.0,9-N1-4-B-035101,Les Coursives,Les Coursives,6.0,828.0,41864.33333333333,152218.74404348506,2500.0,0.0,16.24128764760343,2026-04-08 15:21:12.000000000,2026-04-08 15:20:42.000000000,0.0,152.21874404348506,0.0,2.5,0.0,2.5,0.020833333333333332,0.0,False,service
1.0,0.0,293.0331102299119,5.327874731452944,55.0,9-N1-4-B-035101,Les Coursives,Languedoc,6.0,829.0,41919.33333333333,152511.77715371497,14507.32542544115,0.0,16.093527851603568,2026-04-08 15:22:07.000000000,2026-04-08 15:21:12.000000000,0.2930331102299119,152.51177715371497,19.1803490332306,14.507325425441149,0.0,14.507325425441149,0.22163969399979536,0.0,False,service
0.0,0.0,0.0,0.0,30.0,9-N1-4-B-035101,Languedoc,Languedoc,6.0,830.0,41949.33333333333,152511.77715371497,2500.0,0.0,16.079638962714668,2026-04-08 15:22:37.000000000,2026-04-08 15:22:07.000000000,0.0,152.51177715371497,0.0,2.5,0.0,2.5,0.020833333333333332,0.0,False,service
1.0,0.0,320.6006811443548,4.007508514304435,80.0,9-N1-4-B-035101,Languedoc,Collège R.Parks,6.0,831.0,42029.33333333333,152832.37783485933,11356.954589578385,0.0,15.911387783609811,2026-04-08 15:23:57.000000000,2026-04-08 15:22:37.000000000,0.3206006811443548,152.83237783485933,14.427030651495967,11.356954589578384,0.0,11.356954589578384,0.2523767686572974,0.0,False,service
0.0,0.0,0.0,0.0,30.0,9-N1-4-B-035101,Collège R.Parks,Collège R.Parks,6.0,832.0,42059.33333333333,152832.37783485933,2500.0,0.0,15.897498894720911,2026-04-08 15:24:27.000000000,2026-04-08 15:23:57.000000000,0.0,152.83237783485933,0.0,2.5,0.0,2.5,0.020833333333333332,0.0,False,service
1.0,0.0,270.8261413947126,5.0152989147169,54.0,9-N1-4-B-035101,Collège R.Parks,Martinique,6.0,833.0,42113.33333333333,153103.20397625404,13745.538236155448,0.0,15.760043512359374,2026-04-08 15:25:21.000000000,2026-04-08 15:24:27.000000000,0.27082614139471256,153.10320397625404,18.05507609298084,13.745538236155447,0.0,13.745538236155447,0.20618307354233173,0.0,False,service
0.0,0.0,0.0,0.0,30.0,9-N1-4-B-035101,Martinique,Martinique,6.0,834.0,42143.33333333333,153103.20397625404,2500.0,0.0,15.746154623470474,2026-04-08 15:25:51.000000000,2026-04-08 15:25:21.000000000,0.0,153.10320397625404,0.0,2.5,0.0,2.5,0.020833333333333332,0.0,False,service
1.0,0.0,274.08690803195344,2.3227704070504527,118.0,9-N1-4-B-035101,Martinique,Etouvie Quai A,6.0,835.0,42261.33333333333,153377.290884286,7545.9279119890025,0.0,15.581262124652937,2026-04-08 15:27:49.000000000,2026-04-08 15:25:51.000000000,0.27408690803195346,153.377290884286,8.361973465381629,7.545927911989002,0.0,7.545927911989002,0.2473387482263062,0.0,False,service
1.0,0.0,241.9015249612658,4.319670088594032,56.0,9-N1-2-B-034901,Etouvie Quai A,Martinique,7.0,836.0,42317.33333333333,153619.19240924725,12086.56880128932,0.0,15.455919929676611,2026-04-08 15:28:45.000000000,2026-04-08 15:27:49.000000000,0.2419015249612658,153.61919240924723,15.550812318938515,12.08656880128932,0.0,12.08656880128932,0.18801329246450055,0.0,False,service
0.0,0.0,0.0,0.0,30.0,9-N1-2-B-034901,Martinique,Martinique,7.0,837.0,42347.33333333333,153619.19240924725,2500.0,0.0,15.442031040787725,2026-04-08 15:29:15.000000000,2026-04-08 15:28:45.000000000,0.0,153.61919240924723,0.0,2.5,0.0,2.5,0.020833333333333332,0.0,False,service
1.0,0.0,330.7630000086095,4.9367611941583505,67.0,9-N1-2-B-034901,Martinique,Collège R.Parks,7.0,838.0,42414.33333333333,153949.95540925587,13555.791611470482,0.0,15.27383881153429,2026-04-08 15:30:22.000000000,2026-04-08 15:29:15.000000000,0.3307630000086095,153.94995540925586,17.77234029897006,13.555791611470482,0.0,13.555791611470482,0.2522883438801451,0.0,False,service
0.0,0.0,0.0,0.0,30.0,9-N1-2-B-034901,Collège R.Parks,Collège R.Parks,7.0,839.0,42444.33333333333,153949.95540925587,2500.0,0.0,15.259949922645404,2026-04-08 15:30:52.000000000,2026-04-08 15:30:22.000000000,0.0,153.94995540925586,0.0,2.5,0.0,2.5,0.020833333333333332,0.0,False,service
1.0,0.0,296.81987678393193,4.01107941599908,74.0,9-N1-2-B-034901,Collège R.Parks,Languedoc,7.0,840.0,42518.33333333333,154246.7752860398,11365.252764990835,0.0,15.104203866236261,2026-04-08 15:32:06.000000000,2026-04-08 15:30:52.000000000,0.29681987678393196,154.2467752860398,14.439885897596689,11.365252764990835,0.0,11.365252764990835,0.23361908461370048,0.0,False,service
0.0,0.0,0.0,0.0,30.0,9-N1-2-B-034901,Languedoc,Languedoc,7.0,841.0,42548.33333333333,154246.7752860398,2500.0,0.0,15.090314977347376,2026-04-08 15:32:36.000000000,2026-04-08 15:32:06.000000000,0.0,154.2467752860398,0.0,2.5,0.0,2.5,0.020833333333333332,0.0,False,service
1.0,0.0,297.726462758007,5.316543977821554,56.0,9-N1-2-B-034901,Languedoc,Les coursives,7.0,842.0,42604.33333333333,154544.5017487978,14479.52190452762,0.0,14.940156972411529,2026-04-08 15:33:32.000000000,2026-04-08 15:32:36.000000000,0.297726462758007,154.5445017487978,19.139558320157594,14.479521904527621,0.0,14.479521904527621,0.22523700740376298,0.0,False,service
0.0,0.0,0.0,0.0,30.0,9-N1-2-B-034901,Les coursives,Les coursives,7.0,843.0,42634.33333333333,154544.5017487978,2500.0,0.0,14.926268083522643,2026-04-08 15:34:02.000000000,2026-04-08 15:33:32.000000000,0.0,154.5445017487978,0.0,2.5,0.0,2.5,0.020833333333333332,0.0,False,service
1.0,0.0,227.94980309080773,5.065551179795728,45.0,9-N1-2-B-034901,Les coursives,La Fontaine,7.0,844.0,42679.33333333333,154772.4515518886,13867.291099605594,0.0,14.810707324359257,2026-04-08 15:34:47.000000000,2026-04-08 15:34:02.000000000,0.22794980309080773,154.7724515518886,18.23598424726462,13.867291099605595,0.0,13.867291099605595,0.17334113874506996,0.0,False,service
0.0,0.0,0.0,0.0,30.0,9-N1-2-B-034901,La Fontaine,La Fontaine,7.0,845.0,42709.33333333333,154772.4515518886,2500.0,0.0,14.796818435470371,2026-04-08 15:35:17.000000000,2026-04-08 15:34:47.000000000,0.0,154.7724515518886,0.0,2.5,0.0,2.5,0.020833333333333332,0.0,False,service
1.0,0.0,278.8940733458619,4.572033989276425,61.0,9-N1-2-B-034901,La Fontaine,Place la Barre,7.0,846.0,42770.33333333333,155051.34562523448,12682.916941634749,0.0,14.653548447796354,2026-04-08 15:36:18.000000000,2026-04-08 15:35:17.000000000,0.2788940733458619,155.0513456252345,16.459322361395127,12.68291694163475,0.0,12.68291694163475,0.2149049815110332,0.0,False,service
0.0,0.0,0.0,0.0,30.0,9-N1-2-B-034901,Place la Barre,Place la Barre,7.0,847.0,42800.33333333333,155051.34562523448,2500.0,0.0,14.639659558907454,2026-04-08 15:36:48.000000000,2026-04-08 15:36:18.000000000,0.0,155.0513456252345,0.0,2.5,0.0,2.5,0.020833333333333332,0.0,False,service
1.0,0.0,552.9827646282706,5.882795368385858,94.0,9-N1-2-B-034901,Place la Barre,Sully,7.0,848.0,42894.33333333333,155604.32838986276,15887.360880206767,0.0,14.363101795437188,2026-04-08 15:38:22.000000000,2026-04-08 15:36:48.000000000,0.5529827646282706,155.60432838986276,21.178063326189086,15.887360880206767,0.0,15.887360880206767,0.4148366452053989,0.0,False,service
0.0,0.0,0.0,0.0,30.0,9-N1-2-B-034901,Sully,Sully,7.0,849.0,42924.33333333333,155604.32838986276,2500.0,0.0,14.349212906548303,2026-04-08 15:38:52.000000000,2026-04-08 15:38:22.000000000,0.0,155.60432838986276,0.0,2.5,0.0,2.5,0.020833333333333332,0.0,False,service
1.0,0.0,541.2636534432309,5.820039284335816,93.0,9-N1-2-B-034901,Sully,Espace Alliance,7.0,850.0,43017.33333333333,156145.59204330598,15729.432196236612,0.0,14.078317129835341,2026-04-08 15:40:25.000000000,2026-04-08 15:38:52.000000000,0.5412636534432308,156.14559204330598,20.952141423608936,15.729432196236612,0.0,15.729432196236612,0.4063436650694458,0.0,False,service
0.0,0.0,0.0,0.0,30.0,9-N1-2-B-034901,Espace Alliance,Espace Alliance,7.0,851.0,43047.33333333333,156145.59204330598,2500.0,0.0,14.064428240946441,2026-04-08 15:40:55.000000000,2026-04-08 15:40:25.000000000,0.0,156.14559204330598,0.0,2.5,0.0,2.5,0.020833333333333332,0.0,False,service
1.0,0.0,306.8484114845754,5.789592669520291,53.0,9-N1-2-B-034901,Espace Alliance,Faubourg de Hem,7.0,852.0,43100.33333333333,156452.44045479054,15652.987376486395,0.0,13.910797068547595,2026-04-08 15:41:48.000000000,2026-04-08 15:40:55.000000000,0.3068484114845754,156.45244045479055,20.842533610273048,15.652987376486395,0.0,15.652987376486395,0.23044675859827193,0.0,False,service
0.0,0.0,0.0,0.0,30.0,9-N1-2-B-034901,Faubourg de Hem,Faubourg de Hem,7.0,853.0,43130.33333333333,156452.44045479054,2500.0,0.0,13.896908179658709,2026-04-08 15:42:18.000000000,2026-04-08 15:41:48.000000000,0.0,156.45244045479055,0.0,2.5,0.0,2.5,0.020833333333333332,0.0,False,service
1.0,0.0,296.4471853943004,7.058266318911914,42.0,9-N1-2-B-034901,Faubourg de Hem,Egl. St-Firmin,7.0,854.0,43172.33333333333,156748.88764018484,18942.057390181886,0.0,13.74958106662396,2026-04-08 15:43:00.000000000,2026-04-08 15:42:18.000000000,0.29644718539430037,156.74888764018485,25.409758748082893,18.942057390181887,0.0,18.942057390181887,0.220990669552122,0.0,False,service
0.0,0.0,0.0,0.0,30.0,9-N1-2-B-034901,Egl. St-Firmin,Egl. St-Firmin,7.0,855.0,43202.33333333333,156748.88764018484,2500.0,0.0,13.735692177735075,2026-04-08 15:43:30.000000000,2026-04-08 15:43:00.000000000,0.0,156.74888764018485,0.0,2.5,0.0,2.5,0.020833333333333332,0.0,False,service
1.0,0.0,397.9625757415526,7.106474566813439,56.0,9-N1-2-B-034901,Egl. St-Firmin,Zoo d'Amiens,7.0,856.0,43258.33333333333,157146.8502159264,19071.518432946243,0.0,13.537913468060069,2026-04-08 15:44:26.000000000,2026-04-08 15:43:30.000000000,0.3979625757415526,157.14685021592638,25.58330844052838,19.07151843294624,0.0,19.07151843294624,0.2966680645124971,0.0,False,service
0.0,0.0,0.0,0.0,30.0,9-N1-2-B-034901,Zoo d'Amiens,Zoo d'Amiens,7.0,857.0,43288.33333333333,157146.8502159264,2500.0,0.0,13.524024579171183,2026-04-08 15:44:56.000000000,2026-04-08 15:44:26.000000000,0.0,157.14685021592638,0.0,2.5,0.0,2.5,0.020833333333333332,0.0,False,service
1.0,0.0,387.76459722543666,6.924367807597084,56.0,9-N1-2-B-034901,Zoo d'Amiens,Jean Jaurès,7.0,858.0,43344.33333333333,157534.61481315183,18584.29760190798,0.0,13.331298529966205,2026-04-08 15:45:52.000000000,2026-04-08 15:44:56.000000000,0.38776459722543666,157.53461481315182,24.9277241073495,18.58429760190798,0.0,18.58429760190798,0.28908907380745746,0.0,False,service
0.0,0.0,0.0,0.0,30.0,9-N1-2-B-034901,Jean Jaurès,Jean Jaurès,7.0,859.0,43374.33333333333,157534.61481315183,2500.0,0.0,13.317409641077319,2026-04-08 15:46:22.000000000,2026-04-08 15:45:52.000000000,0.0,157.53461481315182,0.0,2.5,0.0,2.5,0.020833333333333332,0.0,False,service
1.0,0.0,353.81886733206454,6.675827685510652,53.0,9-N1-2-B-034901,Jean Jaurès,Saint-Jacques,7.0,860.0,43427.33333333333,157888.4336804839,17927.174140413597,0.0,13.141457746736222,2026-04-08 15:47:15.000000000,2026-04-08 15:46:22.000000000,0.3538188673320645,157.8884336804839,24.032979667838347,17.927174140413598,0.0,17.927174140413598,0.2639278415116446,0.0,False,service
0.0,0.0,0.0,0.0,30.0,9-N1-2-B-034901,Saint-Jacques,Saint-Jacques,7.0,861.0,43457.33333333333,157888.4336804839,2500.0,0.0,13.127568857847322,2026-04-08 15:47:45.000000000,2026-04-08 15:47:15.000000000,0.0,157.8884336804839,0.0,2.5,0.0,2.5,0.020833333333333332,0.0,False,service
1.0,0.0,242.8037375118653,7.35768901551107,33.0,9-N1-2-B-034901,Saint-Jacques,M. Culture A,7.0,862.0,43490.33333333333,158131.23741799576,19751.86842032748,0.0,13.006862995278652,2026-04-08 15:48:18.000000000,2026-04-08 15:47:45.000000000,0.24280373751186532,158.13123741799575,26.487680455839854,19.75186842032748,0.0,19.75186842032748,0.1810587938530019,0.0,False,service
0.0,0.0,0.0,0.0,30.0,9-N1-2-B-034901,M. Culture A,M. Culture A,7.0,863.0,43520.33333333333,158131.23741799576,2500.0,0.0,12.992974106389767,2026-04-08 15:48:48.000000000,2026-04-08 15:48:18.000000000,0.0,158.13123741799575,0.0,2.5,0.0,2.5,0.020833333333333332,0.0,False,service
1.0,0.0,296.74165114956037,2.472847092913003,120.0,9-N1-2-B-034901,M. Culture A,Hôtel de Ville,7.0,864.0,43640.33333333333,158427.9790691453,7878.244573638238,0.0,12.81790200475335,2026-04-08 15:50:48.000000000,2026-04-08 15:48:48.000000000,0.29674165114956036,158.42797906914532,8.90224953448681,7.878244573638238,0.0,7.878244573638238,0.26260815245460795,0.0,False,service
0.0,0.0,0.0,0.0,30.0,9-N1-2-B-034901,Hôtel de Ville,Hôtel de Ville,7.0,865.0,43670.33333333333,158427.9790691453,2500.0,0.0,12.804013115864464,2026-04-08 15:51:18.000000000,2026-04-08 15:50:48.000000000,0.0,158.42797906914532,0.0,2.5,0.0,2.5,0.020833333333333332,0.0,False,service
1.0,0.0,228.2941059416939,4.005159753363051,57.0,9-N1-2-B-034901,Hôtel de Ville,Jacobins,7.0,866.0,43727.33333333333,158656.273175087,11351.497055087,0.0,12.684191758060763,2026-04-08 15:52:15.000000000,2026-04-08 15:51:18.000000000,0.22829410594169391,158.656273175087,14.418575112106984,11.351497055087,0.0,11.351497055087,0.17973203670554416,0.0,False,service
0.0,0.0,0.0,0.0,30.0,9-N1-2-B-034901,Jacobins,Jacobins,7.0,867.0,43757.33333333333,158656.273175087,2500.0,0.0,12.670302869171877,2026-04-08 15:52:45.000000000,2026-04-08 15:52:15.000000000,0.0,158.656273175087,0.0,2.5,0.0,2.5,0.020833333333333332,0.0,False,service
1.0,0.0,326.11241962366006,4.026079254613087,81.0,9-N1-2-B-034901,Jacobins,Emile Zola,7.0,868.0,43838.33333333333,158982.38559471065,11400.121734172237,0.0,12.499301043159292,2026-04-08 15:54:06.000000000,2026-04-08 15:52:45.000000000,0.32611241962366005,158.98238559471065,14.493885316607114,11.400121734172236,0.0,11.400121734172236,0.2565027390188753,0.0,False,service
0.0,0.0,0.0,0.0,30.0,9-N1-2-B-034901,Emile Zola,Emile Zola,7.0,869.0,43868.33333333333,158982.38559471065,2500.0,0.0,12.485412154270406,2026-04-08 15:54:36.000000000,2026-04-08 15:54:06.000000000,0.0,158.98238559471065,0.0,2.5,0.0,2.5,0.020833333333333332,0.0,False,service
1.0,0.0,355.48637357572056,2.1943603307143245,162.0,9-N1-2-B-034901,Emile Zola,Gare du Nord B,7.0,870.0,44030.33333333333,159337.87196828637,7262.471868531566,0.0,12.267537998214465,2026-04-08 15:57:18.000000000,2026-04-08 15:54:36.000000000,0.35548637357572055,159.33787196828638,7.899697190571568,7.2624718685315655,0.0,7.2624718685315655,0.32681123408392043,0.0,False,service
0.0,0.0,0.0,0.0,30.0,9-N1-2-B-034901,Gare du Nord B,Gare du Nord B,7.0,871.0,44060.33333333333,159337.87196828637,2500.0,0.0,12.253649109325565,2026-04-08 15:57:48.000000000,2026-04-08 15:57:18.000000000,0.0,159.33787196828638,0.0,2.5,0.0,2.5,0.020833333333333332,0.0,False,service
1.0,0.0,368.1948881034494,3.95908481831666,93.0,9-N1-2-B-034901,Gare du Nord B,Caserne Dejean,7.0,872.0,44153.33333333333,159706.06685638984,11244.532705520063,0.0,12.059993268286064,2026-04-08 15:59:21.000000000,2026-04-08 15:57:48.000000000,0.3681948881034494,159.70606685638984,14.252705345939976,11.244532705520063,0.0,11.244532705520063,0.2904837615592683,0.0,False,service
0.0,0.0,0.0,0.0,30.0,9-N1-2-B-034901,Caserne Dejean,Caserne Dejean,7.0,873.0,44183.33333333333,159706.06685638984,2500.0,0.0,12.046104379397178,2026-04-08 15:59:51.000000000,2026-04-08 15:59:21.000000000,0.0,159.70606685638984,0.0,2.5,0.0,2.5,0.020833333333333332,0.0,False,service
1.0,0.0,355.3755273513469,3.862777471210292,92.0,9-N1-2-B-034901,Caserne Dejean,Pinceau,7.0,874.0,44275.33333333333,160061.44238374117,11021.525823010094,0.0,11.858330235745882,2026-04-08 16:01:23.000000000,2026-04-08 15:59:51.000000000,0.35537552735134686,160.06144238374117,13.905998896357051,11.021525823010094,0.0,11.021525823010094,0.28166121547692463,0.0,False,service
0.0,0.0,0.0,0.0,30.0,9-N1-2-B-034901,Pinceau,Pinceau,7.0,875.0,44305.33333333333,160061.44238374117,2500.0,0.0,11.844441346856996,2026-04-08 16:01:53.000000000,2026-04-08 16:01:23.000000000,0.0,160.06144238374117,0.0,2.5,0.0,2.5,0.020833333333333332,0.0,False,service
1.0,0.0,447.05548624280317,3.8874390108069843,115.0,9-N1-2-B-034901,Pinceau,L. de Luzarches,7.0,876.0,44420.33333333333,160508.49786998398,11078.55830186122,0.0,11.608509086724766,2026-04-08 16:03:48.000000000,2026-04-08 16:01:53.000000000,0.44705548624280317,160.50849786998398,13.994780438905144,11.07855830186122,0.0,11.07855830186122,0.3538983901983445,0.0,False,service
0.0,0.0,0.0,0.0,30.0,9-N1-2-B-034901,L. de Luzarches,L. de Luzarches,7.0,877.0,44450.33333333333,160508.49786998398,2500.0,0.0,11.594620197835866,2026-04-08 16:04:18.000000000,2026-04-08 16:03:48.000000000,0.0,160.50849786998398,0.0,2.5,0.0,2.5,0.020833333333333332,0.0,False,service
1.0,0.0,324.8685267650074,8.121713169125185,40.0,9-N1-2-B-034901,L. de Luzarches,Egl. St-Acheul,7.0,878.0,44490.33333333333,160833.36639674898,21882.98673915759,0.0,11.432523999768037,2026-04-08 16:04:58.000000000,2026-04-08 16:04:18.000000000,0.3248685267650074,160.83336639674897,29.238167408850664,21.88298673915759,0.0,21.88298673915759,0.24314429710175098,0.0,False,service
0.0,0.0,0.0,0.0,30.0,9-N1-2-B-034901,Egl. St-Acheul,Egl. St-Acheul,7.0,879.0,44520.33333333333,160833.36639674898,2500.0,0.0,11.418635110879151,2026-04-08 16:05:28.000000000,2026-04-08 16:04:58.000000000,0.0,160.83336639674897,0.0,2.5,0.0,2.5,0.020833333333333332,0.0,False,service
1.0,0.0,451.79666905185246,8.214484891851862,55.0,9-N1-2-B-034901,Egl. St-Acheul,Mercey,7.0,880.0,44575.33333333333,161285.16306580085,22148.418284070947,0.0,11.19304936909694,2026-04-08 16:06:23.000000000,2026-04-08 16:05:28.000000000,0.45179666905185245,161.28516306580084,29.572145610666706,22.148418284070946,0.0,22.148418284070946,0.33837861267330616,0.0,False,service
0.0,0.0,0.0,0.0,30.0,9-N1-2-B-034901,Mercey,Mercey,7.0,881.0,44605.33333333333,161285.16306580085,2500.0,0.0,11.179160480208054,2026-04-08 16:06:53.000000000,2026-04-08 16:06:23.000000000,0.0,161.28516306580084,0.0,2.5,0.0,2.5,0.020833333333333332,0.0,False,service
1.0,0.0,481.8036462949089,8.166163496523879,59.0,9-N1-2-B-034901,Mercey,Sobo,7.0,882.0,44664.33333333333,161766.96671209575,22009.978589942315,0.0,10.938681084503116,2026-04-08 16:07:52.000000000,2026-04-08 16:06:53.000000000,0.4818036462949089,161.76696671209575,29.398188587485965,22.009978589942314,0.0,22.009978589942314,0.36071909355738796,0.0,False,service
0.0,0.0,0.0,0.0,30.0,9-N1-2-B-034901,Sobo,Sobo,7.0,883.0,44694.33333333333,161766.96671209575,2500.0,0.0,10.92479219561423,2026-04-08 16:08:22.000000000,2026-04-08 16:07:52.000000000,0.0,161.76696671209575,0.0,2.5,0.0,2.5,0.020833333333333332,0.0,False,service
1.0,0.0,707.5852717526406,8.22773571805396,86.0,9-N1-2-B-034901,Sobo,Pont de l'Avre,7.0,884.0,44780.33333333333,162474.5519838484,22186.452600813267,0.0,10.57145239493461,2026-04-08 16:09:48.000000000,2026-04-08 16:08:22.000000000,0.7075852717526405,162.4745519838484,29.61984858499426,22.18645260081327,0.0,22.18645260081327,0.530009701019428,0.0,False,service
0.0,0.0,0.0,0.0,30.0,9-N1-2-B-034901,Pont de l'Avre,Pont de l'Avre,7.0,885.0,44810.33333333333,162474.5519838484,2500.0,0.0,10.557563506045724,2026-04-08 16:10:18.000000000,2026-04-08 16:09:48.000000000,0.0,162.4745519838484,0.0,2.5,0.0,2.5,0.020833333333333332,0.0,False,service
1.0,0.0,296.6141068969825,7.062240640404345,42.0,9-N1-2-B-034901,Pont de l'Avre,Cité du Château,7.0,886.0,44852.33333333333,162771.16609074536,18952.717051821182,0.0,10.410153484531563,2026-04-08 16:11:00.000000000,2026-04-08 16:10:18.000000000,0.2966141068969825,162.77116609074537,25.424066305455643,18.952717051821182,0.0,18.952717051821182,0.22111503227124713,0.0,False,service
0.0,0.0,0.0,0.0,30.0,9-N1-2-B-034901,Cité du Château,Cité du Château,7.0,887.0,44882.33333333333,162771.16609074536,2500.0,0.0,10.396264595642663,2026-04-08 16:11:30.000000000,2026-04-08 16:11:00.000000000,0.0,162.77116609074537,0.0,2.5,0.0,2.5,0.020833333333333332,0.0,False,service
1.0,0.0,332.9543642312839,6.936549254818414,48.0,9-N1-2-B-034901,Cité du Château,La Rose Rouge,7.0,888.0,44930.33333333333,163104.12045497666,18616.73519188507,0.0,10.230782505048126,2026-04-08 16:12:18.000000000,2026-04-08 16:11:30.000000000,0.3329543642312839,163.10412045497665,24.97157731734629,18.61673519188507,0.0,18.61673519188507,0.24822313589180092,0.0,False,service
0.0,0.0,0.0,0.0,30.0,9-N1-2-B-034901,La Rose Rouge,La Rose Rouge,7.0,889.0,44960.33333333333,163104.12045497666,2500.0,0.0,10.21689361615924,2026-04-08 16:12:48.000000000,2026-04-08 16:12:18.000000000,0.0,163.10412045497665,0.0,2.5,0.0,2.5,0.020833333333333332,0.0,False,service
1.0,0.0,225.1396338173497,7.262568832817732,31.0,9-N1-2-B-034901,La Rose Rouge,Poidevin,7.0,890.0,44991.33333333333,163329.260088794,19493.118954380796,0.0,10.104988674013711,2026-04-08 16:13:19.000000000,2026-04-08 16:12:48.000000000,0.2251396338173497,163.329260088794,26.145247798143835,19.493118954380797,0.0,19.493118954380797,0.1678574132182791,0.0,False,service
0.0,0.0,0.0,0.0,30.0,9-N1-2-B-034901,Poidevin,Poidevin,7.0,891.0,45021.33333333333,163329.260088794,2500.0,0.0,10.091099785124825,2026-04-08 16:13:49.000000000,2026-04-08 16:13:19.000000000,0.0,163.329260088794,0.0,2.5,0.0,2.5,0.020833333333333332,0.0,False,service
1.0,0.0,314.5014195772681,7.147759535847002,44.0,9-N1-2-B-034901,Poidevin,M. de Longueau,7.0,892.0,45065.33333333333,163643.76150837127,19182.665796909016,0.0,9.934796582335196,2026-04-08 16:14:33.000000000,2026-04-08 16:13:49.000000000,0.3145014195772681,163.64376150837128,25.731934329049206,19.182665796909017,0.0,19.182665796909017,0.23445480418444353,0.0,False,service
0.0,0.0,0.0,0.0,30.0,9-N1-2-B-034901,M. de Longueau,M. de Longueau,7.0,893.0,45095.33333333333,163643.76150837127,2500.0,0.0,9.920907693446296,2026-04-08 16:15:03.000000000,2026-04-08 16:14:33.000000000,0.0,163.64376150837128,0.0,2.5,0.0,2.5,0.020833333333333332,0.0,False,service
1.0,0.0,256.63398574137216,6.936053668685734,37.0,9-N1-2-B-034901,M. de Longueau,La Fourche,7.0,894.0,45132.33333333333,163900.39549411266,18615.415085336244,0.0,9.793357627120841,2026-04-08 16:15:40.000000000,2026-04-08 16:15:03.000000000,0.25663398574137214,163.90039549411264,24.96979320726864,18.615415085336245,0.0,18.615415085336245,0.19132509948817805,0.0,False,service
0.0,0.0,0.0,0.0,30.0,9-N1-2-B-034901,La Fourche,La Fourche,7.0,895.0,45162.33333333333,163900.39549411266,2500.0,0.0,9.779468738231955,2026-04-08 16:16:10.000000000,2026-04-08 16:15:40.000000000,0.0,163.90039549411264,0.0,2.5,0.0,2.5,0.020833333333333332,0.0,False,service
1.0,0.0,651.0902221706201,6.643777777251225,98.0,9-N1-2-B-034901,La Fourche,Croix de Fer,7.0,896.0,45260.33333333333,164551.48571628326,17843.08013403265,0.0,9.45564987654025,2026-04-08 16:17:48.000000000,2026-04-08 16:16:10.000000000,0.6510902221706201,164.55148571628325,23.91759999810441,17.84308013403265,0.0,17.84308013403265,0.4857282925375555,0.0,False,service
0.0,0.0,0.0,0.0,30.0,9-N1-2-B-034901,Croix de Fer,Croix de Fer,7.0,897.0,45290.33333333333,164551.48571628326,2500.0,0.0,9.441760987651364,2026-04-08 16:18:18.000000000,2026-04-08 16:17:48.000000000,0.0,164.55148571628325,0.0,2.5,0.0,2.5,0.020833333333333332,0.0,False,service
1.0,0.0,703.41712703917,4.953641739712465,142.0,9-N1-2-B-034901,Croix de Fer,C. Cial Glisy,7.0,898.0,45432.33333333333,165254.90284332243,13596.520036751444,0.0,9.084222868166421,2026-04-08 16:20:40.000000000,2026-04-08 16:18:18.000000000,0.70341712703917,165.25490284332244,17.833110262964873,13.596520036751444,0.0,13.596520036751444,0.5363071792274181,0.0,False,service
0.0,0.0,0.0,0.0,30.0,9-N1-2-B-034901,C. Cial Glisy,C. Cial Glisy,7.0,899.0,45462.33333333333,165254.90284332243,2500.0,0.0,9.070333979277521,2026-04-08 16:21:10.000000000,2026-04-08 16:20:40.000000000,0.0,165.25490284332244,0.0,2.5,0.0,2.5,0.020833333333333332,0.0,False,service
1.0,0.0,136.72688382470434,4.883102993739441,28.0,9-N1-2-B-034901,C. Cial Glisy,Capitaine Nemo,7.0,900.0,45490.33333333333,165391.62972714714,13426.525887753734,0.0,9.000714956155846,2026-04-08 16:21:38.000000000,2026-04-08 16:21:10.000000000,0.13672688382470435,165.39162972714715,17.57917077746199,13.426525887753735,0.0,13.426525887753735,0.10442853468252905,0.0,False,service
0.0,0.0,0.0,0.0,30.0,9-N1-2-B-034901,Capitaine Nemo,Capitaine Nemo,7.0,901.0,45520.33333333333,165391.62972714714,2500.0,0.0,8.986826067266946,2026-04-08 16:22:08.000000000,2026-04-08 16:21:38.000000000,0.0,165.39162972714715,0.0,2.5,0.0,2.5,0.020833333333333332,0.0,False,service
1.0,0.0,323.4478124594319,2.488060095841784,130.0,9-N1-2-B-034901,Capitaine Nemo,Pôle J. Verne,7.0,902.0,45650.33333333333,165715.07753960657,7911.995684014774,0.0,8.796352097096232,2026-04-08 16:24:18.000000000,2026-04-08 16:22:08.000000000,0.3234478124594319,165.71507753960657,8.957016345030421,7.911995684014775,0.0,7.911995684014775,0.2857109552560891,0.0,False,service
0.0,0.0,0.0,0.0,30.0,9-N1-2-B-034901,Pôle J. Verne,Pôle J. Verne,7.0,903.0,45680.33333333333,165715.07753960657,2500.0,0.0,8.782463208207332,2026-04-08 16:24:48.000000000,2026-04-08 16:24:18.000000000,0.0,165.71507753960657,0.0,2.5,0.0,2.5,0.020833333333333332,0.0,False,service
1.0,0.0,334.0181708930427,4.7044812801837,71.0,9-N1-4-B-035101,Pôle J. Verne,Capitaine Nemo,7.0,904.0,45751.33333333333,166049.09571049962,12998.346897480362,0.0,8.611559017518246,2026-04-08 16:25:59.000000000,2026-04-08 16:24:48.000000000,0.3340181708930427,166.0490957104996,16.93613260866132,12.998346897480362,0.0,12.998346897480362,0.25635628603364047,0.0,False,service
0.0,0.0,0.0,0.0,30.0,9-N1-4-B-035101,Capitaine Nemo,Capitaine Nemo,7.0,905.0,45781.33333333333,166049.09571049962,2500.0,0.0,8.597670128629346,2026-04-08 16:26:29.000000000,2026-04-08 16:25:59.000000000,0.0,166.0490957104996,0.0,2.5,0.0,2.5,0.020833333333333332,0.0,False,service
1.0,0.0,122.91799931516653,5.8532380626269775,21.0,9-N1-4-B-035101,Capitaine Nemo,C. Cial Glisy,7.0,906.0,45802.33333333333,166172.01370981478,15812.917585812425,0.0,8.536175449128962,2026-04-08 16:26:50.000000000,2026-04-08 16:26:29.000000000,0.12291799931516653,166.1720137098148,21.07165702545712,15.812917585812425,0.0,15.812917585812425,0.09224201925057249,0.0,False,service
0.0,0.0,0.0,0.0,30.0,9-N1-4-B-035101,C. Cial Glisy,C. Cial Glisy,7.0,907.0,45832.33333333333,166172.01370981478,2500.0,0.0,8.522286560240076,2026-04-08 16:27:20.000000000,2026-04-08 16:26:50.000000000,0.0,166.1720137098148,0.0,2.5,0.0,2.5,0.020833333333333332,0.0,False,service
1.0,0.0,685.9620842301216,4.6664087362593305,147.0,9-N1-4-B-035101,C. Cial Glisy,Croix de Fer,7.0,908.0,45979.33333333333,166857.9757940449,12907.4980317801,0.0,8.17091578048607,2026-04-08 16:29:47.000000000,2026-04-08 16:27:20.000000000,0.6859620842301216,166.8579757940449,16.79907145053359,12.9074980317801,0.0,12.9074980317801,0.5270561696310208,0.0,False,service
0.0,0.0,0.0,0.0,30.0,9-N1-4-B-035101,Croix de Fer,Croix de Fer,7.0,909.0,46009.33333333333,166857.9757940449,2500.0,0.0,8.15702689159717,2026-04-08 16:30:17.000000000,2026-04-08 16:29:47.000000000,0.0,166.8579757940449,0.0,2.5,0.0,2.5,0.020833333333333332,0.0,False,service
1.0,0.0,746.5227463047001,6.912247650969446,108.0,9-N1-4-B-035101,Croix de Fer,La Fourche,7.0,910.0,46117.33333333333,167604.4985403496,18552.04485821827,0.0,7.7859859944328065,2026-04-08 16:32:05.000000000,2026-04-08 16:30:17.000000000,0.7465227463047002,167.6044985403496,24.88409154349001,18.55204485821827,0.0,18.55204485821827,0.5565613457465481,0.0,False,service
0.0,0.0,0.0,0.0,30.0,9-N1-4-B-035101,La Fourche,La Fourche,7.0,911.0,46147.33333333333,167604.4985403496,2500.0,0.0,7.772097105543921,2026-04-08 16:32:35.000000000,2026-04-08 16:32:05.000000000,0.0,167.6044985403496,0.0,2.5,0.0,2.5,0.020833333333333332,0.0,False,service
1.0,0.0,236.45430499839583,7.38919703119987,32.0,9-N1-4-B-035101,La Fourche,M. de Longueau,7.0,912.0,46179.33333333333,167840.952845348,19837.888242149456,0.0,7.654539249294146,2026-04-08 16:33:07.000000000,2026-04-08 16:32:35.000000000,0.23645430499839581,167.840952845348,26.60110931231953,19.837888242149457,0.0,19.837888242149457,0.17633678437466183,0.0,False,service
0.0,0.0,0.0,0.0,30.0,9-N1-4-B-035101,M. de Longueau,M. de Longueau,7.0,913.0,46209.33333333333,167840.952845348,2500.0,0.0,7.64065036040526,2026-04-08 16:33:37.000000000,2026-04-08 16:33:07.000000000,0.0,167.840952845348,0.0,2.5,0.0,2.5,0.020833333333333332,0.0,False,service
1.0,0.0,238.2314886825274,7.219136020682649,33.0,9-N1-4-B-035101,M. de Longueau,Poidevin,7.0,914.0,46242.33333333333,168079.18433403052,19375.436167720003,0.0,7.522244917158076,2026-04-08 16:34:10.000000000,2026-04-08 16:33:37.000000000,0.23823148868252741,168.07918433403051,25.98888967445754,19.375436167720004,0.0,19.375436167720004,0.1776081648707667,0.0,False,service
0.0,0.0,0.0,0.0,30.0,9-N1-4-B-035101,Poidevin,Poidevin,7.0,915.0,46272.33333333333,168079.18433403052,2500.0,0.0,7.508356028269176,2026-04-08 16:34:40.000000000,2026-04-08 16:34:10.000000000,0.0,168.07918433403051,0.0,2.5,0.0,2.5,0.020833333333333332,0.0,False,service
1.0,0.0,283.0530932557657,7.257771621942711,39.0,9-N1-4-B-035101,Poidevin,La Rose Rouge,7.0,916.0,46311.33333333333,168362.23742728628,19480.106487676945,0.0,7.367666370302629,2026-04-08 16:35:19.000000000,2026-04-08 16:34:40.000000000,0.2830530932557657,168.3622374272863,26.127977838993758,19.480106487676945,0.0,19.480106487676945,0.2110344869498336,0.0,False,service
0.0,0.0,0.0,0.0,30.0,9-N1-4-B-035101,La Rose Rouge,La Rose Rouge,7.0,917.0,46341.33333333333,168362.23742728628,2500.0,0.0,7.3537774814137435,2026-04-08 16:35:49.000000000,2026-04-08 16:35:19.000000000,0.0,168.3622374272863,0.0,2.5,0.0,2.5,0.020833333333333332,0.0,False,service
1.0,0.0,382.52636844861735,7.356276316319565,52.0,9-N1-4-B-035101,La Rose Rouge,Cité du Château,7.0,918.0,46393.33333333333,168744.7637957349,19748.01525501541,0.0,7.16361140858767,2026-04-08 16:36:41.000000000,2026-04-08 16:35:49.000000000,0.38252636844861737,168.7447637957349,26.482594738750432,19.74801525501541,0.0,19.74801525501541,0.28524910923911145,0.0,False,service
0.0,0.0,0.0,0.0,30.0,9-N1-4-B-035101,Cité du Château,Cité du Château,7.0,919.0,46423.33333333333,168744.7637957349,2500.0,0.0,7.14972251969877,2026-04-08 16:37:11.000000000,2026-04-08 16:36:41.000000000,0.0,168.7447637957349,0.0,2.5,0.0,2.5,0.020833333333333332,0.0,False,service
1.0,0.0,259.04003764462647,7.195556601239624,36.0,9-N1-4-B-035101,Cité du Château,Pont de l'Avre,7.0,920.0,46459.33333333333,169003.80383337953,19311.6680021364,0.0,7.020978066351205,2026-04-08 16:37:47.000000000,2026-04-08 16:37:11.000000000,0.25904003764462646,169.00380383337952,25.904003764462647,19.3116680021364,0.0,19.3116680021364,0.193116680021364,0.0,False,service
0.0,0.0,0.0,0.0,30.0,9-N1-4-B-035101,Pont de l'Avre,Pont de l'Avre,7.0,921.0,46489.33333333333,169003.80383337953,2500.0,0.0,7.007089177462305,2026-04-08 16:38:17.000000000,2026-04-08 16:37:47.000000000,0.0,169.00380383337952,0.0,2.5,0.0,2.5,0.020833333333333332,0.0,False,service
1.0,0.0,778.6426370279388,6.655065273743067,117.0,9-N1-4-B-035101,Pont de l'Avre,Sobo,7.0,922.0,46606.33333333333,169782.44647040748,17872.680225978973,0.0,6.619847772566104,2026-04-08 16:40:14.000000000,2026-04-08 16:38:17.000000000,0.7786426370279388,169.78244647040748,23.95823498547504,17.87268022597897,0.0,17.87268022597897,0.5808621073443166,0.0,False,service
0.0,0.0,0.0,0.0,30.0,9-N1-4-B-035101,Sobo,Sobo,7.0,923.0,46636.33333333333,169782.44647040748,2500.0,0.0,6.605958883677204,2026-04-08 16:40:44.000000000,2026-04-08 16:40:14.000000000,0.0,169.78244647040748,0.0,2.5,0.0,2.5,0.020833333333333332,0.0,False,service
1.0,0.0,494.86888000554234,6.598251733407231,75.0,9-N1-4-B-035101,Sobo,Mercey,7.0,924.0,46711.33333333333,170277.31535041303,17723.87559643727,0.0,6.359793944837804,2026-04-08 16:41:59.000000000,2026-04-08 16:40:44.000000000,0.49486888000554236,170.27731535041303,23.753706240266034,17.723875596437267,0.0,17.723875596437267,0.36924740825910973,0.0,False,service
0.0,0.0,0.0,0.0,30.0,9-N1-4-B-035101,Mercey,Mercey,7.0,925.0,46741.33333333333,170277.31535041303,2500.0,0.0,6.345905055948904,2026-04-08 16:42:29.000000000,2026-04-08 16:41:59.000000000,0.0,170.27731535041303,0.0,2.5,0.0,2.5,0.020833333333333332,0.0,False,service
1.0,0.0,443.51095510688015,6.71986295616485,66.0,9-N1-4-B-035101,Mercey,Egl. St-Acheul,7.0,926.0,46807.33333333333,170720.8263055199,18042.95332249385,0.0,6.125380070896199,2026-04-08 16:43:35.000000000,2026-04-08 16:42:29.000000000,0.44351095510688016,170.7208263055199,24.191506642193463,18.04295332249385,0.0,18.04295332249385,0.3307874775790539,0.0,False,service
0.0,0.0,0.0,0.0,30.0,9-N1-4-B-035101,Egl. St-Acheul,Egl. St-Acheul,7.0,927.0,46837.33333333333,170720.8263055199,2500.0,0.0,6.111491182007313,2026-04-08 16:44:05.000000000,2026-04-08 16:43:35.000000000,0.0,170.7208263055199,0.0,2.5,0.0,2.5,0.020833333333333332,0.0,False,service
1.0,0.0,277.40496861036326,6.604880205008649,42.0,9-N1-4-B-035101,Egl. St-Acheul,L. de Luzarches,7.0,928.0,46879.33333333333,170998.23127413026,17741.21336558846,0.0,5.973503966941621,2026-04-08 16:44:47.000000000,2026-04-08 16:44:05.000000000,0.27740496861036323,170.99823127413026,23.777568738031135,17.74121336558846,0.0,17.74121336558846,0.20698082259853207,0.0,False,service
0.0,0.0,0.0,0.0,30.0,9-N1-4-B-035101,L. de Luzarches,L. de Luzarches,7.0,929.0,46909.33333333333,170998.23127413026,2500.0,0.0,5.959615078052721,2026-04-08 16:45:17.000000000,2026-04-08 16:44:47.000000000,0.0,170.99823127413026,0.0,2.5,0.0,2.5,0.020833333333333332,0.0,False,service
1.0,0.0,343.1323580300078,3.855419753146155,89.0,9-N1-4-B-035101,L. de Luzarches,Pinceau,7.0,930.0,46998.33333333333,171341.36363216027,11004.519972906111,0.0,5.7782442859066805,2026-04-08 16:46:46.000000000,2026-04-08 16:45:17.000000000,0.3431323580300078,171.34136363216027,13.879511111326158,11.004519972906111,0.0,11.004519972906111,0.27205618821906774,0.0,False,service
0.0,0.0,0.0,0.0,30.0,9-N1-4-B-035101,Pinceau,Pinceau,7.0,931.0,47028.33333333333,171341.36363216027,2500.0,0.0,5.764355397017795,2026-04-08 16:47:16.000000000,2026-04-08 16:46:46.000000000,0.0,171.34136363216027,0.0,2.5,0.0,2.5,0.020833333333333332,0.0,False,service
1.0,0.0,405.8966158731125,3.793426316571145,107.0,9-N1-4-B-035101,Pinceau,Caserne Dejean,7.0,932.0,47135.33333333333,171747.2602480334,10861.409934698444,0.0,5.549138570533955,2026-04-08 16:49:03.000000000,2026-04-08 16:47:16.000000000,0.40589661587311254,171.7472602480334,13.656334739656122,10.861409934698443,0.0,10.861409934698443,0.32282523972575927,0.0,False,service
0.0,0.0,0.0,0.0,30.0,9-N1-4-B-035101,Caserne Dejean,Caserne Dejean,7.0,933.0,47165.33333333333,171747.2602480334,2500.0,0.0,5.535249681645055,2026-04-08 16:49:33.000000000,2026-04-08 16:49:03.000000000,0.0,171.7472602480334,0.0,2.5,0.0,2.5,0.020833333333333332,0.0,False,service
1.0,0.0,391.6364257160486,3.7657348626543135,104.0,9-N1-4-B-035101,Caserne Dejean,Gare du Nord A,7.0,934.0,47269.33333333333,172138.89667374943,10797.585272349694,0.0,5.327296187510925,2026-04-08 16:51:17.000000000,2026-04-08 16:49:33.000000000,0.3916364257160486,172.13889667374943,13.55664550555553,10.797585272349695,0.0,10.797585272349695,0.31193024120121343,0.0,False,service
0.0,0.0,0.0,0.0,30.0,9-N1-4-B-035101,Gare du Nord A,Gare du Nord A,7.0,935.0,47299.33333333333,172138.89667374943,2500.0,0.0,5.313407298622025,2026-04-08 16:51:47.000000000,2026-04-08 16:51:17.000000000,0.0,172.13889667374943,0.0,2.5,0.0,2.5,0.020833333333333332,0.0,False,service
1.0,0.0,327.94171057791687,2.2158223687697087,148.0,9-N1-4-B-035101,Gare du Nord A,René Goblet,7.0,936.0,47447.33333333333,172466.83838432736,7309.793127281074,0.0,5.113064820318769,2026-04-08 16:54:15.000000000,2026-04-08 16:51:47.000000000,0.3279417105779169,172.46683838432736,7.976960527570951,7.309793127281074,0.0,7.309793127281074,0.3005137174548886,0.0,False,service
0.0,0.0,0.0,0.0,30.0,9-N1-4-B-035101,René Goblet,René Goblet,7.0,937.0,47477.33333333333,172466.83838432736,2500.0,0.0,5.099175931429883,2026-04-08 16:54:45.000000000,2026-04-08 16:54:15.000000000,0.0,172.46683838432736,0.0,2.5,0.0,2.5,0.020833333333333332,0.0,False,service
1.0,0.0,225.21730590675048,4.170690850125009,54.0,9-N1-4-B-035101,René Goblet,P. de Justice,7.0,938.0,47531.33333333333,172692.05569023412,11737.285646721439,0.0,4.98180307496267,2026-04-08 16:55:39.000000000,2026-04-08 16:54:45.000000000,0.2252173059067505,172.69205569023413,15.014487060450033,11.737285646721439,0.0,11.737285646721439,0.17605928470082158,0.0,False,service
0.0,0.0,0.0,0.0,30.0,9-N1-4-B-035101,P. de Justice,P. de Justice,7.0,939.0,47561.33333333333,172692.05569023412,2500.0,0.0,4.96791418607377,2026-04-08 16:56:09.000000000,2026-04-08 16:55:39.000000000,0.0,172.69205569023413,0.0,2.5,0.0,2.5,0.020833333333333332,0.0,False,service
1.0,0.0,229.9992746993994,3.965504736196541,58.0,9-N1-4-B-035101,P. de Justice,Dusevel,7.0,940.0,47619.33333333333,172922.05496493352,11259.425997860737,0.0,4.846979610541197,2026-04-08 16:57:07.000000000,2026-04-08 16:56:09.000000000,0.2299992746993994,172.92205496493352,14.275817050307548,11.259425997860737,0.0,11.259425997860737,0.18140186329886743,0.0,False,service
0.0,0.0,0.0,0.0,30.0,9-N1-4-B-035101,Dusevel,Dusevel,7.0,941.0,47649.33333333333,172922.05496493352,2500.0,0.0,4.833090721652297,2026-04-08 16:57:37.000000000,2026-04-08 16:57:07.000000000,0.0,172.92205496493352,0.0,2.5,0.0,2.5,0.020833333333333332,0.0,False,service
1.0,0.0,218.8226139254244,3.587255965990564,61.0,9-N1-4-B-035101,Dusevel,Beffroi,7.0,942.0,47710.33333333333,173140.87757885893,10387.6685654154,0.0,4.715748539709637,2026-04-08 16:58:38.000000000,2026-04-08 16:57:37.000000000,0.2188226139254244,173.14087757885892,12.914121477566031,10.387668565415401,0.0,10.387668565415401,0.1760132729139832,0.0,False,service
0.0,0.0,0.0,0.0,30.0,9-N1-4-B-035101,Beffroi,Beffroi,7.0,943.0,47740.33333333333,173140.87757885893,2500.0,0.0,4.701859650820751,2026-04-08 16:59:08.000000000,2026-04-08 16:58:38.000000000,0.0,173.14087757885892,0.0,2.5,0.0,2.5,0.020833333333333332,0.0,False,service
1.0,0.0,189.07722066752729,3.501430012361616,54.0,9-N1-4-B-035101,Beffroi,Place du Marché,7.0,944.0,47794.33333333333,173329.95479952646,10191.420812679045,0.0,4.599945442693965,2026-04-08 17:00:02.000000000,2026-04-08 16:59:08.000000000,0.18907722066752727,173.32995479952646,12.605148044501819,10.191420812679045,0.0,10.191420812679045,0.15287131219018568,0.0,False,service
0.0,0.0,0.0,0.0,30.0,9-N1-4-B-035101,Place du Marché,Place du Marché,7.0,945.0,47824.33333333333,173329.95479952646,2500.0,0.0,4.586056553805079,2026-04-08 17:00:32.000000000,2026-04-08 17:00:02.000000000,0.0,173.32995479952646,0.0,2.5,0.0,2.5,0.020833333333333332,0.0,False,service
1.0,0.0,171.78613535708172,3.817469674601816,45.0,9-N1-4-B-035101,Place du Marché,M. Culture B,7.0,946.0,47869.33333333333,173501.74093488354,10916.87632541456,0.0,4.495082584426626,2026-04-08 17:01:17.000000000,2026-04-08 17:00:32.000000000,0.17178613535708173,173.50174093488354,13.742890828566539,10.91687632541456,0.0,10.91687632541456,0.136460954067682,0.0,False,service
0.0,0.0,0.0,0.0,30.0,9-N1-4-B-035101,M. Culture B,M. Culture B,7.0,947.0,47899.33333333333,173501.74093488354,2500.0,0.0,4.481193695537726,2026-04-08 17:01:47.000000000,2026-04-08 17:01:17.000000000,0.0,173.50174093488354,0.0,2.5,0.0,2.5,0.020833333333333332,0.0,False,service
1.0,0.0,291.81191051704656,6.07941480243847,48.0,9-N1-4-B-035101,M. Culture B,Saint-Jacques,7.0,948.0,47947.33333333333,173793.55284540058,16385.370113942587,0.0,4.335545961191585,2026-04-08 17:02:35.000000000,2026-04-08 17:01:47.000000000,0.2918119105170466,173.7935528454006,21.885893288778494,16.385370113942585,0.0,16.385370113942585,0.2184716015192345,0.0,False,service
0.0,0.0,0.0,0.0,30.0,9-N1-4-B-035101,Saint-Jacques,Saint-Jacques,7.0,949.0,47977.33333333333,173793.55284540058,2500.0,0.0,4.321657072302685,2026-04-08 17:03:05.000000000,2026-04-08 17:02:35.000000000,0.0,173.7935528454006,0.0,2.5,0.0,2.5,0.020833333333333332,0.0,False,service
1.0,0.0,350.7042974526486,5.656520926655622,62.0,9-N1-4-B-035101,Saint-Jacques,Jean Jaurès,7.0,950.0,48039.33333333333,174144.25714285322,15320.20185396715,0.0,4.145758458423813,2026-04-08 17:04:07.000000000,2026-04-08 17:03:05.000000000,0.3507042974526486,174.14425714285323,20.36347533596024,15.32020185396715,0.0,15.32020185396715,0.26384792081832315,0.0,False,service
0.0,0.0,0.0,0.0,30.0,9-N1-4-B-035101,Jean Jaurès,Jean Jaurès,7.0,951.0,48069.33333333333,174144.25714285322,2500.0,0.0,4.1318695695349135,2026-04-08 17:04:37.000000000,2026-04-08 17:04:07.000000000,0.0,174.14425714285323,0.0,2.5,0.0,2.5,0.020833333333333332,0.0,False,service
1.0,0.0,402.8160957322576,5.5946679962813555,72.0,9-N1-4-B-035101,Jean Jaurès,Zoo d'Amiens,7.0,952.0,48141.33333333333,174547.0732385855,15166.246752306562,0.0,3.929652946170833,2026-04-08 17:05:49.000000000,2026-04-08 17:04:37.000000000,0.40281609573225763,174.54707323858548,20.14080478661288,15.166246752306563,0.0,15.166246752306563,0.3033249350461313,0.0,False,service
0.0,0.0,0.0,0.0,30.0,9-N1-4-B-035101,Zoo d'Amiens,Zoo d'Amiens,7.0,953.0,48171.33333333333,174547.0732385855,2500.0,0.0,3.9157640572819474,2026-04-08 17:06:19.000000000,2026-04-08 17:05:49.000000000,0.0,174.54707323858548,0.0,2.5,0.0,2.5,0.020833333333333332,0.0,False,service
1.0,0.0,376.38436041502575,5.790528621769627,65.0,9-N1-4-B-035101,Zoo d'Amiens,Egl. St-Firmin,7.0,954.0,48236.33333333333,174923.4575990005,15655.335649169396,0.0,3.727320202245636,2026-04-08 17:07:24.000000000,2026-04-08 17:06:19.000000000,0.37638436041502576,174.9234575990005,20.845903038370658,15.655335649169396,0.0,15.655335649169396,0.2826657825544474,0.0,False,service
0.0,0.0,0.0,0.0,30.0,9-N1-4-B-035101,Egl. St-Firmin,Egl. St-Firmin,7.0,955.0,48266.33333333333,174923.4575990005,2500.0,0.0,3.7134313133567503,2026-04-08 17:07:54.000000000,2026-04-08 17:07:24.000000000,0.0,174.9234575990005,0.0,2.5,0.0,2.5,0.020833333333333332,0.0,False,service
1.0,0.0,300.7481358168622,5.674493128620042,53.0,9-N1-4-B-035101,Egl. St-Firmin,Faubourg de Hem,7.0,956.0,48319.33333333333,175224.20573481737,15365.021453635112,0.0,3.562626473163661,2026-04-08 17:08:47.000000000,2026-04-08 17:07:54.000000000,0.3007481358168622,175.22420573481736,20.428175263032152,15.365021453635112,0.0,15.365021453635112,0.22620726028962804,0.0,False,service
0.0,0.0,0.0,0.0,30.0,9-N1-4-B-035101,Faubourg de Hem,Faubourg de Hem,7.0,957.0,48349.33333333333,175224.20573481737,2500.0,0.0,3.5487375842747753,2026-04-08 17:09:17.000000000,2026-04-08 17:08:47.000000000,0.0,175.22420573481736,0.0,2.5,0.0,2.5,0.020833333333333332,0.0,False,service
1.0,0.0,242.018982618479,5.5004314231472495,44.0,9-N1-4-B-035101,Faubourg de Hem,Espace Alliance,7.0,958.0,48393.33333333333,175466.22471743583,14932.558498063929,0.0,3.4270648854016628,2026-04-08 17:10:01.000000000,2026-04-08 17:09:17.000000000,0.24201898261847898,175.46622471743584,19.8015531233301,14.932558498063928,0.0,14.932558498063928,0.18250904830967024,0.0,False,service
0.0,0.0,0.0,0.0,30.0,9-N1-4-B-035101,Espace Alliance,Espace Alliance,7.0,959.0,48423.33333333333,175466.22471743583,2500.0,0.0,3.413175996512777,2026-04-08 17:10:31.000000000,2026-04-08 17:10:01.000000000,0.0,175.46622471743584,0.0,2.5,0.0,2.5,0.020833333333333332,0.0,False,service
1.0,0.0,512.4653653664171,5.631487531499089,91.0,9-N1-4-B-035101,Espace Alliance,Sully,7.0,960.0,48514.33333333333,175978.69008280226,15257.837425164176,0.0,3.156053180644264,2026-04-08 17:12:02.000000000,2026-04-08 17:10:31.000000000,0.5124653653664172,175.97869008280227,20.273355113396722,15.257837425164176,0.0,15.257837425164176,0.38568422380276113,0.0,False,service
0.0,0.0,0.0,0.0,30.0,9-N1-4-B-035101,Sully,Sully,7.0,961.0,48544.33333333333,175978.69008280226,2500.0,0.0,3.1421642917553783,2026-04-08 17:12:32.000000000,2026-04-08 17:12:02.000000000,0.0,175.97869008280227,0.0,2.5,0.0,2.5,0.020833333333333332,0.0,False,service
1.0,0.0,581.4235833007191,5.537367460006848,105.0,9-N1-4-B-035101,Sully,Place la Barre,7.0,962.0,48649.33333333333,176560.113666103,15024.028151252374,0.0,2.8500304110365846,2026-04-08 17:14:17.000000000,2026-04-08 17:12:32.000000000,0.5814235833007191,176.56011366610298,19.934522856024653,15.024028151252374,0.0,15.024028151252374,0.43820082107819425,0.0,False,service
0.0,0.0,0.0,0.0,30.0,9-N1-4-B-035101,Place la Barre,Place la Barre,7.0,963.0,48679.33333333333,176560.113666103,2500.0,0.0,2.836141522147699,2026-04-08 17:14:47.000000000,2026-04-08 17:14:17.000000000,0.0,176.56011366610298,0.0,2.5,0.0,2.5,0.020833333333333332,0.0,False,service
1.0,0.0,321.16148117311843,4.654514219900267,69.0,9-N1-4-B-035101,Place la Barre,La Fontaine,7.0,964.0,48748.33333333333,176881.27514727612,12879.144765057834,0.0,2.6715746723719604,2026-04-08 17:15:56.000000000,2026-04-08 17:14:47.000000000,0.32116148117311843,176.8812751472761,16.75625119164096,12.879144765057834,0.0,12.879144765057834,0.24685027466360848,0.0,False,service
0.0,0.0,0.0,0.0,30.0,9-N1-4-B-035101,La Fontaine,La Fontaine,7.0,965.0,48778.33333333333,176881.27514727612,2500.0,0.0,2.6576857834830605,2026-04-08 17:16:26.000000000,2026-04-08 17:15:56.000000000,0.0,176.8812751472761,0.0,2.5,0.0,2.5,0.020833333333333332,0.0,False,service
1.0,0.0,233.68404358993675,5.31100099068038,44.0,9-N1-4-B-035101,La Fontaine,Les Coursives,7.0,966.0,48822.33333333333,177114.95919086607,14465.925742583915,0.0,2.539815277432382,2026-04-08 17:17:10.000000000,2026-04-08 17:16:26.000000000,0.23368404358993675,177.11495919086607,19.11960356644937,14.465925742583915,0.0,14.465925742583915,0.17680575907602564,0.0,False,service
0.0,0.0,0.0,0.0,30.0,9-N1-4-B-035101,Les Coursives,Les Coursives,7.0,967.0,48852.33333333333,177114.95919086607,2500.0,0.0,2.525926388543482,2026-04-08 17:17:40.000000000,2026-04-08 17:17:10.000000000,0.0,177.11495919086607,0.0,2.5,0.0,2.5,0.020833333333333332,0.0,False,service
1.0,0.0,293.0331102299119,5.327874731452944,55.0,9-N1-4-B-035101,Les Coursives,Languedoc,7.0,968.0,48907.33333333333,177407.99230109598,14507.32542544115,0.0,2.3781665925436215,2026-04-08 17:18:35.000000000,2026-04-08 17:17:40.000000000,0.2930331102299119,177.407992301096,19.1803490332306,14.507325425441149,0.0,14.507325425441149,0.22163969399979536,0.0,False,service
0.0,0.0,0.0,0.0,30.0,9-N1-4-B-035101,Languedoc,Languedoc,7.0,969.0,48937.33333333333,177407.99230109598,2500.0,0.0,2.3642777036547216,2026-04-08 17:19:05.000000000,2026-04-08 17:18:35.000000000,0.0,177.407992301096,0.0,2.5,0.0,2.5,0.020833333333333332,0.0,False,service
1.0,0.0,320.6006811443548,4.007508514304435,80.0,9-N1-4-B-035101,Languedoc,Collège R.Parks,7.0,970.0,49017.33333333333,177728.59298224034,11356.954589578385,0.0,2.1960265245498647,2026-04-08 17:20:25.000000000,2026-04-08 17:19:05.000000000,0.3206006811443548,177.72859298224034,14.427030651495967,11.356954589578384,0.0,11.356954589578384,0.2523767686572974,0.0,False,service
0.0,0.0,0.0,0.0,30.0,9-N1-4-B-035101,Collège R.Parks,Collège R.Parks,7.0,971.0,49047.33333333333,177728.59298224034,2500.0,0.0,2.182137635660979,2026-04-08 17:20:55.000000000,2026-04-08 17:20:25.000000000,0.0,177.72859298224034,0.0,2.5,0.0,2.5,0.020833333333333332,0.0,False,service
1.0,0.0,270.8261413947126,5.0152989147169,54.0,9-N1-4-B-035101,Collège R.Parks,Martinique,7.0,972.0,49101.33333333333,177999.41912363505,13745.538236155448,0.0,2.0446822532994275,2026-04-08 17:21:49.000000000,2026-04-08 17:20:55.000000000,0.27082614139471256,177.99941912363505,18.05507609298084,13.745538236155447,0.0,13.745538236155447,0.20618307354233173,0.0,False,service
0.0,0.0,0.0,0.0,30.0,9-N1-4-B-035101,Martinique,Martinique,7.0,973.0,49131.33333333333,177999.41912363505,2500.0,0.0,2.0307933644105276,2026-04-08 17:22:19.000000000,2026-04-08 17:21:49.000000000,0.0,177.99941912363505,0.0,2.5,0.0,2.5,0.020833333333333332,0.0,False,service
1.0,0.0,274.08690803195344,2.3227704070504527,118.0,9-N1-4-B-035101,Martinique,Etouvie Quai A,7.0,974.0,49249.33333333333,178273.506031667,7545.9279119890025,0.0,1.865900865592991,2026-04-08 17:24:17.000000000,2026-04-08 17:22:19.000000000,0.27408690803195346,178.273506031667,8.361973465381629,7.545927911989002,0.0,7.545927911989002,0.2473387482263062,0.0,False,service
1.0,0.0,241.9015249612658,4.319670088594032,56.0,9-N1-2-B-034901,Etouvie Quai A,Martinique,8.0,975.0,49305.33333333333,178515.40755662826,12086.56880128932,0.0,1.7405586706166645,2026-04-08 17:25:13.000000000,2026-04-08 17:24:17.000000000,0.2419015249612658,178.51540755662825,15.550812318938515,12.08656880128932,0.0,12.08656880128932,0.18801329246450055,0.0,False,service
0.0,0.0,0.0,0.0,30.0,9-N1-2-B-034901,Martinique,Martinique,8.0,976.0,49335.33333333333,178515.40755662826,2500.0,0.0,1.7266697817277787,2026-04-08 17:25:43.000000000,2026-04-08 17:25:13.000000000,0.0,178.51540755662825,0.0,2.5,0.0,2.5,0.020833333333333332,0.0,False,service
1.0,0.0,330.7630000086095,4.9367611941583505,67.0,9-N1-2-B-034901,Martinique,Collège R.Parks,8.0,977.0,49402.33333333333,178846.17055663688,13555.791611470482,0.0,1.5584775524743435,2026-04-08 17:26:50.000000000,2026-04-08 17:25:43.000000000,0.3307630000086095,178.84617055663688,17.77234029897006,13.555791611470482,0.0,13.555791611470482,0.2522883438801451,0.0,False,service
0.0,0.0,0.0,0.0,30.0,9-N1-2-B-034901,Collège R.Parks,Collège R.Parks,8.0,978.0,49432.33333333333,178846.17055663688,2500.0,0.0,1.5445886635854578,2026-04-08 17:27:20.000000000,2026-04-08 17:26:50.000000000,0.0,178.84617055663688,0.0,2.5,0.0,2.5,0.020833333333333332,0.0,False,service
1.0,0.0,296.81987678393193,4.01107941599908,74.0,9-N1-2-B-034901,Collège R.Parks,Languedoc,8.0,979.0,49506.33333333333,179142.9904334208,11365.252764990835,0.0,1.388842607176315,2026-04-08 17:28:34.000000000,2026-04-08 17:27:20.000000000,0.29681987678393196,179.1429904334208,14.439885897596689,11.365252764990835,0.0,11.365252764990835,0.23361908461370048,0.0,False,service
0.0,0.0,0.0,0.0,30.0,9-N1-2-B-034901,Languedoc,Languedoc,8.0,980.0,49536.33333333333,179142.9904334208,2500.0,0.0,1.3749537182874292,2026-04-08 17:29:04.000000000,2026-04-08 17:28:34.000000000,0.0,179.1429904334208,0.0,2.5,0.0,2.5,0.020833333333333332,0.0,False,service
1.0,0.0,297.726462758007,5.316543977821554,56.0,9-N1-2-B-034901,Languedoc,Les coursives,8.0,981.0,49592.33333333333,179440.7168961788,14479.52190452762,0.0,1.2247957133515968,2026-04-08 17:30:00.000000000,2026-04-08 17:29:04.000000000,0.297726462758007,179.4407168961788,19.139558320157594,14.479521904527621,0.0,14.479521904527621,0.22523700740376298,0.0,False,service
0.0,0.0,0.0,0.0,30.0,9-N1-2-B-034901,Les coursives,Les coursives,8.0,982.0,49622.33333333333,179440.7168961788,2500.0,0.0,1.2109068244626968,2026-04-08 17:30:30.000000000,2026-04-08 17:30:00.000000000,0.0,179.4407168961788,0.0,2.5,0.0,2.5,0.020833333333333332,0.0,False,service
1.0,0.0,227.94980309080773,5.065551179795728,45.0,9-N1-2-B-034901,Les coursives,La Fontaine,8.0,983.0,49667.33333333333,179668.6666992696,13867.291099605594,0.0,1.0953460652993243,2026-04-08 17:31:15.000000000,2026-04-08 17:30:30.000000000,0.22794980309080773,179.6686666992696,18.23598424726462,13.867291099605595,0.0,13.867291099605595,0.17334113874506996,0.0,False,service
0.0,0.0,0.0,0.0,30.0,9-N1-2-B-034901,La Fontaine,La Fontaine,8.0,984.0,49697.33333333333,179668.6666992696,2500.0,0.0,1.0814571764104244,2026-04-08 17:31:45.000000000,2026-04-08 17:31:15.000000000,0.0,179.6686666992696,0.0,2.5,0.0,2.5,0.020833333333333332,0.0,False,service
1.0,0.0,278.8940733458619,4.572033989276425,61.0,9-N1-2-B-034901,La Fontaine,Place la Barre,8.0,985.0,49758.33333333333,179947.56077261548,12682.916941634749,0.0,0.938187188736407,2026-04-08 17:32:46.000000000,2026-04-08 17:31:45.000000000,0.2788940733458619,179.94756077261547,16.459322361395127,12.68291694163475,0.0,12.68291694163475,0.2149049815110332,0.0,False,service
0.0,0.0,0.0,0.0,30.0,9-N1-2-B-034901,Place la Barre,Place la Barre,8.0,986.0,49788.33333333333,179947.56077261548,2500.0,0.0,0.9242982998475213,2026-04-08 17:33:16.000000000,2026-04-08 17:32:46.000000000,0.0,179.94756077261547,0.0,2.5,0.0,2.5,0.020833333333333332,0.0,False,service
1.0,0.0,552.9827646282706,5.882795368385858,94.0,9-N1-2-B-034901,Place la Barre,Sully,8.0,987.0,49882.33333333333,180500.54353724376,15887.360880206767,0.0,0.6477405363772561,2026-04-08 17:34:50.000000000,2026-04-08 17:33:16.000000000,0.5529827646282706,180.50054353724377,21.178063326189086,15.887360880206767,0.0,15.887360880206767,0.4148366452053989,0.0,False,service
0.0,0.0,0.0,0.0,30.0,9-N1-2-B-034901,Sully,Sully,8.0,988.0,49912.33333333333,180500.54353724376,2500.0,0.0,0.6338516474883562,2026-04-08 17:35:20.000000000,2026-04-08 17:34:50.000000000,0.0,180.50054353724377,0.0,2.5,0.0,2.5,0.020833333333333332,0.0,False,service
1.0,0.0,541.2636534432309,5.820039284335816,93.0,9-N1-2-B-034901,Sully,Espace Alliance,8.0,989.0,50005.33333333333,181041.807190687,15729.432196236612,0.0,0.3629558707753944,2026-04-08 17:36:53.000000000,2026-04-08 17:35:20.000000000,0.5412636534432308,181.041807190687,20.952141423608936,15.729432196236612,0.0,15.729432196236612,0.4063436650694458,0.0,False,service
0.0,0.0,0.0,0.0,30.0,9-N1-2-B-034901,Espace Alliance,Espace Alliance,8.0,990.0,50035.33333333333,181041.807190687,2500.0,0.0,0.34906698188650864,2026-04-08 17:37:23.000000000,2026-04-08 17:36:53.000000000,0.0,181.041807190687,0.0,2.5,0.0,2.5,0.020833333333333332,0.0,False,service
1.0,0.0,306.8484114845754,5.789592669520291,53.0,9-N1-2-B-034901,Espace Alliance,Faubourg de Hem,8.0,991.0,50088.33333333333,181348.65560217155,15652.987376486395,0.0,0.19543580948764827,2026-04-08 17:38:16.000000000,2026-04-08 17:37:23.000000000,0.3068484114845754,181.34865560217156,20.842533610273048,15.652987376486395,0.0,15.652987376486395,0.23044675859827193,0.0,False,service
0.0,0.0,0.0,0.0,30.0,9-N1-2-B-034901,Faubourg de Hem,Faubourg de Hem,8.0,992.0,50118.33333333333,181348.65560217155,2500.0,0.0,0.18154692059876254,2026-04-08 17:38:46.000000000,2026-04-08 17:38:16.000000000,0.0,181.34865560217156,0.0,2.5,0.0,2.5,0.020833333333333332,0.0,False,service
1.0,0.0,296.4471853943004,7.058266318911914,42.0,9-N1-2-B-034901,Faubourg de Hem,Egl. St-Firmin,8.0,993.0,50160.33333333333,181645.10278756585,18942.057390181886,0.0,0.034219807564014104,2026-04-08 17:39:28.000000000,2026-04-08 17:38:46.000000000,0.29644718539430037,181.64510278756586,25.409758748082893,18.942057390181887,0.0,18.942057390181887,0.220990669552122,0.0,False,service
0.0,0.0,0.0,0.0,30.0,9-N1-2-B-034901,Egl. St-Firmin,Egl. St-Firmin,8.0,994.0,50190.33333333333,181645.10278756585,2500.0,0.0,0.020330918675128373,2026-04-08 17:39:58.000000000,2026-04-08 17:39:28.000000000,0.0,181.64510278756586,0.0,2.5,0.0,2.5,0.020833333333333332,0.0,False,service
1.0,0.0,397.9625757415526,7.106474566813439,56.0,9-N1-2-B-034901,Egl. St-Firmin,Zoo d'Amiens,8.0,995.0,50246.33333333333,182043.0653633074,19071.518432946243,0.0,-0.17744779099986374,2026-04-08 17:40:54.000000000,2026-04-08 17:39:58.000000000,0.3979625757415526,182.0430653633074,25.58330844052838,19.07151843294624,0.0,19.07151843294624,0.2966680645124971,0.0,False,service
0.0,0.0,0.0,0.0,30.0,9-N1-2-B-034901,Zoo d'Amiens,Zoo d'Amiens,8.0,996.0,50276.33333333333,182043.0653633074,2500.0,0.0,-0.19133667988874947,2026-04-08 17:41:24.000000000,2026-04-08 17:40:54.000000000,0.0,182.0430653633074,0.0,2.5,0.0,2.5,0.020833333333333332,0.0,False,service
1.0,0.0,387.76459722543666,6.924367807597084,56.0,9-N1-2-B-034901,Zoo d'Amiens,Jean Jaurès,8.0,997.0,50332.33333333333,182430.82996053284,18584.29760190798,0.0,-0.38406272909372774,2026-04-08 17:42:20.000000000,2026-04-08 17:41:24.000000000,0.38776459722543666,182.43082996053283,24.9277241073495,18.58429760190798,0.0,18.58429760190798,0.28908907380745746,0.0,False,service
0.0,0.0,0.0,0.0,30.0,9-N1-2-B-034901,Jean Jaurès,Jean Jaurès,8.0,998.0,50362.33333333333,182430.82996053284,2500.0,0.0,-0.39795161798261347,2026-04-08 17:42:50.000000000,2026-04-08 17:42:20.000000000,0.0,182.43082996053283,0.0,2.5,0.0,2.5,0.020833333333333332,0.0,False,service
1.0,0.0,353.81886733206454,6.675827685510652,53.0,9-N1-2-B-034901,Jean Jaurès,Saint-Jacques,8.0,999.0,50415.33333333333,182784.6488278649,17927.174140413597,0.0,-0.5739035123237102,2026-04-08 17:43:43.000000000,2026-04-08 17:42:50.000000000,0.3538188673320645,182.7846488278649,24.032979667838347,17.927174140413598,0.0,17.927174140413598,0.2639278415116446,0.0,False,service
0.0,0.0,0.0,0.0,30.0,9-N1-2-B-034901,Saint-Jacques,Saint-Jacques,8.0,1000.0,50445.33333333333,182784.6488278649,2500.0,0.0,-0.5877924012126101,2026-04-08 17:44:13.000000000,2026-04-08 17:43:43.000000000,0.0,182.7846488278649,0.0,2.5,0.0,2.5,0.020833333333333332,0.0,False,service
1.0,0.0,242.8037375118653,7.35768901551107,33.0,9-N1-2-B-034901,Saint-Jacques,M. Culture A,8.0,1001.0,50478.33333333333,183027.45256537676,19751.86842032748,0.0,-0.70849826378128,2026-04-08 17:44:46.000000000,2026-04-08 17:44:13.000000000,0.24280373751186532,183.02745256537676,26.487680455839854,19.75186842032748,0.0,19.75186842032748,0.1810587938530019,0.0,False,service
0.0,0.0,0.0,0.0,30.0,9-N1-2-B-034901,M. Culture A,M. Culture A,8.0,1002.0,50508.33333333333,183027.45256537676,2500.0,0.0,-0.7223871526701657,2026-04-08 17:45:16.000000000,2026-04-08 17:44:46.000000000,0.0,183.02745256537676,0.0,2.5,0.0,2.5,0.020833333333333332,0.0,False,service
1.0,0.0,296.74165114956037,2.472847092913003,120.0,9-N1-2-B-034901,M. Culture A,Hôtel de Ville,8.0,1003.0,50628.33333333333,183324.19421652632,7878.244573638238,0.0,-0.8974592543065825,2026-04-08 17:47:16.000000000,2026-04-08 17:45:16.000000000,0.29674165114956036,183.3241942165263,8.90224953448681,7.878244573638238,0.0,7.878244573638238,0.26260815245460795,0.0,False,service
0.0,0.0,0.0,0.0,30.0,9-N1-2-B-034901,Hôtel de Ville,Hôtel de Ville,8.0,1004.0,50658.33333333333,183324.19421652632,2500.0,0.0,-0.9113481431954682,2026-04-08 17:47:46.000000000,2026-04-08 17:47:16.000000000,0.0,183.3241942165263,0.0,2.5,0.0,2.5,0.020833333333333332,0.0,False,service
1.0,0.0,228.2941059416939,4.005159753363051,57.0,9-N1-2-B-034901,Hôtel de Ville,Jacobins,8.0,1005.0,50715.33333333333,183552.488322468,11351.497055087,0.0,-1.0311695009991695,2026-04-08 17:48:43.000000000,2026-04-08 17:47:46.000000000,0.22829410594169391,183.552488322468,14.418575112106984,11.351497055087,0.0,11.351497055087,0.17973203670554416,0.0,False,service
0.0,0.0,0.0,0.0,30.0,9-N1-2-B-034901,Jacobins,Jacobins,8.0,1006.0,50745.33333333333,183552.488322468,2500.0,0.0,-1.0450583898880694,2026-04-08 17:49:13.000000000,2026-04-08 17:48:43.000000000,0.0,183.552488322468,0.0,2.5,0.0,2.5,0.020833333333333332,0.0,False,service
1.0,0.0,326.11241962366006,4.026079254613087,81.0,9-N1-2-B-034901,Jacobins,Emile Zola,8.0,1007.0,50826.33333333333,183878.60074209166,11400.121734172237,0.0,-1.2160602159006402,2026-04-08 17:50:34.000000000,2026-04-08 17:49:13.000000000,0.32611241962366005,183.87860074209166,14.493885316607114,11.400121734172236,0.0,11.400121734172236,0.2565027390188753,0.0,False,service
0.0,0.0,0.0,0.0,30.0,9-N1-2-B-034901,Emile Zola,Emile Zola,8.0,1008.0,50856.33333333333,183878.60074209166,2500.0,0.0,-1.229949104789526,2026-04-08 17:51:04.000000000,2026-04-08 17:50:34.000000000,0.0,183.87860074209166,0.0,2.5,0.0,2.5,0.020833333333333332,0.0,False,service
1.0,0.0,355.48637357572056,2.1943603307143245,162.0,9-N1-2-B-034901,Emile Zola,Gare du Nord B,8.0,1009.0,51018.33333333333,184234.08711566738,7262.471868531566,0.0,-1.4478232608454675,2026-04-08 17:53:46.000000000,2026-04-08 17:51:04.000000000,0.35548637357572055,184.2340871156674,7.899697190571568,7.2624718685315655,0.0,7.2624718685315655,0.32681123408392043,0.0,False,service
0.0,0.0,0.0,0.0,30.0,9-N1-2-B-034901,Gare du Nord B,Gare du Nord B,8.0,1010.0,51048.33333333333,184234.08711566738,2500.0,0.0,-1.4617121497343675,2026-04-08 17:54:16.000000000,2026-04-08 17:53:46.000000000,0.0,184.2340871156674,0.0,2.5,0.0,2.5,0.020833333333333332,0.0,False,service
1.0,0.0,368.1948881034494,3.95908481831666,93.0,9-N1-2-B-034901,Gare du Nord B,Caserne Dejean,8.0,1011.0,51141.33333333333,184602.28200377084,11244.532705520063,0.0,-1.6553679907738825,2026-04-08 17:55:49.000000000,2026-04-08 17:54:16.000000000,0.3681948881034494,184.60228200377085,14.252705345939976,11.244532705520063,0.0,11.244532705520063,0.2904837615592683,0.0,False,service
0.0,0.0,0.0,0.0,30.0,9-N1-2-B-034901,Caserne Dejean,Caserne Dejean,8.0,1012.0,51171.33333333333,184602.28200377084,2500.0,0.0,-1.6692568796627683,2026-04-08 17:56:19.000000000,2026-04-08 17:55:49.000000000,0.0,184.60228200377085,0.0,2.5,0.0,2.5,0.020833333333333332,0.0,False,service
1.0,0.0,355.3755273513469,3.862777471210292,92.0,9-N1-2-B-034901,Caserne Dejean,Pinceau,8.0,1013.0,51263.33333333333,184957.65753112218,11021.525823010094,0.0,-1.8570310233140503,2026-04-08 17:57:51.000000000,2026-04-08 17:56:19.000000000,0.35537552735134686,184.95765753112218,13.905998896357051,11.021525823010094,0.0,11.021525823010094,0.28166121547692463,0.0,False,service
0.0,0.0,0.0,0.0,30.0,9-N1-2-B-034901,Pinceau,Pinceau,8.0,1014.0,51293.33333333333,184957.65753112218,2500.0,0.0,-1.870919912202936,2026-04-08 17:58:21.000000000,2026-04-08 17:57:51.000000000,0.0,184.95765753112218,0.0,2.5,0.0,2.5,0.020833333333333332,0.0,False,service
1.0,0.0,447.05548624280317,3.8874390108069843,115.0,9-N1-2-B-034901,Pinceau,L. de Luzarches,8.0,1015.0,51408.33333333333,185404.713017365,11078.55830186122,0.0,-2.1068521723351665,2026-04-08 18:00:16.000000000,2026-04-08 17:58:21.000000000,0.44705548624280317,185.404713017365,13.994780438905144,11.07855830186122,0.0,11.07855830186122,0.3538983901983445,0.0,False,service
0.0,0.0,0.0,0.0,30.0,9-N1-2-B-034901,L. de Luzarches,L. de Luzarches,8.0,1016.0,51438.33333333333,185404.713017365,2500.0,0.0,-2.1207410612240665,2026-04-08 18:00:46.000000000,2026-04-08 18:00:16.000000000,0.0,185.404713017365,0.0,2.5,0.0,2.5,0.020833333333333332,0.0,False,service
1.0,0.0,324.8685267650074,8.121713169125185,40.0,9-N1-2-B-034901,L. de Luzarches,Egl. St-Acheul,8.0,1017.0,51478.33333333333,185729.58154413,21882.98673915759,0.0,-2.2828372592919095,2026-04-08 18:01:26.000000000,2026-04-08 18:00:46.000000000,0.3248685267650074,185.72958154412999,29.238167408850664,21.88298673915759,0.0,21.88298673915759,0.24314429710175098,0.0,False,service
0.0,0.0,0.0,0.0,30.0,9-N1-2-B-034901,Egl. St-Acheul,Egl. St-Acheul,8.0,1018.0,51508.33333333333,185729.58154413,2500.0,0.0,-2.2967261481807952,2026-04-08 18:01:56.000000000,2026-04-08 18:01:26.000000000,0.0,185.72958154412999,0.0,2.5,0.0,2.5,0.020833333333333332,0.0,False,service
1.0,0.0,451.79666905185246,8.214484891851862,55.0,9-N1-2-B-034901,Egl. St-Acheul,Mercey,8.0,1019.0,51563.33333333333,186181.37821318186,22148.418284070947,0.0,-2.5223118899629924,2026-04-08 18:02:51.000000000,2026-04-08 18:01:56.000000000,0.45179666905185245,186.18137821318186,29.572145610666706,22.148418284070946,0.0,22.148418284070946,0.33837861267330616,0.0,False,service
0.0,0.0,0.0,0.0,30.0,9-N1-2-B-034901,Mercey,Mercey,8.0,1020.0,51593.33333333333,186181.37821318186,2500.0,0.0,-2.536200778851878,2026-04-08 18:03:21.000000000,2026-04-08 18:02:51.000000000,0.0,186.18137821318186,0.0,2.5,0.0,2.5,0.020833333333333332,0.0,False,service
1.0,0.0,481.8036462949089,8.166163496523879,59.0,9-N1-2-B-034901,Mercey,Sobo,8.0,1021.0,51652.33333333333,186663.18185947675,22009.978589942315,0.0,-2.776680174556816,2026-04-08 18:04:20.000000000,2026-04-08 18:03:21.000000000,0.4818036462949089,186.66318185947677,29.398188587485965,22.009978589942314,0.0,22.009978589942314,0.36071909355738796,0.0,False,service
0.0,0.0,0.0,0.0,30.0,9-N1-2-B-034901,Sobo,Sobo,8.0,1022.0,51682.33333333333,186663.18185947675,2500.0,0.0,-2.7905690634457017,2026-04-08 18:04:50.000000000,2026-04-08 18:04:20.000000000,0.0,186.66318185947677,0.0,2.5,0.0,2.5,0.020833333333333332,0.0,False,service
1.0,0.0,707.5852717526406,8.22773571805396,86.0,9-N1-2-B-034901,Sobo,Pont de l'Avre,8.0,1023.0,51768.33333333333,187370.7671312294,22186.452600813267,0.0,-3.143908864125322,2026-04-08 18:06:16.000000000,2026-04-08 18:04:50.000000000,0.7075852717526405,187.3707671312294,29.61984858499426,22.18645260081327,0.0,22.18645260081327,0.530009701019428,0.0,False,service
0.0,0.0,0.0,0.0,30.0,9-N1-2-B-034901,Pont de l'Avre,Pont de l'Avre,8.0,1024.0,51798.33333333333,187370.7671312294,2500.0,0.0,-3.157797753014208,2026-04-08 18:06:46.000000000,2026-04-08 18:06:16.000000000,0.0,187.3707671312294,0.0,2.5,0.0,2.5,0.020833333333333332,0.0,False,service
1.0,0.0,296.6141068969825,7.062240640404345,42.0,9-N1-2-B-034901,Pont de l'Avre,Cité du Château,8.0,1025.0,51840.33333333333,187667.38123812637,18952.717051821182,0.0,-3.305207774528384,2026-04-08 18:07:28.000000000,2026-04-08 18:06:46.000000000,0.2966141068969825,187.66738123812638,25.424066305455643,18.952717051821182,0.0,18.952717051821182,0.22111503227124713,0.0,False,service
0.0,0.0,0.0,0.0,30.0,9-N1-2-B-034901,Cité du Château,Cité du Château,8.0,1026.0,51870.33333333333,187667.38123812637,2500.0,0.0,-3.3190966634172696,2026-04-08 18:07:58.000000000,2026-04-08 18:07:28.000000000,0.0,187.66738123812638,0.0,2.5,0.0,2.5,0.020833333333333332,0.0,False,service
1.0,0.0,332.9543642312839,6.936549254818414,48.0,9-N1-2-B-034901,Cité du Château,La Rose Rouge,8.0,1027.0,51918.33333333333,188000.33560235766,18616.73519188507,0.0,-3.4845787540118067,2026-04-08 18:08:46.000000000,2026-04-08 18:07:58.000000000,0.3329543642312839,188.00033560235767,24.97157731734629,18.61673519188507,0.0,18.61673519188507,0.24822313589180092,0.0,False,service
0.0,0.0,0.0,0.0,30.0,9-N1-2-B-034901,La Rose Rouge,La Rose Rouge,8.0,1028.0,51948.33333333333,188000.33560235766,2500.0,0.0,-3.4984676429006925,2026-04-08 18:09:16.000000000,2026-04-08 18:08:46.000000000,0.0,188.00033560235767,0.0,2.5,0.0,2.5,0.020833333333333332,0.0,False,service
1.0,0.0,225.1396338173497,7.262568832817732,31.0,9-N1-2-B-034901,La Rose Rouge,Poidevin,8.0,1029.0,51979.33333333333,188225.475236175,19493.118954380796,0.0,-3.610372585046221,2026-04-08 18:09:47.000000000,2026-04-08 18:09:16.000000000,0.2251396338173497,188.225475236175,26.145247798143835,19.493118954380797,0.0,19.493118954380797,0.1678574132182791,0.0,False,service
0.0,0.0,0.0,0.0,30.0,9-N1-2-B-034901,Poidevin,Poidevin,8.0,1030.0,52009.33333333333,188225.475236175,2500.0,0.0,-3.624261473935107,2026-04-08 18:10:17.000000000,2026-04-08 18:09:47.000000000,0.0,188.225475236175,0.0,2.5,0.0,2.5,0.020833333333333332,0.0,False,service
1.0,0.0,314.5014195772681,7.147759535847002,44.0,9-N1-2-B-034901,Poidevin,M. de Longueau,8.0,1031.0,52053.33333333333,188539.97665575228,19182.665796909016,0.0,-3.7805646767247367,2026-04-08 18:11:01.000000000,2026-04-08 18:10:17.000000000,0.3145014195772681,188.53997665575227,25.731934329049206,19.182665796909017,0.0,19.182665796909017,0.23445480418444353,0.0,False,service
0.0,0.0,0.0,0.0,30.0,9-N1-2-B-034901,M. de Longueau,M. de Longueau,8.0,1032.0,52083.33333333333,188539.97665575228,2500.0,0.0,-3.7944535656136367,2026-04-08 18:11:31.000000000,2026-04-08 18:11:01.000000000,0.0,188.53997665575227,0.0,2.5,0.0,2.5,0.020833333333333332,0.0,False,service
1.0,0.0,256.63398574137216,6.936053668685734,37.0,9-N1-2-B-034901,M. de Longueau,La Fourche,8.0,1033.0,52120.33333333333,188796.61064149367,18615.415085336244,0.0,-3.9220036319390914,2026-04-08 18:12:08.000000000,2026-04-08 18:11:31.000000000,0.25663398574137214,188.79661064149366,24.96979320726864,18.615415085336245,0.0,18.615415085336245,0.19132509948817805,0.0,False,service
0.0,0.0,0.0,0.0,30.0,9-N1-2-B-034901,La Fourche,La Fourche,8.0,1034.0,52150.33333333333,188796.61064149367,2500.0,0.0,-3.935892520827977,2026-04-08 18:12:38.000000000,2026-04-08 18:12:08.000000000,0.0,188.79661064149366,0.0,2.5,0.0,2.5,0.020833333333333332,0.0,False,service
1.0,0.0,651.0902221706201,6.643777777251225,98.0,9-N1-2-B-034901,La Fourche,Croix de Fer,8.0,1035.0,52248.33333333333,189447.70086366427,17843.08013403265,0.0,-4.259711382519683,2026-04-08 18:14:16.000000000,2026-04-08 18:12:38.000000000,0.6510902221706201,189.44770086366427,23.91759999810441,17.84308013403265,0.0,17.84308013403265,0.4857282925375555,0.0,False,service
0.0,0.0,0.0,0.0,30.0,9-N1-2-B-034901,Croix de Fer,Croix de Fer,8.0,1036.0,52278.33333333333,189447.70086366427,2500.0,0.0,-4.273600271408569,2026-04-08 18:14:46.000000000,2026-04-08 18:14:16.000000000,0.0,189.44770086366427,0.0,2.5,0.0,2.5,0.020833333333333332,0.0,False,service
1.0,0.0,703.41712703917,4.953641739712465,142.0,9-N1-2-B-034901,Croix de Fer,C. Cial Glisy,8.0,1037.0,52420.33333333333,190151.11799070344,13596.520036751444,0.0,-4.631138390893511,2026-04-08 18:17:08.000000000,2026-04-08 18:14:46.000000000,0.70341712703917,190.15111799070343,17.833110262964873,13.596520036751444,0.0,13.596520036751444,0.5363071792274181,0.0,False,service
0.0,0.0,0.0,0.0,30.0,9-N1-2-B-034901,C. Cial Glisy,C. Cial Glisy,8.0,1038.0,52450.33333333333,190151.11799070344,2500.0,0.0,-4.645027279782397,2026-04-08 18:17:38.000000000,2026-04-08 18:17:08.000000000,0.0,190.15111799070343,0.0,2.5,0.0,2.5,0.020833333333333332,0.0,False,service
1.0,0.0,136.72688382470434,4.883102993739441,28.0,9-N1-2-B-034901,C. Cial Glisy,Capitaine Nemo,8.0,1039.0,52478.33333333333,190287.84487452815,13426.525887753734,0.0,-4.714646302904086,2026-04-08 18:18:06.000000000,2026-04-08 18:17:38.000000000,0.13672688382470435,190.28784487452816,17.57917077746199,13.426525887753735,0.0,13.426525887753735,0.10442853468252905,0.0,False,service
0.0,0.0,0.0,0.0,30.0,9-N1-2-B-034901,Capitaine Nemo,Capitaine Nemo,8.0,1040.0,52508.33333333333,190287.84487452815,2500.0,0.0,-4.728535191792972,2026-04-08 18:18:36.000000000,2026-04-08 18:18:06.000000000,0.0,190.28784487452816,0.0,2.5,0.0,2.5,0.020833333333333332,0.0,False,service
1.0,0.0,323.4478124594319,2.488060095841784,130.0,9-N1-2-B-034901,Capitaine Nemo,Pôle J. Verne,8.0,1041.0,52638.33333333333,190611.29268698758,7911.995684014774,0.0,-4.9190091619637,2026-04-08 18:20:46.000000000,2026-04-08 18:18:36.000000000,0.3234478124594319,190.61129268698758,8.957016345030421,7.911995684014775,0.0,7.911995684014775,0.2857109552560891,0.0,False,service
0.0,0.0,0.0,0.0,30.0,9-N1-2-B-034901,Pôle J. Verne,Pôle J. Verne,8.0,1042.0,52668.33333333333,190611.29268698758,2500.0,0.0,-4.9328980508526,2026-04-08 18:21:16.000000000,2026-04-08 18:20:46.000000000,0.0,190.61129268698758,0.0,2.5,0.0,2.5,0.020833333333333332,0.0,False,service
1.0,0.0,334.0181708930427,4.7044812801837,71.0,9-N1-4-B-035101,Pôle J. Verne,Capitaine Nemo,8.0,1043.0,52739.33333333333,190945.31085788063,12998.346897480362,0.0,-5.1038022415417,2026-04-08 18:22:27.000000000,2026-04-08 18:21:16.000000000,0.3340181708930427,190.94531085788063,16.93613260866132,12.998346897480362,0.0,12.998346897480362,0.25635628603364047,0.0,False,service
0.0,0.0,0.0,0.0,30.0,9-N1-4-B-035101,Capitaine Nemo,Capitaine Nemo,8.0,1044.0,52769.33333333333,190945.31085788063,2500.0,0.0,-5.117691130430586,2026-04-08 18:22:57.000000000,2026-04-08 18:22:27.000000000,0.0,190.94531085788063,0.0,2.5,0.0,2.5,0.020833333333333332,0.0,False,service
1.0,0.0,122.91799931516653,5.8532380626269775,21.0,9-N1-4-B-035101,Capitaine Nemo,C. Cial Glisy,8.0,1045.0,52790.33333333333,191068.2288571958,15812.917585812425,0.0,-5.179185809930971,2026-04-08 18:23:18.000000000,2026-04-08 18:22:57.000000000,0.12291799931516653,191.06822885719578,21.07165702545712,15.812917585812425,0.0,15.812917585812425,0.09224201925057249,0.0,False,service
0.0,0.0,0.0,0.0,30.0,9-N1-4-B-035101,C. Cial Glisy,C. Cial Glisy,8.0,1046.0,52820.33333333333,191068.2288571958,2500.0,0.0,-5.193074698819871,2026-04-08 18:23:48.000000000,2026-04-08 18:23:18.000000000,0.0,191.06822885719578,0.0,2.5,0.0,2.5,0.020833333333333332,0.0,False,service
1.0,0.0,685.9620842301216,4.6664087362593305,147.0,9-N1-4-B-035101,C. Cial Glisy,Croix de Fer,8.0,1047.0,52967.33333333333,191754.1909414259,12907.4980317801,0.0,-5.544445478573891,2026-04-08 18:26:15.000000000,2026-04-08 18:23:48.000000000,0.6859620842301216,191.75419094142592,16.79907145053359,12.9074980317801,0.0,12.9074980317801,0.5270561696310208,0.0,False,service
0.0,0.0,0.0,0.0,30.0,9-N1-4-B-035101,Croix de Fer,Croix de Fer,8.0,1048.0,52997.33333333333,191754.1909414259,2500.0,0.0,-5.558334367462777,2026-04-08 18:26:45.000000000,2026-04-08 18:26:15.000000000,0.0,191.75419094142592,0.0,2.5,0.0,2.5,0.020833333333333332,0.0,False,service
1.0,0.0,746.5227463047001,6.912247650969446,108.0,9-N1-4-B-035101,Croix de Fer,La Fourche,8.0,1049.0,53105.33333333333,192500.7136877306,18552.04485821827,0.0,-5.929375264627154,2026-04-08 18:28:33.000000000,2026-04-08 18:26:45.000000000,0.7465227463047002,192.5007136877306,24.88409154349001,18.55204485821827,0.0,18.55204485821827,0.5565613457465481,0.0,False,service
0.0,0.0,0.0,0.0,30.0,9-N1-4-B-035101,La Fourche,La Fourche,8.0,1050.0,53135.33333333333,192500.7136877306,2500.0,0.0,-5.943264153516054,2026-04-08 18:29:03.000000000,2026-04-08 18:28:33.000000000,0.0,192.5007136877306,0.0,2.5,0.0,2.5,0.020833333333333332,0.0,False,service
1.0,0.0,236.45430499839583,7.38919703119987,32.0,9-N1-4-B-035101,La Fourche,M. de Longueau,8.0,1051.0,53167.33333333333,192737.167992729,19837.888242149456,0.0,-6.060822009765829,2026-04-08 18:29:35.000000000,2026-04-08 18:29:03.000000000,0.23645430499839581,192.73716799272898,26.60110931231953,19.837888242149457,0.0,19.837888242149457,0.17633678437466183,0.0,False,service
0.0,0.0,0.0,0.0,30.0,9-N1-4-B-035101,M. de Longueau,M. de Longueau,8.0,1052.0,53197.33333333333,192737.167992729,2500.0,0.0,-6.074710898654729,2026-04-08 18:30:05.000000000,2026-04-08 18:29:35.000000000,0.0,192.73716799272898,0.0,2.5,0.0,2.5,0.020833333333333332,0.0,False,service
1.0,0.0,238.2314886825274,7.219136020682649,33.0,9-N1-4-B-035101,M. de Longueau,Poidevin,8.0,1053.0,53230.33333333333,192975.39948141153,19375.436167720003,0.0,-6.193116341901899,2026-04-08 18:30:38.000000000,2026-04-08 18:30:05.000000000,0.23823148868252741,192.97539948141153,25.98888967445754,19.375436167720004,0.0,19.375436167720004,0.1776081648707667,0.0,False,service
0.0,0.0,0.0,0.0,30.0,9-N1-4-B-035101,Poidevin,Poidevin,8.0,1054.0,53260.33333333333,192975.39948141153,2500.0,0.0,-6.207005230790784,2026-04-08 18:31:08.000000000,2026-04-08 18:30:38.000000000,0.0,192.97539948141153,0.0,2.5,0.0,2.5,0.020833333333333332,0.0,False,service
1.0,0.0,283.0530932557657,7.257771621942711,39.0,9-N1-4-B-035101,Poidevin,La Rose Rouge,8.0,1055.0,53299.33333333333,193258.4525746673,19480.106487676945,0.0,-6.347694888757346,2026-04-08 18:31:47.000000000,2026-04-08 18:31:08.000000000,0.2830530932557657,193.25845257466727,26.127977838993758,19.480106487676945,0.0,19.480106487676945,0.2110344869498336,0.0,False,service
0.0,0.0,0.0,0.0,30.0,9-N1-4-B-035101,La Rose Rouge,La Rose Rouge,8.0,1056.0,53329.33333333333,193258.4525746673,2500.0,0.0,-6.361583777646246,2026-04-08 18:32:17.000000000,2026-04-08 18:31:47.000000000,0.0,193.25845257466727,0.0,2.5,0.0,2.5,0.020833333333333332,0.0,False,service
1.0,0.0,382.52636844861735,7.356276316319565,52.0,9-N1-4-B-035101,La Rose Rouge,Cité du Château,8.0,1057.0,53381.33333333333,193640.97894311592,19748.01525501541,0.0,-6.551749850472305,2026-04-08 18:33:09.000000000,2026-04-08 18:32:17.000000000,0.38252636844861737,193.64097894311593,26.482594738750432,19.74801525501541,0.0,19.74801525501541,0.28524910923911145,0.0,False,service
0.0,0.0,0.0,0.0,30.0,9-N1-4-B-035101,Cité du Château,Cité du Château,8.0,1058.0,53411.33333333333,193640.97894311592,2500.0,0.0,-6.565638739361205,2026-04-08 18:33:39.000000000,2026-04-08 18:33:09.000000000,0.0,193.64097894311593,0.0,2.5,0.0,2.5,0.020833333333333332,0.0,False,service
1.0,0.0,259.04003764462647,7.195556601239624,36.0,9-N1-4-B-035101,Cité du Château,Pont de l'Avre,8.0,1059.0,53447.33333333333,193900.01898076053,19311.6680021364,0.0,-6.694383192708784,2026-04-08 18:34:15.000000000,2026-04-08 18:33:39.000000000,0.25904003764462646,193.90001898076054,25.904003764462647,19.3116680021364,0.0,19.3116680021364,0.193116680021364,0.0,False,service
0.0,0.0,0.0,0.0,30.0,9-N1-4-B-035101,Pont de l'Avre,Pont de l'Avre,8.0,1060.0,53477.33333333333,193900.01898076053,2500.0,0.0,-6.70827208159767,2026-04-08 18:34:45.000000000,2026-04-08 18:34:15.000000000,0.0,193.90001898076054,0.0,2.5,0.0,2.5,0.020833333333333332,0.0,False,service
1.0,0.0,778.6426370279388,6.655065273743067,117.0,9-N1-4-B-035101,Pont de l'Avre,Sobo,8.0,1061.0,53594.33333333333,194678.6616177885,17872.680225978973,0.0,-7.095513486493886,2026-04-08 18:36:42.000000000,2026-04-08 18:34:45.000000000,0.7786426370279388,194.6786616177885,23.95823498547504,17.87268022597897,0.0,17.87268022597897,0.5808621073443166,0.0,False,service
0.0,0.0,0.0,0.0,30.0,9-N1-4-B-035101,Sobo,Sobo,8.0,1062.0,53624.33333333333,194678.6616177885,2500.0,0.0,-7.1094023753827855,2026-04-08 18:37:12.000000000,2026-04-08 18:36:42.000000000,0.0,194.6786616177885,0.0,2.5,0.0,2.5,0.020833333333333332,0.0,False,service
1.0,0.0,494.86888000554234,6.598251733407231,75.0,9-N1-4-B-035101,Sobo,Mercey,8.0,1063.0,53699.33333333333,195173.53049779404,17723.87559643727,0.0,-7.355567314222185,2026-04-08 18:38:27.000000000,2026-04-08 18:37:12.000000000,0.49486888000554236,195.17353049779405,23.753706240266034,17.723875596437267,0.0,17.723875596437267,0.36924740825910973,0.0,False,service
0.0,0.0,0.0,0.0,30.0,9-N1-4-B-035101,Mercey,Mercey,8.0,1064.0,53729.33333333333,195173.53049779404,2500.0,0.0,-7.369456203111071,2026-04-08 18:38:57.000000000,2026-04-08 18:38:27.000000000,0.0,195.17353049779405,0.0,2.5,0.0,2.5,0.020833333333333332,0.0,False,service
1.0,0.0,443.51095510688015,6.71986295616485,66.0,9-N1-4-B-035101,Mercey,Egl. St-Acheul,8.0,1065.0,53795.33333333333,195617.0414529009,18042.95332249385,0.0,-7.589981188163762,2026-04-08 18:40:03.000000000,2026-04-08 18:38:57.000000000,0.44351095510688016,195.6170414529009,24.191506642193463,18.04295332249385,0.0,18.04295332249385,0.3307874775790539,0.0,False,service
0.0,0.0,0.0,0.0,30.0,9-N1-4-B-035101,Egl. St-Acheul,Egl. St-Acheul,8.0,1066.0,53825.33333333333,195617.0414529009,2500.0,0.0,-7.6038700770526475,2026-04-08 18:40:33.000000000,2026-04-08 18:40:03.000000000,0.0,195.6170414529009,0.0,2.5,0.0,2.5,0.020833333333333332,0.0,False,service
1.0,0.0,277.40496861036326,6.604880205008649,42.0,9-N1-4-B-035101,Egl. St-Acheul,L. de Luzarches,8.0,1067.0,53867.33333333333,195894.44642151127,17741.21336558846,0.0,-7.74185729211834,2026-04-08 18:41:15.000000000,2026-04-08 18:40:33.000000000,0.27740496861036323,195.89444642151128,23.777568738031135,17.74121336558846,0.0,17.74121336558846,0.20698082259853207,0.0,False,service
0.0,0.0,0.0,0.0,30.0,9-N1-4-B-035101,L. de Luzarches,L. de Luzarches,8.0,1068.0,53897.33333333333,195894.44642151127,2500.0,0.0,-7.7557461810072255,2026-04-08 18:41:45.000000000,2026-04-08 18:41:15.000000000,0.0,195.89444642151128,0.0,2.5,0.0,2.5,0.020833333333333332,0.0,False,service
1.0,0.0,343.1323580300078,3.855419753146155,89.0,9-N1-4-B-035101,L. de Luzarches,Pinceau,8.0,1069.0,53986.33333333333,196237.57877954128,11004.519972906111,0.0,-7.937116973153266,2026-04-08 18:43:14.000000000,2026-04-08 18:41:45.000000000,0.3431323580300078,196.23757877954128,13.879511111326158,11.004519972906111,0.0,11.004519972906111,0.27205618821906774,0.0,False,service
0.0,0.0,0.0,0.0,30.0,9-N1-4-B-035101,Pinceau,Pinceau,8.0,1070.0,54016.33333333333,196237.57877954128,2500.0,0.0,-7.951005862042166,2026-04-08 18:43:44.000000000,2026-04-08 18:43:14.000000000,0.0,196.23757877954128,0.0,2.5,0.0,2.5,0.020833333333333332,0.0,False,service
1.0,0.0,405.8966158731125,3.793426316571145,107.0,9-N1-4-B-035101,Pinceau,Caserne Dejean,8.0,1071.0,54123.33333333333,196643.4753954144,10861.409934698444,0.0,-8.166222688526005,2026-04-08 18:45:31.000000000,2026-04-08 18:43:44.000000000,0.40589661587311254,196.64347539541438,13.656334739656122,10.861409934698443,0.0,10.861409934698443,0.32282523972575927,0.0,False,service
0.0,0.0,0.0,0.0,30.0,9-N1-4-B-035101,Caserne Dejean,Caserne Dejean,8.0,1072.0,54153.33333333333,196643.4753954144,2500.0,0.0,-8.180111577414891,2026-04-08 18:46:01.000000000,2026-04-08 18:45:31.000000000,0.0,196.64347539541438,0.0,2.5,0.0,2.5,0.020833333333333332,0.0,False,service
1.0,0.0,391.6364257160486,3.7657348626543135,104.0,9-N1-4-B-035101,Caserne Dejean,Gare du Nord A,8.0,1073.0,54257.33333333333,197035.11182113044,10797.585272349694,0.0,-8.388065071549036,2026-04-08 18:47:45.000000000,2026-04-08 18:46:01.000000000,0.3916364257160486,197.03511182113044,13.55664550555553,10.797585272349695,0.0,10.797585272349695,0.31193024120121343,0.0,False,service
0.0,0.0,0.0,0.0,30.0,9-N1-4-B-035101,Gare du Nord A,Gare du Nord A,8.0,1074.0,54287.33333333333,197035.11182113044,2500.0,0.0,-8.401953960437922,2026-04-08 18:48:15.000000000,2026-04-08 18:47:45.000000000,0.0,197.03511182113044,0.0,2.5,0.0,2.5,0.020833333333333332,0.0,False,service
1.0,0.0,327.94171057791687,2.2158223687697087,148.0,9-N1-4-B-035101,Gare du Nord A,René Goblet,8.0,1075.0,54435.33333333333,197363.05353170837,7309.793127281074,0.0,-8.602296438741178,2026-04-08 18:50:43.000000000,2026-04-08 18:48:15.000000000,0.3279417105779169,197.36305353170837,7.976960527570951,7.309793127281074,0.0,7.309793127281074,0.3005137174548886,0.0,False,service
0.0,0.0,0.0,0.0,30.0,9-N1-4-B-035101,René Goblet,René Goblet,8.0,1076.0,54465.33333333333,197363.05353170837,2500.0,0.0,-8.616185327630063,2026-04-08 18:51:13.000000000,2026-04-08 18:50:43.000000000,0.0,197.36305353170837,0.0,2.5,0.0,2.5,0.020833333333333332,0.0,False,service
1.0,0.0,225.21730590675048,4.170690850125009,54.0,9-N1-4-B-035101,René Goblet,P. de Justice,8.0,1077.0,54519.33333333333,197588.27083761513,11737.285646721439,0.0,-8.73355818409729,2026-04-08 18:52:07.000000000,2026-04-08 18:51:13.000000000,0.2252173059067505,197.58827083761514,15.014487060450033,11.737285646721439,0.0,11.737285646721439,0.17605928470082158,0.0,False,service
0.0,0.0,0.0,0.0,30.0,9-N1-4-B-035101,P. de Justice,P. de Justice,8.0,1078.0,54549.33333333333,197588.27083761513,2500.0,0.0,-8.747447072986176,2026-04-08 18:52:37.000000000,2026-04-08 18:52:07.000000000,0.0,197.58827083761514,0.0,2.5,0.0,2.5,0.020833333333333332,0.0,False,service
1.0,0.0,229.9992746993994,3.965504736196541,58.0,9-N1-4-B-035101,P. de Justice,Dusevel,8.0,1079.0,54607.33333333333,197818.27011231452,11259.425997860737,0.0,-8.86838164851875,2026-04-08 18:53:35.000000000,2026-04-08 18:52:37.000000000,0.2299992746993994,197.81827011231454,14.275817050307548,11.259425997860737,0.0,11.259425997860737,0.18140186329886743,0.0,False,service
0.0,0.0,0.0,0.0,30.0,9-N1-4-B-035101,Dusevel,Dusevel,8.0,1080.0,54637.33333333333,197818.27011231452,2500.0,0.0,-8.88227053740765,2026-04-08 18:54:05.000000000,2026-04-08 18:53:35.000000000,0.0,197.81827011231454,0.0,2.5,0.0,2.5,0.020833333333333332,0.0,False,service
1.0,0.0,218.8226139254244,3.587255965990564,61.0,9-N1-4-B-035101,Dusevel,Beffroi,8.0,1081.0,54698.33333333333,198037.09272623993,10387.6685654154,0.0,-8.999612719350296,2026-04-08 18:55:06.000000000,2026-04-08 18:54:05.000000000,0.2188226139254244,198.03709272623993,12.914121477566031,10.387668565415401,0.0,10.387668565415401,0.1760132729139832,0.0,False,service
0.0,0.0,0.0,0.0,30.0,9-N1-4-B-035101,Beffroi,Beffroi,8.0,1082.0,54728.33333333333,198037.09272623993,2500.0,0.0,-9.013501608239196,2026-04-08 18:55:36.000000000,2026-04-08 18:55:06.000000000,0.0,198.03709272623993,0.0,2.5,0.0,2.5,0.020833333333333332,0.0,False,service
1.0,0.0,189.07722066752729,3.501430012361616,54.0,9-N1-4-B-035101,Beffroi,Place du Marché,8.0,1083.0,54782.33333333333,198226.16994690747,10191.420812679045,0.0,-9.115415816365996,2026-04-08 18:56:30.000000000,2026-04-08 18:55:36.000000000,0.18907722066752727,198.22616994690748,12.605148044501819,10.191420812679045,0.0,10.191420812679045,0.15287131219018568,0.0,False,service
0.0,0.0,0.0,0.0,30.0,9-N1-4-B-035101,Place du Marché,Place du Marché,8.0,1084.0,54812.33333333333,198226.16994690747,2500.0,0.0,-9.129304705254881,2026-04-08 18:57:00.000000000,2026-04-08 18:56:30.000000000,0.0,198.22616994690748,0.0,2.5,0.0,2.5,0.020833333333333332,0.0,False,service
1.0,0.0,171.78613535708172,3.817469674601816,45.0,9-N1-4-B-035101,Place du Marché,M. Culture B,8.0,1085.0,54857.33333333333,198397.95608226454,10916.87632541456,0.0,-9.220278674633335,2026-04-08 18:57:45.000000000,2026-04-08 18:57:00.000000000,0.17178613535708173,198.39795608226456,13.742890828566539,10.91687632541456,0.0,10.91687632541456,0.136460954067682,0.0,False,service
0.0,0.0,0.0,0.0,30.0,9-N1-4-B-035101,M. Culture B,M. Culture B,8.0,1086.0,54887.33333333333,198397.95608226454,2500.0,0.0,-9.23416756352222,2026-04-08 18:58:15.000000000,2026-04-08 18:57:45.000000000,0.0,198.39795608226456,0.0,2.5,0.0,2.5,0.020833333333333332,0.0,False,service
1.0,0.0,291.81191051704656,6.07941480243847,48.0,9-N1-4-B-035101,M. Culture B,Saint-Jacques,8.0,1087.0,54935.33333333333,198689.7679927816,16385.370113942587,0.0,-9.379815297868376,2026-04-08 18:59:03.000000000,2026-04-08 18:58:15.000000000,0.2918119105170466,198.68976799278158,21.885893288778494,16.385370113942585,0.0,16.385370113942585,0.2184716015192345,0.0,False,service
0.0,0.0,0.0,0.0,30.0,9-N1-4-B-035101,Saint-Jacques,Saint-Jacques,8.0,1088.0,54965.33333333333,198689.7679927816,2500.0,0.0,-9.393704186757262,2026-04-08 18:59:33.000000000,2026-04-08 18:59:03.000000000,0.0,198.68976799278158,0.0,2.5,0.0,2.5,0.020833333333333332,0.0,False,service
1.0,0.0,350.7042974526486,5.656520926655622,62.0,9-N1-4-B-035101,Saint-Jacques,Jean Jaurès,8.0,1089.0,55027.33333333333,199040.47229023423,15320.20185396715,0.0,-9.569602800636147,2026-04-08 19:00:35.000000000,2026-04-08 18:59:33.000000000,0.3507042974526486,199.04047229023422,20.36347533596024,15.32020185396715,0.0,15.32020185396715,0.26384792081832315,0.0,False,service
0.0,0.0,0.0,0.0,30.0,9-N1-4-B-035101,Jean Jaurès,Jean Jaurès,8.0,1090.0,55057.33333333333,199040.47229023423,2500.0,0.0,-9.583491689525033,2026-04-08 19:01:05.000000000,2026-04-08 19:00:35.000000000,0.0,199.04047229023422,0.0,2.5,0.0,2.5,0.020833333333333332,0.0,False,service
1.0,0.0,402.8160957322576,5.5946679962813555,72.0,9-N1-4-B-035101,Jean Jaurès,Zoo d'Amiens,8.0,1091.0,55129.33333333333,199443.2883859665,15166.246752306562,0.0,-9.785708312889113,2026-04-08 19:02:17.000000000,2026-04-08 19:01:05.000000000,0.40281609573225763,199.4432883859665,20.14080478661288,15.166246752306563,0.0,15.166246752306563,0.3033249350461313,0.0,False,service
0.0,0.0,0.0,0.0,30.0,9-N1-4-B-035101,Zoo d'Amiens,Zoo d'Amiens,8.0,1092.0,55159.33333333333,199443.2883859665,2500.0,0.0,-9.799597201778013,2026-04-08 19:02:47.000000000,2026-04-08 19:02:17.000000000,0.0,199.4432883859665,0.0,2.5,0.0,2.5,0.020833333333333332,0.0,False,service
1.0,0.0,376.38436041502575,5.790528621769627,65.0,9-N1-4-B-035101,Zoo d'Amiens,Egl. St-Firmin,8.0,1093.0,55224.33333333333,199819.67274638152,15655.335649169396,0.0,-9.988041056814296,2026-04-08 19:03:52.000000000,2026-04-08 19:02:47.000000000,0.37638436041502576,199.8196727463815,20.845903038370658,15.655335649169396,0.0,15.655335649169396,0.2826657825544474,0.0,False,service
0.0,0.0,0.0,0.0,30.0,9-N1-4-B-035101,Egl. St-Firmin,Egl. St-Firmin,8.0,1094.0,55254.33333333333,199819.67274638152,2500.0,0.0,-10.001929945703196,2026-04-08 19:04:22.000000000,2026-04-08 19:03:52.000000000,0.0,199.8196727463815,0.0,2.5,0.0,2.5,0.020833333333333332,0.0,False,service
1.0,0.0,300.7481358168622,5.674493128620042,53.0,9-N1-4-B-035101,Egl. St-Firmin,Faubourg de Hem,8.0,1095.0,55307.33333333333,200120.42088219838,15365.021453635112,0.0,-10.152734785896271,2026-04-08 19:05:15.000000000,2026-04-08 19:04:22.000000000,0.3007481358168622,200.12042088219837,20.428175263032152,15.365021453635112,0.0,15.365021453635112,0.22620726028962804,0.0,False,service
0.0,0.0,0.0,0.0,30.0,9-N1-4-B-035101,Faubourg de Hem,Faubourg de Hem,8.0,1096.0,55337.33333333333,200120.42088219838,2500.0,0.0,-10.166623674785157,2026-04-08 19:05:45.000000000,2026-04-08 19:05:15.000000000,0.0,200.12042088219837,0.0,2.5,0.0,2.5,0.020833333333333332,0.0,False,service
1.0,0.0,242.018982618479,5.5004314231472495,44.0,9-N1-4-B-035101,Faubourg de Hem,Espace Alliance,8.0,1097.0,55381.33333333333,200362.43986481684,14932.558498063929,0.0,-10.28829637365827,2026-04-08 19:06:29.000000000,2026-04-08 19:05:45.000000000,0.24201898261847898,200.36243986481685,19.8015531233301,14.932558498063928,0.0,14.932558498063928,0.18250904830967024,0.0,False,service
0.0,0.0,0.0,0.0,30.0,9-N1-4-B-035101,Espace Alliance,Espace Alliance,8.0,1098.0,55411.33333333333,200362.43986481684,2500.0,0.0,-10.302185262547155,2026-04-08 19:06:59.000000000,2026-04-08 19:06:29.000000000,0.0,200.36243986481685,0.0,2.5,0.0,2.5,0.020833333333333332,0.0,False,service
1.0,0.0,512.4653653664171,5.631487531499089,91.0,9-N1-4-B-035101,Espace Alliance,Sully,8.0,1099.0,55502.33333333333,200874.90523018327,15257.837425164176,0.0,-10.559308078415668,2026-04-08 19:08:30.000000000,2026-04-08 19:06:59.000000000,0.5124653653664172,200.87490523018326,20.273355113396722,15.257837425164176,0.0,15.257837425164176,0.38568422380276113,0.0,False,service
0.0,0.0,0.0,0.0,30.0,9-N1-4-B-035101,Sully,Sully,8.0,1100.0,55532.33333333333,200874.90523018327,2500.0,0.0,-10.573196967304568,2026-04-08 19:09:00.000000000,2026-04-08 19:08:30.000000000,0.0,200.87490523018326,0.0,2.5,0.0,2.5,0.020833333333333332,0.0,False,service
1.0,0.0,581.4235833007191,5.537367460006848,105.0,9-N1-4-B-035101,Sully,Place la Barre,8.0,1101.0,55637.33333333333,201456.328813484,15024.028151252374,0.0,-10.865330848023376,2026-04-08 19:10:45.000000000,2026-04-08 19:09:00.000000000,0.5814235833007191,201.456328813484,19.934522856024653,15.024028151252374,0.0,15.024028151252374,0.43820082107819425,0.0,False,service
0.0,0.0,0.0,0.0,30.0,9-N1-4-B-035101,Place la Barre,Place la Barre,8.0,1102.0,55667.33333333333,201456.328813484,2500.0,0.0,-10.879219736912262,2026-04-08 19:11:15.000000000,2026-04-08 19:10:45.000000000,0.0,201.456328813484,0.0,2.5,0.0,2.5,0.020833333333333332,0.0,False,service
1.0,0.0,321.16148117311843,4.654514219900267,69.0,9-N1-4-B-035101,Place la Barre,La Fontaine,8.0,1103.0,55736.33333333333,201777.49029465712,12879.144765057834,0.0,-11.043786586688014,2026-04-08 19:12:24.000000000,2026-04-08 19:11:15.000000000,0.32116148117311843,201.77749029465713,16.75625119164096,12.879144765057834,0.0,12.879144765057834,0.24685027466360848,0.0,False,service
0.0,0.0,0.0,0.0,30.0,9-N1-4-B-035101,La Fontaine,La Fontaine,8.0,1104.0,55766.33333333333,201777.49029465712,2500.0,0.0,-11.0576754755769,2026-04-08 19:12:54.000000000,2026-04-08 19:12:24.000000000,0.0,201.77749029465713,0.0,2.5,0.0,2.5,0.020833333333333332,0.0,False,service
1.0,0.0,233.68404358993675,5.31100099068038,44.0,9-N1-4-B-035101,La Fontaine,Les Coursives,8.0,1105.0,55810.33333333333,202011.17433824707,14465.925742583915,0.0,-11.175545981627579,2026-04-08 19:13:38.000000000,2026-04-08 19:12:54.000000000,0.23368404358993675,202.0111743382471,19.11960356644937,14.465925742583915,0.0,14.465925742583915,0.17680575907602564,0.0,False,service
0.0,0.0,0.0,0.0,30.0,9-N1-4-B-035101,Les Coursives,Les Coursives,8.0,1106.0,55840.33333333333,202011.17433824707,2500.0,0.0,-11.189434870516465,2026-04-08 19:14:08.000000000,2026-04-08 19:13:38.000000000,0.0,202.0111743382471,0.0,2.5,0.0,2.5,0.020833333333333332,0.0,False,service
1.0,0.0,293.0331102299119,5.327874731452944,55.0,9-N1-4-B-035101,Les Coursives,Languedoc,8.0,1107.0,55895.33333333333,202304.20744847698,14507.32542544115,0.0,-11.337194666516325,2026-04-08 19:15:03.000000000,2026-04-08 19:14:08.000000000,0.2930331102299119,202.30420744847697,19.1803490332306,14.507325425441149,0.0,14.507325425441149,0.22163969399979536,0.0,False,service
0.0,0.0,0.0,0.0,30.0,9-N1-4-B-035101,Languedoc,Languedoc,8.0,1108.0,55925.33333333333,202304.20744847698,2500.0,0.0,-11.35108355540521,2026-04-08 19:15:33.000000000,2026-04-08 19:15:03.000000000,0.0,202.30420744847697,0.0,2.5,0.0,2.5,0.020833333333333332,0.0,False,service
1.0,0.0,320.6006811443548,4.007508514304435,80.0,9-N1-4-B-035101,Languedoc,Collège R.Parks,8.0,1109.0,56005.33333333333,202624.80812962135,11356.954589578385,0.0,-11.519334734510082,2026-04-08 19:16:53.000000000,2026-04-08 19:15:33.000000000,0.3206006811443548,202.62480812962136,14.427030651495967,11.356954589578384,0.0,11.356954589578384,0.2523767686572974,0.0,False,service
0.0,0.0,0.0,0.0,30.0,9-N1-4-B-035101,Collège R.Parks,Collège R.Parks,8.0,1110.0,56035.33333333333,202624.80812962135,2500.0,0.0,-11.533223623398968,2026-04-08 19:17:23.000000000,2026-04-08 19:16:53.000000000,0.0,202.62480812962136,0.0,2.5,0.0,2.5,0.020833333333333332,0.0,False,service
1.0,0.0,270.8261413947126,5.0152989147169,54.0,9-N1-4-B-035101,Collège R.Parks,Martinique,8.0,1111.0,56089.33333333333,202895.63427101605,13745.538236155448,0.0,-11.670679005760533,2026-04-08 19:18:17.000000000,2026-04-08 19:17:23.000000000,0.27082614139471256,202.89563427101606,18.05507609298084,13.745538236155447,0.0,13.745538236155447,0.20618307354233173,0.0,False,service
0.0,0.0,0.0,0.0,30.0,9-N1-4-B-035101,Martinique,Martinique,8.0,1112.0,56119.33333333333,202895.63427101605,2500.0,0.0,-11.684567894649419,2026-04-08 19:18:47.000000000,2026-04-08 19:18:17.000000000,0.0,202.89563427101606,0.0,2.5,0.0,2.5,0.020833333333333332,0.0,False,service
1.0,0.0,274.08690803195344,2.3227704070504527,118.0,9-N1-4-B-035101,Martinique,Etouvie Quai A,8.0,1113.0,56237.33333333333,203169.721179048,7545.9279119890025,0.0,-11.84946039346697,2026-04-08 19:20:45.000000000,2026-04-08 19:18:47.000000000,0.27408690803195346,203.169721179048,8.361973465381629,7.545927911989002,0.0,7.545927911989002,0.2473387482263062,0.0,False,service
1.0,0.0,4000.0,12.0,333.3333333333333,DEPOT_IN,Etouvie Quai A,Depot,9.0,1114.0,56570.666666666664,207169.721179048,34450.4392,0.0,-13.976030714454637,2026-04-08 19:26:18.333333334,2026-04-08 19:20:45.000000001,4.0,207.169721179048,43.2,34.4504392,0.0,34.4504392,3.1898554814814815,0.0,True,service
,,,,,,,,,,,,,,-13.72914182556575,2026-04-08 19:27:18.333333334,2026-04-08 19:26:18.333333334,0.0,207.169721179048,0.0,0.0,22.22,-22.22,0.0,0.3703333333333333,False,depot_charge
,,,,,,,,,,,,,,-13.482252936676861,2026-04-08 19:28:18.333333334,2026-04-08 19:27:18.333333334,0.0,207.169721179048,0.0,0.0,22.22,-22.22,0.0,0.3703333333333333,False,depot_charge
,,,,,,,,,,,,,,-13.235364047787973,2026-04-08 19:29:18.333333334,2026-04-08 19:28:18.333333334,0.0,207.169721179048,0.0,0.0,22.22,-22.22,0.0,0.3703333333333333,False,depot_charge
,,,,,,,,,,,,,,-12.988475158899085,2026-04-08 19:30:18.333333334,2026-04-08 19:29:18.333333334,0.0,207.169721179048,0.0,0.0,22.22,-22.22,0.0,0.3703333333333333,False,depot_charge
,,,,,,,,,,,,,,-12.741586270010197,2026-04-08 19:31:18.333333334,2026-04-08 19:30:18.333333334,0.0,207.169721179048,0.0,0.0,22.22,-22.22,0.0,0.3703333333333333,False,depot_charge
,,,,,,,,,,,,,,-12.49469738112131,2026-04-08 19:32:18.333333334,2026-04-08 19:31:18.333333334,0.0,207.169721179048,0.0,0.0,22.22,-22.22,0.0,0.3703333333333333,False,depot_charge
,,,,,,,,,,,,,,-12.247808492232421,2026-04-08 19:33:18.333333334,2026-04-08 19:32:18.333333334,0.0,207.169721179048,0.0,0.0,22.22,-22.22,0.0,0.3703333333333333,False,depot_charge
,,,,,,,,,,,,,,-12.000919603343533,2026-04-08 19:34:18.333333334,2026-04-08 19:33:18.333333334,0.0,207.169721179048,0.0,0.0,22.22,-22.22,0.0,0.3703333333333333,False,depot_charge
,,,,,,,,,,,,,,-11.754030714454645,2026-04-08 19:35:18.333333334,2026-04-08 19:34:18.333333334,0.0,207.169721179048,0.0,0.0,22.22,-22.22,0.0,0.3703333333333333,False,depot_charge
,,,,,,,,,,,,,,-11.507141825565757,2026-04-08 19:36:18.333333334,2026-04-08 19:35:18.333333334,0.0,207.169721179048,0.0,0.0,22.22,-22.22,0.0,0.3703333333333333,False,depot_charge
,,,,,,,,,,,,,,-11.260252936676869,2026-04-08 19:37:18.333333334,2026-04-08 19:36:18.333333334,0.0,207.169721179048,0.0,0.0,22.22,-22.22,0.0,0.3703333333333333,False,depot_charge
,,,,,,,,,,,,,,-11.01336404778798,2026-04-08 19:38:18.333333334,2026-04-08 19:37:18.333333334,0.0,207.169721179048,0.0,0.0,22.22,-22.22,0.0,0.3703333333333333,False,depot_charge
,,,,,,,,,,,,,,-10.766475158899093,2026-04-08 19:39:18.333333334,2026-04-08 19:38:18.333333334,0.0,207.169721179048,0.0,0.0,22.22,-22.22,0.0,0.3703333333333333,False,depot_charge
,,,,,,,,,,,,,,-10.519586270010205,2026-04-08 19:40:18.333333334,2026-04-08 19:39:18.333333334,0.0,207.169721179048,0.0,0.0,22.22,-22.22,0.0,0.3703333333333333,False,depot_charge
,,,,,,,,,,,,,,-10.272697381121317,2026-04-08 19:41:18.333333334,2026-04-08 19:40:18.333333334,0.0,207.169721179048,0.0,0.0,22.22,-22.22,0.0,0.3703333333333333,False,depot_charge
,,,,,,,,,,,,,,-10.025808492232429,2026-04-08 19:42:18.333333334,2026-04-08 19:41:18.333333334,0.0,207.169721179048,0.0,0.0,22.22,-22.22,0.0,0.3703333333333333,False,depot_charge
,,,,,,,,,,,,,,-9.77891960334354,2026-04-08 19:43:18.333333334,2026-04-08 19:42:18.333333334,0.0,207.169721179048,0.0,0.0,22.22,-22.22,0.0,0.3703333333333333,False,depot_charge
,,,,,,,,,,,,,,-9.532030714454653,2026-04-08 19:44:18.333333334,2026-04-08 19:43:18.333333334,0.0,207.169721179048,0.0,0.0,22.22,-22.22,0.0,0.3703333333333333,False,depot_charge
,,,,,,,,,,,,,,-9.285141825565765,2026-04-08 19:45:18.333333334,2026-04-08 19:44:18.333333334,0.0,207.169721179048,0.0,0.0,22.22,-22.22,0.0,0.3703333333333333,False,depot_charge
,,,,,,,,,,,,,,-9.038252936676876,2026-04-08 19:46:18.333333334,2026-04-08 19:45:18.333333334,0.0,207.169721179048,0.0,0.0,22.22,-22.22,0.0,0.3703333333333333,False,depot_charge
,,,,,,,,,,,,,,-8.791364047787988,2026-04-08 19:47:18.333333334,2026-04-08 19:46:18.333333334,0.0,207.169721179048,0.0,0.0,22.22,-22.22,0.0,0.3703333333333333,False,depot_charge
,,,,,,,,,,,,,,-8.5444751588991,2026-04-08 19:48:18.333333334,2026-04-08 19:47:18.333333334,0.0,207.169721179048,0.0,0.0,22.22,-22.22,0.0,0.3703333333333333,False,depot_charge
,,,,,,,,,,,,,,-8.297586270010212,2026-04-08 19:49:18.333333334,2026-04-08 19:48:18.333333334,0.0,207.169721179048,0.0,0.0,22.22,-22.22,0.0,0.3703333333333333,False,depot_charge
,,,,,,,,,,,,,,-8.050697381121324,2026-04-08 19:50:18.333333334,2026-04-08 19:49:18.333333334,0.0,207.169721179048,0.0,0.0,22.22,-22.22,0.0,0.3703333333333333,False,depot_charge
,,,,,,,,,,,,,,-7.803808492232435,2026-04-08 19:51:18.333333334,2026-04-08 19:50:18.333333334,0.0,207.169721179048,0.0,0.0,22.22,-22.22,0.0,0.3703333333333333,False,depot_charge
,,,,,,,,,,,,,,-7.556919603343546,2026-04-08 19:52:18.333333334,2026-04-08 19:51:18.333333334,0.0,207.169721179048,0.0,0.0,22.22,-22.22,0.0,0.3703333333333333,False,depot_charge
,,,,,,,,,,,,,,-7.3100307144546575,2026-04-08 19:53:18.333333334,2026-04-08 19:52:18.333333334,0.0,207.169721179048,0.0,0.0,22.22,-22.22,0.0,0.3703333333333333,False,depot_charge
,,,,,,,,,,,,,,-7.0631418255657685,2026-04-08 19:54:18.333333334,2026-04-08 19:53:18.333333334,0.0,207.169721179048,0.0,0.0,22.22,-22.22,0.0,0.3703333333333333,False,depot_charge
,,,,,,,,,,,,,,-6.81625293667688,2026-04-08 19:55:18.333333334,2026-04-08 19:54:18.333333334,0.0,207.169721179048,0.0,0.0,22.22,-22.22,0.0,0.3703333333333333,False,depot_charge
,,,,,,,,,,,,,,-6.569364047787991,2026-04-08 19:56:18.333333334,2026-04-08 19:55:18.333333334,0.0,207.169721179048,0.0,0.0,22.22,-22.22,0.0,0.3703333333333333,False,depot_charge
,,,,,,,,,,,,,,-6.322475158899102,2026-04-08 19:57:18.333333334,2026-04-08 19:56:18.333333334,0.0,207.169721179048,0.0,0.0,22.22,-22.22,0.0,0.3703333333333333,False,depot_charge
,,,,,,,,,,,,,,-6.075586270010213,2026-04-08 19:58:18.333333334,2026-04-08 19:57:18.333333334,0.0,207.169721179048,0.0,0.0,22.22,-22.22,0.0,0.3703333333333333,False,depot_charge
,,,,,,,,,,,,,,-5.828697381121324,2026-04-08 19:59:18.333333334,2026-04-08 19:58:18.333333334,0.0,207.169721179048,0.0,0.0,22.22,-22.22,0.0,0.3703333333333333,False,depot_charge
,,,,,,,,,,,,,,-5.581808492232435,2026-04-08 20:00:18.333333334,2026-04-08 19:59:18.333333334,0.0,207.169721179048,0.0,0.0,22.22,-22.22,0.0,0.3703333333333333,False,depot_charge
,,,,,,,,,,,,,,-5.334919603343546,2026-04-08 20:01:18.333333334,2026-04-08 20:00:18.333333334,0.0,207.169721179048,0.0,0.0,22.22,-22.22,0.0,0.3703333333333333,False,depot_charge
,,,,,,,,,,,,,,-5.088030714454657,2026-04-08 20:02:18.333333334,2026-04-08 20:01:18.333333334,0.0,207.169721179048,0.0,0.0,22.22,-22.22,0.0,0.3703333333333333,False,depot_charge
,,,,,,,,,,,,,,-4.841141825565768,2026-04-08 20:03:18.333333334,2026-04-08 20:02:18.333333334,0.0,207.169721179048,0.0,0.0,22.22,-22.22,0.0,0.3703333333333333,False,depot_charge
,,,,,,,,,,,,,,-4.594252936676879,2026-04-08 20:04:18.333333334,2026-04-08 20:03:18.333333334,0.0,207.169721179048,0.0,0.0,22.22,-22.22,0.0,0.3703333333333333,False,depot_charge
,,,,,,,,,,,,,,-4.34736404778799,2026-04-08 20:05:18.333333334,2026-04-08 20:04:18.333333334,0.0,207.169721179048,0.0,0.0,22.22,-22.22,0.0,0.3703333333333333,False,depot_charge
,,,,,,,,,,,,,,-4.100475158899101,2026-04-08 20:06:18.333333334,2026-04-08 20:05:18.333333334,0.0,207.169721179048,0.0,0.0,22.22,-22.22,0.0,0.3703333333333333,False,depot_charge
,,,,,,,,,,,,,,-3.8535862700102124,2026-04-08 20:07:18.333333334,2026-04-08 20:06:18.333333334,0.0,207.169721179048,0.0,0.0,22.22,-22.22,0.0,0.3703333333333333,False,depot_charge
,,,,,,,,,,,,,,-3.6066973811213234,2026-04-08 20:08:18.333333334,2026-04-08 20:07:18.333333334,0.0,207.169721179048,0.0,0.0,22.22,-22.22,0.0,0.3703333333333333,False,depot_charge
,,,,,,,,,,,,,,-3.3598084922324345,2026-04-08 20:09:18.333333334,2026-04-08 20:08:18.333333334,0.0,207.169721179048,0.0,0.0,22.22,-22.22,0.0,0.3703333333333333,False,depot_charge
,,,,,,,,,,,,,,-3.1129196033435456,2026-04-08 20:10:18.333333334,2026-04-08 20:09:18.333333334,0.0,207.169721179048,0.0,0.0,22.22,-22.22,0.0,0.3703333333333333,False,depot_charge
,,,,,,,,,,,,,,-2.8660307144546566,2026-04-08 20:11:18.333333334,2026-04-08 20:10:18.333333334,0.0,207.169721179048,0.0,0.0,22.22,-22.22,0.0,0.3703333333333333,False,depot_charge
,,,,,,,,,,,,,,-2.6191418255657677,2026-04-08 20:12:18.333333334,2026-04-08 20:11:18.333333334,0.0,207.169721179048,0.0,0.0,22.22,-22.22,0.0,0.3703333333333333,False,depot_charge
,,,,,,,,,,,,,,-2.3722529366768788,2026-04-08 20:13:18.333333334,2026-04-08 20:12:18.333333334,0.0,207.169721179048,0.0,0.0,22.22,-22.22,0.0,0.3703333333333333,False,depot_charge
,,,,,,,,,,,,,,-2.12536404778799,2026-04-08 20:14:18.333333334,2026-04-08 20:13:18.333333334,0.0,207.169721179048,0.0,0.0,22.22,-22.22,0.0,0.3703333333333333,False,depot_charge
,,,,,,,,,,,,,,-1.8784751588991009,2026-04-08 20:15:18.333333334,2026-04-08 20:14:18.333333334,0.0,207.169721179048,0.0,0.0,22.22,-22.22,0.0,0.3703333333333333,False,depot_charge
,,,,,,,,,,,,,,-1.631586270010212,2026-04-08 20:16:18.333333334,2026-04-08 20:15:18.333333334,0.0,207.169721179048,0.0,0.0,22.22,-22.22,0.0,0.3703333333333333,False,depot_charge
,,,,,,,,,,,,,,-1.384697381121323,2026-04-08 20:17:18.333333334,2026-04-08 20:16:18.333333334,0.0,207.169721179048,0.0,0.0,22.22,-22.22,0.0,0.3703333333333333,False,depot_charge
,,,,,,,,,,,,,,-1.137808492232434,2026-04-08 20:18:18.333333334,2026-04-08 20:17:18.333333334,0.0,207.169721179048,0.0,0.0,22.22,-22.22,0.0,0.3703333333333333,False,depot_charge
,,,,,,,,,,,,,,-0.8909196033435453,2026-04-08 20:19:18.333333334,2026-04-08 20:18:18.333333334,0.0,207.169721179048,0.0,0.0,22.22,-22.22,0.0,0.3703333333333333,False,depot_charge
,,,,,,,,,,,,,,-0.6440307144546564,2026-04-08 20:20:18.333333334,2026-04-08 20:19:18.333333334,0.0,207.169721179048,0.0,0.0,22.22,-22.22,0.0,0.3703333333333333,False,depot_charge
,,,,,,,,,,,,,,-0.3971418255657676,2026-04-08 20:21:18.333333334,2026-04-08 20:20:18.333333334,0.0,207.169721179048,0.0,0.0,22.22,-22.22,0.0,0.3703333333333333,False,depot_charge
,,,,,,,,,,,,,,-0.15025293667687875,2026-04-08 20:22:18.333333334,2026-04-08 20:21:18.333333334,0.0,207.169721179048,0.0,0.0,22.22,-22.22,0.0,0.3703333333333333,False,depot_charge
,,,,,,,,,,,,,,0.0966359522120101,2026-04-08 20:23:18.333333334,2026-04-08 20:22:18.333333334,0.0,207.169721179048,0.0,0.0,22.22,-22.22,0.0,0.3703333333333333,False,depot_charge
,,,,,,,,,,,,,,0.343524841100899,2026-04-08 20:24:18.333333334,2026-04-08 20:23:18.333333334,0.0,207.169721179048,0.0,0.0,22.22,-22.22,0.0,0.3703333333333333,False,depot_charge
,,,,,,,,,,,,,,0.5904137299897878,2026-04-08 20:25:18.333333334,2026-04-08 20:24:18.333333334,0.0,207.169721179048,0.0,0.0,22.22,-22.22,0.0,0.3703333333333333,False,depot_charge
,,,,,,,,,,,,,,0.8373026188786766,2026-04-08 20:26:18.333333334,2026-04-08 20:25:18.333333334,0.0,207.169721179048,0.0,0.0,22.22,-22.22,0.0,0.3703333333333333,False,depot_charge
,,,,,,,,,,,,,,1.0841915077675655,2026-04-08 20:27:18.333333334,2026-04-08 20:26:18.333333334,0.0,207.169721179048,0.0,0.0,22.22,-22.22,0.0,0.3703333333333333,False,depot_charge
,,,,,,,,,,,,,,1.3310803966564544,2026-04-08 20:28:18.333333334,2026-04-08 20:27:18.333333334,0.0,207.169721179048,0.0,0.0,22.22,-22.22,0.0,0.3703333333333333,False,depot_charge
,,,,,,,,,,,,,,1.5779692855453433,2026-04-08 20:29:18.333333334,2026-04-08 20:28:18.333333334,0.0,207.169721179048,0.0,0.0,22.22,-22.22,0.0,0.3703333333333333,False,depot_charge
,,,,,,,,,,,,,,1.8248581744342323,2026-04-08 20:30:18.333333334,2026-04-08 20:29:18.333333334,0.0,207.169721179048,0.0,0.0,22.22,-22.22,0.0,0.3703333333333333,False,depot_charge
,,,,,,,,,,,,,,2.071747063323121,2026-04-08 20:31:18.333333334,2026-04-08 20:30:18.333333334,0.0,207.169721179048,0.0,0.0,22.22,-22.22,0.0,0.3703333333333333,False,depot_charge
,,,,,,,,,,,,,,2.31863595221201,2026-04-08 20:32:18.333333334,2026-04-08 20:31:18.333333334,0.0,207.169721179048,0.0,0.0,22.22,-22.22,0.0,0.3703333333333333,False,depot_charge
,,,,,,,,,,,,,,2.565524841100899,2026-04-08 20:33:18.333333334,2026-04-08 20:32:18.333333334,0.0,207.169721179048,0.0,0.0,22.22,-22.22,0.0,0.3703333333333333,False,depot_charge
,,,,,,,,,,,,,,2.812413729989788,2026-04-08 20:34:18.333333334,2026-04-08 20:33:18.333333334,0.0,207.169721179048,0.0,0.0,22.22,-22.22,0.0,0.3703333333333333,False,depot_charge
,,,,,,,,,,,,,,3.059302618878677,2026-04-08 20:35:18.333333334,2026-04-08 20:34:18.333333334,0.0,207.169721179048,0.0,0.0,22.22,-22.22,0.0,0.3703333333333333,False,depot_charge
,,,,,,,,,,,,,,3.306191507767566,2026-04-08 20:36:18.333333334,2026-04-08 20:35:18.333333334,0.0,207.169721179048,0.0,0.0,22.22,-22.22,0.0,0.3703333333333333,False,depot_charge
,,,,,,,,,,,,,,3.553080396656455,2026-04-08 20:37:18.333333334,2026-04-08 20:36:18.333333334,0.0,207.169721179048,0.0,0.0,22.22,-22.22,0.0,0.3703333333333333,False,depot_charge
,,,,,,,,,,,,,,3.7999692855453437,2026-04-08 20:38:18.333333334,2026-04-08 20:37:18.333333334,0.0,207.169721179048,0.0,0.0,22.22,-22.22,0.0,0.3703333333333333,False,depot_charge
,,,,,,,,,,,,,,4.046858174434233,2026-04-08 20:39:18.333333334,2026-04-08 20:38:18.333333334,0.0,207.169721179048,0.0,0.0,22.22,-22.22,0.0,0.3703333333333333,False,depot_charge
,,,,,,,,,,,,,,4.293747063323122,2026-04-08 20:40:18.333333334,2026-04-08 20:39:18.333333334,0.0,207.169721179048,0.0,0.0,22.22,-22.22,0.0,0.3703333333333333,False,depot_charge
,,,,,,,,,,,,,,4.5406359522120106,2026-04-08 20:41:18.333333334,2026-04-08 20:40:18.333333334,0.0,207.169721179048,0.0,0.0,22.22,-22.22,0.0,0.3703333333333333,False,depot_charge
,,,,,,,,,,,,,,4.7875248411008995,2026-04-08 20:42:18.333333334,2026-04-08 20:41:18.333333334,0.0,207.169721179048,0.0,0.0,22.22,-22.22,0.0,0.3703333333333333,False,depot_charge
,,,,,,,,,,,,,,5.034413729989788,2026-04-08 20:43:18.333333334,2026-04-08 20:42:18.333333334,0.0,207.169721179048,0.0,0.0,22.22,-22.22,0.0,0.3703333333333333,False,depot_charge
,,,,,,,,,,,,,,5.281302618878677,2026-04-08 20:44:18.333333334,2026-04-08 20:43:18.333333334,0.0,207.169721179048,0.0,0.0,22.22,-22.22,0.0,0.3703333333333333,False,depot_charge
,,,,,,,,,,,,,,5.528191507767566,2026-04-08 20:45:18.333333334,2026-04-08 20:44:18.333333334,0.0,207.169721179048,0.0,0.0,22.22,-22.22,0.0,0.3703333333333333,False,depot_charge
,,,,,,,,,,,,,,5.775080396656455,2026-04-08 20:46:18.333333334,2026-04-08 20:45:18.333333334,0.0,207.169721179048,0.0,0.0,22.22,-22.22,0.0,0.3703333333333333,False,depot_charge
,,,,,,,,,,,,,,6.021969285545344,2026-04-08 20:47:18.333333334,2026-04-08 20:46:18.333333334,0.0,207.169721179048,0.0,0.0,22.22,-22.22,0.0,0.3703333333333333,False,depot_charge
,,,,,,,,,,,,,,6.268858174434233,2026-04-08 20:48:18.333333334,2026-04-08 20:47:18.333333334,0.0,207.169721179048,0.0,0.0,22.22,-22.22,0.0,0.3703333333333333,False,depot_charge
,,,,,,,,,,,,,,6.515747063323122,2026-04-08 20:49:18.333333334,2026-04-08 20:48:18.333333334,0.0,207.169721179048,0.0,0.0,22.22,-22.22,0.0,0.3703333333333333,False,depot_charge
,,,,,,,,,,,,,,6.762635952212011,2026-04-08 20:50:18.333333334,2026-04-08 20:49:18.333333334,0.0,207.169721179048,0.0,0.0,22.22,-22.22,0.0,0.3703333333333333,False,depot_charge
,,,,,,,,,,,,,,7.0095248411009,2026-04-08 20:51:18.333333334,2026-04-08 20:50:18.333333334,0.0,207.169721179048,0.0,0.0,22.22,-22.22,0.0,0.3703333333333333,False,depot_charge
,,,,,,,,,,,,,,7.256413729989789,2026-04-08 20:52:18.333333334,2026-04-08 20:51:18.333333334,0.0,207.169721179048,0.0,0.0,22.22,-22.22,0.0,0.3703333333333333,False,depot_charge
,,,,,,,,,,,,,,7.503302618878678,2026-04-08 20:53:18.333333334,2026-04-08 20:52:18.333333334,0.0,207.169721179048,0.0,0.0,22.22,-22.22,0.0,0.3703333333333333,False,depot_charge
,,,,,,,,,,,,,,7.750191507767567,2026-04-08 20:54:18.333333334,2026-04-08 20:53:18.333333334,0.0,207.169721179048,0.0,0.0,22.22,-22.22,0.0,0.3703333333333333,False,depot_charge
,,,,,,,,,,,,,,7.997080396656456,2026-04-08 20:55:18.333333334,2026-04-08 20:54:18.333333334,0.0,207.169721179048,0.0,0.0,22.22,-22.22,0.0,0.3703333333333333,False,depot_charge
,,,,,,,,,,,,,,8.243969285545344,2026-04-08 20:56:18.333333334,2026-04-08 20:55:18.333333334,0.0,207.169721179048,0.0,0.0,22.22,-22.22,0.0,0.3703333333333333,False,depot_charge
,,,,,,,,,,,,,,8.490858174434232,2026-04-08 20:57:18.333333334,2026-04-08 20:56:18.333333334,0.0,207.169721179048,0.0,0.0,22.22,-22.22,0.0,0.3703333333333333,False,depot_charge
,,,,,,,,,,,,,,8.73774706332312,2026-04-08 20:58:18.333333334,2026-04-08 20:57:18.333333334,0.0,207.169721179048,0.0,0.0,22.22,-22.22,0.0,0.3703333333333333,False,depot_charge
,,,,,,,,,,,,,,8.984635952212008,2026-04-08 20:59:18.333333334,2026-04-08 20:58:18.333333334,0.0,207.169721179048,0.0,0.0,22.22,-22.22,0.0,0.3703333333333333,False,depot_charge
,,,,,,,,,,,,,,9.231524841100896,2026-04-08 21:00:18.333333334,2026-04-08 20:59:18.333333334,0.0,207.169721179048,0.0,0.0,22.22,-22.22,0.0,0.3703333333333333,False,depot_charge
,,,,,,,,,,,,,,9.478413729989784,2026-04-08 21:01:18.333333334,2026-04-08 21:00:18.333333334,0.0,207.169721179048,0.0,0.0,22.22,-22.22,0.0,0.3703333333333333,False,depot_charge
,,,,,,,,,,,,,,9.725302618878672,2026-04-08 21:02:18.333333334,2026-04-08 21:01:18.333333334,0.0,207.169721179048,0.0,0.0,22.22,-22.22,0.0,0.3703333333333333,False,depot_charge
,,,,,,,,,,,,,,9.97219150776756,2026-04-08 21:03:18.333333334,2026-04-08 21:02:18.333333334,0.0,207.169721179048,0.0,0.0,22.22,-22.22,0.0,0.3703333333333333,False,depot_charge
,,,,,,,,,,,,,,10.219080396656448,2026-04-08 21:04:18.333333334,2026-04-08 21:03:18.333333334,0.0,207.169721179048,0.0,0.0,22.22,-22.22,0.0,0.3703333333333333,False,depot_charge
,,,,,,,,,,,,,,10.465969285545336,2026-04-08 21:05:18.333333334,2026-04-08 21:04:18.333333334,0.0,207.169721179048,0.0,0.0,22.22,-22.22,0.0,0.3703333333333333,False,depot_charge
,,,,,,,,,,,,,,10.712858174434224,2026-04-08 21:06:18.333333334,2026-04-08 21:05:18.333333334,0.0,207.169721179048,0.0,0.0,22.22,-22.22,0.0,0.3703333333333333,False,depot_charge
,,,,,,,,,,,,,,10.959747063323112,2026-04-08 21:07:18.333333334,2026-04-08 21:06:18.333333334,0.0,207.169721179048,0.0,0.0,22.22,-22.22,0.0,0.3703333333333333,False,depot_charge
,,,,,,,,,,,,,,11.206635952212,2026-04-08 21:08:18.333333334,2026-04-08 21:07:18.333333334,0.0,207.169721179048,0.0,0.0,22.22,-22.22,0.0,0.3703333333333333,False,depot_charge
,,,,,,,,,,,,,,11.453524841100888,2026-04-08 21:09:18.333333334,2026-04-08 21:08:18.333333334,0.0,207.169721179048,0.0,0.0,22.22,-22.22,0.0,0.3703333333333333,False,depot_charge
,,,,,,,,,,,,,,11.700413729989776,2026-04-08 21:10:18.333333334,2026-04-08 21:09:18.333333334,0.0,207.169721179048,0.0,0.0,22.22,-22.22,0.0,0.3703333333333333,False,depot_charge
,,,,,,,,,,,,,,11.947302618878664,2026-04-08 21:11:18.333333334,2026-04-08 21:10:18.333333334,0.0,207.169721179048,0.0,0.0,22.22,-22.22,0.0,0.3703333333333333,False,depot_charge
,,,,,,,,,,,,,,12.194191507767552,2026-04-08 21:12:18.333333334,2026-04-08 21:11:18.333333334,0.0,207.169721179048,0.0,0.0,22.22,-22.22,0.0,0.3703333333333333,False,depot_charge
,,,,,,,,,,,,,,12.44108039665644,2026-04-08 21:13:18.333333334,2026-04-08 21:12:18.333333334,0.0,207.169721179048,0.0,0.0,22.22,-22.22,0.0,0.3703333333333333,False,depot_charge
,,,,,,,,,,,,,,12.687969285545329,2026-04-08 21:14:18.333333334,2026-04-08 21:13:18.333333334,0.0,207.169721179048,0.0,0.0,22.22,-22.22,0.0,0.3703333333333333,False,depot_charge
,,,,,,,,,,,,,,12.934858174434217,2026-04-08 21:15:18.333333334,2026-04-08 21:14:18.333333334,0.0,207.169721179048,0.0,0.0,22.22,-22.22,0.0,0.3703333333333333,False,depot_charge
,,,,,,,,,,,,,,13.181747063323105,2026-04-08 21:16:18.333333334,2026-04-08 21:15:18.333333334,0.0,207.169721179048,0.0,0.0,22.22,-22.22,0.0,0.3703333333333333,False,depot_charge
,,,,,,,,,,,,,,13.428635952211993,2026-04-08 21:17:18.333333334,2026-04-08 21:16:18.333333334,0.0,207.169721179048,0.0,0.0,22.22,-22.22,0.0,0.3703333333333333,False,depot_charge
,,,,,,,,,,,,,,13.67552484110088,2026-04-08 21:18:18.333333334,2026-04-08 21:17:18.333333334,0.0,207.169721179048,0.0,0.0,22.22,-22.22,0.0,0.3703333333333333,False,depot_charge
,,,,,,,,,,,,,,13.922413729989769,2026-04-08 21:19:18.333333334,2026-04-08 21:18:18.333333334,0.0,207.169721179048,0.0,0.0,22.22,-22.22,0.0,0.3703333333333333,False,depot_charge
,,,,,,,,,,,,,,14.169302618878657,2026-04-08 21:20:18.333333334,2026-04-08 21:19:18.333333334,0.0,207.169721179048,0.0,0.0,22.22,-22.22,0.0,0.3703333333333333,False,depot_charge
,,,,,,,,,,,,,,14.416191507767545,2026-04-08 21:21:18.333333334,2026-04-08 21:20:18.333333334,0.0,207.169721179048,0.0,0.0,22.22,-22.22,0.0,0.3703333333333333,False,depot_charge
,,,,,,,,,,,,,,14.663080396656433,2026-04-08 21:22:18.333333334,2026-04-08 21:21:18.333333334,0.0,207.169721179048,0.0,0.0,22.22,-22.22,0.0,0.3703333333333333,False,depot_charge
,,,,,,,,,,,,,,14.909969285545321,2026-04-08 21:23:18.333333334,2026-04-08 21:22:18.333333334,0.0,207.169721179048,0.0,0.0,22.22,-22.22,0.0,0.3703333333333333,False,depot_charge
,,,,,,,,,,,,,,15.156858174434209,2026-04-08 21:24:18.333333334,2026-04-08 21:23:18.333333334,0.0,207.169721179048,0.0,0.0,22.22,-22.22,0.0,0.3703333333333333,False,depot_charge
,,,,,,,,,,,,,,15.403747063323097,2026-04-08 21:25:18.333333334,2026-04-08 21:24:18.333333334,0.0,207.169721179048,0.0,0.0,22.22,-22.22,0.0,0.3703333333333333,False,depot_charge
,,,,,,,,,,,,,,15.650635952211985,2026-04-08 21:26:18.333333334,2026-04-08 21:25:18.333333334,0.0,207.169721179048,0.0,0.0,22.22,-22.22,0.0,0.3703333333333333,False,depot_charge
,,,,,,,,,,,,,,15.897524841100873,2026-04-08 21:27:18.333333334,2026-04-08 21:26:18.333333334,0.0,207.169721179048,0.0,0.0,22.22,-22.22,0.0,0.3703333333333333,False,depot_charge
,,,,,,,,,,,,,,16.14441372998976,2026-04-08 21:28:18.333333334,2026-04-08 21:27:18.333333334,0.0,207.169721179048,0.0,0.0,22.22,-22.22,0.0,0.3703333333333333,False,depot_charge
,,,,,,,,,,,,,,16.39130261887865,2026-04-08 21:29:18.333333334,2026-04-08 21:28:18.333333334,0.0,207.169721179048,0.0,0.0,22.22,-22.22,0.0,0.3703333333333333,False,depot_charge
,,,,,,,,,,,,,,16.63819150776754,2026-04-08 21:30:18.333333334,2026-04-08 21:29:18.333333334,0.0,207.169721179048,0.0,0.0,22.22,-22.22,0.0,0.3703333333333333,False,depot_charge
,,,,,,,,,,,,,,16.88508039665643,2026-04-08 21:31:18.333333334,2026-04-08 21:30:18.333333334,0.0,207.169721179048,0.0,0.0,22.22,-22.22,0.0,0.3703333333333333,False,depot_charge
,,,,,,,,,,,,,,17.13196928554532,2026-04-08 21:32:18.333333334,2026-04-08 21:31:18.333333334,0.0,207.169721179048,0.0,0.0,22.22,-22.22,0.0,0.3703333333333333,False,depot_charge
,,,,,,,,,,,,,,17.37885817443421,2026-04-08 21:33:18.333333334,2026-04-08 21:32:18.333333334,0.0,207.169721179048,0.0,0.0,22.22,-22.22,0.0,0.3703333333333333,False,depot_charge
,,,,,,,,,,,,,,17.6257470633231,2026-04-08 21:34:18.333333334,2026-04-08 21:33:18.333333334,0.0,207.169721179048,0.0,0.0,22.22,-22.22,0.0,0.3703333333333333,False,depot_charge
,,,,,,,,,,,,,,17.87263595221199,2026-04-08 21:35:18.333333334,2026-04-08 21:34:18.333333334,0.0,207.169721179048,0.0,0.0,22.22,-22.22,0.0,0.3703333333333333,False,depot_charge
,,,,,,,,,,,,,,18.11952484110088,2026-04-08 21:36:18.333333334,2026-04-08 21:35:18.333333334,0.0,207.169721179048,0.0,0.0,22.22,-22.22,0.0,0.3703333333333333,False,depot_charge
,,,,,,,,,,,,,,18.36641372998977,2026-04-08 21:37:18.333333334,2026-04-08 21:36:18.333333334,0.0,207.169721179048,0.0,0.0,22.22,-22.22,0.0,0.3703333333333333,False,depot_charge
,,,,,,,,,,,,,,18.61330261887866,2026-04-08 21:38:18.333333334,2026-04-08 21:37:18.333333334,0.0,207.169721179048,0.0,0.0,22.22,-22.22,0.0,0.3703333333333333,False,depot_charge
,,,,,,,,,,,,,,18.86019150776755,2026-04-08 21:39:18.333333334,2026-04-08 21:38:18.333333334,0.0,207.169721179048,0.0,0.0,22.22,-22.22,0.0,0.3703333333333333,False,depot_charge
,,,,,,,,,,,,,,19.10708039665644,2026-04-08 21:40:18.333333334,2026-04-08 21:39:18.333333334,0.0,207.169721179048,0.0,0.0,22.22,-22.22,0.0,0.3703333333333333,False,depot_charge
,,,,,,,,,,,,,,19.35396928554533,2026-04-08 21:41:18.333333334,2026-04-08 21:40:18.333333334,0.0,207.169721179048,0.0,0.0,22.22,-22.22,0.0,0.3703333333333333,False,depot_charge
,,,,,,,,,,,,,,19.60085817443422,2026-04-08 21:42:18.333333334,2026-04-08 21:41:18.333333334,0.0,207.169721179048,0.0,0.0,22.22,-22.22,0.0,0.3703333333333333,False,depot_charge
,,,,,,,,,,,,,,19.84774706332311,2026-04-08 21:43:18.333333334,2026-04-08 21:42:18.333333334,0.0,207.169721179048,0.0,0.0,22.22,-22.22,0.0,0.3703333333333333,False,depot_charge
,,,,,,,,,,,,,,20.094635952212,2026-04-08 21:44:18.333333334,2026-04-08 21:43:18.333333334,0.0,207.169721179048,0.0,0.0,22.22,-22.22,0.0,0.3703333333333333,False,depot_charge
,,,,,,,,,,,,,,20.341524841100888,2026-04-08 21:45:18.333333334,2026-04-08 21:44:18.333333334,0.0,207.169721179048,0.0,0.0,22.22,-22.22,0.0,0.3703333333333333,False,depot_charge
,,,,,,,,,,,,,,20.588413729989778,2026-04-08 21:46:18.333333334,2026-04-08 21:45:18.333333334,0.0,207.169721179048,0.0,0.0,22.22,-22.22,0.0,0.3703333333333333,False,depot_charge
,,,,,,,,,,,,,,20.835302618878668,2026-04-08 21:47:18.333333334,2026-04-08 21:46:18.333333334,0.0,207.169721179048,0.0,0.0,22.22,-22.22,0.0,0.3703333333333333,False,depot_charge
,,,,,,,,,,,,,,21.082191507767558,2026-04-08 21:48:18.333333334,2026-04-08 21:47:18.333333334,0.0,207.169721179048,0.0,0.0,22.22,-22.22,0.0,0.3703333333333333,False,depot_charge
,,,,,,,,,,,,,,21.329080396656448,2026-04-08 21:49:18.333333334,2026-04-08 21:48:18.333333334,0.0,207.169721179048,0.0,0.0,22.22,-22.22,0.0,0.3703333333333333,False,depot_charge
,,,,,,,,,,,,,,21.575969285545337,2026-04-08 21:50:18.333333334,2026-04-08 21:49:18.333333334,0.0,207.169721179048,0.0,0.0,22.22,-22.22,0.0,0.3703333333333333,False,depot_charge
,,,,,,,,,,,,,,21.822858174434227,2026-04-08 21:51:18.333333334,2026-04-08 21:50:18.333333334,0.0,207.169721179048,0.0,0.0,22.22,-22.22,0.0,0.3703333333333333,False,depot_charge
,,,,,,,,,,,,,,22.069747063323117,2026-04-08 21:52:18.333333334,2026-04-08 21:51:18.333333334,0.0,207.169721179048,0.0,0.0,22.22,-22.22,0.0,0.3703333333333333,False,depot_charge
,,,,,,,,,,,,,,22.316635952212007,2026-04-08 21:53:18.333333334,2026-04-08 21:52:18.333333334,0.0,207.169721179048,0.0,0.0,22.22,-22.22,0.0,0.3703333333333333,False,depot_charge
,,,,,,,,,,,,,,22.563524841100897,2026-04-08 21:54:18.333333334,2026-04-08 21:53:18.333333334,0.0,207.169721179048,0.0,0.0,22.22,-22.22,0.0,0.3703333333333333,False,depot_charge
,,,,,,,,,,,,,,22.810413729989786,2026-04-08 21:55:18.333333334,2026-04-08 21:54:18.333333334,0.0,207.169721179048,0.0,0.0,22.22,-22.22,0.0,0.3703333333333333,False,depot_charge
,,,,,,,,,,,,,,23.057302618878676,2026-04-08 21:56:18.333333334,2026-04-08 21:55:18.333333334,0.0,207.169721179048,0.0,0.0,22.22,-22.22,0.0,0.3703333333333333,False,depot_charge
,,,,,,,,,,,,,,23.304191507767566,2026-04-08 21:57:18.333333334,2026-04-08 21:56:18.333333334,0.0,207.169721179048,0.0,0.0,22.22,-22.22,0.0,0.3703333333333333,False,depot_charge
,,,,,,,,,,,,,,23.551080396656456,2026-04-08 21:58:18.333333334,2026-04-08 21:57:18.333333334,0.0,207.169721179048,0.0,0.0,22.22,-22.22,0.0,0.3703333333333333,False,depot_charge
,,,,,,,,,,,,,,23.797969285545346,2026-04-08 21:59:18.333333334,2026-04-08 21:58:18.333333334,0.0,207.169721179048,0.0,0.0,22.22,-22.22,0.0,0.3703333333333333,False,depot_charge
,,,,,,,,,,,,,,24.044858174434236,2026-04-08 22:00:18.333333334,2026-04-08 21:59:18.333333334,0.0,207.169721179048,0.0,0.0,22.22,-22.22,0.0,0.3703333333333333,False,depot_charge
,,,,,,,,,,,,,,24.291747063323125,2026-04-08 22:01:18.333333334,2026-04-08 22:00:18.333333334,0.0,207.169721179048,0.0,0.0,22.22,-22.22,0.0,0.3703333333333333,False,depot_charge
,,,,,,,,,,,,,,24.538635952212015,2026-04-08 22:02:18.333333334,2026-04-08 22:01:18.333333334,0.0,207.169721179048,0.0,0.0,22.22,-22.22,0.0,0.3703333333333333,False,depot_charge
,,,,,,,,,,,,,,24.785524841100905,2026-04-08 22:03:18.333333334,2026-04-08 22:02:18.333333334,0.0,207.169721179048,0.0,0.0,22.22,-22.22,0.0,0.3703333333333333,False,depot_charge
,,,,,,,,,,,,,,25.032413729989795,2026-04-08 22:04:18.333333334,2026-04-08 22:03:18.333333334,0.0,207.169721179048,0.0,0.0,22.22,-22.22,0.0,0.3703333333333333,False,depot_charge
,,,,,,,,,,,,,,25.279302618878685,2026-04-08 22:05:18.333333334,2026-04-08 22:04:18.333333334,0.0,207.169721179048,0.0,0.0,22.22,-22.22,0.0,0.3703333333333333,False,depot_charge
,,,,,,,,,,,,,,25.526191507767575,2026-04-08 22:06:18.333333334,2026-04-08 22:05:18.333333334,0.0,207.169721179048,0.0,0.0,22.22,-22.22,0.0,0.3703333333333333,False,depot_charge
,,,,,,,,,,,,,,25.773080396656464,2026-04-08 22:07:18.333333334,2026-04-08 22:06:18.333333334,0.0,207.169721179048,0.0,0.0,22.22,-22.22,0.0,0.3703333333333333,False,depot_charge
,,,,,,,,,,,,,,26.019969285545354,2026-04-08 22:08:18.333333334,2026-04-08 22:07:18.333333334,0.0,207.169721179048,0.0,0.0,22.22,-22.22,0.0,0.3703333333333333,False,depot_charge
,,,,,,,,,,,,,,26.266858174434244,2026-04-08 22:09:18.333333334,2026-04-08 22:08:18.333333334,0.0,207.169721179048,0.0,0.0,22.22,-22.22,0.0,0.3703333333333333,False,depot_charge
,,,,,,,,,,,,,,26.513747063323134,2026-04-08 22:10:18.333333334,2026-04-08 22:09:18.333333334,0.0,207.169721179048,0.0,0.0,22.22,-22.22,0.0,0.3703333333333333,False,depot_charge
,,,,,,,,,,,,,,26.760635952212024,2026-04-08 22:11:18.333333334,2026-04-08 22:10:18.333333334,0.0,207.169721179048,0.0,0.0,22.22,-22.22,0.0,0.3703333333333333,False,depot_charge
,,,,,,,,,,,,,,27.007524841100913,2026-04-08 22:12:18.333333334,2026-04-08 22:11:18.333333334,0.0,207.169721179048,0.0,0.0,22.22,-22.22,0.0,0.3703333333333333,False,depot_charge
,,,,,,,,,,,,,,27.254413729989803,2026-04-08 22:13:18.333333334,2026-04-08 22:12:18.333333334,0.0,207.169721179048,0.0,0.0,22.22,-22.22,0.0,0.3703333333333333,False,depot_charge
,,,,,,,,,,,,,,27.501302618878693,2026-04-08 22:14:18.333333334,2026-04-08 22:13:18.333333334,0.0,207.169721179048,0.0,0.0,22.22,-22.22,0.0,0.3703333333333333,False,depot_charge
,,,,,,,,,,,,,,27.748191507767583,2026-04-08 22:15:18.333333334,2026-04-08 22:14:18.333333334,0.0,207.169721179048,0.0,0.0,22.22,-22.22,0.0,0.3703333333333333,False,depot_charge
,,,,,,,,,,,,,,27.995080396656473,2026-04-08 22:16:18.333333334,2026-04-08 22:15:18.333333334,0.0,207.169721179048,0.0,0.0,22.22,-22.22,0.0,0.3703333333333333,False,depot_charge
,,,,,,,,,,,,,,28.241969285545363,2026-04-08 22:17:18.333333334,2026-04-08 22:16:18.333333334,0.0,207.169721179048,0.0,0.0,22.22,-22.22,0.0,0.3703333333333333,False,depot_charge
,,,,,,,,,,,,,,28.488858174434252,2026-04-08 22:18:18.333333334,2026-04-08 22:17:18.333333334,0.0,207.169721179048,0.0,0.0,22.22,-22.22,0.0,0.3703333333333333,False,depot_charge
,,,,,,,,,,,,,,28.735747063323142,2026-04-08 22:19:18.333333334,2026-04-08 22:18:18.333333334,0.0,207.169721179048,0.0,0.0,22.22,-22.22,0.0,0.3703333333333333,False,depot_charge
,,,,,,,,,,,,,,28.982635952212032,2026-04-08 22:20:18.333333334,2026-04-08 22:19:18.333333334,0.0,207.169721179048,0.0,0.0,22.22,-22.22,0.0,0.3703333333333333,False,depot_charge
,,,,,,,,,,,,,,29.229524841100922,2026-04-08 22:21:18.333333334,2026-04-08 22:20:18.333333334,0.0,207.169721179048,0.0,0.0,22.22,-22.22,0.0,0.3703333333333333,False,depot_charge
,,,,,,,,,,,,,,29.47641372998981,2026-04-08 22:22:18.333333334,2026-04-08 22:21:18.333333334,0.0,207.169721179048,0.0,0.0,22.22,-22.22,0.0,0.3703333333333333,False,depot_charge
,,,,,,,,,,,,,,29.7233026188787,2026-04-08 22:23:18.333333334,2026-04-08 22:22:18.333333334,0.0,207.169721179048,0.0,0.0,22.22,-22.22,0.0,0.3703333333333333,False,depot_charge
,,,,,,,,,,,,,,29.97019150776759,2026-04-08 22:24:18.333333334,2026-04-08 22:23:18.333333334,0.0,207.169721179048,0.0,0.0,22.22,-22.22,0.0,0.3703333333333333,False,depot_charge
,,,,,,,,,,,,,,30.21708039665648,2026-04-08 22:25:18.333333334,2026-04-08 22:24:18.333333334,0.0,207.169721179048,0.0,0.0,22.22,-22.22,0.0,0.3703333333333333,False,depot_charge
,,,,,,,,,,,,,,30.46396928554537,2026-04-08 22:26:18.333333334,2026-04-08 22:25:18.333333334,0.0,207.169721179048,0.0,0.0,22.22,-22.22,0.0,0.3703333333333333,False,depot_charge
,,,,,,,,,,,,,,30.71085817443426,2026-04-08 22:27:18.333333334,2026-04-08 22:26:18.333333334,0.0,207.169721179048,0.0,0.0,22.22,-22.22,0.0,0.3703333333333333,False,depot_charge
,,,,,,,,,,,,,,30.95774706332315,2026-04-08 22:28:18.333333334,2026-04-08 22:27:18.333333334,0.0,207.169721179048,0.0,0.0,22.22,-22.22,0.0,0.3703333333333333,False,depot_charge
,,,,,,,,,,,,,,31.20463595221204,2026-04-08 22:29:18.333333334,2026-04-08 22:28:18.333333334,0.0,207.169721179048,0.0,0.0,22.22,-22.22,0.0,0.3703333333333333,False,depot_charge
,,,,,,,,,,,,,,31.45152484110093,2026-04-08 22:30:18.333333334,2026-04-08 22:29:18.333333334,0.0,207.169721179048,0.0,0.0,22.22,-22.22,0.0,0.3703333333333333,False,depot_charge
,,,,,,,,,,,,,,31.69841372998982,2026-04-08 22:31:18.333333334,2026-04-08 22:30:18.333333334,0.0,207.169721179048,0.0,0.0,22.22,-22.22,0.0,0.3703333333333333,False,depot_charge
,,,,,,,,,,,,,,31.94530261887871,2026-04-08 22:32:18.333333334,2026-04-08 22:31:18.333333334,0.0,207.169721179048,0.0,0.0,22.22,-22.22,0.0,0.3703333333333333,False,depot_charge
,,,,,,,,,,,,,,32.192191507767596,2026-04-08 22:33:18.333333334,2026-04-08 22:32:18.333333334,0.0,207.169721179048,0.0,0.0,22.22,-22.22,0.0,0.3703333333333333,False,depot_charge
,,,,,,,,,,,,,,32.439080396656486,2026-04-08 22:34:18.333333334,2026-04-08 22:33:18.333333334,0.0,207.169721179048,0.0,0.0,22.22,-22.22,0.0,0.3703333333333333,False,depot_charge
,,,,,,,,,,,,,,32.685969285545376,2026-04-08 22:35:18.333333334,2026-04-08 22:34:18.333333334,0.0,207.169721179048,0.0,0.0,22.22,-22.22,0.0,0.3703333333333333,False,depot_charge
,,,,,,,,,,,,,,32.932858174434266,2026-04-08 22:36:18.333333334,2026-04-08 22:35:18.333333334,0.0,207.169721179048,0.0,0.0,22.22,-22.22,0.0,0.3703333333333333,False,depot_charge
,,,,,,,,,,,,,,33.179747063323155,2026-04-08 22:37:18.333333334,2026-04-08 22:36:18.333333334,0.0,207.169721179048,0.0,0.0,22.22,-22.22,0.0,0.3703333333333333,False,depot_charge
,,,,,,,,,,,,,,33.426635952212045,2026-04-08 22:38:18.333333334,2026-04-08 22:37:18.333333334,0.0,207.169721179048,0.0,0.0,22.22,-22.22,0.0,0.3703333333333333,False,depot_charge
,,,,,,,,,,,,,,33.673524841100935,2026-04-08 22:39:18.333333334,2026-04-08 22:38:18.333333334,0.0,207.169721179048,0.0,0.0,22.22,-22.22,0.0,0.3703333333333333,False,depot_charge
,,,,,,,,,,,,,,33.920413729989825,2026-04-08 22:40:18.333333334,2026-04-08 22:39:18.333333334,0.0,207.169721179048,0.0,0.0,22.22,-22.22,0.0,0.3703333333333333,False,depot_charge
,,,,,,,,,,,,,,34.167302618878715,2026-04-08 22:41:18.333333334,2026-04-08 22:40:18.333333334,0.0,207.169721179048,0.0,0.0,22.22,-22.22,0.0,0.3703333333333333,False,depot_charge
,,,,,,,,,,,,,,34.414191507767605,2026-04-08 22:42:18.333333334,2026-04-08 22:41:18.333333334,0.0,207.169721179048,0.0,0.0,22.22,-22.22,0.0,0.3703333333333333,False,depot_charge
,,,,,,,,,,,,,,34.661080396656494,2026-04-08 22:43:18.333333334,2026-04-08 22:42:18.333333334,0.0,207.169721179048,0.0,0.0,22.22,-22.22,0.0,0.3703333333333333,False,depot_charge
,,,,,,,,,,,,,,34.907969285545384,2026-04-08 22:44:18.333333334,2026-04-08 22:43:18.333333334,0.0,207.169721179048,0.0,0.0,22.22,-22.22,0.0,0.3703333333333333,False,depot_charge
,,,,,,,,,,,,,,35.154858174434274,2026-04-08 22:45:18.333333334,2026-04-08 22:44:18.333333334,0.0,207.169721179048,0.0,0.0,22.22,-22.22,0.0,0.3703333333333333,False,depot_charge
,,,,,,,,,,,,,,35.401747063323164,2026-04-08 22:46:18.333333334,2026-04-08 22:45:18.333333334,0.0,207.169721179048,0.0,0.0,22.22,-22.22,0.0,0.3703333333333333,False,depot_charge
,,,,,,,,,,,,,,35.648635952212054,2026-04-08 22:47:18.333333334,2026-04-08 22:46:18.333333334,0.0,207.169721179048,0.0,0.0,22.22,-22.22,0.0,0.3703333333333333,False,depot_charge
,,,,,,,,,,,,,,35.89552484110094,2026-04-08 22:48:18.333333334,2026-04-08 22:47:18.333333334,0.0,207.169721179048,0.0,0.0,22.22,-22.22,0.0,0.3703333333333333,False,depot_charge
,,,,,,,,,,,,,,36.14241372998983,2026-04-08 22:49:18.333333334,2026-04-08 22:48:18.333333334,0.0,207.169721179048,0.0,0.0,22.22,-22.22,0.0,0.3703333333333333,False,depot_charge
,,,,,,,,,,,,,,36.38930261887872,2026-04-08 22:50:18.333333334,2026-04-08 22:49:18.333333334,0.0,207.169721179048,0.0,0.0,22.22,-22.22,0.0,0.3703333333333333,False,depot_charge
,,,,,,,,,,,,,,36.63619150776761,2026-04-08 22:51:18.333333334,2026-04-08 22:50:18.333333334,0.0,207.169721179048,0.0,0.0,22.22,-22.22,0.0,0.3703333333333333,False,depot_charge
,,,,,,,,,,,,,,36.8830803966565,2026-04-08 22:52:18.333333334,2026-04-08 22:51:18.333333334,0.0,207.169721179048,0.0,0.0,22.22,-22.22,0.0,0.3703333333333333,False,depot_charge
,,,,,,,,,,,,,,37.12996928554539,2026-04-08 22:53:18.333333334,2026-04-08 22:52:18.333333334,0.0,207.169721179048,0.0,0.0,22.22,-22.22,0.0,0.3703333333333333,False,depot_charge
,,,,,,,,,,,,,,37.37685817443428,2026-04-08 22:54:18.333333334,2026-04-08 22:53:18.333333334,0.0,207.169721179048,0.0,0.0,22.22,-22.22,0.0,0.3703333333333333,False,depot_charge
,,,,,,,,,,,,,,37.62374706332317,2026-04-08 22:55:18.333333334,2026-04-08 22:54:18.333333334,0.0,207.169721179048,0.0,0.0,22.22,-22.22,0.0,0.3703333333333333,False,depot_charge
,,,,,,,,,,,,,,37.87063595221206,2026-04-08 22:56:18.333333334,2026-04-08 22:55:18.333333334,0.0,207.169721179048,0.0,0.0,22.22,-22.22,0.0,0.3703333333333333,False,depot_charge
,,,,,,,,,,,,,,38.11752484110095,2026-04-08 22:57:18.333333334,2026-04-08 22:56:18.333333334,0.0,207.169721179048,0.0,0.0,22.22,-22.22,0.0,0.3703333333333333,False,depot_charge
,,,,,,,,,,,,,,38.36441372998984,2026-04-08 22:58:18.333333334,2026-04-08 22:57:18.333333334,0.0,207.169721179048,0.0,0.0,22.22,-22.22,0.0,0.3703333333333333,False,depot_charge
,,,,,,,,,,,,,,38.61130261887873,2026-04-08 22:59:18.333333334,2026-04-08 22:58:18.333333334,0.0,207.169721179048,0.0,0.0,22.22,-22.22,0.0,0.3703333333333333,False,depot_charge
,,,,,,,,,,,,,,38.85819150776762,2026-04-08 23:00:18.333333334,2026-04-08 22:59:18.333333334,0.0,207.169721179048,0.0,0.0,22.22,-22.22,0.0,0.3703333333333333,False,depot_charge
,,,,,,,,,,,,,,39.10508039665651,2026-04-08 23:01:18.333333334,2026-04-08 23:00:18.333333334,0.0,207.169721179048,0.0,0.0,22.22,-22.22,0.0,0.3703333333333333,False,depot_charge
,,,,,,,,,,,,,,39.3519692855454,2026-04-08 23:02:18.333333334,2026-04-08 23:01:18.333333334,0.0,207.169721179048,0.0,0.0,22.22,-22.22,0.0,0.3703333333333333,False,depot_charge
,,,,,,,,,,,,,,39.59885817443429,2026-04-08 23:03:18.333333334,2026-04-08 23:02:18.333333334,0.0,207.169721179048,0.0,0.0,22.22,-22.22,0.0,0.3703333333333333,False,depot_charge
,,,,,,,,,,,,,,39.84574706332318,2026-04-08 23:04:18.333333334,2026-04-08 23:03:18.333333334,0.0,207.169721179048,0.0,0.0,22.22,-22.22,0.0,0.3703333333333333,False,depot_charge
,,,,,,,,,,,,,,40.09263595221207,2026-04-08 23:05:18.333333334,2026-04-08 23:04:18.333333334,0.0,207.169721179048,0.0,0.0,22.22,-22.22,0.0,0.3703333333333333,False,depot_charge
,,,,,,,,,,,,,,40.33952484110096,2026-04-08 23:06:18.333333334,2026-04-08 23:05:18.333333334,0.0,207.169721179048,0.0,0.0,22.22,-22.22,0.0,0.3703333333333333,False,depot_charge
,,,,,,,,,,,,,,40.58641372998985,2026-04-08 23:07:18.333333334,2026-04-08 23:06:18.333333334,0.0,207.169721179048,0.0,0.0,22.22,-22.22,0.0,0.3703333333333333,False,depot_charge
,,,,,,,,,,,,,,40.83330261887874,2026-04-08 23:08:18.333333334,2026-04-08 23:07:18.333333334,0.0,207.169721179048,0.0,0.0,22.22,-22.22,0.0,0.3703333333333333,False,depot_charge
,,,,,,,,,,,,,,41.08019150776763,2026-04-08 23:09:18.333333334,2026-04-08 23:08:18.333333334,0.0,207.169721179048,0.0,0.0,22.22,-22.22,0.0,0.3703333333333333,False,depot_charge
,,,,,,,,,,,,,,41.32708039665652,2026-04-08 23:10:18.333333334,2026-04-08 23:09:18.333333334,0.0,207.169721179048,0.0,0.0,22.22,-22.22,0.0,0.3703333333333333,False,depot_charge
,,,,,,,,,,,,,,41.57396928554541,2026-04-08 23:11:18.333333334,2026-04-08 23:10:18.333333334,0.0,207.169721179048,0.0,0.0,22.22,-22.22,0.0,0.3703333333333333,False,depot_charge
,,,,,,,,,,,,,,41.8208581744343,2026-04-08 23:12:18.333333334,2026-04-08 23:11:18.333333334,0.0,207.169721179048,0.0,0.0,22.22,-22.22,0.0,0.3703333333333333,False,depot_charge
,,,,,,,,,,,,,,42.06774706332319,2026-04-08 23:13:18.333333334,2026-04-08 23:12:18.333333334,0.0,207.169721179048,0.0,0.0,22.22,-22.22,0.0,0.3703333333333333,False,depot_charge
,,,,,,,,,,,,,,42.31463595221208,2026-04-08 23:14:18.333333334,2026-04-08 23:13:18.333333334,0.0,207.169721179048,0.0,0.0,22.22,-22.22,0.0,0.3703333333333333,False,depot_charge
,,,,,,,,,,,,,,42.56152484110097,2026-04-08 23:15:18.333333334,2026-04-08 23:14:18.333333334,0.0,207.169721179048,0.0,0.0,22.22,-22.22,0.0,0.3703333333333333,False,depot_charge
,,,,,,,,,,,,,,42.80841372998986,2026-04-08 23:16:18.333333334,2026-04-08 23:15:18.333333334,0.0,207.169721179048,0.0,0.0,22.22,-22.22,0.0,0.3703333333333333,False,depot_charge
,,,,,,,,,,,,,,43.05530261887875,2026-04-08 23:17:18.333333334,2026-04-08 23:16:18.333333334,0.0,207.169721179048,0.0,0.0,22.22,-22.22,0.0,0.3703333333333333,False,depot_charge
,,,,,,,,,,,,,,43.30219150776764,2026-04-08 23:18:18.333333334,2026-04-08 23:17:18.333333334,0.0,207.169721179048,0.0,0.0,22.22,-22.22,0.0,0.3703333333333333,False,depot_charge
,,,,,,,,,,,,,,43.54908039665653,2026-04-08 23:19:18.333333334,2026-04-08 23:18:18.333333334,0.0,207.169721179048,0.0,0.0,22.22,-22.22,0.0,0.3703333333333333,False,depot_charge
,,,,,,,,,,,,,,43.79596928554542,2026-04-08 23:20:18.333333334,2026-04-08 23:19:18.333333334,0.0,207.169721179048,0.0,0.0,22.22,-22.22,0.0,0.3703333333333333,False,depot_charge
,,,,,,,,,,,,,,44.04285817443431,2026-04-08 23:21:18.333333334,2026-04-08 23:20:18.333333334,0.0,207.169721179048,0.0,0.0,22.22,-22.22,0.0,0.3703333333333333,False,depot_charge
,,,,,,,,,,,,,,44.2897470633232,2026-04-08 23:22:18.333333334,2026-04-08 23:21:18.333333334,0.0,207.169721179048,0.0,0.0,22.22,-22.22,0.0,0.3703333333333333,False,depot_charge
,,,,,,,,,,,,,,44.53663595221209,2026-04-08 23:23:18.333333334,2026-04-08 23:22:18.333333334,0.0,207.169721179048,0.0,0.0,22.22,-22.22,0.0,0.3703333333333333,False,depot_charge
,,,,,,,,,,,,,,44.78352484110098,2026-04-08 23:24:18.333333334,2026-04-08 23:23:18.333333334,0.0,207.169721179048,0.0,0.0,22.22,-22.22,0.0,0.3703333333333333,False,depot_charge
,,,,,,,,,,,,,,45.03041372998987,2026-04-08 23:25:18.333333334,2026-04-08 23:24:18.333333334,0.0,207.169721179048,0.0,0.0,22.22,-22.22,0.0,0.3703333333333333,False,depot_charge
,,,,,,,,,,,,,,45.27730261887876,2026-04-08 23:26:18.333333334,2026-04-08 23:25:18.333333334,0.0,207.169721179048,0.0,0.0,22.22,-22.22,0.0,0.3703333333333333,False,depot_charge
,,,,,,,,,,,,,,45.52419150776765,2026-04-08 23:27:18.333333334,2026-04-08 23:26:18.333333334,0.0,207.169721179048,0.0,0.0,22.22,-22.22,0.0,0.3703333333333333,False,depot_charge
,,,,,,,,,,,,,,45.77108039665654,2026-04-08 23:28:18.333333334,2026-04-08 23:27:18.333333334,0.0,207.169721179048,0.0,0.0,22.22,-22.22,0.0,0.3703333333333333,False,depot_charge
,,,,,,,,,,,,,,46.017969285545426,2026-04-08 23:29:18.333333334,2026-04-08 23:28:18.333333334,0.0,207.169721179048,0.0,0.0,22.22,-22.22,0.0,0.3703333333333333,False,depot_charge
,,,,,,,,,,,,,,46.264858174434316,2026-04-08 23:30:18.333333334,2026-04-08 23:29:18.333333334,0.0,207.169721179048,0.0,0.0,22.22,-22.22,0.0,0.3703333333333333,False,depot_charge
,,,,,,,,,,,,,,46.511747063323206,2026-04-08 23:31:18.333333334,2026-04-08 23:30:18.333333334,0.0,207.169721179048,0.0,0.0,22.22,-22.22,0.0,0.3703333333333333,False,depot_charge
,,,,,,,,,,,,,,46.758635952212096,2026-04-08 23:32:18.333333334,2026-04-08 23:31:18.333333334,0.0,207.169721179048,0.0,0.0,22.22,-22.22,0.0,0.3703333333333333,False,depot_charge
,,,,,,,,,,,,,,47.005524841100986,2026-04-08 23:33:18.333333334,2026-04-08 23:32:18.333333334,0.0,207.169721179048,0.0,0.0,22.22,-22.22,0.0,0.3703333333333333,False,depot_charge
,,,,,,,,,,,,,,47.252413729989875,2026-04-08 23:34:18.333333334,2026-04-08 23:33:18.333333334,0.0,207.169721179048,0.0,0.0,22.22,-22.22,0.0,0.3703333333333333,False,depot_charge
,,,,,,,,,,,,,,47.499302618878765,2026-04-08 23:35:18.333333334,2026-04-08 23:34:18.333333334,0.0,207.169721179048,0.0,0.0,22.22,-22.22,0.0,0.3703333333333333,False,depot_charge
,,,,,,,,,,,,,,47.746191507767655,2026-04-08 23:36:18.333333334,2026-04-08 23:35:18.333333334,0.0,207.169721179048,0.0,0.0,22.22,-22.22,0.0,0.3703333333333333,False,depot_charge
,,,,,,,,,,,,,,47.993080396656545,2026-04-08 23:37:18.333333334,2026-04-08 23:36:18.333333334,0.0,207.169721179048,0.0,0.0,22.22,-22.22,0.0,0.3703333333333333,False,depot_charge
,,,,,,,,,,,,,,48.239969285545435,2026-04-08 23:38:18.333333334,2026-04-08 23:37:18.333333334,0.0,207.169721179048,0.0,0.0,22.22,-22.22,0.0,0.3703333333333333,False,depot_charge
,,,,,,,,,,,,,,48.486858174434325,2026-04-08 23:39:18.333333334,2026-04-08 23:38:18.333333334,0.0,207.169721179048,0.0,0.0,22.22,-22.22,0.0,0.3703333333333333,False,depot_charge
,,,,,,,,,,,,,,48.733747063323214,2026-04-08 23:40:18.333333334,2026-04-08 23:39:18.333333334,0.0,207.169721179048,0.0,0.0,22.22,-22.22,0.0,0.3703333333333333,False,depot_charge
,,,,,,,,,,,,,,48.980635952212104,2026-04-08 23:41:18.333333334,2026-04-08 23:40:18.333333334,0.0,207.169721179048,0.0,0.0,22.22,-22.22,0.0,0.3703333333333333,False,depot_charge
,,,,,,,,,,,,,,49.227524841100994,2026-04-08 23:42:18.333333334,2026-04-08 23:41:18.333333334,0.0,207.169721179048,0.0,0.0,22.22,-22.22,0.0,0.3703333333333333,False,depot_charge
,,,,,,,,,,,,,,49.474413729989884,2026-04-08 23:43:18.333333334,2026-04-08 23:42:18.333333334,0.0,207.169721179048,0.0,0.0,22.22,-22.22,0.0,0.3703333333333333,False,depot_charge
,,,,,,,,,,,,,,49.721302618878774,2026-04-08 23:44:18.333333334,2026-04-08 23:43:18.333333334,0.0,207.169721179048,0.0,0.0,22.22,-22.22,0.0,0.3703333333333333,False,depot_charge
,,,,,,,,,,,,,,49.96819150776766,2026-04-08 23:45:18.333333334,2026-04-08 23:44:18.333333334,0.0,207.169721179048,0.0,0.0,22.22,-22.22,0.0,0.3703333333333333,False,depot_charge
,,,,,,,,,,,,,,50.21508039665655,2026-04-08 23:46:18.333333334,2026-04-08 23:45:18.333333334,0.0,207.169721179048,0.0,0.0,22.22,-22.22,0.0,0.3703333333333333,False,depot_charge
,,,,,,,,,,,,,,50.46196928554544,2026-04-08 23:47:18.333333334,2026-04-08 23:46:18.333333334,0.0,207.169721179048,0.0,0.0,22.22,-22.22,0.0,0.3703333333333333,False,depot_charge
,,,,,,,,,,,,,,50.70885817443433,2026-04-08 23:48:18.333333334,2026-04-08 23:47:18.333333334,0.0,207.169721179048,0.0,0.0,22.22,-22.22,0.0,0.3703333333333333,False,depot_charge
,,,,,,,,,,,,,,50.95574706332322,2026-04-08 23:49:18.333333334,2026-04-08 23:48:18.333333334,0.0,207.169721179048,0.0,0.0,22.22,-22.22,0.0,0.3703333333333333,False,depot_charge
,,,,,,,,,,,,,,51.20263595221211,2026-04-08 23:50:18.333333334,2026-04-08 23:49:18.333333334,0.0,207.169721179048,0.0,0.0,22.22,-22.22,0.0,0.3703333333333333,False,depot_charge
,,,,,,,,,,,,,,51.449524841101,2026-04-08 23:51:18.333333334,2026-04-08 23:50:18.333333334,0.0,207.169721179048,0.0,0.0,22.22,-22.22,0.0,0.3703333333333333,False,depot_charge
,,,,,,,,,,,,,,51.69641372998989,2026-04-08 23:52:18.333333334,2026-04-08 23:51:18.333333334,0.0,207.169721179048,0.0,0.0,22.22,-22.22,0.0,0.3703333333333333,False,depot_charge
,,,,,,,,,,,,,,51.94330261887878,2026-04-08 23:53:18.333333334,2026-04-08 23:52:18.333333334,0.0,207.169721179048,0.0,0.0,22.22,-22.22,0.0,0.3703333333333333,False,depot_charge
,,,,,,,,,,,,,,52.19019150776767,2026-04-08 23:54:18.333333334,2026-04-08 23:53:18.333333334,0.0,207.169721179048,0.0,0.0,22.22,-22.22,0.0,0.3703333333333333,False,depot_charge
,,,,,,,,,,,,,,52.43708039665656,2026-04-08 23:55:18.333333334,2026-04-08 23:54:18.333333334,0.0,207.169721179048,0.0,0.0,22.22,-22.22,0.0,0.3703333333333333,False,depot_charge
,,,,,,,,,,,,,,52.68396928554545,2026-04-08 23:56:18.333333334,2026-04-08 23:55:18.333333334,0.0,207.169721179048,0.0,0.0,22.22,-22.22,0.0,0.3703333333333333,False,depot_charge
,,,,,,,,,,,,,,52.93085817443434,2026-04-08 23:57:18.333333334,2026-04-08 23:56:18.333333334,0.0,207.169721179048,0.0,0.0,22.22,-22.22,0.0,0.3703333333333333,False,depot_charge
,,,,,,,,,,,,,,53.17774706332323,2026-04-08 23:58:18.333333334,2026-04-08 23:57:18.333333334,0.0,207.169721179048,0.0,0.0,22.22,-22.22,0.0,0.3703333333333333,False,depot_charge
,,,,,,,,,,,,,,53.42463595221212,2026-04-08 23:59:18.333333334,2026-04-08 23:58:18.333333334,0.0,207.169721179048,0.0,0.0,22.22,-22.22,0.0,0.3703333333333333,False,depot_charge
,,,,,,,,,,,,,,53.67152484110101,2026-04-09 00:00:18.333333334,2026-04-08 23:59:18.333333334,0.0,207.169721179048,0.0,0.0,22.22,-22.22,0.0,0.3703333333333333,False,depot_charge
,,,,,,,,,,,,,,53.9184137299899,2026-04-09 00:01:18.333333334,2026-04-09 00:00:18.333333334,0.0,207.169721179048,0.0,0.0,22.22,-22.22,0.0,0.3703333333333333,False,depot_charge
,,,,,,,,,,,,,,54.16530261887879,2026-04-09 00:02:18.333333334,2026-04-09 00:01:18.333333334,0.0,207.169721179048,0.0,0.0,22.22,-22.22,0.0,0.3703333333333333,False,depot_charge
,,,,,,,,,,,,,,54.41219150776768,2026-04-09 00:03:18.333333334,2026-04-09 00:02:18.333333334,0.0,207.169721179048,0.0,0.0,22.22,-22.22,0.0,0.3703333333333333,False,depot_charge
,,,,,,,,,,,,,,54.65908039665657,2026-04-09 00:04:18.333333334,2026-04-09 00:03:18.333333334,0.0,207.169721179048,0.0,0.0,22.22,-22.22,0.0,0.3703333333333333,False,depot_charge
,,,,,,,,,,,,,,54.90596928554546,2026-04-09 00:05:18.333333334,2026-04-09 00:04:18.333333334,0.0,207.169721179048,0.0,0.0,22.22,-22.22,0.0,0.3703333333333333,False,depot_charge
,,,,,,,,,,,,,,55.15285817443435,2026-04-09 00:06:18.333333334,2026-04-09 00:05:18.333333334,0.0,207.169721179048,0.0,0.0,22.22,-22.22,0.0,0.3703333333333333,False,depot_charge
,,,,,,,,,,,,,,55.39974706332324,2026-04-09 00:07:18.333333334,2026-04-09 00:06:18.333333334,0.0,207.169721179048,0.0,0.0,22.22,-22.22,0.0,0.3703333333333333,False,depot_charge
,,,,,,,,,,,,,,55.64663595221213,2026-04-09 00:08:18.333333334,2026-04-09 00:07:18.333333334,0.0,207.169721179048,0.0,0.0,22.22,-22.22,0.0,0.3703333333333333,False,depot_charge
,,,,,,,,,,,,,,55.89352484110102,2026-04-09 00:09:18.333333334,2026-04-09 00:08:18.333333334,0.0,207.169721179048,0.0,0.0,22.22,-22.22,0.0,0.3703333333333333,False,depot_charge
,,,,,,,,,,,,,,56.14041372998991,2026-04-09 00:10:18.333333334,2026-04-09 00:09:18.333333334,0.0,207.169721179048,0.0,0.0,22.22,-22.22,0.0,0.3703333333333333,False,depot_charge
,,,,,,,,,,,,,,56.3873026188788,2026-04-09 00:11:18.333333334,2026-04-09 00:10:18.333333334,0.0,207.169721179048,0.0,0.0,22.22,-22.22,0.0,0.3703333333333333,False,depot_charge
,,,,,,,,,,,,,,56.63419150776769,2026-04-09 00:12:18.333333334,2026-04-09 00:11:18.333333334,0.0,207.169721179048,0.0,0.0,22.22,-22.22,0.0,0.3703333333333333,False,depot_charge
,,,,,,,,,,,,,,56.88108039665658,2026-04-09 00:13:18.333333334,2026-04-09 00:12:18.333333334,0.0,207.169721179048,0.0,0.0,22.22,-22.22,0.0,0.3703333333333333,False,depot_charge
,,,,,,,,,,,,,,57.12796928554547,2026-04-09 00:14:18.333333334,2026-04-09 00:13:18.333333334,0.0,207.169721179048,0.0,0.0,22.22,-22.22,0.0,0.3703333333333333,False,depot_charge
,,,,,,,,,,,,,,57.37485817443436,2026-04-09 00:15:18.333333334,2026-04-09 00:14:18.333333334,0.0,207.169721179048,0.0,0.0,22.22,-22.22,0.0,0.3703333333333333,False,depot_charge
,,,,,,,,,,,,,,57.62174706332325,2026-04-09 00:16:18.333333334,2026-04-09 00:15:18.333333334,0.0,207.169721179048,0.0,0.0,22.22,-22.22,0.0,0.3703333333333333,False,depot_charge
,,,,,,,,,,,,,,57.86863595221214,2026-04-09 00:17:18.333333334,2026-04-09 00:16:18.333333334,0.0,207.169721179048,0.0,0.0,22.22,-22.22,0.0,0.3703333333333333,False,depot_charge
,,,,,,,,,,,,,,58.11552484110103,2026-04-09 00:18:18.333333334,2026-04-09 00:17:18.333333334,0.0,207.169721179048,0.0,0.0,22.22,-22.22,0.0,0.3703333333333333,False,depot_charge
,,,,,,,,,,,,,,58.36241372998992,2026-04-09 00:19:18.333333334,2026-04-09 00:18:18.333333334,0.0,207.169721179048,0.0,0.0,22.22,-22.22,0.0,0.3703333333333333,False,depot_charge
,,,,,,,,,,,,,,58.60930261887881,2026-04-09 00:20:18.333333334,2026-04-09 00:19:18.333333334,0.0,207.169721179048,0.0,0.0,22.22,-22.22,0.0,0.3703333333333333,False,depot_charge
,,,,,,,,,,,,,,58.8561915077677,2026-04-09 00:21:18.333333334,2026-04-09 00:20:18.333333334,0.0,207.169721179048,0.0,0.0,22.22,-22.22,0.0,0.3703333333333333,False,depot_charge
,,,,,,,,,,,,,,59.10308039665659,2026-04-09 00:22:18.333333334,2026-04-09 00:21:18.333333334,0.0,207.169721179048,0.0,0.0,22.22,-22.22,0.0,0.3703333333333333,False,depot_charge
,,,,,,,,,,,,,,59.34996928554548,2026-04-09 00:23:18.333333334,2026-04-09 00:22:18.333333334,0.0,207.169721179048,0.0,0.0,22.22,-22.22,0.0,0.3703333333333333,False,depot_charge
,,,,,,,,,,,,,,59.59685817443437,2026-04-09 00:24:18.333333334,2026-04-09 00:23:18.333333334,0.0,207.169721179048,0.0,0.0,22.22,-22.22,0.0,0.3703333333333333,False,depot_charge
,,,,,,,,,,,,,,59.843747063323256,2026-04-09 00:25:18.333333334,2026-04-09 00:24:18.333333334,0.0,207.169721179048,0.0,0.0,22.22,-22.22,0.0,0.3703333333333333,False,depot_charge
,,,,,,,,,,,,,,60.090635952212146,2026-04-09 00:26:18.333333334,2026-04-09 00:25:18.333333334,0.0,207.169721179048,0.0,0.0,22.22,-22.22,0.0,0.3703333333333333,False,depot_charge
,,,,,,,,,,,,,,60.337524841101036,2026-04-09 00:27:18.333333334,2026-04-09 00:26:18.333333334,0.0,207.169721179048,0.0,0.0,22.22,-22.22,0.0,0.3703333333333333,False,depot_charge
,,,,,,,,,,,,,,60.584413729989926,2026-04-09 00:28:18.333333334,2026-04-09 00:27:18.333333334,0.0,207.169721179048,0.0,0.0,22.22,-22.22,0.0,0.3703333333333333,False,depot_charge
,,,,,,,,,,,,,,60.831302618878816,2026-04-09 00:29:18.333333334,2026-04-09 00:28:18.333333334,0.0,207.169721179048,0.0,0.0,22.22,-22.22,0.0,0.3703333333333333,False,depot_charge
,,,,,,,,,,,,,,61.078191507767706,2026-04-09 00:30:18.333333334,2026-04-09 00:29:18.333333334,0.0,207.169721179048,0.0,0.0,22.22,-22.22,0.0,0.3703333333333333,False,depot_charge
,,,,,,,,,,,,,,61.325080396656595,2026-04-09 00:31:18.333333334,2026-04-09 00:30:18.333333334,0.0,207.169721179048,0.0,0.0,22.22,-22.22,0.0,0.3703333333333333,False,depot_charge
,,,,,,,,,,,,,,61.571969285545485,2026-04-09 00:32:18.333333334,2026-04-09 00:31:18.333333334,0.0,207.169721179048,0.0,0.0,22.22,-22.22,0.0,0.3703333333333333,False,depot_charge
,,,,,,,,,,,,,,61.818858174434375,2026-04-09 00:33:18.333333334,2026-04-09 00:32:18.333333334,0.0,207.169721179048,0.0,0.0,22.22,-22.22,0.0,0.3703333333333333,False,depot_charge
,,,,,,,,,,,,,,62.065747063323265,2026-04-09 00:34:18.333333334,2026-04-09 00:33:18.333333334,0.0,207.169721179048,0.0,0.0,22.22,-22.22,0.0,0.3703333333333333,False,depot_charge
,,,,,,,,,,,,,,62.312635952212155,2026-04-09 00:35:18.333333334,2026-04-09 00:34:18.333333334,0.0,207.169721179048,0.0,0.0,22.22,-22.22,0.0,0.3703333333333333,False,depot_charge
,,,,,,,,,,,,,,62.559524841101045,2026-04-09 00:36:18.333333334,2026-04-09 00:35:18.333333334,0.0,207.169721179048,0.0,0.0,22.22,-22.22,0.0,0.3703333333333333,False,depot_charge
,,,,,,,,,,,,,,62.806413729989934,2026-04-09 00:37:18.333333334,2026-04-09 00:36:18.333333334,0.0,207.169721179048,0.0,0.0,22.22,-22.22,0.0,0.3703333333333333,False,depot_charge
,,,,,,,,,,,,,,63.053302618878824,2026-04-09 00:38:18.333333334,2026-04-09 00:37:18.333333334,0.0,207.169721179048,0.0,0.0,22.22,-22.22,0.0,0.3703333333333333,False,depot_charge
,,,,,,,,,,,,,,63.300191507767714,2026-04-09 00:39:18.333333334,2026-04-09 00:38:18.333333334,0.0,207.169721179048,0.0,0.0,22.22,-22.22,0.0,0.3703333333333333,False,depot_charge
,,,,,,,,,,,,,,63.547080396656604,2026-04-09 00:40:18.333333334,2026-04-09 00:39:18.333333334,0.0,207.169721179048,0.0,0.0,22.22,-22.22,0.0,0.3703333333333333,False,depot_charge
,,,,,,,,,,,,,,63.793969285545494,2026-04-09 00:41:18.333333334,2026-04-09 00:40:18.333333334,0.0,207.169721179048,0.0,0.0,22.22,-22.22,0.0,0.3703333333333333,False,depot_charge
,,,,,,,,,,,,,,64.04085817443438,2026-04-09 00:42:18.333333334,2026-04-09 00:41:18.333333334,0.0,207.169721179048,0.0,0.0,22.22,-22.22,0.0,0.3703333333333333,False,depot_charge
,,,,,,,,,,,,,,64.28774706332327,2026-04-09 00:43:18.333333334,2026-04-09 00:42:18.333333334,0.0,207.169721179048,0.0,0.0,22.22,-22.22,0.0,0.3703333333333333,False,depot_charge
,,,,,,,,,,,,,,64.53463595221216,2026-04-09 00:44:18.333333334,2026-04-09 00:43:18.333333334,0.0,207.169721179048,0.0,0.0,22.22,-22.22,0.0,0.3703333333333333,False,depot_charge
,,,,,,,,,,,,,,64.78152484110105,2026-04-09 00:45:18.333333334,2026-04-09 00:44:18.333333334,0.0,207.169721179048,0.0,0.0,22.22,-22.22,0.0,0.3703333333333333,False,depot_charge
,,,,,,,,,,,,,,65.02841372998994,2026-04-09 00:46:18.333333334,2026-04-09 00:45:18.333333334,0.0,207.169721179048,0.0,0.0,22.22,-22.22,0.0,0.3703333333333333,False,depot_charge
,,,,,,,,,,,,,,65.27530261887883,2026-04-09 00:47:18.333333334,2026-04-09 00:46:18.333333334,0.0,207.169721179048,0.0,0.0,22.22,-22.22,0.0,0.3703333333333333,False,depot_charge
,,,,,,,,,,,,,,65.52219150776772,2026-04-09 00:48:18.333333334,2026-04-09 00:47:18.333333334,0.0,207.169721179048,0.0,0.0,22.22,-22.22,0.0,0.3703333333333333,False,depot_charge
,,,,,,,,,,,,,,65.7690803966566,2026-04-09 00:49:18.333333334,2026-04-09 00:48:18.333333334,0.0,207.169721179048,0.0,0.0,22.22,-22.22,0.0,0.3703333333333333,False,depot_charge
,,,,,,,,,,,,,,66.0159692855455,2026-04-09 00:50:18.333333334,2026-04-09 00:49:18.333333334,0.0,207.169721179048,0.0,0.0,22.22,-22.22,0.0,0.3703333333333333,False,depot_charge
,,,,,,,,,,,,,,66.26285817443438,2026-04-09 00:51:18.333333334,2026-04-09 00:50:18.333333334,0.0,207.169721179048,0.0,0.0,22.22,-22.22,0.0,0.3703333333333333,False,depot_charge
,,,,,,,,,,,,,,66.50974706332327,2026-04-09 00:52:18.333333334,2026-04-09 00:51:18.333333334,0.0,207.169721179048,0.0,0.0,22.22,-22.22,0.0,0.3703333333333333,False,depot_charge
,,,,,,,,,,,,,,66.75663595221216,2026-04-09 00:53:18.333333334,2026-04-09 00:52:18.333333334,0.0,207.169721179048,0.0,0.0,22.22,-22.22,0.0,0.3703333333333333,False,depot_charge
,,,,,,,,,,,,,,67.00352484110105,2026-04-09 00:54:18.333333334,2026-04-09 00:53:18.333333334,0.0,207.169721179048,0.0,0.0,22.22,-22.22,0.0,0.3703333333333333,False,depot_charge
,,,,,,,,,,,,,,67.25041372998994,2026-04-09 00:55:18.333333334,2026-04-09 00:54:18.333333334,0.0,207.169721179048,0.0,0.0,22.22,-22.22,0.0,0.3703333333333333,False,depot_charge
,,,,,,,,,,,,,,67.49730261887883,2026-04-09 00:56:18.333333334,2026-04-09 00:55:18.333333334,0.0,207.169721179048,0.0,0.0,22.22,-22.22,0.0,0.3703333333333333,False,depot_charge
,,,,,,,,,,,,,,67.74419150776772,2026-04-09 00:57:18.333333334,2026-04-09 00:56:18.333333334,0.0,207.169721179048,0.0,0.0,22.22,-22.22,0.0,0.3703333333333333,False,depot_charge
,,,,,,,,,,,,,,67.99108039665661,2026-04-09 00:58:18.333333334,2026-04-09 00:57:18.333333334,0.0,207.169721179048,0.0,0.0,22.22,-22.22,0.0,0.3703333333333333,False,depot_charge
,,,,,,,,,,,,,,68.2379692855455,2026-04-09 00:59:18.333333334,2026-04-09 00:58:18.333333334,0.0,207.169721179048,0.0,0.0,22.22,-22.22,0.0,0.3703333333333333,False,depot_charge
,,,,,,,,,,,,,,68.4848581744344,2026-04-09 01:00:18.333333334,2026-04-09 00:59:18.333333334,0.0,207.169721179048,0.0,0.0,22.22,-22.22,0.0,0.3703333333333333,False,depot_charge
,,,,,,,,,,,,,,68.73174706332328,2026-04-09 01:01:18.333333334,2026-04-09 01:00:18.333333334,0.0,207.169721179048,0.0,0.0,22.22,-22.22,0.0,0.3703333333333333,False,depot_charge
,,,,,,,,,,,,,,68.97863595221217,2026-04-09 01:02:18.333333334,2026-04-09 01:01:18.333333334,0.0,207.169721179048,0.0,0.0,22.22,-22.22,0.0,0.3703333333333333,False,depot_charge
,,,,,,,,,,,,,,69.22552484110106,2026-04-09 01:03:18.333333334,2026-04-09 01:02:18.333333334,0.0,207.169721179048,0.0,0.0,22.22,-22.22,0.0,0.3703333333333333,False,depot_charge
,,,,,,,,,,,,,,69.47241372998995,2026-04-09 01:04:18.333333334,2026-04-09 01:03:18.333333334,0.0,207.169721179048,0.0,0.0,22.22,-22.22,0.0,0.3703333333333333,False,depot_charge
,,,,,,,,,,,,,,69.71930261887884,2026-04-09 01:05:18.333333334,2026-04-09 01:04:18.333333334,0.0,207.169721179048,0.0,0.0,22.22,-22.22,0.0,0.3703333333333333,False,depot_charge
,,,,,,,,,,,,,,69.96619150776773,2026-04-09 01:06:18.333333334,2026-04-09 01:05:18.333333334,0.0,207.169721179048,0.0,0.0,22.22,-22.22,0.0,0.3703333333333333,False,depot_charge
,,,,,,,,,,,,,,70.21308039665662,2026-04-09 01:07:18.333333334,2026-04-09 01:06:18.333333334,0.0,207.169721179048,0.0,0.0,22.22,-22.22,0.0,0.3703333333333333,False,depot_charge
,,,,,,,,,,,,,,70.45996928554551,2026-04-09 01:08:18.333333334,2026-04-09 01:07:18.333333334,0.0,207.169721179048,0.0,0.0,22.22,-22.22,0.0,0.3703333333333333,False,depot_charge
,,,,,,,,,,,,,,70.7068581744344,2026-04-09 01:09:18.333333334,2026-04-09 01:08:18.333333334,0.0,207.169721179048,0.0,0.0,22.22,-22.22,0.0,0.3703333333333333,False,depot_charge
,,,,,,,,,,,,,,70.95374706332329,2026-04-09 01:10:18.333333334,2026-04-09 01:09:18.333333334,0.0,207.169721179048,0.0,0.0,22.22,-22.22,0.0,0.3703333333333333,False,depot_charge
,,,,,,,,,,,,,,71.20063595221218,2026-04-09 01:11:18.333333334,2026-04-09 01:10:18.333333334,0.0,207.169721179048,0.0,0.0,22.22,-22.22,0.0,0.3703333333333333,False,depot_charge
,,,,,,,,,,,,,,71.44752484110107,2026-04-09 01:12:18.333333334,2026-04-09 01:11:18.333333334,0.0,207.169721179048,0.0,0.0,22.22,-22.22,0.0,0.3703333333333333,False,depot_charge
,,,,,,,,,,,,,,71.69441372998996,2026-04-09 01:13:18.333333334,2026-04-09 01:12:18.333333334,0.0,207.169721179048,0.0,0.0,22.22,-22.22,0.0,0.3703333333333333,False,depot_charge
,,,,,,,,,,,,,,71.94130261887885,2026-04-09 01:14:18.333333334,2026-04-09 01:13:18.333333334,0.0,207.169721179048,0.0,0.0,22.22,-22.22,0.0,0.3703333333333333,False,depot_charge
,,,,,,,,,,,,,,72.18819150776774,2026-04-09 01:15:18.333333334,2026-04-09 01:14:18.333333334,0.0,207.169721179048,0.0,0.0,22.22,-22.22,0.0,0.3703333333333333,False,depot_charge
,,,,,,,,,,,,,,72.43508039665663,2026-04-09 01:16:18.333333334,2026-04-09 01:15:18.333333334,0.0,207.169721179048,0.0,0.0,22.22,-22.22,0.0,0.3703333333333333,False,depot_charge
,,,,,,,,,,,,,,72.68196928554552,2026-04-09 01:17:18.333333334,2026-04-09 01:16:18.333333334,0.0,207.169721179048,0.0,0.0,22.22,-22.22,0.0,0.3703333333333333,False,depot_charge
,,,,,,,,,,,,,,72.92885817443441,2026-04-09 01:18:18.333333334,2026-04-09 01:17:18.333333334,0.0,207.169721179048,0.0,0.0,22.22,-22.22,0.0,0.3703333333333333,False,depot_charge
,,,,,,,,,,,,,,73.1757470633233,2026-04-09 01:19:18.333333334,2026-04-09 01:18:18.333333334,0.0,207.169721179048,0.0,0.0,22.22,-22.22,0.0,0.3703333333333333,False,depot_charge
,,,,,,,,,,,,,,73.42263595221219,2026-04-09 01:20:18.333333334,2026-04-09 01:19:18.333333334,0.0,207.169721179048,0.0,0.0,22.22,-22.22,0.0,0.3703333333333333,False,depot_charge
,,,,,,,,,,,,,,73.66952484110108,2026-04-09 01:21:18.333333334,2026-04-09 01:20:18.333333334,0.0,207.169721179048,0.0,0.0,22.22,-22.22,0.0,0.3703333333333333,False,depot_charge
,,,,,,,,,,,,,,73.91641372998997,2026-04-09 01:22:18.333333334,2026-04-09 01:21:18.333333334,0.0,207.169721179048,0.0,0.0,22.22,-22.22,0.0,0.3703333333333333,False,depot_charge
,,,,,,,,,,,,,,74.16330261887886,2026-04-09 01:23:18.333333334,2026-04-09 01:22:18.333333334,0.0,207.169721179048,0.0,0.0,22.22,-22.22,0.0,0.3703333333333333,False,depot_charge
,,,,,,,,,,,,,,74.41019150776775,2026-04-09 01:24:18.333333334,2026-04-09 01:23:18.333333334,0.0,207.169721179048,0.0,0.0,22.22,-22.22,0.0,0.3703333333333333,False,depot_charge
,,,,,,,,,,,,,,74.65708039665664,2026-04-09 01:25:18.333333334,2026-04-09 01:24:18.333333334,0.0,207.169721179048,0.0,0.0,22.22,-22.22,0.0,0.3703333333333333,False,depot_charge
,,,,,,,,,,,,,,74.90396928554553,2026-04-09 01:26:18.333333334,2026-04-09 01:25:18.333333334,0.0,207.169721179048,0.0,0.0,22.22,-22.22,0.0,0.3703333333333333,False,depot_charge
,,,,,,,,,,,,,,75.15085817443442,2026-04-09 01:27:18.333333334,2026-04-09 01:26:18.333333334,0.0,207.169721179048,0.0,0.0,22.22,-22.22,0.0,0.3703333333333333,False,depot_charge
,,,,,,,,,,,,,,75.39774706332331,2026-04-09 01:28:18.333333334,2026-04-09 01:27:18.333333334,0.0,207.169721179048,0.0,0.0,22.22,-22.22,0.0,0.3703333333333333,False,depot_charge
,,,,,,,,,,,,,,75.6446359522122,2026-04-09 01:29:18.333333334,2026-04-09 01:28:18.333333334,0.0,207.169721179048,0.0,0.0,22.22,-22.22,0.0,0.3703333333333333,False,depot_charge
,,,,,,,,,,,,,,75.89152484110109,2026-04-09 01:30:18.333333334,2026-04-09 01:29:18.333333334,0.0,207.169721179048,0.0,0.0,22.22,-22.22,0.0,0.3703333333333333,False,depot_charge
,,,,,,,,,,,,,,76.13841372998998,2026-04-09 01:31:18.333333334,2026-04-09 01:30:18.333333334,0.0,207.169721179048,0.0,0.0,22.22,-22.22,0.0,0.3703333333333333,False,depot_charge
,,,,,,,,,,,,,,76.38530261887887,2026-04-09 01:32:18.333333334,2026-04-09 01:31:18.333333334,0.0,207.169721179048,0.0,0.0,22.22,-22.22,0.0,0.3703333333333333,False,depot_charge
,,,,,,,,,,,,,,76.63219150776776,2026-04-09 01:33:18.333333334,2026-04-09 01:32:18.333333334,0.0,207.169721179048,0.0,0.0,22.22,-22.22,0.0,0.3703333333333333,False,depot_charge
,,,,,,,,,,,,,,76.87908039665665,2026-04-09 01:34:18.333333334,2026-04-09 01:33:18.333333334,0.0,207.169721179048,0.0,0.0,22.22,-22.22,0.0,0.3703333333333333,False,depot_charge
,,,,,,,,,,,,,,77.12596928554554,2026-04-09 01:35:18.333333334,2026-04-09 01:34:18.333333334,0.0,207.169721179048,0.0,0.0,22.22,-22.22,0.0,0.3703333333333333,False,depot_charge
,,,,,,,,,,,,,,77.37285817443443,2026-04-09 01:36:18.333333334,2026-04-09 01:35:18.333333334,0.0,207.169721179048,0.0,0.0,22.22,-22.22,0.0,0.3703333333333333,False,depot_charge
,,,,,,,,,,,,,,77.61974706332332,2026-04-09 01:37:18.333333334,2026-04-09 01:36:18.333333334,0.0,207.169721179048,0.0,0.0,22.22,-22.22,0.0,0.3703333333333333,False,depot_charge
,,,,,,,,,,,,,,77.8666359522122,2026-04-09 01:38:18.333333334,2026-04-09 01:37:18.333333334,0.0,207.169721179048,0.0,0.0,22.22,-22.22,0.0,0.3703333333333333,False,depot_charge
,,,,,,,,,,,,,,78.1135248411011,2026-04-09 01:39:18.333333334,2026-04-09 01:38:18.333333334,0.0,207.169721179048,0.0,0.0,22.22,-22.22,0.0,0.3703333333333333,False,depot_charge
,,,,,,,,,,,,,,78.36041372998999,2026-04-09 01:40:18.333333334,2026-04-09 01:39:18.333333334,0.0,207.169721179048,0.0,0.0,22.22,-22.22,0.0,0.3703333333333333,False,depot_charge
,,,,,,,,,,,,,,78.60730261887888,2026-04-09 01:41:18.333333334,2026-04-09 01:40:18.333333334,0.0,207.169721179048,0.0,0.0,22.22,-22.22,0.0,0.3703333333333333,False,depot_charge
,,,,,,,,,,,,,,78.85419150776777,2026-04-09 01:42:18.333333334,2026-04-09 01:41:18.333333334,0.0,207.169721179048,0.0,0.0,22.22,-22.22,0.0,0.3703333333333333,False,depot_charge
,,,,,,,,,,,,,,79.10108039665666,2026-04-09 01:43:18.333333334,2026-04-09 01:42:18.333333334,0.0,207.169721179048,0.0,0.0,22.22,-22.22,0.0,0.3703333333333333,False,depot_charge
,,,,,,,,,,,,,,79.34796928554555,2026-04-09 01:44:18.333333334,2026-04-09 01:43:18.333333334,0.0,207.169721179048,0.0,0.0,22.22,-22.22,0.0,0.3703333333333333,False,depot_charge
,,,,,,,,,,,,,,79.59485817443444,2026-04-09 01:45:18.333333334,2026-04-09 01:44:18.333333334,0.0,207.169721179048,0.0,0.0,22.22,-22.22,0.0,0.3703333333333333,False,depot_charge
,,,,,,,,,,,,,,79.84174706332333,2026-04-09 01:46:18.333333334,2026-04-09 01:45:18.333333334,0.0,207.169721179048,0.0,0.0,22.22,-22.22,0.0,0.3703333333333333,False,depot_charge
,,,,,,,,,,,,,,80.08863595221221,2026-04-09 01:47:18.333333334,2026-04-09 01:46:18.333333334,0.0,207.169721179048,0.0,0.0,22.22,-22.22,0.0,0.3703333333333333,False,depot_charge
,,,,,,,,,,,,,,80.3355248411011,2026-04-09 01:48:18.333333334,2026-04-09 01:47:18.333333334,0.0,207.169721179048,0.0,0.0,22.22,-22.22,0.0,0.3703333333333333,False,depot_charge
,,,,,,,,,,,,,,80.58241372999,2026-04-09 01:49:18.333333334,2026-04-09 01:48:18.333333334,0.0,207.169721179048,0.0,0.0,22.22,-22.22,0.0,0.3703333333333333,False,depot_charge
,,,,,,,,,,,,,,80.82930261887888,2026-04-09 01:50:18.333333334,2026-04-09 01:49:18.333333334,0.0,207.169721179048,0.0,0.0,22.22,-22.22,0.0,0.3703333333333333,False,depot_charge
,,,,,,,,,,,,,,81.07619150776777,2026-04-09 01:51:18.333333334,2026-04-09 01:50:18.333333334,0.0,207.169721179048,0.0,0.0,22.22,-22.22,0.0,0.3703333333333333,False,depot_charge
,,,,,,,,,,,,,,81.32308039665666,2026-04-09 01:52:18.333333334,2026-04-09 01:51:18.333333334,0.0,207.169721179048,0.0,0.0,22.22,-22.22,0.0,0.3703333333333333,False,depot_charge
,,,,,,,,,,,,,,81.56996928554555,2026-04-09 01:53:18.333333334,2026-04-09 01:52:18.333333334,0.0,207.169721179048,0.0,0.0,22.22,-22.22,0.0,0.3703333333333333,False,depot_charge
,,,,,,,,,,,,,,81.81685817443444,2026-04-09 01:54:18.333333334,2026-04-09 01:53:18.333333334,0.0,207.169721179048,0.0,0.0,22.22,-22.22,0.0,0.3703333333333333,False,depot_charge
,,,,,,,,,,,,,,82.06374706332333,2026-04-09 01:55:18.333333334,2026-04-09 01:54:18.333333334,0.0,207.169721179048,0.0,0.0,22.22,-22.22,0.0,0.3703333333333333,False,depot_charge
,,,,,,,,,,,,,,82.31063595221222,2026-04-09 01:56:18.333333334,2026-04-09 01:55:18.333333334,0.0,207.169721179048,0.0,0.0,22.22,-22.22,0.0,0.3703333333333333,False,depot_charge
,,,,,,,,,,,,,,82.55752484110111,2026-04-09 01:57:18.333333334,2026-04-09 01:56:18.333333334,0.0,207.169721179048,0.0,0.0,22.22,-22.22,0.0,0.3703333333333333,False,depot_charge
,,,,,,,,,,,,,,82.80441372999,2026-04-09 01:58:18.333333334,2026-04-09 01:57:18.333333334,0.0,207.169721179048,0.0,0.0,22.22,-22.22,0.0,0.3703333333333333,False,depot_charge
,,,,,,,,,,,,,,83.05130261887889,2026-04-09 01:59:18.333333334,2026-04-09 01:58:18.333333334,0.0,207.169721179048,0.0,0.0,22.22,-22.22,0.0,0.3703333333333333,False,depot_charge
,,,,,,,,,,,,,,83.29819150776778,2026-04-09 02:00:18.333333334,2026-04-09 01:59:18.333333334,0.0,207.169721179048,0.0,0.0,22.22,-22.22,0.0,0.3703333333333333,False,depot_charge
,,,,,,,,,,,,,,83.54508039665667,2026-04-09 02:01:18.333333334,2026-04-09 02:00:18.333333334,0.0,207.169721179048,0.0,0.0,22.22,-22.22,0.0,0.3703333333333333,False,depot_charge
,,,,,,,,,,,,,,83.79196928554556,2026-04-09 02:02:18.333333334,2026-04-09 02:01:18.333333334,0.0,207.169721179048,0.0,0.0,22.22,-22.22,0.0,0.3703333333333333,False,depot_charge
,,,,,,,,,,,,,,84.03885817443445,2026-04-09 02:03:18.333333334,2026-04-09 02:02:18.333333334,0.0,207.169721179048,0.0,0.0,22.22,-22.22,0.0,0.3703333333333333,False,depot_charge
,,,,,,,,,,,,,,84.28574706332334,2026-04-09 02:04:18.333333334,2026-04-09 02:03:18.333333334,0.0,207.169721179048,0.0,0.0,22.22,-22.22,0.0,0.3703333333333333,False,depot_charge
,,,,,,,,,,,,,,84.53263595221223,2026-04-09 02:05:18.333333334,2026-04-09 02:04:18.333333334,0.0,207.169721179048,0.0,0.0,22.22,-22.22,0.0,0.3703333333333333,False,depot_charge
,,,,,,,,,,,,,,84.77952484110112,2026-04-09 02:06:18.333333334,2026-04-09 02:05:18.333333334,0.0,207.169721179048,0.0,0.0,22.22,-22.22,0.0,0.3703333333333333,False,depot_charge
,,,,,,,,,,,,,,85.02641372999001,2026-04-09 02:07:18.333333334,2026-04-09 02:06:18.333333334,0.0,207.169721179048,0.0,0.0,22.22,-22.22,0.0,0.3703333333333333,False,depot_charge
,,,,,,,,,,,,,,85.2733026188789,2026-04-09 02:08:18.333333334,2026-04-09 02:07:18.333333334,0.0,207.169721179048,0.0,0.0,22.22,-22.22,0.0,0.3703333333333333,False,depot_charge
,,,,,,,,,,,,,,85.52019150776779,2026-04-09 02:09:18.333333334,2026-04-09 02:08:18.333333334,0.0,207.169721179048,0.0,0.0,22.22,-22.22,0.0,0.3703333333333333,False,depot_charge
,,,,,,,,,,,,,,85.76708039665668,2026-04-09 02:10:18.333333334,2026-04-09 02:09:18.333333334,0.0,207.169721179048,0.0,0.0,22.22,-22.22,0.0,0.3703333333333333,False,depot_charge
,,,,,,,,,,,,,,86.01396928554557,2026-04-09 02:11:18.333333334,2026-04-09 02:10:18.333333334,0.0,207.169721179048,0.0,0.0,22.22,-22.22,0.0,0.3703333333333333,False,depot_charge
,,,,,,,,,,,,,,86.26085817443446,2026-04-09 02:12:18.333333334,2026-04-09 02:11:18.333333334,0.0,207.169721179048,0.0,0.0,22.22,-22.22,0.0,0.3703333333333333,False,depot_charge
,,,,,,,,,,,,,,86.50774706332335,2026-04-09 02:13:18.333333334,2026-04-09 02:12:18.333333334,0.0,207.169721179048,0.0,0.0,22.22,-22.22,0.0,0.3703333333333333,False,depot_charge
,,,,,,,,,,,,,,86.75463595221224,2026-04-09 02:14:18.333333334,2026-04-09 02:13:18.333333334,0.0,207.169721179048,0.0,0.0,22.22,-22.22,0.0,0.3703333333333333,False,depot_charge
,,,,,,,,,,,,,,87.00152484110113,2026-04-09 02:15:18.333333334,2026-04-09 02:14:18.333333334,0.0,207.169721179048,0.0,0.0,22.22,-22.22,0.0,0.3703333333333333,False,depot_charge
,,,,,,,,,,,,,,87.24841372999002,2026-04-09 02:16:18.333333334,2026-04-09 02:15:18.333333334,0.0,207.169721179048,0.0,0.0,22.22,-22.22,0.0,0.3703333333333333,False,depot_charge
,,,,,,,,,,,,,,87.49530261887891,2026-04-09 02:17:18.333333334,2026-04-09 02:16:18.333333334,0.0,207.169721179048,0.0,0.0,22.22,-22.22,0.0,0.3703333333333333,False,depot_charge
,,,,,,,,,,,,,,87.7421915077678,2026-04-09 02:18:18.333333334,2026-04-09 02:17:18.333333334,0.0,207.169721179048,0.0,0.0,22.22,-22.22,0.0,0.3703333333333333,False,depot_charge
,,,,,,,,,,,,,,87.98908039665669,2026-04-09 02:19:18.333333334,2026-04-09 02:18:18.333333334,0.0,207.169721179048,0.0,0.0,22.22,-22.22,0.0,0.3703333333333333,False,depot_charge
,,,,,,,,,,,,,,88.23596928554558,2026-04-09 02:20:18.333333334,2026-04-09 02:19:18.333333334,0.0,207.169721179048,0.0,0.0,22.22,-22.22,0.0,0.3703333333333333,False,depot_charge
,,,,,,,,,,,,,,88.48285817443447,2026-04-09 02:21:18.333333334,2026-04-09 02:20:18.333333334,0.0,207.169721179048,0.0,0.0,22.22,-22.22,0.0,0.3703333333333333,False,depot_charge
,,,,,,,,,,,,,,88.72974706332336,2026-04-09 02:22:18.333333334,2026-04-09 02:21:18.333333334,0.0,207.169721179048,0.0,0.0,22.22,-22.22,0.0,0.3703333333333333,False,depot_charge
,,,,,,,,,,,,,,88.97663595221225,2026-04-09 02:23:18.333333334,2026-04-09 02:22:18.333333334,0.0,207.169721179048,0.0,0.0,22.22,-22.22,0.0,0.3703333333333333,False,depot_charge
,,,,,,,,,,,,,,89.22352484110114,2026-04-09 02:24:18.333333334,2026-04-09 02:23:18.333333334,0.0,207.169721179048,0.0,0.0,22.22,-22.22,0.0,0.3703333333333333,False,depot_charge
,,,,,,,,,,,,,,89.47041372999003,2026-04-09 02:25:18.333333334,2026-04-09 02:24:18.333333334,0.0,207.169721179048,0.0,0.0,22.22,-22.22,0.0,0.3703333333333333,False,depot_charge
,,,,,,,,,,,,,,89.71730261887892,2026-04-09 02:26:18.333333334,2026-04-09 02:25:18.333333334,0.0,207.169721179048,0.0,0.0,22.22,-22.22,0.0,0.3703333333333333,False,depot_charge
,,,,,,,,,,,,,,89.96419150776781,2026-04-09 02:27:18.333333334,2026-04-09 02:26:18.333333334,0.0,207.169721179048,0.0,0.0,22.22,-22.22,0.0,0.3703333333333333,False,depot_charge
,,,,,,,,,,,,,,90.2110803966567,2026-04-09 02:28:18.333333334,2026-04-09 02:27:18.333333334,0.0,207.169721179048,0.0,0.0,22.22,-22.22,0.0,0.3703333333333333,False,depot_charge
,,,,,,,,,,,,,,90.45796928554559,2026-04-09 02:29:18.333333334,2026-04-09 02:28:18.333333334,0.0,207.169721179048,0.0,0.0,22.22,-22.22,0.0,0.3703333333333333,False,depot_charge
,,,,,,,,,,,,,,90.70485817443448,2026-04-09 02:30:18.333333334,2026-04-09 02:29:18.333333334,0.0,207.169721179048,0.0,0.0,22.22,-22.22,0.0,0.3703333333333333,False,depot_charge
,,,,,,,,,,,,,,90.95174706332337,2026-04-09 02:31:18.333333334,2026-04-09 02:30:18.333333334,0.0,207.169721179048,0.0,0.0,22.22,-22.22,0.0,0.3703333333333333,False,depot_charge
,,,,,,,,,,,,,,91.19863595221226,2026-04-09 02:32:18.333333334,2026-04-09 02:31:18.333333334,0.0,207.169721179048,0.0,0.0,22.22,-22.22,0.0,0.3703333333333333,False,depot_charge
,,,,,,,,,,,,,,91.44552484110115,2026-04-09 02:33:18.333333334,2026-04-09 02:32:18.333333334,0.0,207.169721179048,0.0,0.0,22.22,-22.22,0.0,0.3703333333333333,False,depot_charge
,,,,,,,,,,,,,,91.69241372999004,2026-04-09 02:34:18.333333334,2026-04-09 02:33:18.333333334,0.0,207.169721179048,0.0,0.0,22.22,-22.22,0.0,0.3703333333333333,False,depot_charge
,,,,,,,,,,,,,,91.93930261887893,2026-04-09 02:35:18.333333334,2026-04-09 02:34:18.333333334,0.0,207.169721179048,0.0,0.0,22.22,-22.22,0.0,0.3703333333333333,False,depot_charge
,,,,,,,,,,,,,,92.18619150776782,2026-04-09 02:36:18.333333334,2026-04-09 02:35:18.333333334,0.0,207.169721179048,0.0,0.0,22.22,-22.22,0.0,0.3703333333333333,False,depot_charge
,,,,,,,,,,,,,,92.4330803966567,2026-04-09 02:37:18.333333334,2026-04-09 02:36:18.333333334,0.0,207.169721179048,0.0,0.0,22.22,-22.22,0.0,0.3703333333333333,False,depot_charge
,,,,,,,,,,,,,,92.6799692855456,2026-04-09 02:38:18.333333334,2026-04-09 02:37:18.333333334,0.0,207.169721179048,0.0,0.0,22.22,-22.22,0.0,0.3703333333333333,False,depot_charge
,,,,,,,,,,,,,,92.92685817443449,2026-04-09 02:39:18.333333334,2026-04-09 02:38:18.333333334,0.0,207.169721179048,0.0,0.0,22.22,-22.22,0.0,0.3703333333333333,False,depot_charge
,,,,,,,,,,,,,,93.17374706332338,2026-04-09 02:40:18.333333334,2026-04-09 02:39:18.333333334,0.0,207.169721179048,0.0,0.0,22.22,-22.22,0.0,0.3703333333333333,False,depot_charge
,,,,,,,,,,,,,,93.42063595221227,2026-04-09 02:41:18.333333334,2026-04-09 02:40:18.333333334,0.0,207.169721179048,0.0,0.0,22.22,-22.22,0.0,0.3703333333333333,False,depot_charge
,,,,,,,,,,,,,,93.66752484110116,2026-04-09 02:42:18.333333334,2026-04-09 02:41:18.333333334,0.0,207.169721179048,0.0,0.0,22.22,-22.22,0.0,0.3703333333333333,False,depot_charge
,,,,,,,,,,,,,,93.91441372999004,2026-04-09 02:43:18.333333334,2026-04-09 02:42:18.333333334,0.0,207.169721179048,0.0,0.0,22.22,-22.22,0.0,0.3703333333333333,False,depot_charge
,,,,,,,,,,,,,,94.16130261887893,2026-04-09 02:44:18.333333334,2026-04-09 02:43:18.333333334,0.0,207.169721179048,0.0,0.0,22.22,-22.22,0.0,0.3703333333333333,False,depot_charge
,,,,,,,,,,,,,,94.40819150776782,2026-04-09 02:45:18.333333334,2026-04-09 02:44:18.333333334,0.0,207.169721179048,0.0,0.0,22.22,-22.22,0.0,0.3703333333333333,False,depot_charge
,,,,,,,,,,,,,,94.65508039665671,2026-04-09 02:46:18.333333334,2026-04-09 02:45:18.333333334,0.0,207.169721179048,0.0,0.0,22.22,-22.22,0.0,0.3703333333333333,False,depot_charge
,,,,,,,,,,,,,,94.9019692855456,2026-04-09 02:47:18.333333334,2026-04-09 02:46:18.333333334,0.0,207.169721179048,0.0,0.0,22.22,-22.22,0.0,0.3703333333333333,False,depot_charge
,,,,,,,,,,,,,,95.1488581744345,2026-04-09 02:48:18.333333334,2026-04-09 02:47:18.333333334,0.0,207.169721179048,0.0,0.0,22.22,-22.22,0.0,0.3703333333333333,False,depot_charge
,,,,,,,,,,,,,,95.39574706332338,2026-04-09 02:49:18.333333334,2026-04-09 02:48:18.333333334,0.0,207.169721179048,0.0,0.0,22.22,-22.22,0.0,0.3703333333333333,False,depot_charge
,,,,,,,,,,,,,,95.64263595221227,2026-04-09 02:50:18.333333334,2026-04-09 02:49:18.333333334,0.0,207.169721179048,0.0,0.0,22.22,-22.22,0.0,0.3703333333333333,False,depot_charge
,,,,,,,,,,,,,,95.88952484110116,2026-04-09 02:51:18.333333334,2026-04-09 02:50:18.333333334,0.0,207.169721179048,0.0,0.0,22.22,-22.22,0.0,0.3703333333333333,False,depot_charge
,,,,,,,,,,,,,,96.13641372999005,2026-04-09 02:52:18.333333334,2026-04-09 02:51:18.333333334,0.0,207.169721179048,0.0,0.0,22.22,-22.22,0.0,0.3703333333333333,False,depot_charge
,,,,,,,,,,,,,,96.38330261887894,2026-04-09 02:53:18.333333334,2026-04-09 02:52:18.333333334,0.0,207.169721179048,0.0,0.0,22.22,-22.22,0.0,0.3703333333333333,False,depot_charge
,,,,,,,,,,,,,,96.63019150776783,2026-04-09 02:54:18.333333334,2026-04-09 02:53:18.333333334,0.0,207.169721179048,0.0,0.0,22.22,-22.22,0.0,0.3703333333333333,False,depot_charge
,,,,,,,,,,,,,,96.87708039665672,2026-04-09 02:55:18.333333334,2026-04-09 02:54:18.333333334,0.0,207.169721179048,0.0,0.0,22.22,-22.22,0.0,0.3703333333333333,False,depot_charge
,,,,,,,,,,,,,,97.12396928554561,2026-04-09 02:56:18.333333334,2026-04-09 02:55:18.333333334,0.0,207.169721179048,0.0,0.0,22.22,-22.22,0.0,0.3703333333333333,False,depot_charge
,,,,,,,,,,,,,,97.3708581744345,2026-04-09 02:57:18.333333334,2026-04-09 02:56:18.333333334,0.0,207.169721179048,0.0,0.0,22.22,-22.22,0.0,0.3703333333333333,False,depot_charge
,,,,,,,,,,,,,,97.61774706332339,2026-04-09 02:58:18.333333334,2026-04-09 02:57:18.333333334,0.0,207.169721179048,0.0,0.0,22.22,-22.22,0.0,0.3703333333333333,False,depot_charge
,,,,,,,,,,,,,,97.86463595221228,2026-04-09 02:59:18.333333334,2026-04-09 02:58:18.333333334,0.0,207.169721179048,0.0,0.0,22.22,-22.22,0.0,0.3703333333333333,False,depot_charge
,,,,,,,,,,,,,,98.11152484110117,2026-04-09 03:00:18.333333334,2026-04-09 02:59:18.333333334,0.0,207.169721179048,0.0,0.0,22.22,-22.22,0.0,0.3703333333333333,False,depot_charge
,,,,,,,,,,,,,,98.35841372999006,2026-04-09 03:01:18.333333334,2026-04-09 03:00:18.333333334,0.0,207.169721179048,0.0,0.0,22.22,-22.22,0.0,0.3703333333333333,False,depot_charge
,,,,,,,,,,,,,,98.60530261887895,2026-04-09 03:02:18.333333334,2026-04-09 03:01:18.333333334,0.0,207.169721179048,0.0,0.0,22.22,-22.22,0.0,0.3703333333333333,False,depot_charge
,,,,,,,,,,,,,,98.85219150776784,2026-04-09 03:03:18.333333334,2026-04-09 03:02:18.333333334,0.0,207.169721179048,0.0,0.0,22.22,-22.22,0.0,0.3703333333333333,False,depot_charge
,,,,,,,,,,,,,,99.09908039665673,2026-04-09 03:04:18.333333334,2026-04-09 03:03:18.333333334,0.0,207.169721179048,0.0,0.0,22.22,-22.22,0.0,0.3703333333333333,False,depot_charge
,,,,,,,,,,,,,,99.34596928554562,2026-04-09 03:05:18.333333334,2026-04-09 03:04:18.333333334,0.0,207.169721179048,0.0,0.0,22.22,-22.22,0.0,0.3703333333333333,False,depot_charge
,,,,,,,,,,,,,,99.59285817443451,2026-04-09 03:06:18.333333334,2026-04-09 03:05:18.333333334,0.0,207.169721179048,0.0,0.0,22.22,-22.22,0.0,0.3703333333333333,False,depot_charge
,,,,,,,,,,,,,,99.8397470633234,2026-04-09 03:07:18.333333334,2026-04-09 03:06:18.333333334,0.0,207.169721179048,0.0,0.0,22.22,-22.22,0.0,0.3703333333333333,False,depot_charge
,,,,,,,,,,,,,,100.0,2026-04-09 03:08:18.333333334,2026-04-09 03:07:18.333333334,0.0,207.169721179048,0.0,0.0,14.422764300893931,-14.422764300893931,0.0,0.24037940501489885,False,depot_charge
,,,,,,,,,,,,,,100.0,2026-04-09 03:09:18.333333334,2026-04-09 03:08:18.333333334,0.0,207.169721179048,0.0,0.0,0.0,-0.0,0.0,0.0,False,depot_charge
,,,,,,,,,,,,,,100.0,2026-04-09 03:10:18.333333334,2026-04-09 03:09:18.333333334,0.0,207.169721179048,0.0,0.0,0.0,-0.0,0.0,0.0,False,depot_charge
,,,,,,,,,,,,,,100.0,2026-04-09 03:11:18.333333334,2026-04-09 03:10:18.333333334,0.0,207.169721179048,0.0,0.0,0.0,-0.0,0.0,0.0,False,depot_charge
,,,,,,,,,,,,,,100.0,2026-04-09 03:12:18.333333334,2026-04-09 03:11:18.333333334,0.0,207.169721179048,0.0,0.0,0.0,-0.0,0.0,0.0,False,depot_charge
,,,,,,,,,,,,,,100.0,2026-04-09 03:13:18.333333334,2026-04-09 03:12:18.333333334,0.0,207.169721179048,0.0,0.0,0.0,-0.0,0.0,0.0,False,depot_charge
,,,,,,,,,,,,,,100.0,2026-04-09 03:14:18.333333334,2026-04-09 03:13:18.333333334,0.0,207.169721179048,0.0,0.0,0.0,-0.0,0.0,0.0,False,depot_charge
,,,,,,,,,,,,,,100.0,2026-04-09 03:15:18.333333334,2026-04-09 03:14:18.333333334,0.0,207.169721179048,0.0,0.0,0.0,-0.0,0.0,0.0,False,depot_charge
,,,,,,,,,,,,,,100.0,2026-04-09 03:16:18.333333334,2026-04-09 03:15:18.333333334,0.0,207.169721179048,0.0,0.0,0.0,-0.0,0.0,0.0,False,depot_charge
,,,,,,,,,,,,,,100.0,2026-04-09 03:17:18.333333334,2026-04-09 03:16:18.333333334,0.0,207.169721179048,0.0,0.0,0.0,-0.0,0.0,0.0,False,depot_charge
,,,,,,,,,,,,,,100.0,2026-04-09 03:18:18.333333334,2026-04-09 03:17:18.333333334,0.0,207.169721179048,0.0,0.0,0.0,-0.0,0.0,0.0,False,depot_charge
,,,,,,,,,,,,,,100.0,2026-04-09 03:19:18.333333334,2026-04-09 03:18:18.333333334,0.0,207.169721179048,0.0,0.0,0.0,-0.0,0.0,0.0,False,depot_charge
,,,,,,,,,,,,,,100.0,2026-04-09 03:20:18.333333334,2026-04-09 03:19:18.333333334,0.0,207.169721179048,0.0,0.0,0.0,-0.0,0.0,0.0,False,depot_charge
,,,,,,,,,,,,,,100.0,2026-04-09 03:21:18.333333334,2026-04-09 03:20:18.333333334,0.0,207.169721179048,0.0,0.0,0.0,-0.0,0.0,0.0,False,depot_charge
,,,,,,,,,,,,,,100.0,2026-04-09 03:22:18.333333334,2026-04-09 03:21:18.333333334,0.0,207.169721179048,0.0,0.0,0.0,-0.0,0.0,0.0,False,depot_charge
,,,,,,,,,,,,,,100.0,2026-04-09 03:23:18.333333334,2026-04-09 03:22:18.333333334,0.0,207.169721179048,0.0,0.0,0.0,-0.0,0.0,0.0,False,depot_charge
,,,,,,,,,,,,,,100.0,2026-04-09 03:24:18.333333334,2026-04-09 03:23:18.333333334,0.0,207.169721179048,0.0,0.0,0.0,-0.0,0.0,0.0,False,depot_charge
,,,,,,,,,,,,,,100.0,2026-04-09 03:25:18.333333334,2026-04-09 03:24:18.333333334,0.0,207.169721179048,0.0,0.0,0.0,-0.0,0.0,0.0,False,depot_charge
,,,,,,,,,,,,,,100.0,2026-04-09 03:26:18.333333334,2026-04-09 03:25:18.333333334,0.0,207.169721179048,0.0,0.0,0.0,-0.0,0.0,0.0,False,depot_charge
,,,,,,,,,,,,,,100.0,2026-04-09 03:27:18.333333334,2026-04-09 03:26:18.333333334,0.0,207.169721179048,0.0,0.0,0.0,-0.0,0.0,0.0,False,depot_charge
,,,,,,,,,,,,,,100.0,2026-04-09 03:28:18.333333334,2026-04-09 03:27:18.333333334,0.0,207.169721179048,0.0,0.0,0.0,-0.0,0.0,0.0,False,depot_charge
,,,,,,,,,,,,,,100.0,2026-04-09 03:29:18.333333334,2026-04-09 03:28:18.333333334,0.0,207.169721179048,0.0,0.0,0.0,-0.0,0.0,0.0,False,depot_charge
,,,,,,,,,,,,,,100.0,2026-04-09 03:30:18.333333334,2026-04-09 03:29:18.333333334,0.0,207.169721179048,0.0,0.0,0.0,-0.0,0.0,0.0,False,depot_charge
,,,,,,,,,,,,,,100.0,2026-04-09 03:31:18.333333334,2026-04-09 03:30:18.333333334,0.0,207.169721179048,0.0,0.0,0.0,-0.0,0.0,0.0,False,depot_charge
,,,,,,,,,,,,,,100.0,2026-04-09 03:32:18.333333334,2026-04-09 03:31:18.333333334,0.0,207.169721179048,0.0,0.0,0.0,-0.0,0.0,0.0,False,depot_charge
,,,,,,,,,,,,,,100.0,2026-04-09 03:33:18.333333334,2026-04-09 03:32:18.333333334,0.0,207.169721179048,0.0,0.0,0.0,-0.0,0.0,0.0,False,depot_charge
,,,,,,,,,,,,,,100.0,2026-04-09 03:34:18.333333334,2026-04-09 03:33:18.333333334,0.0,207.169721179048,0.0,0.0,0.0,-0.0,0.0,0.0,False,depot_charge
,,,,,,,,,,,,,,100.0,2026-04-09 03:35:18.333333334,2026-04-09 03:34:18.333333334,0.0,207.169721179048,0.0,0.0,0.0,-0.0,0.0,0.0,False,depot_charge
,,,,,,,,,,,,,,100.0,2026-04-09 03:36:18.333333334,2026-04-09 03:35:18.333333334,0.0,207.169721179048,0.0,0.0,0.0,-0.0,0.0,0.0,False,depot_charge
,,,,,,,,,,,,,,100.0,2026-04-09 03:37:18.333333334,2026-04-09 03:36:18.333333334,0.0,207.169721179048,0.0,0.0,0.0,-0.0,0.0,0.0,False,depot_charge
,,,,,,,,,,,,,,100.0,2026-04-09 03:38:18.333333334,2026-04-09 03:37:18.333333334,0.0,207.169721179048,0.0,0.0,0.0,-0.0,0.0,0.0,False,depot_charge
,,,,,,,,,,,,,,100.0,2026-04-09 03:39:18.333333334,2026-04-09 03:38:18.333333334,0.0,207.169721179048,0.0,0.0,0.0,-0.0,0.0,0.0,False,depot_charge
,,,,,,,,,,,,,,100.0,2026-04-09 03:40:18.333333334,2026-04-09 03:39:18.333333334,0.0,207.169721179048,0.0,0.0,0.0,-0.0,0.0,0.0,False,depot_charge
,,,,,,,,,,,,,,100.0,2026-04-09 03:41:18.333333334,2026-04-09 03:40:18.333333334,0.0,207.169721179048,0.0,0.0,0.0,-0.0,0.0,0.0,False,depot_charge
,,,,,,,,,,,,,,100.0,2026-04-09 03:42:18.333333334,2026-04-09 03:41:18.333333334,0.0,207.169721179048,0.0,0.0,0.0,-0.0,0.0,0.0,False,depot_charge
,,,,,,,,,,,,,,100.0,2026-04-09 03:43:18.333333334,2026-04-09 03:42:18.333333334,0.0,207.169721179048,0.0,0.0,0.0,-0.0,0.0,0.0,False,depot_charge
